{"type":"FeatureCollection","features":[{"type":"Feature","geometry":{"type":"LineString","coordinates":[[-25.01458,36.92797],[-25.01792,36.92653],[-25.02042,36.92692],[-25.02125,36.92792],[-25.02458,36.92792],[-25.02538,36.92708],[-25.02625,36.92702],[-25.02708,36.92792],[-25.02875,36.92831],[-25.03292,36.9276],[-25.03542,36.92875],[-25.03958,36.92846],[-25.04208,36.92776],[-25.05042,36.92776],[-25.05292,36.92861],[-25.05375,36.92792],[-25.05542,36.92774],[-25.05792,36.92925],[-25.06208,36.92779],[-25.06542,36.92781],[-25.06625,36.92838],[-25.07042,36.92878],[-25.07221,36.92958],[-25.07458,36.93192],[-25.07625,36.93243],[-25.07708,36.93369],[-25.07967,36.93458],[-25.08042,36.93618],[-25.08208,36.93698],[-25.08387,36.93875],[-25.08368,36.94208],[-25.08542,36.94466],[-25.08792,36.94479],[-25.08875,36.94557],[-25.09042,36.94575],[-25.09115,36.94792],[-25.09292,36.94882],[-25.09625,36.94895],[-25.09708,36.94971],[-25.10292,36.94977],[-25.10375,36.9505],[-25.10542,36.9505],[-25.10625,36.94975],[-25.10958,36.94977],[-25.11042,36.95049],[-25.11208,36.95047],[-25.11292,36.94969],[-25.11708,36.94803],[-25.11725,36.94708],[-25.11875,36.94564],[-25.11958,36.94563],[-25.12042,36.94492],[-25.12375,36.94422],[-25.12458,36.94483],[-25.12875,36.94475],[-25.13042,36.94246],[-25.13375,36.94237],[-25.13458,36.94164],[-25.13708,36.94154],[-25.13792,36.94022],[-25.14292,36.9402],[-25.14346,36.94125],[-25.14458,36.9415],[-25.14596,36.94292],[-25.14625,36.94399],[-25.14708,36.94285],[-25.14792,36.94408],[-25.14859,36.94292],[-25.15079,36.94208],[-25.1501,36.94125],[-25.16042,36.94036],[-25.16292,36.94095],[-25.16458,36.9424],[-25.16705,36.94292],[-25.16792,36.94719],[-25.1684,36.94542],[-25.16907,36.94542],[-25.16922,36.94708],[-25.17052,36.94875],[-25.17219,36.94958],[-25.17368,36.95208],[-25.17375,36.95311],[-25.17292,36.95375],[-25.17375,36.95396],[-25.17542,36.9561],[-25.17542,36.95792],[-25.17657,36.95958],[-25.17625,36.96208],[-25.17732,36.96292],[-25.17625,36.96625],[-25.1772,36.96708],[-25.17708,36.96875],[-25.17792,36.96867],[-25.17875,36.96984],[-25.18042,36.97375],[-25.18042,36.97557],[-25.18148,36.97542],[-25.18224,36.97708],[-25.18119,36.97792],[-25.18208,36.97831],[-25.18292,36.97776],[-25.18284,36.97875],[-25.18458,36.98151],[-25.18559,36.98042],[-25.18589,36.98208],[-25.18672,36.98292],[-25.18529,36.98375],[-25.18625,36.9853],[-25.18708,36.98391],[-25.18708,36.9864],[-25.18625,36.98558],[-25.18579,36.98625],[-25.1865,36.98708],[-25.18578,36.98792],[-25.18561,36.98958],[-25.18458,36.98909],[-25.18328,36.99292],[-25.18412,36.99542],[-25.18375,36.99845],[-25.17708,36.99964],[-25.17542,37.00072],[-25.17458,37.00072],[-25.17334,37.00375],[-25.17177,37.00542],[-25.16625,37.00737],[-25.16208,37.00793],[-25.16042,37.00714],[-25.15542,37.0094],[-25.15458,37.00875],[-25.15125,37.00875],[-25.15042,37.00958],[-25.14958,37.00958],[-25.14958,37.01042],[-25.14875,37.01124],[-25.14792,37.01125],[-25.14792,37.01208],[-25.14708,37.01292],[-25.14681,37.01208],[-25.14555,37.01125],[-25.14588,37.00958],[-25.14499,37.00875],[-25.14542,37.00792],[-25.14458,37.00708],[-25.14292,37.007],[-25.14209,37.00625],[-25.14208,37.00542],[-25.13958,37.00542],[-25.13708,37.00375],[-25.13375,37.00375],[-25.13292,37.00458],[-25.13291,37.00625],[-25.13208,37.00707],[-25.13125,37.00708],[-25.13125,37.00792],[-25.12958,37.00875],[-25.12625,37.00875],[-25.12458,37.00792],[-25.12292,37.00787],[-25.12212,37.00708],[-25.12208,37.00542],[-25.12125,37.00542],[-25.12042,37.00458],[-25.11792,37.00458],[-25.11708,37.00542],[-25.11625,37.00542],[-25.11625,37.00625],[-25.11542,37.00707],[-25.11458,37.00708],[-25.11375,37.00625],[-25.11208,37.00792],[-25.11207,37.01125],[-25.11125,37.01208],[-25.11042,37.01208],[-25.11042,37.01292],[-25.10958,37.01375],[-25.10792,37.01375],[-25.10708,37.01292],[-25.10208,37.01292],[-25.10125,37.01375],[-25.09958,37.01375],[-25.09958,37.01458],[-25.09875,37.01539],[-25.09542,37.01532],[-25.09252,37.01875],[-25.0931,37.02125],[-25.09292,37.02042],[-25.08958,37.02079],[-25.08875,37.0222],[-25.08874,37.02042],[-25.08654,37.01875],[-25.08502,37.01625],[-25.08251,37.01458],[-25.08208,37.01375],[-25.08042,37.013],[-25.07625,37.01256],[-25.07458,37.01135],[-25.07208,37.01274],[-25.07042,37.01277],[-25.06755,37.01375],[-25.06708,37.01587],[-25.06587,37.01708],[-25.06208,37.01708],[-25.06125,37.01621],[-25.05875,37.01585],[-25.05779,37.01542],[-25.05708,37.01414],[-25.05491,37.01375],[-25.05152,37.01125],[-25.05129,37.00458],[-25.05292,37.00292],[-25.05208,37.00122],[-25.05042,37.00056],[-25.04958,36.99875],[-25.05208,36.99446],[-25.05292,36.99458],[-25.0534,36.99208],[-25.05292,36.98792],[-25.05125,36.98741],[-25.05042,36.98796],[-25.04875,36.988],[-25.04292,36.98683],[-25.04153,36.98542],[-25.0405,36.98208],[-25.03797,36.98042],[-25.03825,36.97958],[-25.03542,36.97771],[-25.03208,36.97381],[-25.02875,36.97299],[-25.02726,36.97125],[-25.02869,36.97042],[-25.02852,36.96792],[-25.02792,36.96708],[-25.02625,36.96645],[-25.02458,36.96716],[-25.02125,36.96654],[-25.01952,36.96458],[-25.01784,36.96125],[-25.01576,36.96042],[-25.01527,36.95875],[-25.01574,36.95708],[-25.01785,36.95625],[-25.01851,36.95458],[-25.01709,36.95292],[-25.01728,36.94875],[-25.01376,36.94375],[-25.01259,36.94125],[-25.01255,36.93958],[-25.01458,36.93533],[-25.01542,36.93542],[-25.01464,36.93375],[-25.01542,36.93292],[-25.01418,36.93042],[-25.01542,36.93031],[-25.01708,36.92866],[-25.01891,36.92792],[-25.01875,36.92751],[-25.01625,36.92708],[-25.01625,36.92808],[-25.01458,36.92797]]},"properties":{"source":"emodnet_dtm_2024","level":2}},{"type":"Feature","geometry":{"type":"LineString","coordinates":[[-25.51292,37.70819],[-25.51292,37.70778],[-25.51292,37.70819]]},"properties":{"source":"emodnet_dtm_2024","level":2}},{"type":"Feature","geometry":{"type":"LineString","coordinates":[[-25.51375,37.70896],[-25.51375,37.70862],[-25.51375,37.70896]]},"properties":{"source":"emodnet_dtm_2024","level":2}},{"type":"Feature","geometry":{"type":"LineString","coordinates":[[-25.69125,37.72962],[-25.69125,37.72962]]},"properties":{"source":"emodnet_dtm_2024","level":2}},{"type":"Feature","geometry":{"type":"LineString","coordinates":[[-25.68875,37.73209],[-25.69708,37.73292],[-25.69958,37.73508],[-25.70208,37.73531],[-25.70208,37.73625],[-25.70292,37.73692],[-25.70375,37.73702],[-25.70458,37.73616],[-25.70593,37.73625],[-25.70625,37.73708],[-25.70933,37.73875],[-25.70958,37.73958],[-25.71051,37.73958],[-25.71042,37.74042],[-25.71292,37.74125],[-25.71382,37.74375],[-25.71589,37.74542],[-25.71792,37.74875],[-25.72208,37.74958],[-25.72301,37.75042],[-25.72458,37.75067],[-25.72555,37.75125],[-25.72553,37.75208],[-25.72708,37.75282],[-25.72958,37.75276],[-25.73163,37.75375],[-25.73375,37.75708],[-25.7364,37.75875],[-25.73958,37.76208],[-25.74893,37.76708],[-25.75125,37.76958],[-25.75246,37.76958],[-25.75708,37.77151],[-25.76042,37.77208],[-25.76042,37.77292],[-25.76125,37.77282],[-25.76657,37.77708],[-25.76708,37.77875],[-25.76792,37.77864],[-25.77042,37.78003],[-25.77125,37.78125],[-25.77375,37.78029],[-25.77625,37.78162],[-25.77689,37.78542],[-25.77875,37.78593],[-25.77986,37.78708],[-25.78116,37.79125],[-25.78292,37.79142],[-25.78509,37.79292],[-25.78542,37.7939],[-25.78708,37.79418],[-25.78875,37.79803],[-25.79042,37.79825],[-25.79292,37.79971],[-25.79458,37.79973],[-25.79542,37.79915],[-25.79708,37.79981],[-25.79958,37.79999],[-25.80042,37.80219],[-25.80458,37.80243],[-25.80625,37.80393],[-25.80708,37.80399],[-25.80958,37.80721],[-25.81292,37.80746],[-25.81375,37.80811],[-25.81625,37.80855],[-25.81814,37.81125],[-25.81875,37.81476],[-25.82042,37.81488],[-25.82208,37.81636],[-25.82375,37.81646],[-25.82527,37.81792],[-25.82542,37.81886],[-25.82792,37.81919],[-25.83042,37.82059],[-25.83208,37.8208],[-25.83292,37.82302],[-25.83792,37.82498],[-25.83958,37.82725],[-25.84125,37.82778],[-25.84234,37.82875],[-25.84333,37.83042],[-25.8437,37.83958],[-25.84542,37.83996],[-25.84674,37.84125],[-25.84759,37.84375],[-25.84958,37.84515],[-25.85106,37.84792],[-25.85158,37.85208],[-25.85144,37.86208],[-25.85208,37.86282],[-25.85467,37.86292],[-25.85042,37.86403],[-25.84979,37.86458],[-25.84876,37.86792],[-25.84792,37.86792],[-25.84825,37.86875],[-25.84731,37.87042],[-25.84708,37.87304],[-25.84625,37.87154],[-25.84577,37.87208],[-25.84375,37.87248],[-25.8431,37.87375],[-25.84375,37.87456],[-25.84461,37.87458],[-25.84208,37.87457],[-25.84125,37.87752],[-25.84042,37.87641],[-25.83664,37.87708],[-25.83573,37.87792],[-25.83625,37.87858],[-25.83979,37.87875],[-25.83542,37.87894],[-25.83125,37.88042],[-25.83125,37.88125],[-25.82708,37.88625],[-25.82715,37.88708],[-25.82792,37.88731],[-25.8305,37.88708],[-25.82967,37.88792],[-25.82965,37.88958],[-25.82875,37.88968],[-25.82802,37.89042],[-25.82835,37.89125],[-25.82542,37.89285],[-25.82478,37.89375],[-25.82459,37.89542],[-25.82543,37.89625],[-25.8245,37.89625],[-25.82445,37.89458],[-25.82375,37.89413],[-25.82199,37.89542],[-25.82001,37.89875],[-25.81875,37.89974],[-25.81754,37.89958],[-25.81717,37.90042],[-25.81792,37.90113],[-25.81958,37.90115],[-25.82042,37.9003],[-25.82292,37.90042],[-25.8246,37.89958],[-25.82292,37.89953],[-25.82292,37.90042],[-25.82209,37.90125],[-25.81875,37.90217],[-25.81792,37.90188],[-25.81625,37.8998],[-25.81502,37.89958],[-25.81662,37.89875],[-25.81458,37.89712],[-25.80875,37.89774],[-25.80458,37.8973],[-25.79987,37.90125],[-25.79875,37.90158],[-25.79792,37.90125],[-25.79792,37.90217],[-25.79292,37.90483],[-25.79208,37.90458],[-25.78958,37.90931],[-25.78792,37.91069],[-25.78708,37.91088],[-25.78625,37.90971],[-25.77833,37.91042],[-25.77875,37.91095],[-25.78663,37.91125],[-25.78542,37.91171],[-25.77875,37.91164],[-25.77708,37.91083],[-25.77458,37.91059],[-25.77375,37.90958],[-25.77208,37.90948],[-25.76875,37.90781],[-25.76375,37.90723],[-25.76208,37.90542],[-25.76125,37.90554],[-25.75875,37.90439],[-25.75375,37.9005],[-25.75208,37.90053],[-25.75042,37.90181],[-25.74958,37.90183],[-25.74875,37.90125],[-25.74792,37.89795],[-25.74625,37.89708],[-25.74542,37.89772],[-25.73958,37.89506],[-25.73708,37.89458],[-25.73875,37.89436],[-25.73888,37.89375],[-25.73708,37.89228],[-25.73633,37.89292],[-25.73625,37.89409],[-25.7362,37.89292],[-25.73542,37.89214],[-25.73042,37.89139],[-25.72828,37.89042],[-25.72928,37.88958],[-25.72875,37.88912],[-25.72792,37.89018],[-25.71839,37.88792],[-25.71765,37.88625],[-25.71208,37.88042],[-25.70875,37.87931],[-25.7076,37.87708],[-25.70542,37.86895],[-25.70125,37.86586],[-25.69958,37.8654],[-25.69906,37.86458],[-25.69902,37.86292],[-25.6977,37.86208],[-25.69897,37.86125],[-25.69891,37.85875],[-25.69741,37.85792],[-25.69642,37.85458],[-25.69343,37.85208],[-25.69303,37.84625],[-25.6906,37.84375],[-25.69042,37.84276],[-25.68875,37.84269],[-25.68792,37.84199],[-25.68708,37.8432],[-25.68542,37.84256],[-25.68125,37.84498],[-25.68026,37.84375],[-25.67989,37.83875],[-25.6786,37.83708],[-25.67542,37.83615],[-25.67042,37.83622],[-25.66792,37.83477],[-25.66542,37.83457],[-25.66375,37.83375],[-25.66292,37.83448],[-25.66042,37.83442],[-25.65792,37.8329],[-25.65542,37.83269],[-25.65375,37.83344],[-25.65042,37.83339],[-25.64875,37.83204],[-25.6449,37.83125],[-25.64458,37.83042],[-25.64127,37.83042],[-25.64125,37.82958],[-25.64121,37.83042],[-25.63875,37.83092],[-25.63792,37.83042],[-25.63771,37.83125],[-25.63542,37.83313],[-25.63458,37.83339],[-25.63292,37.83282],[-25.63125,37.83318],[-25.62958,37.83508],[-25.62792,37.83375],[-25.62542,37.83336],[-25.62292,37.8321],[-25.62125,37.83069],[-25.61708,37.82941],[-25.61292,37.82562],[-25.60542,37.82558],[-25.60375,37.82431],[-25.60292,37.8224],[-25.60125,37.82125],[-25.60042,37.82166],[-25.59769,37.81958],[-25.59292,37.81818],[-25.59292,37.81772],[-25.59451,37.81708],[-25.59375,37.81433],[-25.58792,37.8142],[-25.58708,37.81486],[-25.58625,37.81414],[-25.58125,37.81444],[-25.57849,37.81625],[-25.57458,37.81658],[-25.57064,37.81875],[-25.56792,37.81913],[-25.56542,37.81915],[-25.56208,37.81742],[-25.55875,37.81921],[-25.55708,37.81925],[-25.5539,37.81792],[-25.55375,37.81708],[-25.55125,37.81841],[-25.54958,37.81842],[-25.54875,37.81914],[-25.54625,37.81956],[-25.54339,37.82125],[-25.54208,37.82125],[-25.54125,37.82235],[-25.53958,37.82251],[-25.53875,37.82208],[-25.53874,37.82292],[-25.53792,37.82339],[-25.53208,37.82363],[-25.53072,37.82458],[-25.52875,37.82457],[-25.5282,37.82542],[-25.52613,37.82625],[-25.52292,37.82936],[-25.52208,37.82958],[-25.52042,37.83157],[-25.51625,37.83284],[-25.51542,37.83368],[-25.51375,37.83375],[-25.51292,37.83481],[-25.51042,37.83509],[-25.50958,37.83458],[-25.50957,37.83542],[-25.50473,37.84042],[-25.50388,37.84208],[-25.50443,37.84375],[-25.50375,37.84502],[-25.50292,37.84314],[-25.50144,37.84375],[-25.50208,37.84536],[-25.50332,37.84542],[-25.49978,37.84542],[-25.49856,37.84375],[-25.49875,37.84292],[-25.49625,37.84303],[-25.49542,37.84231],[-25.49458,37.84305],[-25.49375,37.84292],[-25.49375,37.8446],[-25.49125,37.84802],[-25.48625,37.84552],[-25.48478,37.84542],[-25.48367,37.84208],[-25.48085,37.83958],[-25.48208,37.83708],[-25.48042,37.83611],[-25.47792,37.83292],[-25.47792,37.83042],[-25.47708,37.83042],[-25.47708,37.83125],[-25.47625,37.83208],[-25.47542,37.83125],[-25.47542,37.82958],[-25.47458,37.82958],[-25.47208,37.82792],[-25.47208,37.82625],[-25.47038,37.82625],[-25.47042,37.82542],[-25.47125,37.82542],[-25.46708,37.82542],[-25.46708,37.82708],[-25.46625,37.82791],[-25.46542,37.82708],[-25.46542,37.82625],[-25.46375,37.82625],[-25.46292,37.82542],[-25.46042,37.82542],[-25.45792,37.82375],[-25.45542,37.82375],[-25.45458,37.82792],[-25.45375,37.82875],[-25.45292,37.82792],[-25.45125,37.82792],[-25.45042,37.82875],[-25.44875,37.82708],[-25.44625,37.82708],[-25.44542,37.82791],[-25.44208,37.82714],[-25.43958,37.82832],[-25.43738,37.83125],[-25.43458,37.83224],[-25.42875,37.83211],[-25.42693,37.83125],[-25.42666,37.82958],[-25.42708,37.82894],[-25.42807,37.82875],[-25.42805,37.82542],[-25.42875,37.82452],[-25.42625,37.82451],[-25.42542,37.82531],[-25.42125,37.82519],[-25.41958,37.8265],[-25.41458,37.82648],[-25.40958,37.8273],[-25.40625,37.82692],[-25.406,37.82792],[-25.40208,37.82958],[-25.40233,37.83042],[-25.40125,37.83223],[-25.39875,37.83447],[-25.39625,37.83495],[-25.39542,37.83655],[-25.39458,37.83507],[-25.39292,37.83693],[-25.38875,37.8369],[-25.38375,37.83458],[-25.38292,37.83595],[-25.38208,37.83604],[-25.38109,37.83708],[-25.37792,37.83872],[-25.37574,37.83875],[-25.37542,37.83792],[-25.37458,37.83885],[-25.37208,37.83875],[-25.37208,37.83958],[-25.37125,37.84041],[-25.37042,37.84041],[-25.36958,37.83958],[-25.36958,37.83875],[-25.36792,37.83875],[-25.36792,37.83958],[-25.36708,37.84041],[-25.36375,37.84042],[-25.36292,37.84125],[-25.36042,37.84125],[-25.35792,37.84458],[-25.35625,37.84458],[-25.35458,37.84625],[-25.35375,37.84625],[-25.35292,37.84708],[-25.35125,37.84772],[-25.34958,37.84759],[-25.34792,37.84858],[-25.34458,37.84867],[-25.34208,37.84971],[-25.34125,37.85066],[-25.33875,37.85123],[-25.33625,37.85334],[-25.33375,37.85388],[-25.33042,37.85567],[-25.32958,37.85687],[-25.32875,37.85708],[-25.32792,37.85872],[-25.32708,37.85875],[-25.32773,37.85958],[-25.32708,37.86243],[-25.32542,37.86378],[-25.32292,37.86409],[-25.32208,37.86375],[-25.32204,37.86458],[-25.31958,37.86686],[-25.31792,37.86769],[-25.31708,37.86764],[-25.31526,37.86625],[-25.31387,37.86292],[-25.31225,37.86125],[-25.30875,37.85972],[-25.30792,37.85875],[-25.30085,37.85875],[-25.29792,37.85699],[-25.29542,37.8579],[-25.29292,37.85759],[-25.29208,37.85693],[-25.29042,37.85697],[-25.28591,37.85958],[-25.28445,37.85958],[-25.28375,37.85893],[-25.28125,37.85992],[-25.28042,37.85958],[-25.28037,37.86042],[-25.27875,37.86155],[-25.27708,37.86161],[-25.27542,37.86092],[-25.27292,37.86085],[-25.27125,37.86152],[-25.26958,37.861],[-25.26292,37.86364],[-25.26125,37.86357],[-25.25977,37.86292],[-25.25792,37.85958],[-25.25625,37.85971],[-25.25208,37.85778],[-25.24958,37.85761],[-25.24792,37.85669],[-25.24542,37.85654],[-25.24458,37.85542],[-25.23208,37.8556],[-25.23107,37.85542],[-25.23042,37.85458],[-25.23025,37.85542],[-25.22792,37.85574],[-25.22708,37.85542],[-25.2271,37.85625],[-25.22625,37.85651],[-25.22292,37.85676],[-25.22125,37.85758],[-25.21458,37.85783],[-25.21292,37.85879],[-25.21042,37.85875],[-25.21006,37.85958],[-25.20708,37.86037],[-25.20542,37.85987],[-25.20375,37.85989],[-25.20208,37.86062],[-25.19125,37.86055],[-25.19042,37.85958],[-25.18542,37.85961],[-25.18375,37.85885],[-25.17958,37.85867],[-25.17708,37.85954],[-25.17458,37.85943],[-25.17375,37.85875],[-25.16639,37.85708],[-25.17042,37.85704],[-25.17125,37.85789],[-25.17375,37.85782],[-25.17458,37.85847],[-25.17402,37.85625],[-25.17292,37.85546],[-25.16458,37.85529],[-25.16398,37.85542],[-25.16375,37.85634],[-25.15542,37.85226],[-25.14875,37.8514],[-25.14725,37.85042],[-25.14875,37.85021],[-25.14943,37.84958],[-25.14747,37.84792],[-25.14639,37.84458],[-25.14512,37.84375],[-25.14458,37.84208],[-25.1427,37.84042],[-25.14208,37.83796],[-25.14042,37.83504],[-25.14007,37.83208],[-25.13889,37.82958],[-25.13788,37.82875],[-25.13755,37.82708],[-25.13542,37.82617],[-25.13343,37.82375],[-25.13603,37.81875],[-25.13588,37.81625],[-25.13414,37.81292],[-25.13313,37.80708],[-25.13551,37.80375],[-25.13708,37.80292],[-25.13737,37.80208],[-25.14042,37.79958],[-25.14042,37.79843],[-25.14125,37.79792],[-25.14115,37.79542],[-25.14211,37.79375],[-25.14205,37.79208],[-25.14129,37.79125],[-25.14125,37.78792],[-25.13828,37.78292],[-25.13759,37.78042],[-25.13911,37.77625],[-25.13956,37.77208],[-25.14292,37.7659],[-25.14458,37.76458],[-25.14468,37.76375],[-25.14619,37.76208],[-25.14708,37.75943],[-25.14713,37.76125],[-25.14792,37.76187],[-25.14912,37.75958],[-25.14875,37.75884],[-25.1477,37.75875],[-25.15125,37.75524],[-25.15292,37.75451],[-25.15617,37.74958],[-25.15792,37.74958],[-25.16027,37.74625],[-25.16375,37.74381],[-25.16458,37.74518],[-25.16572,37.74458],[-25.16542,37.74394],[-25.16381,37.74375],[-25.16625,37.74218],[-25.16637,37.74375],[-25.16768,37.74375],[-25.16899,37.74208],[-25.16875,37.74154],[-25.16718,37.74125],[-25.17375,37.73956],[-25.17625,37.73971],[-25.17708,37.74042],[-25.17875,37.74038],[-25.17958,37.74082],[-25.18458,37.73988],[-25.18542,37.74042],[-25.18708,37.7403],[-25.18792,37.74072],[-25.19026,37.73958],[-25.19208,37.7395],[-25.19458,37.73846],[-25.1993,37.73458],[-25.20208,37.73422],[-25.20375,37.73342],[-25.21164,37.73375],[-25.20375,37.73379],[-25.20297,37.73458],[-25.20298,37.73542],[-25.20375,37.73586],[-25.21125,37.73576],[-25.212,37.73542],[-25.21208,37.73403],[-25.21292,37.73402],[-25.213,37.73542],[-25.21375,37.73581],[-25.2145,37.73542],[-25.2145,37.73458],[-25.2133,37.73375],[-25.21375,37.73362],[-25.21708,37.73474],[-25.21795,37.73458],[-25.21875,37.73542],[-25.21958,37.7354],[-25.22458,37.73813],[-25.23075,37.73958],[-25.23125,37.74042],[-25.23375,37.74029],[-25.23625,37.74211],[-25.23729,37.74375],[-25.23875,37.74391],[-25.23958,37.74472],[-25.24458,37.7448],[-25.24542,37.74409],[-25.24708,37.7442],[-25.24792,37.74484],[-25.24958,37.74482],[-25.25042,37.74554],[-25.25708,37.7455],[-25.25792,37.74472],[-25.2603,37.74458],[-25.26292,37.74373],[-25.26958,37.74375],[-25.27003,37.74292],[-25.27542,37.7417],[-25.28125,37.73943],[-25.28208,37.73958],[-25.28458,37.73651],[-25.28774,37.73625],[-25.28806,37.73375],[-25.28875,37.7334],[-25.29208,37.73409],[-25.29375,37.73372],[-25.29792,37.73419],[-25.30042,37.73256],[-25.30375,37.73216],[-25.30403,37.73042],[-25.30625,37.7283],[-25.30792,37.72744],[-25.30875,37.72804],[-25.31125,37.72814],[-25.31375,37.72725],[-25.31542,37.72517],[-25.31708,37.72451],[-25.31875,37.72287],[-25.31958,37.72292],[-25.32042,37.72199],[-25.32125,37.72292],[-25.32542,37.72294],[-25.32625,37.72375],[-25.32875,37.72424],[-25.33542,37.72341],[-25.34208,37.72362],[-25.34625,37.72239],[-25.34958,37.72325],[-25.35292,37.72178],[-25.35459,37.72042],[-25.35792,37.71958],[-25.35958,37.71858],[-25.3637,37.71458],[-25.36792,37.71193],[-25.37375,37.71193],[-25.37542,37.71272],[-25.37958,37.71316],[-25.38208,37.71291],[-25.38375,37.71379],[-25.38708,37.7144],[-25.39042,37.71424],[-25.39292,37.71506],[-25.39542,37.71483],[-25.39792,37.71389],[-25.39958,37.71395],[-25.40208,37.71293],[-25.40292,37.71306],[-25.40375,37.71474],[-25.40542,37.71474],[-25.40625,37.71327],[-25.40708,37.71328],[-25.40792,37.71475],[-25.41125,37.71525],[-25.41375,37.71482],[-25.41458,37.71339],[-25.41792,37.71275],[-25.41875,37.71337],[-25.42125,37.71372],[-25.42208,37.71496],[-25.42458,37.71501],[-25.42542,37.71567],[-25.42792,37.71563],[-25.42874,37.71208],[-25.43125,37.71185],[-25.43292,37.71172],[-25.43375,37.71271],[-25.43458,37.71276],[-25.43542,37.71232],[-25.44042,37.71233],[-25.44292,37.71111],[-25.44542,37.71128],[-25.44792,37.71242],[-25.45042,37.71273],[-25.45208,37.71475],[-25.45292,37.71372],[-25.45317,37.71458],[-25.45458,37.71553],[-25.45625,37.71554],[-25.45893,37.71458],[-25.45958,37.71248],[-25.46125,37.71246],[-25.46375,37.71413],[-25.46458,37.71312],[-25.46569,37.71292],[-25.46625,37.71155],[-25.47042,37.71167],[-25.47309,37.71375],[-25.47292,37.71458],[-25.47458,37.71445],[-25.47542,37.71542],[-25.47792,37.71472],[-25.48042,37.71479],[-25.48375,37.71642],[-25.48458,37.71565],[-25.48625,37.71561],[-25.48708,37.71478],[-25.48792,37.71476],[-25.48875,37.71332],[-25.49208,37.71318],[-25.49292,37.71243],[-25.49458,37.71233],[-25.49792,37.70879],[-25.50792,37.70699],[-25.51091,37.70792],[-25.51458,37.71153],[-25.51542,37.71174],[-25.51625,37.71103],[-25.51662,37.71208],[-25.52042,37.7153],[-25.52625,37.71561],[-25.52875,37.71497],[-25.53208,37.71531],[-25.53375,37.71625],[-25.53458,37.71733],[-25.53468,37.71875],[-25.53875,37.72254],[-25.54292,37.72445],[-25.54458,37.7245],[-25.54792,37.72875],[-25.54958,37.72812],[-25.55208,37.72875],[-25.55458,37.73208],[-25.55542,37.73271],[-25.55772,37.73292],[-25.55875,37.73365],[-25.55958,37.73576],[-25.56125,37.73608],[-25.56405,37.73792],[-25.56458,37.74021],[-25.56792,37.74163],[-25.57042,37.74166],[-25.57125,37.74093],[-25.57208,37.74161],[-25.57458,37.74004],[-25.57625,37.74063],[-25.57708,37.73992],[-25.57958,37.7401],[-25.58009,37.73875],[-25.58125,37.73853],[-25.58292,37.73879],[-25.58375,37.74015],[-25.58542,37.74087],[-25.58875,37.74163],[-25.58958,37.74115],[-25.59458,37.7413],[-25.59958,37.74375],[-25.60042,37.74285],[-25.60875,37.74176],[-25.61224,37.74292],[-25.61375,37.74458],[-25.61542,37.74474],[-25.61796,37.74708],[-25.61792,37.74792],[-25.61875,37.74773],[-25.62042,37.74854],[-25.62375,37.74818],[-25.62542,37.74907],[-25.62792,37.74941],[-25.62875,37.74844],[-25.63042,37.74844],[-25.63125,37.74666],[-25.63375,37.74656],[-25.63458,37.74574],[-25.63625,37.7457],[-25.63744,37.74458],[-25.63792,37.74261],[-25.64292,37.74274],[-25.64375,37.74415],[-25.64458,37.74414],[-25.64542,37.74265],[-25.64875,37.7425],[-25.64958,37.74121],[-25.65458,37.74107],[-25.65625,37.74039],[-25.65875,37.74095],[-25.66458,37.74048],[-25.66875,37.73674],[-25.67042,37.73635],[-25.67708,37.73646],[-25.67844,37.73792],[-25.68125,37.73868],[-25.69042,37.73811],[-25.69292,37.73747],[-25.6968,37.73458],[-25.69708,37.73292],[-25.68958,37.73293],[-25.68958,37.73208],[-25.68875,37.73209]]},"properties":{"source":"emodnet_dtm_2024","level":2}},{"type":"Feature","geometry":{"type":"LineString","coordinates":[[-25.59375,37.7425],[-25.59375,37.74125],[-25.59005,37.74208],[-25.59375,37.7431],[-25.59569,37.74292],[-25.59375,37.7425]]},"properties":{"source":"emodnet_dtm_2024","level":2}},{"type":"Feature","geometry":{"type":"LineString","coordinates":[[-25.59125,37.81724],[-25.59125,37.81687],[-25.59125,37.81724]]},"properties":{"source":"emodnet_dtm_2024","level":2}},{"type":"Feature","geometry":{"type":"LineString","coordinates":[[-25.57875,37.81725],[-25.57875,37.81649],[-25.57875,37.81725]]},"properties":{"source":"emodnet_dtm_2024","level":2}},{"type":"Feature","geometry":{"type":"LineString","coordinates":[[-25.57958,37.81815],[-25.57958,37.81775],[-25.58051,37.81792],[-25.57958,37.81815]]},"properties":{"source":"emodnet_dtm_2024","level":2}},{"type":"Feature","geometry":{"type":"LineString","coordinates":[[-25.58375,37.81886],[-25.58375,37.81778],[-25.58375,37.81886]]},"properties":{"source":"emodnet_dtm_2024","level":2}},{"type":"Feature","geometry":{"type":"LineString","coordinates":[[-25.39375,37.83732],[-25.39318,37.83708],[-25.39504,37.83708],[-25.39375,37.83732]]},"properties":{"source":"emodnet_dtm_2024","level":2}},{"type":"Feature","geometry":{"type":"LineString","coordinates":[[-25.48458,37.84637],[-25.48458,37.84601],[-25.48458,37.84637]]},"properties":{"source":"emodnet_dtm_2024","level":2}},{"type":"Feature","geometry":{"type":"LineString","coordinates":[[-25.48542,37.84747],[-25.48493,37.84708],[-25.48708,37.84684],[-25.48708,37.84824],[-25.48542,37.84747]]},"properties":{"source":"emodnet_dtm_2024","level":2}},{"type":"Feature","geometry":{"type":"LineString","coordinates":[[-25.14625,37.84915],[-25.14625,37.84863],[-25.14625,37.84915]]},"properties":{"source":"emodnet_dtm_2024","level":2}},{"type":"Feature","geometry":{"type":"LineString","coordinates":[[-25.14708,37.85018],[-25.14657,37.84958],[-25.14715,37.84958],[-25.14708,37.85018]]},"properties":{"source":"emodnet_dtm_2024","level":2}},{"type":"Feature","geometry":{"type":"LineString","coordinates":[[-25.85375,37.85473],[-25.85375,37.85473]]},"properties":{"source":"emodnet_dtm_2024","level":2}},{"type":"Feature","geometry":{"type":"LineString","coordinates":[[-25.16542,37.85711],[-25.16584,37.85708],[-25.16542,37.85711]]},"properties":{"source":"emodnet_dtm_2024","level":2}},{"type":"Feature","geometry":{"type":"LineString","coordinates":[[-25.85625,37.86217],[-25.85625,37.86217]]},"properties":{"source":"emodnet_dtm_2024","level":2}},{"type":"Feature","geometry":{"type":"LineString","coordinates":[[-25.84625,37.87385],[-25.84625,37.87385]]},"properties":{"source":"emodnet_dtm_2024","level":2}},{"type":"Feature","geometry":{"type":"LineString","coordinates":[[-25.80625,37.89888],[-25.81221,37.89875],[-25.81208,37.89945],[-25.80958,37.89955],[-25.80625,37.89888]]},"properties":{"source":"emodnet_dtm_2024","level":2}},{"type":"Feature","geometry":{"type":"LineString","coordinates":[[-25.81292,37.89963],[-25.81242,37.89958],[-25.81368,37.89958],[-25.81292,37.89963]]},"properties":{"source":"emodnet_dtm_2024","level":2}},{"type":"Feature","geometry":{"type":"LineString","coordinates":[[-28.20542,38.39214],[-28.20465,38.39208],[-28.20708,38.39163],[-28.21113,38.38958],[-28.21208,38.38958],[-28.21367,38.38792],[-28.21792,38.38658],[-28.21875,38.38749],[-28.2193,38.38708],[-28.21824,38.38625],[-28.22375,38.38483],[-28.22708,38.38279],[-28.22958,38.38244],[-28.23542,38.38055],[-28.23958,38.38042],[-28.24294,38.38125],[-28.24375,38.38208],[-28.24708,38.3836],[-28.25042,38.38401],[-28.25169,38.38708],[-28.2511,38.38792],[-28.25194,38.38958],[-28.25496,38.39042],[-28.25507,38.39375],[-28.25754,38.39792],[-28.25714,38.39875],[-28.25542,38.39958],[-28.25607,38.40292],[-28.25792,38.40427],[-28.26013,38.40708],[-28.26208,38.40746],[-28.26292,38.40817],[-28.26625,38.40862],[-28.26875,38.41018],[-28.27292,38.41096],[-28.27542,38.41022],[-28.27958,38.41036],[-28.27792,38.41042],[-28.27792,38.41132],[-28.27708,38.41133],[-28.27708,38.41042],[-28.27458,38.41042],[-28.27531,38.41208],[-28.27708,38.41269],[-28.28958,38.4135],[-28.30208,38.41291],[-28.31458,38.41304],[-28.33542,38.41638],[-28.34375,38.41415],[-28.34792,38.41644],[-28.35625,38.41669],[-28.36042,38.41635],[-28.36458,38.41375],[-28.36875,38.41354],[-28.37292,38.41628],[-28.38125,38.41805],[-28.38542,38.42083],[-28.39125,38.4204],[-28.39208,38.41956],[-28.39292,38.41954],[-28.39292,38.42019],[-28.39221,38.42042],[-28.39625,38.42042],[-28.3963,38.42125],[-28.39875,38.42258],[-28.40042,38.42292],[-28.40292,38.4245],[-28.40625,38.42458],[-28.40674,38.42542],[-28.40875,38.42571],[-28.41125,38.42699],[-28.41708,38.42698],[-28.42292,38.42603],[-28.42708,38.42514],[-28.43125,38.42163],[-28.44625,38.4209],[-28.447,38.42042],[-28.44708,38.41958],[-28.44542,38.41922],[-28.44542,38.41966],[-28.44708,38.41958],[-28.44792,38.42032],[-28.44899,38.42042],[-28.44848,38.42125],[-28.44958,38.42111],[-28.44958,38.42231],[-28.45042,38.42184],[-28.45327,38.42375],[-28.45208,38.42381],[-28.45208,38.42292],[-28.45125,38.42297],[-28.45044,38.42375],[-28.45208,38.42538],[-28.45375,38.42566],[-28.45443,38.42542],[-28.45458,38.42458],[-28.45375,38.42423],[-28.45375,38.42474],[-28.45458,38.42458],[-28.45625,38.42605],[-28.45708,38.42763],[-28.45875,38.42792],[-28.45958,38.42868],[-28.45886,38.42958],[-28.45958,38.43004],[-28.46292,38.43077],[-28.46375,38.43024],[-28.46458,38.43125],[-28.46792,38.4312],[-28.46625,38.43125],[-28.46633,38.43292],[-28.46958,38.4345],[-28.47292,38.43735],[-28.47708,38.43847],[-28.48125,38.4387],[-28.48542,38.44133],[-28.49708,38.44327],[-28.49792,38.44265],[-28.49958,38.44363],[-28.50208,38.44375],[-28.50329,38.44458],[-28.50208,38.44462],[-28.50208,38.44375],[-28.49958,38.44387],[-28.49898,38.44458],[-28.50125,38.44657],[-28.50625,38.44732],[-28.50919,38.45042],[-28.51338,38.45208],[-28.51708,38.45438],[-28.51792,38.45292],[-28.52125,38.46042],[-28.52181,38.46375],[-28.52542,38.46542],[-28.52792,38.46786],[-28.52958,38.46875],[-28.53042,38.47042],[-28.53375,38.47375],[-28.53646,38.47958],[-28.53587,38.48042],[-28.53649,38.48375],[-28.53958,38.48682],[-28.54084,38.48708],[-28.54231,38.49125],[-28.54251,38.49458],[-28.54114,38.49708],[-28.54189,38.49875],[-28.54268,38.50458],[-28.54257,38.51125],[-28.53958,38.51708],[-28.54058,38.51792],[-28.53999,38.51958],[-28.53929,38.51958],[-28.53875,38.51772],[-28.53781,38.51875],[-28.53819,38.52458],[-28.53737,38.52958],[-28.53617,38.53208],[-28.53352,38.53375],[-28.53125,38.53419],[-28.52875,38.53718],[-28.52458,38.53847],[-28.52208,38.54013],[-28.52101,38.54208],[-28.52154,38.54375],[-28.52042,38.54545],[-28.51875,38.54549],[-28.51625,38.54732],[-28.51542,38.54663],[-28.51458,38.54684],[-28.51114,38.54958],[-28.50875,38.55055],[-28.50708,38.55216],[-28.50458,38.5525],[-28.50042,38.55396],[-28.49875,38.55617],[-28.49792,38.55624],[-28.49708,38.55542],[-28.49701,38.55625],[-28.49625,38.55662],[-28.49458,38.55678],[-28.49292,38.55762],[-28.48958,38.55781],[-28.48792,38.5588],[-28.48542,38.55875],[-28.48458,38.55969],[-28.48125,38.55958],[-28.48127,38.56042],[-28.48042,38.56063],[-28.47875,38.56085],[-28.47861,38.55958],[-28.47875,38.55908],[-28.48042,38.55921],[-28.48088,38.55875],[-28.48042,38.55849],[-28.47292,38.55899],[-28.47227,38.55958],[-28.47208,38.56118],[-28.47188,38.55958],[-28.47125,38.55906],[-28.46875,38.55918],[-28.46375,38.55824],[-28.46315,38.55875],[-28.46375,38.55935],[-28.46625,38.55899],[-28.46625,38.56095],[-28.46292,38.55974],[-28.45875,38.55916],[-28.45708,38.55814],[-28.45372,38.55792],[-28.45458,38.55783],[-28.45476,38.55708],[-28.45208,38.55536],[-28.45012,38.55542],[-28.44958,38.55633],[-28.44875,38.5556],[-28.44792,38.55636],[-28.44708,38.55577],[-28.44375,38.55824],[-28.43958,38.55806],[-28.43889,38.55875],[-28.43958,38.55945],[-28.44208,38.55943],[-28.44208,38.55974],[-28.43958,38.55983],[-28.43542,38.55813],[-28.43375,38.55795],[-28.42875,38.55915],[-28.42292,38.55958],[-28.42208,38.56038],[-28.41875,38.56112],[-28.41875,38.5595],[-28.42292,38.55958],[-28.42292,38.55859],[-28.42958,38.55875],[-28.4294,38.55708],[-28.42708,38.55681],[-28.41458,38.55755],[-28.40625,38.55718],[-28.39375,38.55607],[-28.38542,38.55476],[-28.38375,38.55411],[-28.38292,38.55542],[-28.38375,38.55621],[-28.38375,38.55529],[-28.38292,38.55542],[-28.38085,38.55458],[-28.38282,38.55375],[-28.37329,38.55042],[-28.36875,38.55028],[-28.36458,38.54692],[-28.36208,38.5468],[-28.36137,38.54708],[-28.36125,38.54819],[-28.35143,38.54542],[-28.35375,38.54529],[-28.35415,38.54458],[-28.35208,38.5424],[-28.34708,38.54181],[-28.34625,38.54287],[-28.34542,38.54208],[-28.34453,38.54208],[-28.34125,38.54006],[-28.34117,38.53875],[-28.33966,38.53708],[-28.33125,38.53225],[-28.32896,38.52958],[-28.32622,38.52792],[-28.32292,38.52492],[-28.31458,38.52342],[-28.31042,38.52052],[-28.30625,38.51957],[-28.30375,38.51716],[-28.30302,38.51792],[-28.30292,38.51922],[-28.30042,38.51574],[-28.29958,38.51316],[-28.29542,38.50875],[-28.29292,38.50739],[-28.28958,38.50655],[-28.28792,38.50717],[-28.28458,38.50727],[-28.28292,38.50806],[-28.28029,38.50792],[-28.27659,38.50458],[-28.27792,38.50449],[-28.27824,38.50375],[-28.27805,38.50208],[-28.27708,38.50125],[-28.2739,38.50125],[-28.27375,38.50257],[-28.26792,38.50047],[-28.26004,38.50042],[-28.26208,38.50042],[-28.26208,38.49956],[-28.26208,38.50042],[-28.26708,38.50042],[-28.26708,38.49955],[-28.26792,38.49956],[-28.26875,38.50039],[-28.26965,38.50042],[-28.26958,38.50125],[-28.27125,38.50105],[-28.27156,38.50042],[-28.26979,38.49792],[-28.26875,38.49736],[-28.25792,38.49711],[-28.25708,38.49846],[-28.25542,38.4983],[-28.25524,38.49708],[-28.25458,38.49695],[-28.25393,38.49708],[-28.25375,38.49822],[-28.25292,38.49715],[-28.25208,38.49718],[-28.25125,38.49819],[-28.25117,38.49708],[-28.25042,38.49664],[-28.24375,38.49594],[-28.23958,38.49232],[-28.23594,38.49125],[-28.23375,38.48951],[-28.23292,38.4899],[-28.23208,38.48875],[-28.22437,38.48625],[-28.21792,38.48257],[-28.21292,38.48213],[-28.21125,38.48143],[-28.20625,38.48078],[-28.20555,38.48042],[-28.20708,38.48032],[-28.20803,38.47958],[-28.20375,38.47522],[-28.20015,38.47292],[-28.19542,38.46704],[-28.1947,38.46792],[-28.19458,38.47125],[-28.19437,38.46792],[-28.19375,38.4673],[-28.19233,38.46708],[-28.19375,38.46687],[-28.19432,38.46625],[-28.19208,38.46523],[-28.19125,38.466],[-28.19092,38.46458],[-28.18958,38.46301],[-28.18625,38.46304],[-28.18458,38.46398],[-28.1799,38.46375],[-28.18542,38.46375],[-28.18542,38.46289],[-28.18792,38.4628],[-28.18862,38.46208],[-28.18791,38.46042],[-28.18542,38.45899],[-28.17708,38.45793],[-28.17292,38.4551],[-28.16458,38.45469],[-28.15625,38.45517],[-28.15208,38.45591],[-28.15042,38.45457],[-28.14792,38.45363],[-28.14208,38.45383],[-28.14125,38.45542],[-28.13875,38.45323],[-28.12708,38.451],[-28.11875,38.45078],[-28.11458,38.44992],[-28.10208,38.44982],[-28.09875,38.44889],[-28.09208,38.44875],[-28.08708,38.44708],[-28.08458,38.44682],[-28.08042,38.4469],[-28.07875,38.4475],[-28.07792,38.44708],[-28.07292,38.44736],[-28.06708,38.44564],[-28.06458,38.44541],[-28.06275,38.44458],[-28.05625,38.43742],[-28.05208,38.43644],[-28.05042,38.43498],[-28.04978,38.43542],[-28.04958,38.43691],[-28.04771,38.43625],[-28.04875,38.43622],[-28.04953,38.43542],[-28.04889,38.43375],[-28.04458,38.42961],[-28.04206,38.42792],[-28.0331,38.41875],[-28.03226,38.41458],[-28.03708,38.41021],[-28.03958,38.40904],[-28.04375,38.40918],[-28.04792,38.40841],[-28.05036,38.40708],[-28.04958,38.40638],[-28.04708,38.4063],[-28.04625,38.40717],[-28.03875,38.40714],[-28.03792,38.40801],[-28.03625,38.40792],[-28.03708,38.40725],[-28.03875,38.40676],[-28.04375,38.40693],[-28.04708,38.40578],[-28.05042,38.40558],[-28.05292,38.40474],[-28.05375,38.40571],[-28.05625,38.40547],[-28.06019,38.40458],[-28.05875,38.40389],[-28.05875,38.40292],[-28.05599,38.40292],[-28.05875,38.40292],[-28.05958,38.40371],[-28.06125,38.40371],[-28.06292,38.40235],[-28.06292,38.40298],[-28.06208,38.40292],[-28.06215,38.40375],[-28.06292,38.40431],[-28.08542,38.40335],[-28.08958,38.40112],[-28.09792,38.40124],[-28.10208,38.40307],[-28.10792,38.40334],[-28.10869,38.40292],[-28.10875,38.40208],[-28.10458,38.4017],[-28.10375,38.40109],[-28.10375,38.4022],[-28.10875,38.40208],[-28.11042,38.40276],[-28.11458,38.40292],[-28.11708,38.40448],[-28.1265,38.40458],[-28.12562,38.40542],[-28.13542,38.4063],[-28.13958,38.40711],[-28.14277,38.40708],[-28.14292,38.40625],[-28.13958,38.40487],[-28.13958,38.40666],[-28.14292,38.40625],[-28.14458,38.40695],[-28.14792,38.40705],[-28.15125,38.40664],[-28.15125,38.40717],[-28.14875,38.40732],[-28.14781,38.40792],[-28.16875,38.40929],[-28.17212,38.41042],[-28.17455,38.41042],[-28.18125,38.40843],[-28.18958,38.40714],[-28.19129,38.40625],[-28.19608,38.40208],[-28.19792,38.39902],[-28.20208,38.39547],[-28.20688,38.39292],[-28.20542,38.39214]]},"properties":{"source":"emodnet_dtm_2024","level":2}},{"type":"Feature","geometry":{"type":"LineString","coordinates":[[-28.19792,38.39377],[-28.19875,38.3929],[-28.19877,38.39375],[-28.19792,38.39377]]},"properties":{"source":"emodnet_dtm_2024","level":2}},{"type":"Feature","geometry":{"type":"LineString","coordinates":[[-28.09542,38.39964],[-28.09542,38.39916],[-28.10208,38.39958],[-28.103,38.40042],[-28.10208,38.40044],[-28.10208,38.39958],[-28.09958,38.40047],[-28.09875,38.39962],[-28.09542,38.39964]]},"properties":{"source":"emodnet_dtm_2024","level":2}},{"type":"Feature","geometry":{"type":"LineString","coordinates":[[-28.07875,38.40043],[-28.07875,38.39875],[-28.07875,38.40043]]},"properties":{"source":"emodnet_dtm_2024","level":2}},{"type":"Feature","geometry":{"type":"LineString","coordinates":[[-28.07125,38.40211],[-28.07125,38.40107],[-28.07458,38.40194],[-28.07625,38.40124],[-28.07625,38.40306],[-28.07458,38.40302],[-28.07375,38.40211],[-28.07125,38.40211]]},"properties":{"source":"emodnet_dtm_2024","level":2}},{"type":"Feature","geometry":{"type":"LineString","coordinates":[[-28.13208,38.40458],[-28.13892,38.40458],[-28.13208,38.40458]]},"properties":{"source":"emodnet_dtm_2024","level":2}},{"type":"Feature","geometry":{"type":"LineString","coordinates":[[-28.15875,38.40627],[-28.15875,38.4054],[-28.15958,38.4062],[-28.16179,38.40625],[-28.15875,38.40627]]},"properties":{"source":"emodnet_dtm_2024","level":2}},{"type":"Feature","geometry":{"type":"LineString","coordinates":[[-28.15625,38.40627],[-28.15625,38.40528],[-28.15708,38.40529],[-28.15708,38.40627],[-28.15625,38.40627]]},"properties":{"source":"emodnet_dtm_2024","level":2}},{"type":"Feature","geometry":{"type":"LineString","coordinates":[[-28.16208,38.40712],[-28.16208,38.40654],[-28.16292,38.407],[-28.16608,38.40708],[-28.16208,38.40712]]},"properties":{"source":"emodnet_dtm_2024","level":2}},{"type":"Feature","geometry":{"type":"LineString","coordinates":[[-28.16625,38.40798],[-28.16625,38.40725],[-28.16708,38.40777],[-28.1713,38.40792],[-28.16625,38.40798]]},"properties":{"source":"emodnet_dtm_2024","level":2}},{"type":"Feature","geometry":{"type":"LineString","coordinates":[[-28.31875,38.41043],[-28.3196,38.41042],[-28.31875,38.41043]]},"properties":{"source":"emodnet_dtm_2024","level":2}},{"type":"Feature","geometry":{"type":"LineString","coordinates":[[-28.31625,38.41043],[-28.31625,38.41043]]},"properties":{"source":"emodnet_dtm_2024","level":2}},{"type":"Feature","geometry":{"type":"LineString","coordinates":[[-28.31208,38.41043],[-28.31208,38.41043]]},"properties":{"source":"emodnet_dtm_2024","level":2}},{"type":"Feature","geometry":{"type":"LineString","coordinates":[[-28.30625,38.41044],[-28.30625,38.40956],[-28.30708,38.41037],[-28.30792,38.40957],[-28.30792,38.41044],[-28.30625,38.41044]]},"properties":{"source":"emodnet_dtm_2024","level":2}},{"type":"Feature","geometry":{"type":"LineString","coordinates":[[-28.29625,38.41043],[-28.30043,38.41042],[-28.29625,38.41043]]},"properties":{"source":"emodnet_dtm_2024","level":2}},{"type":"Feature","geometry":{"type":"LineString","coordinates":[[-28.36625,38.41127],[-28.36792,38.41125],[-28.36625,38.41127]]},"properties":{"source":"emodnet_dtm_2024","level":2}},{"type":"Feature","geometry":{"type":"LineString","coordinates":[[-28.32208,38.41127],[-28.3246,38.41125],[-28.32208,38.41127]]},"properties":{"source":"emodnet_dtm_2024","level":2}},{"type":"Feature","geometry":{"type":"LineString","coordinates":[[-28.29125,38.41128],[-28.29125,38.41128]]},"properties":{"source":"emodnet_dtm_2024","level":2}},{"type":"Feature","geometry":{"type":"LineString","coordinates":[[-28.28708,38.41128],[-28.28708,38.41128]]},"properties":{"source":"emodnet_dtm_2024","level":2}},{"type":"Feature","geometry":{"type":"LineString","coordinates":[[-28.28375,38.41129],[-28.28375,38.41129]]},"properties":{"source":"emodnet_dtm_2024","level":2}},{"type":"Feature","geometry":{"type":"LineString","coordinates":[[-28.28042,38.41131],[-28.28042,38.41131]]},"properties":{"source":"emodnet_dtm_2024","level":2}},{"type":"Feature","geometry":{"type":"LineString","coordinates":[[-28.36875,38.41214],[-28.37126,38.41208],[-28.36875,38.41214]]},"properties":{"source":"emodnet_dtm_2024","level":2}},{"type":"Feature","geometry":{"type":"LineString","coordinates":[[-28.34375,38.41211],[-28.34461,38.41208],[-28.34375,38.41211]]},"properties":{"source":"emodnet_dtm_2024","level":2}},{"type":"Feature","geometry":{"type":"LineString","coordinates":[[-28.34208,38.4121],[-28.34208,38.4121]]},"properties":{"source":"emodnet_dtm_2024","level":2}},{"type":"Feature","geometry":{"type":"LineString","coordinates":[[-28.33792,38.4121],[-28.33792,38.4121]]},"properties":{"source":"emodnet_dtm_2024","level":2}},{"type":"Feature","geometry":{"type":"LineString","coordinates":[[-28.32542,38.41211],[-28.33042,38.41208],[-28.33084,38.41292],[-28.3304,38.41292],[-28.33042,38.41208],[-28.32542,38.41211]]},"properties":{"source":"emodnet_dtm_2024","level":2}},{"type":"Feature","geometry":{"type":"LineString","coordinates":[[-28.37208,38.41294],[-28.37208,38.41294]]},"properties":{"source":"emodnet_dtm_2024","level":2}},{"type":"Feature","geometry":{"type":"LineString","coordinates":[[-28.34625,38.41294],[-28.34625,38.41294]]},"properties":{"source":"emodnet_dtm_2024","level":2}},{"type":"Feature","geometry":{"type":"LineString","coordinates":[[-28.33292,38.41294],[-28.33292,38.41294]]},"properties":{"source":"emodnet_dtm_2024","level":2}},{"type":"Feature","geometry":{"type":"LineString","coordinates":[[-28.02708,38.41293],[-28.02792,38.41042],[-28.02875,38.40997],[-28.03292,38.41023],[-28.03458,38.40914],[-28.03458,38.41052],[-28.02792,38.41042],[-28.02795,38.41292],[-28.02708,38.41293]]},"properties":{"source":"emodnet_dtm_2024","level":2}},{"type":"Feature","geometry":{"type":"LineString","coordinates":[[-28.37458,38.41462],[-28.37625,38.41458],[-28.37708,38.41536],[-28.37795,38.41542],[-28.37625,38.41548],[-28.37625,38.41458],[-28.37458,38.41462]]},"properties":{"source":"emodnet_dtm_2024","level":2}},{"type":"Feature","geometry":{"type":"LineString","coordinates":[[-28.34958,38.41462],[-28.3546,38.41458],[-28.34958,38.41462]]},"properties":{"source":"emodnet_dtm_2024","level":2}},{"type":"Feature","geometry":{"type":"LineString","coordinates":[[-28.37875,38.41634],[-28.38211,38.41625],[-28.37875,38.41634]]},"properties":{"source":"emodnet_dtm_2024","level":2}},{"type":"Feature","geometry":{"type":"LineString","coordinates":[[-28.02708,38.41664],[-28.02694,38.41625],[-28.02795,38.41625],[-28.02792,38.42208],[-28.02708,38.41664]]},"properties":{"source":"emodnet_dtm_2024","level":2}},{"type":"Feature","geometry":{"type":"LineString","coordinates":[[-28.44125,38.41878],[-28.44125,38.41878]]},"properties":{"source":"emodnet_dtm_2024","level":2}},{"type":"Feature","geometry":{"type":"LineString","coordinates":[[-28.39125,38.41879],[-28.39125,38.41879]]},"properties":{"source":"emodnet_dtm_2024","level":2}},{"type":"Feature","geometry":{"type":"LineString","coordinates":[[-28.38708,38.41879],[-28.38878,38.41875],[-28.38708,38.41879]]},"properties":{"source":"emodnet_dtm_2024","level":2}},{"type":"Feature","geometry":{"type":"LineString","coordinates":[[-28.43792,38.41963],[-28.43792,38.41875],[-28.43878,38.41958],[-28.43792,38.41963]]},"properties":{"source":"emodnet_dtm_2024","level":2}},{"type":"Feature","geometry":{"type":"LineString","coordinates":[[-28.42958,38.41961],[-28.43377,38.41958],[-28.42958,38.41961]]},"properties":{"source":"emodnet_dtm_2024","level":2}},{"type":"Feature","geometry":{"type":"LineString","coordinates":[[-28.42375,38.42126],[-28.42375,38.42042],[-28.42626,38.42042],[-28.42375,38.42042],[-28.42375,38.42126]]},"properties":{"source":"emodnet_dtm_2024","level":2}},{"type":"Feature","geometry":{"type":"LineString","coordinates":[[-28.02875,38.42348],[-28.02792,38.42208],[-28.02878,38.42208],[-28.02875,38.42348]]},"properties":{"source":"emodnet_dtm_2024","level":2}},{"type":"Feature","geometry":{"type":"LineString","coordinates":[[-28.02958,38.42424],[-28.02913,38.42375],[-28.02958,38.42424]]},"properties":{"source":"emodnet_dtm_2024","level":2}},{"type":"Feature","geometry":{"type":"LineString","coordinates":[[-28.41958,38.42556],[-28.41958,38.42458],[-28.42125,38.42335],[-28.42125,38.42378],[-28.42042,38.42375],[-28.42042,38.42462],[-28.41958,38.42458],[-28.41958,38.42556]]},"properties":{"source":"emodnet_dtm_2024","level":2}},{"type":"Feature","geometry":{"type":"LineString","coordinates":[[-28.03042,38.42564],[-28.0299,38.42458],[-28.03044,38.42458],[-28.03042,38.42564]]},"properties":{"source":"emodnet_dtm_2024","level":2}},{"type":"Feature","geometry":{"type":"LineString","coordinates":[[-28.03125,38.42679],[-28.03076,38.42625],[-28.03208,38.42622],[-28.03208,38.42766],[-28.03125,38.42679]]},"properties":{"source":"emodnet_dtm_2024","level":2}},{"type":"Feature","geometry":{"type":"LineString","coordinates":[[-28.03292,38.42858],[-28.03234,38.42792],[-28.03294,38.42792],[-28.03292,38.42858]]},"properties":{"source":"emodnet_dtm_2024","level":2}},{"type":"Feature","geometry":{"type":"LineString","coordinates":[[-28.03375,38.42938],[-28.03312,38.42875],[-28.03375,38.42873],[-28.03375,38.42938]]},"properties":{"source":"emodnet_dtm_2024","level":2}},{"type":"Feature","geometry":{"type":"LineString","coordinates":[[-28.46292,38.4297],[-28.46292,38.42875],[-28.46292,38.4297]]},"properties":{"source":"emodnet_dtm_2024","level":2}},{"type":"Feature","geometry":{"type":"LineString","coordinates":[[-28.03458,38.43001],[-28.03392,38.42958],[-28.03458,38.42956],[-28.03458,38.43001]]},"properties":{"source":"emodnet_dtm_2024","level":2}},{"type":"Feature","geometry":{"type":"LineString","coordinates":[[-28.03542,38.43059],[-28.03499,38.43042],[-28.04125,38.43037],[-28.04125,38.43183],[-28.03875,38.43092],[-28.03542,38.43059]]},"properties":{"source":"emodnet_dtm_2024","level":2}},{"type":"Feature","geometry":{"type":"LineString","coordinates":[[-28.47292,38.4321],[-28.47377,38.43208],[-28.47292,38.4321]]},"properties":{"source":"emodnet_dtm_2024","level":2}},{"type":"Feature","geometry":{"type":"LineString","coordinates":[[-28.46875,38.43213],[-28.47126,38.43208],[-28.46875,38.43213]]},"properties":{"source":"emodnet_dtm_2024","level":2}},{"type":"Feature","geometry":{"type":"LineString","coordinates":[[-28.04208,38.4326],[-28.04161,38.43208],[-28.0421,38.43208],[-28.04208,38.4326]]},"properties":{"source":"emodnet_dtm_2024","level":2}},{"type":"Feature","geometry":{"type":"LineString","coordinates":[[-28.47625,38.43293],[-28.47625,38.43293]]},"properties":{"source":"emodnet_dtm_2024","level":2}},{"type":"Feature","geometry":{"type":"LineString","coordinates":[[-28.47458,38.43293],[-28.47458,38.43293]]},"properties":{"source":"emodnet_dtm_2024","level":2}},{"type":"Feature","geometry":{"type":"LineString","coordinates":[[-28.04292,38.43404],[-28.04237,38.43292],[-28.04294,38.43292],[-28.04292,38.43404]]},"properties":{"source":"emodnet_dtm_2024","level":2}},{"type":"Feature","geometry":{"type":"LineString","coordinates":[[-28.04375,38.43492],[-28.04324,38.43458],[-28.04625,38.43453],[-28.04625,38.43558],[-28.04375,38.43492]]},"properties":{"source":"emodnet_dtm_2024","level":2}},{"type":"Feature","geometry":{"type":"LineString","coordinates":[[-28.48042,38.43544],[-28.48042,38.43445],[-28.48208,38.43615],[-28.48458,38.43625],[-28.48638,38.43792],[-28.48542,38.43794],[-28.48542,38.43708],[-28.48456,38.43708],[-28.48458,38.43625],[-28.48125,38.43628],[-28.48125,38.43542],[-28.48042,38.43544]]},"properties":{"source":"emodnet_dtm_2024","level":2}},{"type":"Feature","geometry":{"type":"LineString","coordinates":[[-28.05042,38.43729],[-28.04983,38.43708],[-28.05136,38.43708],[-28.05125,38.43764],[-28.05042,38.43729]]},"properties":{"source":"emodnet_dtm_2024","level":2}},{"type":"Feature","geometry":{"type":"LineString","coordinates":[[-28.05208,38.43803],[-28.0515,38.43792],[-28.05375,38.4376],[-28.05375,38.44208],[-28.05361,38.43875],[-28.05292,38.43806],[-28.05208,38.43803]]},"properties":{"source":"emodnet_dtm_2024","level":2}},{"type":"Feature","geometry":{"type":"LineString","coordinates":[[-28.48958,38.43962],[-28.48958,38.43859],[-28.49458,38.441],[-28.49625,38.44125],[-28.49681,38.44208],[-28.49625,38.44226],[-28.49625,38.44125],[-28.49375,38.44133],[-28.49375,38.44042],[-28.49208,38.44046],[-28.49208,38.43958],[-28.48958,38.43962]]},"properties":{"source":"emodnet_dtm_2024","level":2}},{"type":"Feature","geometry":{"type":"LineString","coordinates":[[-28.05458,38.44258],[-28.05375,38.44208],[-28.05458,38.44206],[-28.05458,38.44258]]},"properties":{"source":"emodnet_dtm_2024","level":2}},{"type":"Feature","geometry":{"type":"LineString","coordinates":[[-28.05542,38.44307],[-28.05492,38.44292],[-28.05708,38.44288],[-28.05708,38.4439],[-28.05542,38.44307]]},"properties":{"source":"emodnet_dtm_2024","level":2}},{"type":"Feature","geometry":{"type":"LineString","coordinates":[[-28.50375,38.44548],[-28.50375,38.44505],[-28.50625,38.44542],[-28.50709,38.44625],[-28.50625,38.44642],[-28.50625,38.44542],[-28.50375,38.44548]]},"properties":{"source":"emodnet_dtm_2024","level":2}},{"type":"Feature","geometry":{"type":"LineString","coordinates":[[-28.50875,38.44799],[-28.50875,38.4469],[-28.50958,38.44778],[-28.51173,38.44792],[-28.50875,38.44799]]},"properties":{"source":"emodnet_dtm_2024","level":2}},{"type":"Feature","geometry":{"type":"LineString","coordinates":[[-28.51208,38.44879],[-28.51208,38.44827],[-28.51375,38.44946],[-28.51573,38.44958],[-28.51292,38.44963],[-28.51292,38.44875],[-28.51208,38.44879]]},"properties":{"source":"emodnet_dtm_2024","level":2}},{"type":"Feature","geometry":{"type":"LineString","coordinates":[[-28.51625,38.45044],[-28.51625,38.45044]]},"properties":{"source":"emodnet_dtm_2024","level":2}},{"type":"Feature","geometry":{"type":"LineString","coordinates":[[-28.51708,38.45303],[-28.51708,38.45094],[-28.51792,38.45292],[-28.51708,38.45303]]},"properties":{"source":"emodnet_dtm_2024","level":2}},{"type":"Feature","geometry":{"type":"LineString","coordinates":[[-28.14208,38.45626],[-28.14125,38.45542],[-28.14208,38.45537],[-28.14208,38.45626]]},"properties":{"source":"emodnet_dtm_2024","level":2}},{"type":"Feature","geometry":{"type":"LineString","coordinates":[[-28.15042,38.45725],[-28.15,38.45708],[-28.15042,38.45725]]},"properties":{"source":"emodnet_dtm_2024","level":2}},{"type":"Feature","geometry":{"type":"LineString","coordinates":[[-28.16875,38.45793],[-28.16817,38.45792],[-28.17042,38.45789],[-28.17042,38.45875],[-28.17208,38.45915],[-28.17208,38.45873],[-28.17042,38.45875],[-28.16875,38.45793]]},"properties":{"source":"emodnet_dtm_2024","level":2}},{"type":"Feature","geometry":{"type":"LineString","coordinates":[[-28.17292,38.45977],[-28.17252,38.45958],[-28.17375,38.45956],[-28.17375,38.46055],[-28.17292,38.45977]]},"properties":{"source":"emodnet_dtm_2024","level":2}},{"type":"Feature","geometry":{"type":"LineString","coordinates":[[-28.17625,38.46052],[-28.17625,38.45954],[-28.17625,38.46052]]},"properties":{"source":"emodnet_dtm_2024","level":2}},{"type":"Feature","geometry":{"type":"LineString","coordinates":[[-28.17875,38.46292],[-28.17875,38.46123],[-28.17875,38.46292],[-28.17958,38.46343],[-28.17958,38.4629],[-28.17875,38.46292]]},"properties":{"source":"emodnet_dtm_2024","level":2}},{"type":"Feature","geometry":{"type":"LineString","coordinates":[[-28.19208,38.46678],[-28.19155,38.46625],[-28.19208,38.46596],[-28.19208,38.46678]]},"properties":{"source":"emodnet_dtm_2024","level":2}},{"type":"Feature","geometry":{"type":"LineString","coordinates":[[-28.19542,38.47208],[-28.19458,38.47125],[-28.19542,38.4712],[-28.19542,38.47208],[-28.19708,38.47306],[-28.19708,38.47199],[-28.19542,38.47208]]},"properties":{"source":"emodnet_dtm_2024","level":2}},{"type":"Feature","geometry":{"type":"LineString","coordinates":[[-28.19792,38.47404],[-28.1978,38.47375],[-28.19885,38.47375],[-28.19875,38.47625],[-28.19792,38.47404]]},"properties":{"source":"emodnet_dtm_2024","level":2}},{"type":"Feature","geometry":{"type":"LineString","coordinates":[[-28.19958,38.47699],[-28.19875,38.47625],[-28.20042,38.4762],[-28.20042,38.47725],[-28.19958,38.47699]]},"properties":{"source":"emodnet_dtm_2024","level":2}},{"type":"Feature","geometry":{"type":"LineString","coordinates":[[-28.20208,38.47812],[-28.20158,38.47792],[-28.20292,38.47788],[-28.20292,38.4787],[-28.20208,38.47812]]},"properties":{"source":"emodnet_dtm_2024","level":2}},{"type":"Feature","geometry":{"type":"LineString","coordinates":[[-28.20375,38.47902],[-28.20298,38.47875],[-28.20542,38.47865],[-28.20542,38.48025],[-28.20375,38.47902]]},"properties":{"source":"emodnet_dtm_2024","level":2}},{"type":"Feature","geometry":{"type":"LineString","coordinates":[[-28.53708,38.48131],[-28.53708,38.48028],[-28.53796,38.48208],[-28.53875,38.48287],[-28.53958,38.48292],[-28.54096,38.48542],[-28.53958,38.48568],[-28.53958,38.48292],[-28.53792,38.48299],[-28.53792,38.48125],[-28.53708,38.48131]]},"properties":{"source":"emodnet_dtm_2024","level":2}},{"type":"Feature","geometry":{"type":"LineString","coordinates":[[-28.23625,38.49625],[-28.23546,38.49458],[-28.23627,38.49458],[-28.23625,38.49625],[-28.23792,38.49691],[-28.23792,38.49623],[-28.23625,38.49625]]},"properties":{"source":"emodnet_dtm_2024","level":2}},{"type":"Feature","geometry":{"type":"LineString","coordinates":[[-28.23875,38.49729],[-28.23809,38.49708],[-28.23875,38.49729]]},"properties":{"source":"emodnet_dtm_2024","level":2}},{"type":"Feature","geometry":{"type":"LineString","coordinates":[[-28.25792,38.49881],[-28.25958,38.49873],[-28.25958,38.49975],[-28.25792,38.49881]]},"properties":{"source":"emodnet_dtm_2024","level":2}},{"type":"Feature","geometry":{"type":"LineString","coordinates":[[-28.24042,38.49914],[-28.2402,38.49875],[-28.24042,38.49914]]},"properties":{"source":"emodnet_dtm_2024","level":2}},{"type":"Feature","geometry":{"type":"LineString","coordinates":[[-28.24208,38.49961],[-28.24458,38.49956],[-28.24458,38.50042],[-28.24542,38.50058],[-28.24792,38.50042],[-28.24912,38.49958],[-28.24792,38.49956],[-28.24792,38.50042],[-28.24625,38.50042],[-28.24625,38.49956],[-28.24625,38.50042],[-28.24458,38.50042],[-28.24375,38.49982],[-28.24208,38.49961]]},"properties":{"source":"emodnet_dtm_2024","level":2}},{"type":"Feature","geometry":{"type":"LineString","coordinates":[[-28.27458,38.50306],[-28.27542,38.5029],[-28.27542,38.50341],[-28.27458,38.50306]]},"properties":{"source":"emodnet_dtm_2024","level":2}},{"type":"Feature","geometry":{"type":"LineString","coordinates":[[-28.27625,38.50411],[-28.27579,38.50375],[-28.27625,38.50411]]},"properties":{"source":"emodnet_dtm_2024","level":2}},{"type":"Feature","geometry":{"type":"LineString","coordinates":[[-28.63042,38.51543],[-28.6321,38.51542],[-28.63042,38.51543]]},"properties":{"source":"emodnet_dtm_2024","level":2}},{"type":"Feature","geometry":{"type":"LineString","coordinates":[[-28.62542,38.51627],[-28.62542,38.51627]]},"properties":{"source":"emodnet_dtm_2024","level":2}},{"type":"Feature","geometry":{"type":"LineString","coordinates":[[-28.73292,38.51991],[-28.73208,38.51881],[-28.73042,38.51888],[-28.72971,38.51958],[-28.73125,38.52051],[-28.73428,38.52042],[-28.73375,38.51988],[-28.73292,38.51991]]},"properties":{"source":"emodnet_dtm_2024","level":2}},{"type":"Feature","geometry":{"type":"LineString","coordinates":[[-28.30375,38.52018],[-28.30327,38.51958],[-28.30381,38.51958],[-28.30375,38.52018]]},"properties":{"source":"emodnet_dtm_2024","level":2}},{"type":"Feature","geometry":{"type":"LineString","coordinates":[[-28.30458,38.52096],[-28.30404,38.52042],[-28.30458,38.52037],[-28.30458,38.52096]]},"properties":{"source":"emodnet_dtm_2024","level":2}},{"type":"Feature","geometry":{"type":"LineString","coordinates":[[-28.61875,38.52131],[-28.61962,38.52125],[-28.61875,38.52131]]},"properties":{"source":"emodnet_dtm_2024","level":2}},{"type":"Feature","geometry":{"type":"LineString","coordinates":[[-28.30542,38.52129],[-28.30482,38.52125],[-28.30708,38.52114],[-28.30708,38.52304],[-28.30701,38.52208],[-28.30625,38.52133],[-28.30542,38.52129]]},"properties":{"source":"emodnet_dtm_2024","level":2}},{"type":"Feature","geometry":{"type":"LineString","coordinates":[[-28.62125,38.52297],[-28.62125,38.52204],[-28.62125,38.52297]]},"properties":{"source":"emodnet_dtm_2024","level":2}},{"type":"Feature","geometry":{"type":"LineString","coordinates":[[-28.62625,38.52468],[-28.62625,38.52367],[-28.62792,38.52361],[-28.63042,38.52122],[-28.63208,38.52257],[-28.63458,38.52258],[-28.63542,38.52362],[-28.64042,38.52366],[-28.64292,38.5226],[-28.64375,38.52145],[-28.64542,38.52095],[-28.64792,38.52319],[-28.64857,38.52208],[-28.64792,38.52136],[-28.6463,38.52125],[-28.64958,38.52005],[-28.65542,38.52119],[-28.66042,38.5201],[-28.66792,38.5201],[-28.66984,38.52125],[-28.67291,38.52125],[-28.67458,38.51987],[-28.67875,38.51806],[-28.67958,38.51806],[-28.68042,38.51875],[-28.68958,38.51947],[-28.70042,38.51841],[-28.70542,38.51673],[-28.70625,38.51735],[-28.71042,38.51756],[-28.72586,38.51708],[-28.72542,38.51664],[-28.70585,38.51625],[-28.71125,38.51595],[-28.72542,38.516],[-28.72875,38.51849],[-28.73208,38.51839],[-28.73792,38.52098],[-28.74292,38.52203],[-28.74708,38.52161],[-28.75042,38.52029],[-28.75458,38.52042],[-28.75458,38.52542],[-28.75208,38.52733],[-28.75125,38.52708],[-28.75042,38.52792],[-28.75138,38.52875],[-28.75212,38.53125],[-28.75142,38.53292],[-28.75244,38.53958],[-28.75208,38.54042],[-28.75311,38.54125],[-28.75458,38.54792],[-28.75634,38.55042],[-28.75625,38.55292],[-28.75708,38.55299],[-28.75769,38.55375],[-28.75875,38.55708],[-28.76042,38.55844],[-28.76292,38.56208],[-28.76688,38.56375],[-28.76708,38.56458],[-28.76958,38.56298],[-28.77125,38.56291],[-28.77292,38.56172],[-28.77458,38.56179],[-28.77708,38.56328],[-28.77792,38.56312],[-28.77803,38.56458],[-28.77875,38.56525],[-28.78792,38.56767],[-28.78868,38.56708],[-28.78875,38.56625],[-28.78625,38.56594],[-28.78292,38.56369],[-28.78287,38.56458],[-28.78375,38.56458],[-28.78375,38.56553],[-28.78542,38.56542],[-28.78542,38.56674],[-28.78875,38.56625],[-28.79125,38.56875],[-28.79292,38.56875],[-28.79458,38.57016],[-28.79708,38.57042],[-28.79746,38.57125],[-28.79705,38.57125],[-28.79708,38.57042],[-28.79375,38.57049],[-28.79375,38.56958],[-28.79287,38.56958],[-28.79292,38.56875],[-28.79125,38.56875],[-28.79164,38.57042],[-28.79375,38.57182],[-28.79708,38.57276],[-28.79792,38.5717],[-28.79941,38.57292],[-28.79875,38.57317],[-28.79875,38.57395],[-28.79958,38.57309],[-28.80125,38.57441],[-28.80458,38.57458],[-28.80508,38.57542],[-28.80455,38.57542],[-28.80458,38.57458],[-28.80125,38.57481],[-28.80091,38.57542],[-28.80542,38.57827],[-28.81208,38.58075],[-28.81875,38.58465],[-28.81951,38.59042],[-28.82045,38.59292],[-28.82458,38.59669],[-28.82708,38.59748],[-28.83125,38.59752],[-28.83239,38.60208],[-28.83125,38.6034],[-28.82884,38.60375],[-28.82875,38.60458],[-28.82741,38.60292],[-28.82582,38.60292],[-28.82542,38.60458],[-28.82042,38.60472],[-28.81708,38.60542],[-28.81458,38.60875],[-28.81125,38.6099],[-28.80708,38.61008],[-28.80458,38.61123],[-28.79608,38.61125],[-28.79375,38.61212],[-28.78292,38.6122],[-28.77875,38.61134],[-28.77542,38.61138],[-28.77208,38.61319],[-28.76708,38.61375],[-28.76625,38.61428],[-28.76542,38.61375],[-28.76375,38.6143],[-28.76125,38.6138],[-28.75866,38.61292],[-28.75792,38.61212],[-28.75542,38.61211],[-28.75375,38.61292],[-28.75208,38.61292],[-28.75197,38.61375],[-28.75042,38.61375],[-28.75012,38.61458],[-28.74625,38.61634],[-28.74458,38.61804],[-28.74375,38.61792],[-28.74388,38.61875],[-28.74042,38.62214],[-28.73958,38.62208],[-28.73971,38.62292],[-28.73625,38.62645],[-28.73542,38.62625],[-28.73542,38.6279],[-28.73458,38.62792],[-28.73542,38.62792],[-28.73542,38.62991],[-28.7341,38.63125],[-28.73208,38.63193],[-28.73171,38.63375],[-28.73042,38.63458],[-28.73028,38.63542],[-28.72792,38.63774],[-28.72708,38.63792],[-28.72577,38.63958],[-28.72208,38.64079],[-28.71958,38.64283],[-28.71625,38.64461],[-28.70208,38.64457],[-28.69958,38.64292],[-28.69458,38.64255],[-28.68958,38.64075],[-28.68458,38.64025],[-28.67792,38.63659],[-28.67542,38.63569],[-28.67125,38.63507],[-28.66819,38.63375],[-28.67042,38.63351],[-28.67042,38.63458],[-28.67292,38.63445],[-28.67368,38.63375],[-28.66875,38.63194],[-28.66458,38.62794],[-28.66042,38.62905],[-28.65958,38.62975],[-28.65875,38.62768],[-28.65708,38.62625],[-28.65463,38.62542],[-28.65382,38.62375],[-28.65042,38.6213],[-28.64768,38.62042],[-28.64542,38.61708],[-28.64292,38.61692],[-28.63708,38.61527],[-28.63542,38.6157],[-28.63208,38.61557],[-28.63042,38.61486],[-28.62708,38.61455],[-28.62217,38.61292],[-28.62458,38.61282],[-28.62512,38.61208],[-28.62418,38.61042],[-28.62125,38.60873],[-28.61875,38.60525],[-28.61523,38.60458],[-28.61292,38.60341],[-28.61125,38.60159],[-28.60875,38.6],[-28.60671,38.59708],[-28.60334,38.59458],[-28.60313,38.58875],[-28.60292,38.58817],[-28.60104,38.58792],[-28.60262,38.58708],[-28.60292,38.58393],[-28.60375,38.58622],[-28.60446,38.58458],[-28.60334,38.58375],[-28.60458,38.5827],[-28.60542,38.58314],[-28.60656,38.58125],[-28.60625,38.57896],[-28.60489,38.57958],[-28.60545,38.57792],[-28.60292,38.57358],[-28.60192,38.56708],[-28.60458,38.56387],[-28.60708,38.56184],[-28.60792,38.56208],[-28.60792,38.55958],[-28.60708,38.55956],[-28.60663,38.55875],[-28.60606,38.55542],[-28.60654,38.55375],[-28.60585,38.55292],[-28.60708,38.5527],[-28.60747,38.55208],[-28.60675,38.54792],[-28.60745,38.54292],[-28.60708,38.54225],[-28.60546,38.54208],[-28.60792,38.54118],[-28.60958,38.54125],[-28.61125,38.54203],[-28.61542,38.54199],[-28.61625,38.54125],[-28.61746,38.54125],[-28.61792,38.54038],[-28.62125,38.53958],[-28.62182,38.53792],[-28.62375,38.53762],[-28.62542,38.5364],[-28.62708,38.53608],[-28.6287,38.52458],[-28.62708,38.52384],[-28.62625,38.52468]]},"properties":{"source":"emodnet_dtm_2024","level":2}},{"type":"Feature","geometry":{"type":"LineString","coordinates":[[-28.33125,38.53676],[-28.33153,38.53625],[-28.33125,38.53676]]},"properties":{"source":"emodnet_dtm_2024","level":2}},{"type":"Feature","geometry":{"type":"LineString","coordinates":[[-28.33458,38.53781],[-28.33458,38.53705],[-28.33458,38.53781]]},"properties":{"source":"emodnet_dtm_2024","level":2}},{"type":"Feature","geometry":{"type":"LineString","coordinates":[[-28.33542,38.5389],[-28.33875,38.53868],[-28.33875,38.53962],[-28.33542,38.5389]]},"properties":{"source":"emodnet_dtm_2024","level":2}},{"type":"Feature","geometry":{"type":"LineString","coordinates":[[-28.34708,38.54351],[-28.3463,38.54292],[-28.34875,38.54241],[-28.34875,38.54406],[-28.34708,38.54351]]},"properties":{"source":"emodnet_dtm_2024","level":2}},{"type":"Feature","geometry":{"type":"LineString","coordinates":[[-28.60208,38.54378],[-28.60292,38.54258],[-28.60296,38.54375],[-28.60208,38.54378]]},"properties":{"source":"emodnet_dtm_2024","level":2}},{"type":"Feature","geometry":{"type":"LineString","coordinates":[[-28.34958,38.54462],[-28.35042,38.54486],[-28.34958,38.54462]]},"properties":{"source":"emodnet_dtm_2024","level":2}},{"type":"Feature","geometry":{"type":"LineString","coordinates":[[-28.60125,38.54546],[-28.60125,38.54546]]},"properties":{"source":"emodnet_dtm_2024","level":2}},{"type":"Feature","geometry":{"type":"LineString","coordinates":[[-27.74625,38.54793],[-27.74542,38.54792],[-27.74625,38.54695],[-27.74708,38.54669],[-27.74875,38.54721],[-27.75042,38.54641],[-27.75043,38.54792],[-27.75127,38.54875],[-27.74792,38.54877],[-27.74792,38.54792],[-27.74625,38.54793]]},"properties":{"source":"emodnet_dtm_2024","level":2}},{"type":"Feature","geometry":{"type":"LineString","coordinates":[[-28.51458,38.54886],[-28.51458,38.54886]]},"properties":{"source":"emodnet_dtm_2024","level":2}},{"type":"Feature","geometry":{"type":"LineString","coordinates":[[-28.36292,38.54901],[-28.36225,38.54875],[-28.36292,38.54901]]},"properties":{"source":"emodnet_dtm_2024","level":2}},{"type":"Feature","geometry":{"type":"LineString","coordinates":[[-28.51292,38.54969],[-28.51292,38.54929],[-28.51292,38.54969]]},"properties":{"source":"emodnet_dtm_2024","level":2}},{"type":"Feature","geometry":{"type":"LineString","coordinates":[[-28.36375,38.54961],[-28.36542,38.54954],[-28.36542,38.55042],[-28.36625,38.55125],[-28.37042,38.55228],[-28.37042,38.55095],[-28.36625,38.55125],[-28.36625,38.55035],[-28.36375,38.54961]]},"properties":{"source":"emodnet_dtm_2024","level":2}},{"type":"Feature","geometry":{"type":"LineString","coordinates":[[-27.75708,38.55104],[-27.75708,38.54487],[-27.75625,38.54467],[-27.75542,38.54548],[-27.75139,38.54542],[-27.75292,38.54439],[-27.75542,38.54422],[-27.75607,38.54125],[-27.75762,38.53958],[-27.76125,38.53958],[-27.76171,38.53792],[-27.76293,38.53708],[-27.76792,38.53609],[-27.76958,38.53519],[-27.77042,38.53542],[-27.77057,38.53458],[-27.77208,38.53355],[-27.77422,38.53375],[-27.776,38.53458],[-27.77625,38.53542],[-27.77708,38.53507],[-27.78625,38.53542],[-27.78708,38.53437],[-27.79208,38.53333],[-27.80042,38.53326],[-27.80375,38.53292],[-27.80458,38.53242],[-27.80542,38.53292],[-27.80708,38.53292],[-27.80792,38.53234],[-27.81792,38.53225],[-27.82375,38.53133],[-27.82875,38.53147],[-27.83042,38.53292],[-27.83542,38.53362],[-27.84208,38.53745],[-27.84625,38.53858],[-27.84708,38.53958],[-27.85125,38.54067],[-27.85375,38.54232],[-27.85603,38.54292],[-27.85625,38.54375],[-27.85958,38.54385],[-27.86042,38.54458],[-27.86208,38.54493],[-27.86792,38.55034],[-27.86875,38.55168],[-27.87125,38.55292],[-27.87625,38.55324],[-27.88008,38.55542],[-27.88125,38.55708],[-27.88375,38.55735],[-27.88745,38.55958],[-27.88792,38.56042],[-27.88911,38.56042],[-27.88958,38.56125],[-27.89625,38.56154],[-27.89708,38.56208],[-27.90042,38.56258],[-27.90292,38.56381],[-27.90458,38.56542],[-27.91029,38.56708],[-27.91458,38.57042],[-27.92038,38.57292],[-27.91894,38.57375],[-27.91958,38.57413],[-27.92042,38.57296],[-27.92292,38.57708],[-27.92958,38.57875],[-27.93125,38.58087],[-27.93292,38.58121],[-27.93458,38.58251],[-27.93679,38.58292],[-27.93375,38.5831],[-27.93375,38.58208],[-27.93292,38.58218],[-27.93208,38.58131],[-27.93042,38.58148],[-27.93011,38.58208],[-27.93555,38.58542],[-27.93708,38.5859],[-27.93786,38.58542],[-27.93792,38.58404],[-27.93958,38.58625],[-27.94292,38.58775],[-27.9484,38.58792],[-27.94625,38.58796],[-27.94549,38.58875],[-27.94792,38.58923],[-27.95458,38.58973],[-27.95523,38.58958],[-27.95542,38.58848],[-27.95625,38.58958],[-27.95958,38.59042],[-27.96375,38.59284],[-27.97042,38.59445],[-27.97375,38.59375],[-27.97625,38.59211],[-27.98042,38.59219],[-27.98125,38.593],[-27.98208,38.59234],[-27.98458,38.59214],[-27.98792,38.59441],[-27.99529,38.59458],[-27.99709,38.59625],[-27.99705,38.59792],[-27.99792,38.59677],[-28.00042,38.59902],[-28.00125,38.59856],[-28.00208,38.59907],[-28.00708,38.5991],[-28.00792,38.5997],[-28.00875,38.59925],[-28.01042,38.59936],[-28.01458,38.60027],[-28.02458,38.60117],[-28.02542,38.59958],[-28.01783,38.59958],[-28.02542,38.59958],[-28.02596,38.60125],[-28.02708,38.6011],[-28.02958,38.6028],[-28.03221,38.60375],[-28.03042,38.6039],[-28.03042,38.60292],[-28.02958,38.60305],[-28.02915,38.60375],[-28.03114,38.60542],[-28.03375,38.60633],[-28.03458,38.6053],[-28.03625,38.60755],[-28.03792,38.60792],[-28.038,38.60958],[-28.03875,38.61033],[-28.04208,38.61188],[-28.04491,38.61208],[-28.04375,38.61232],[-28.04347,38.61292],[-28.04458,38.61362],[-28.04542,38.61271],[-28.04708,38.61542],[-28.05208,38.61708],[-28.05458,38.61958],[-28.05945,38.62125],[-28.06292,38.6231],[-28.06458,38.62458],[-28.07125,38.62693],[-28.07375,38.62566],[-28.07378,38.62708],[-28.07458,38.62774],[-28.08155,38.62792],[-28.08125,38.62731],[-28.07958,38.62772],[-28.07958,38.6259],[-28.08375,38.62744],[-28.08792,38.62792],[-28.09125,38.62942],[-28.09458,38.62961],[-28.09491,38.63042],[-28.09625,38.63092],[-28.09708,38.63],[-28.09728,38.63125],[-28.10208,38.63263],[-28.11042,38.63815],[-28.12125,38.63864],[-28.12203,38.63792],[-28.12208,38.63625],[-28.11375,38.6362],[-28.11042,38.63441],[-28.11042,38.63545],[-28.11292,38.63542],[-28.11292,38.63629],[-28.12208,38.63625],[-28.12226,38.63792],[-28.12375,38.63997],[-28.1282,38.64208],[-28.12753,38.64292],[-28.12877,38.64458],[-28.13542,38.64941],[-28.14792,38.65094],[-28.15208,38.65436],[-28.15708,38.65558],[-28.16042,38.65929],[-28.16458,38.66019],[-28.16792,38.66175],[-28.18542,38.66415],[-28.18834,38.66708],[-28.1931,38.66875],[-28.19572,38.67292],[-28.19695,38.67708],[-28.19875,38.67737],[-28.20042,38.67885],[-28.20153,38.67875],[-28.20125,38.67767],[-28.20625,38.67949],[-28.21042,38.67973],[-28.21875,38.67898],[-28.2231,38.67958],[-28.22451,38.68208],[-28.22292,38.68458],[-28.22292,38.68552],[-28.22152,38.68708],[-28.22458,38.68812],[-28.22617,38.68792],[-28.22567,38.68875],[-28.22625,38.68969],[-28.22708,38.68825],[-28.22958,38.69042],[-28.22958,38.69208],[-28.2274,38.69542],[-28.23042,38.69958],[-28.23354,38.70042],[-28.23542,38.70208],[-28.23642,38.70208],[-28.23875,38.70336],[-28.24292,38.70375],[-28.24625,38.70625],[-28.25042,38.70763],[-28.25458,38.70768],[-28.25823,38.70875],[-28.26208,38.71036],[-28.26625,38.71333],[-28.26958,38.71468],[-28.27281,38.71792],[-28.27292,38.71875],[-28.27375,38.71866],[-28.27958,38.72152],[-28.28042,38.72375],[-28.28375,38.72708],[-28.28721,38.72792],[-28.29292,38.73208],[-28.29527,38.73292],[-28.29708,38.73542],[-28.29941,38.73708],[-28.30042,38.73958],[-28.30375,38.74252],[-28.30458,38.74458],[-28.30544,38.74458],[-28.30918,38.74708],[-28.31042,38.74875],[-28.31589,38.75042],[-28.31458,38.75064],[-28.31458,38.75156],[-28.31542,38.7519],[-28.31625,38.75072],[-28.31751,38.75125],[-28.31792,38.75208],[-28.31875,38.75199],[-28.32042,38.75289],[-28.32163,38.75625],[-28.32125,38.7568],[-28.32119,38.75542],[-28.31958,38.75298],[-28.31875,38.75298],[-28.31792,38.75382],[-28.31694,38.75375],[-28.31792,38.75208],[-28.31542,38.75266],[-28.31458,38.75375],[-28.3143,38.75458],[-28.31551,38.75542],[-28.31542,38.75693],[-28.31375,38.75647],[-28.30625,38.75635],[-28.30125,38.75464],[-28.29792,38.75441],[-28.29625,38.7536],[-28.28708,38.7532],[-28.27875,38.74994],[-28.27125,38.74875],[-28.26792,38.74716],[-28.26125,38.74622],[-28.25875,38.74412],[-28.25753,38.74375],[-28.25708,38.74292],[-28.25542,38.74263],[-28.25375,38.74124],[-28.24375,38.73834],[-28.23958,38.73577],[-28.23615,38.73542],[-28.23042,38.73182],[-28.22625,38.73208],[-28.22292,38.73084],[-28.22125,38.72962],[-28.21708,38.729],[-28.21375,38.72792],[-28.21208,38.72625],[-28.20875,38.72589],[-28.20458,38.72431],[-28.20125,38.72375],[-28.19958,38.72208],[-28.19208,38.72077],[-28.19042,38.72003],[-28.18542,38.71958],[-28.17875,38.71687],[-28.17542,38.71494],[-28.16792,38.71292],[-28.16292,38.71233],[-28.16042,38.71125],[-28.15875,38.70975],[-28.15458,38.70881],[-28.15125,38.70907],[-28.14792,38.70745],[-28.14292,38.70707],[-28.14125,38.70542],[-28.13905,38.70458],[-28.13748,38.70292],[-28.13375,38.70045],[-28.12792,38.6984],[-28.12625,38.69831],[-28.12375,38.69974],[-28.11974,38.69958],[-28.11792,38.69595],[-28.11625,38.69432],[-28.11375,38.69314],[-28.11042,38.69292],[-28.10958,38.69366],[-28.10805,38.69375],[-28.10292,38.6936],[-28.09656,38.69125],[-28.09792,38.69116],[-28.09792,38.68942],[-28.09208,38.68919],[-28.09125,38.68999],[-28.08944,38.68875],[-28.09031,38.68792],[-28.08958,38.68517],[-28.08458,38.68516],[-28.08375,38.68567],[-28.07792,38.6826],[-28.07318,38.68208],[-28.07399,38.68125],[-28.07042,38.68127],[-28.06958,38.68042],[-28.06792,38.68038],[-28.06625,38.67958],[-28.06028,38.67875],[-28.05875,38.67762],[-28.05799,38.67792],[-28.05708,38.67951],[-28.05625,38.67958],[-28.05458,38.68119],[-28.05208,38.68181],[-28.05208,38.68032],[-28.05542,38.68042],[-28.05486,38.67875],[-28.05208,38.67835],[-28.04875,38.68165],[-28.04792,38.68042],[-28.04792,38.67824],[-28.04625,38.67644],[-28.04542,38.67624],[-28.04208,38.67332],[-28.0392,38.67292],[-28.03792,38.67228],[-28.02958,38.67208],[-28.02708,38.67351],[-28.02458,38.67373],[-28.01958,38.67125],[-28.01625,38.66829],[-28.00958,38.66487],[-28.00625,38.66423],[-28.00375,38.66206],[-27.99814,38.66125],[-28.00208,38.66122],[-28.00285,38.66042],[-28.00208,38.66001],[-27.99792,38.6599],[-27.99708,38.66067],[-27.99542,38.65958],[-27.99375,38.65955],[-27.99125,38.65858],[-27.98542,38.65392],[-27.98506,38.65292],[-27.98625,38.65208],[-27.98542,38.65152],[-27.98458,38.65231],[-27.98292,38.65136],[-27.97958,38.64849],[-27.97875,38.64708],[-27.97708,38.6468],[-27.97542,38.64532],[-27.96386,38.64458],[-27.97042,38.6445],[-27.97167,38.64375],[-27.96625,38.64234],[-27.96458,38.64028],[-27.96292,38.64395],[-27.95875,38.638],[-27.95708,38.63778],[-27.95542,38.63689],[-27.95042,38.63647],[-27.94708,38.63531],[-27.94542,38.63375],[-27.94208,38.6334],[-27.9396,38.63125],[-27.93875,38.62977],[-27.93708,38.62959],[-27.93625,38.62897],[-27.93292,38.62866],[-27.93208,38.62928],[-27.93042,38.62952],[-27.92708,38.62896],[-27.92292,38.62483],[-27.92247,38.62292],[-27.92122,38.62125],[-27.91958,38.61968],[-27.91768,38.61875],[-27.91625,38.61708],[-27.90792,38.61706],[-27.90625,38.61616],[-27.90375,38.61604],[-27.89958,38.61478],[-27.89875,38.61375],[-27.89792,38.61388],[-27.89625,38.613],[-27.89292,38.61246],[-27.88875,38.60995],[-27.88458,38.61031],[-27.88042,38.60679],[-27.87792,38.60646],[-27.87542,38.6047],[-27.87292,38.60453],[-27.87125,38.60361],[-27.86958,38.60341],[-27.86675,38.60208],[-27.86542,38.60042],[-27.86208,38.60037],[-27.85875,38.59841],[-27.85708,38.59822],[-27.85458,38.59637],[-27.84958,38.59416],[-27.84875,38.59292],[-27.84708,38.59293],[-27.84625,38.59218],[-27.84208,38.59096],[-27.84125,38.59031],[-27.83792,38.58984],[-27.83708,38.58875],[-27.83625,38.58896],[-27.83458,38.58804],[-27.83288,38.58792],[-27.82875,38.58375],[-27.82792,38.5841],[-27.82625,38.58375],[-27.82595,38.58458],[-27.82458,38.58469],[-27.82042,38.58119],[-27.81875,38.58121],[-27.81708,38.57978],[-27.81413,38.57958],[-27.81292,38.57868],[-27.80792,38.57844],[-27.80625,38.57755],[-27.80458,38.57731],[-27.80375,38.57625],[-27.80292,38.5765],[-27.80042,38.57542],[-27.79958,38.57633],[-27.79708,38.57608],[-27.79465,38.57375],[-27.79375,38.57147],[-27.79208,38.57033],[-27.78958,38.56933],[-27.78174,38.56875],[-27.77958,38.56717],[-27.77792,38.56693],[-27.77458,38.56517],[-27.7736,38.56375],[-27.77375,38.56292],[-27.77208,38.5626],[-27.76966,38.56042],[-27.76958,38.55958],[-27.76875,38.5599],[-27.76625,38.55959],[-27.76542,38.55875],[-27.76219,38.55792],[-27.76125,38.55542],[-27.75958,38.55522],[-27.75792,38.55376],[-27.75708,38.5541],[-27.75643,38.55375],[-27.7578,38.55292],[-27.75708,38.55104]]},"properties":{"source":"emodnet_dtm_2024","level":2}},{"type":"Feature","geometry":{"type":"LineString","coordinates":[[-27.75375,38.55125],[-27.75375,38.55039],[-27.75375,38.55125],[-27.75458,38.5515],[-27.75375,38.55125]]},"properties":{"source":"emodnet_dtm_2024","level":2}},{"type":"Feature","geometry":{"type":"LineString","coordinates":[[-28.60542,38.55242],[-28.60495,38.55125],[-28.60542,38.55115],[-28.60542,38.55242]]},"properties":{"source":"emodnet_dtm_2024","level":2}},{"type":"Feature","geometry":{"type":"LineString","coordinates":[[-28.37708,38.55296],[-28.37792,38.55244],[-28.37792,38.55338],[-28.37708,38.55296]]},"properties":{"source":"emodnet_dtm_2024","level":2}},{"type":"Feature","geometry":{"type":"LineString","coordinates":[[-28.37875,38.55378],[-28.38042,38.55298],[-28.38042,38.5541],[-28.37875,38.55378]]},"properties":{"source":"emodnet_dtm_2024","level":2}},{"type":"Feature","geometry":{"type":"LineString","coordinates":[[-28.60958,38.55544],[-28.60792,38.55473],[-28.60723,38.55542],[-28.60719,38.55625],[-28.60806,38.55708],[-28.60792,38.55958],[-28.60897,38.55958],[-28.60887,38.56042],[-28.60993,38.56125],[-28.60875,38.56222],[-28.60792,38.56208],[-28.60804,38.56458],[-28.60751,38.56542],[-28.60792,38.56555],[-28.61067,38.56458],[-28.61079,38.55625],[-28.60958,38.55544]]},"properties":{"source":"emodnet_dtm_2024","level":2}},{"type":"Feature","geometry":{"type":"LineString","coordinates":[[-28.45292,38.5576],[-28.45292,38.55691],[-28.45292,38.5576]]},"properties":{"source":"emodnet_dtm_2024","level":2}},{"type":"Feature","geometry":{"type":"LineString","coordinates":[[-28.38625,38.55764],[-28.38548,38.55708],[-28.38625,38.55703],[-28.38625,38.55764]]},"properties":{"source":"emodnet_dtm_2024","level":2}},{"type":"Feature","geometry":{"type":"LineString","coordinates":[[-28.38708,38.55875],[-28.38652,38.55792],[-28.38708,38.55789],[-28.38708,38.55875],[-28.39792,38.55912],[-28.40042,38.55996],[-28.40708,38.56096],[-28.40708,38.55952],[-28.39958,38.55958],[-28.39958,38.55869],[-28.38708,38.55875]]},"properties":{"source":"emodnet_dtm_2024","level":2}},{"type":"Feature","geometry":{"type":"LineString","coordinates":[[-28.47292,38.56129],[-28.47819,38.56125],[-28.47292,38.56129]]},"properties":{"source":"emodnet_dtm_2024","level":2}},{"type":"Feature","geometry":{"type":"LineString","coordinates":[[-28.46708,38.56138],[-28.47193,38.56125],[-28.46708,38.56138]]},"properties":{"source":"emodnet_dtm_2024","level":2}},{"type":"Feature","geometry":{"type":"LineString","coordinates":[[-28.40792,38.56143],[-28.40755,38.56125],[-28.40875,38.56123],[-28.40875,38.56172],[-28.40792,38.56143]]},"properties":{"source":"emodnet_dtm_2024","level":2}},{"type":"Feature","geometry":{"type":"LineString","coordinates":[[-28.40958,38.56219],[-28.41375,38.56206],[-28.41458,38.56121],[-28.41848,38.56125],[-28.41375,38.56236],[-28.40958,38.56219]]},"properties":{"source":"emodnet_dtm_2024","level":2}},{"type":"Feature","geometry":{"type":"LineString","coordinates":[[-28.60542,38.57168],[-28.60458,38.57043],[-28.604,38.57125],[-28.60386,38.57375],[-28.60625,38.57747],[-28.60643,38.57292],[-28.60542,38.57168]]},"properties":{"source":"emodnet_dtm_2024","level":2}},{"type":"Feature","geometry":{"type":"LineString","coordinates":[[-28.80875,38.57797],[-28.80875,38.57708],[-28.80625,38.57647],[-28.80542,38.57576],[-28.80542,38.57718],[-28.80875,38.57708],[-28.81448,38.57958],[-28.81292,38.57964],[-28.81292,38.57875],[-28.81042,38.57884],[-28.81042,38.57792],[-28.80875,38.57797]]},"properties":{"source":"emodnet_dtm_2024","level":2}},{"type":"Feature","geometry":{"type":"LineString","coordinates":[[-28.81625,38.58131],[-28.81625,38.58035],[-28.81875,38.58269],[-28.81989,38.58292],[-28.81792,38.58306],[-28.81792,38.58208],[-28.81708,38.58217],[-28.81708,38.58125],[-28.81625,38.58131]]},"properties":{"source":"emodnet_dtm_2024","level":2}},{"type":"Feature","geometry":{"type":"LineString","coordinates":[[-28.82042,38.58376],[-28.82042,38.58376]]},"properties":{"source":"emodnet_dtm_2024","level":2}},{"type":"Feature","geometry":{"type":"LineString","coordinates":[[-27.93708,38.58378],[-27.93708,38.58326],[-27.93757,38.58375],[-27.93708,38.58378]]},"properties":{"source":"emodnet_dtm_2024","level":2}},{"type":"Feature","geometry":{"type":"LineString","coordinates":[[-28.59625,38.59392],[-28.59582,38.59125],[-28.59625,38.59031],[-28.59708,38.58948],[-28.59958,38.58958],[-28.60042,38.58829],[-28.60049,38.58958],[-28.59958,38.58958],[-28.59958,38.59048],[-28.59708,38.59047],[-28.59629,38.59125],[-28.59625,38.59392]]},"properties":{"source":"emodnet_dtm_2024","level":2}},{"type":"Feature","geometry":{"type":"LineString","coordinates":[[-28.59708,38.59483],[-28.59686,38.59458],[-28.59708,38.59483]]},"properties":{"source":"emodnet_dtm_2024","level":2}},{"type":"Feature","geometry":{"type":"LineString","coordinates":[[-28.59792,38.5957],[-28.59765,38.59542],[-28.59875,38.59537],[-28.59875,38.59625],[-28.60042,38.59824],[-28.60042,38.59705],[-28.59958,38.59708],[-28.59958,38.59621],[-28.59792,38.5957]]},"properties":{"source":"emodnet_dtm_2024","level":2}},{"type":"Feature","geometry":{"type":"LineString","coordinates":[[-28.60125,38.59906],[-28.60093,38.59875],[-28.60125,38.59906]]},"properties":{"source":"emodnet_dtm_2024","level":2}},{"type":"Feature","geometry":{"type":"LineString","coordinates":[[-28.60208,38.5999],[-28.60176,38.59958],[-28.60292,38.59955],[-28.60292,38.60042],[-28.60375,38.60123],[-28.60708,38.60274],[-28.60708,38.60121],[-28.60542,38.60122],[-28.60458,38.60039],[-28.60292,38.60042],[-28.60208,38.5999]]},"properties":{"source":"emodnet_dtm_2024","level":2}},{"type":"Feature","geometry":{"type":"LineString","coordinates":[[-28.60792,38.60325],[-28.60735,38.60292],[-28.60877,38.60292],[-28.60875,38.60352],[-28.60792,38.60325]]},"properties":{"source":"emodnet_dtm_2024","level":2}},{"type":"Feature","geometry":{"type":"LineString","coordinates":[[-28.60958,38.6041],[-28.60902,38.60375],[-28.61132,38.60375],[-28.61125,38.60458],[-28.60958,38.6041]]},"properties":{"source":"emodnet_dtm_2024","level":2}},{"type":"Feature","geometry":{"type":"LineString","coordinates":[[-28.82958,38.60471],[-28.82875,38.60458],[-28.83293,38.60458],[-28.82958,38.60471]]},"properties":{"source":"emodnet_dtm_2024","level":2}},{"type":"Feature","geometry":{"type":"LineString","coordinates":[[-28.03292,38.60461],[-28.03292,38.60461]]},"properties":{"source":"emodnet_dtm_2024","level":2}},{"type":"Feature","geometry":{"type":"LineString","coordinates":[[-28.61208,38.60547],[-28.61125,38.60458],[-28.61292,38.60441],[-28.6138,38.60542],[-28.61375,38.60636],[-28.61208,38.60547]]},"properties":{"source":"emodnet_dtm_2024","level":2}},{"type":"Feature","geometry":{"type":"LineString","coordinates":[[-28.61458,38.60716],[-28.61542,38.60706],[-28.61628,38.60792],[-28.61625,38.60875],[-28.61792,38.60887],[-28.61625,38.60875],[-28.61458,38.60716]]},"properties":{"source":"emodnet_dtm_2024","level":2}},{"type":"Feature","geometry":{"type":"LineString","coordinates":[[-28.61958,38.6114],[-28.62042,38.61122],[-28.62042,38.61197],[-28.61958,38.6114]]},"properties":{"source":"emodnet_dtm_2024","level":2}},{"type":"Feature","geometry":{"type":"LineString","coordinates":[[-28.62125,38.61248],[-28.62057,38.61208],[-28.62211,38.61208],[-28.62208,38.61282],[-28.62125,38.61248]]},"properties":{"source":"emodnet_dtm_2024","level":2}},{"type":"Feature","geometry":{"type":"LineString","coordinates":[[-27.14792,38.62878],[-27.14877,38.62875],[-27.14792,38.62878]]},"properties":{"source":"emodnet_dtm_2024","level":2}},{"type":"Feature","geometry":{"type":"LineString","coordinates":[[-28.66042,38.63076],[-28.6599,38.63042],[-28.66292,38.63035],[-28.66292,38.63146],[-28.66042,38.63076]]},"properties":{"source":"emodnet_dtm_2024","level":2}},{"type":"Feature","geometry":{"type":"LineString","coordinates":[[-28.10125,38.63145],[-28.10125,38.63028],[-28.10125,38.63145]]},"properties":{"source":"emodnet_dtm_2024","level":2}},{"type":"Feature","geometry":{"type":"LineString","coordinates":[[-28.66458,38.63216],[-28.6642,38.63208],[-28.66716,38.63208],[-28.66708,38.63265],[-28.66458,38.63216]]},"properties":{"source":"emodnet_dtm_2024","level":2}},{"type":"Feature","geometry":{"type":"LineString","coordinates":[[-28.10542,38.63212],[-28.10542,38.63032],[-28.10546,38.63125],[-28.10708,38.63278],[-28.10958,38.63292],[-28.10976,38.63375],[-28.10958,38.63292],[-28.10625,38.63296],[-28.10625,38.63208],[-28.10542,38.63212]]},"properties":{"source":"emodnet_dtm_2024","level":2}},{"type":"Feature","geometry":{"type":"LineString","coordinates":[[-28.66792,38.63336],[-28.66738,38.63292],[-28.66792,38.63285],[-28.66792,38.63336]]},"properties":{"source":"emodnet_dtm_2024","level":2}},{"type":"Feature","geometry":{"type":"LineString","coordinates":[[-27.07708,38.64212],[-27.07661,38.64208],[-27.08042,38.64135],[-27.08125,38.64254],[-27.08448,38.64208],[-27.08051,38.64125],[-27.08125,38.64095],[-27.08875,38.64073],[-27.09302,38.64208],[-27.09513,38.64375],[-27.09625,38.64542],[-27.09792,38.64448],[-27.09875,38.64458],[-27.0988,38.64375],[-27.10375,38.64166],[-27.10708,38.64184],[-27.1104,38.64292],[-27.11042,38.64375],[-27.11208,38.64363],[-27.11292,38.64458],[-27.11542,38.64513],[-27.11625,38.64512],[-27.11792,38.64397],[-27.12042,38.64496],[-27.12236,38.64375],[-27.12458,38.64375],[-27.12542,38.64277],[-27.13208,38.6418],[-27.13458,38.64258],[-27.14276,38.64292],[-27.14519,38.64375],[-27.14708,38.64537],[-27.14958,38.64535],[-27.15042,38.64601],[-27.15208,38.6463],[-27.15542,38.64634],[-27.15708,38.64703],[-27.15792,38.64836],[-27.15974,38.64875],[-27.16042,38.64958],[-27.16208,38.64981],[-27.16625,38.65159],[-27.17042,38.65189],[-27.17125,38.65292],[-27.17208,38.65249],[-27.17375,38.65292],[-27.17394,38.65208],[-27.17625,38.65148],[-27.17875,38.64995],[-27.18042,38.64991],[-27.18375,38.65166],[-27.18708,38.6517],[-27.18875,38.65151],[-27.19125,38.64977],[-27.19292,38.64936],[-27.19458,38.64945],[-27.19708,38.65231],[-27.20375,38.6527],[-27.20542,38.65334],[-27.20625,38.65277],[-27.20875,38.65251],[-27.20958,38.65103],[-27.21125,38.6509],[-27.21208,38.65028],[-27.21542,38.65026],[-27.21625,38.65091],[-27.21792,38.65087],[-27.21848,38.65208],[-27.21958,38.65227],[-27.22053,38.65042],[-27.21892,38.64875],[-27.21966,38.64375],[-27.22052,38.64208],[-27.22292,38.64075],[-27.22958,38.64083],[-27.23208,38.64133],[-27.23385,38.64375],[-27.23292,38.64574],[-27.23125,38.64632],[-27.22939,38.64958],[-27.22935,38.65292],[-27.22975,38.65375],[-27.23292,38.65433],[-27.23375,38.65506],[-27.23458,38.65511],[-27.23542,38.65449],[-27.23875,38.6544],[-27.23958,38.65504],[-27.24125,38.65501],[-27.24208,38.6538],[-27.24292,38.65376],[-27.24375,38.6543],[-27.24875,38.65439],[-27.24958,38.65506],[-27.25375,38.6543],[-27.26208,38.65462],[-27.26375,38.65516],[-27.26708,38.65437],[-27.27458,38.65374],[-27.27708,38.65392],[-27.27932,38.65542],[-27.28284,38.65625],[-27.28875,38.65866],[-27.29592,38.65875],[-27.29542,38.65825],[-27.29292,38.65839],[-27.29292,38.65708],[-27.29125,38.657],[-27.29625,38.65792],[-27.29792,38.66016],[-27.30042,38.66125],[-27.30625,38.66506],[-27.30782,38.66542],[-27.30958,38.66692],[-27.31125,38.66717],[-27.31792,38.67011],[-27.32208,38.67042],[-27.32292,38.67164],[-27.32542,38.67342],[-27.33042,38.67375],[-27.33042,38.6756],[-27.33042,38.67375],[-27.32708,38.67387],[-27.32639,38.67458],[-27.33042,38.67663],[-27.33125,38.67588],[-27.33458,38.67792],[-27.34101,38.67875],[-27.33973,38.67958],[-27.34125,38.6809],[-27.34208,38.67982],[-27.34292,38.68125],[-27.34855,38.68375],[-27.34792,38.68402],[-27.34792,38.68477],[-27.34875,38.68519],[-27.34958,38.68445],[-27.35125,38.68542],[-27.35755,38.69125],[-27.35875,38.69375],[-27.36208,38.69697],[-27.36458,38.70208],[-27.36708,38.70292],[-27.37125,38.70792],[-27.37125,38.71208],[-27.37367,38.71708],[-27.37388,38.71875],[-27.37551,38.72125],[-27.37475,38.72208],[-27.37643,38.72375],[-27.37542,38.72458],[-27.3788,38.72708],[-27.37958,38.73708],[-27.38035,38.73875],[-27.38009,38.74875],[-27.37542,38.75458],[-27.37372,38.75792],[-27.37389,38.76042],[-27.37595,38.76125],[-27.37866,38.76542],[-27.37625,38.76512],[-27.37492,38.76708],[-27.37542,38.76774],[-27.37708,38.76792],[-27.37625,38.76871],[-27.37458,38.76889],[-27.37375,38.76792],[-27.37042,38.76813],[-27.36902,38.76875],[-27.36883,38.77042],[-27.36792,38.77195],[-27.36708,38.77208],[-27.3679,38.77375],[-27.36769,38.77542],[-27.36708,38.77625],[-27.36533,38.77708],[-27.36292,38.78185],[-27.36195,38.78125],[-27.36259,38.78208],[-27.36168,38.78292],[-27.36042,38.78331],[-27.35792,38.78282],[-27.35542,38.78375],[-27.34958,38.7875],[-27.34625,38.78792],[-27.34458,38.78888],[-27.34375,38.78875],[-27.34341,38.78958],[-27.33708,38.79275],[-27.33542,38.79292],[-27.33494,38.79375],[-27.33292,38.7947],[-27.33042,38.79496],[-27.32875,38.79583],[-27.32542,38.79657],[-27.32125,38.79633],[-27.31708,38.79752],[-27.31292,38.79721],[-27.31042,38.79851],[-27.31005,38.79708],[-27.30958,38.79701],[-27.30669,38.79875],[-27.30748,38.79958],[-27.30708,38.79972],[-27.29625,38.80011],[-27.29458,38.80081],[-27.28958,38.80125],[-27.28875,38.80189],[-27.27958,38.80216],[-27.27708,38.803],[-27.27542,38.80267],[-27.27458,38.80303],[-27.26708,38.80318],[-27.26579,38.80292],[-27.26875,38.80262],[-27.26905,38.80208],[-27.26625,38.8018],[-27.26542,38.80269],[-27.26292,38.80156],[-27.26042,38.80239],[-27.25792,38.80454],[-27.25708,38.80329],[-27.25625,38.80327],[-27.25542,38.8044],[-27.254,38.80375],[-27.25538,38.80292],[-27.25458,38.80253],[-27.25375,38.80357],[-27.25161,38.80292],[-27.25292,38.80278],[-27.25383,38.80208],[-27.25208,38.80104],[-27.25042,38.80231],[-27.24958,38.80174],[-27.24708,38.80292],[-27.24625,38.80169],[-27.24542,38.80246],[-27.24458,38.80125],[-27.23958,38.79826],[-27.23708,38.79841],[-27.23458,38.79988],[-27.23208,38.79958],[-27.23375,38.79938],[-27.23415,38.79875],[-27.23125,38.7939],[-27.2291,38.79375],[-27.22875,38.79533],[-27.22792,38.79208],[-27.22708,38.79208],[-27.22458,38.79495],[-27.22208,38.79473],[-27.22042,38.79597],[-27.21958,38.796],[-27.21542,38.80107],[-27.21375,38.80158],[-27.21042,38.80071],[-27.20708,38.7995],[-27.20625,38.7983],[-27.20543,38.79875],[-27.20604,38.79958],[-27.20375,38.79955],[-27.20125,38.80125],[-27.19958,38.80165],[-27.19734,38.80042],[-27.19875,38.80034],[-27.19875,38.80125],[-27.20125,38.80125],[-27.20125,38.80016],[-27.20208,38.80042],[-27.20208,38.79875],[-27.20042,38.7988],[-27.19792,38.79735],[-27.19708,38.79725],[-27.19633,38.79792],[-27.19625,38.79933],[-27.19542,38.7986],[-27.19512,38.79708],[-27.19292,38.7967],[-27.19224,38.79708],[-27.19208,38.79823],[-27.19106,38.79792],[-27.18958,38.79555],[-27.18792,38.79526],[-27.18625,38.79615],[-27.18375,38.79625],[-27.18208,38.7977],[-27.18125,38.7976],[-27.17955,38.79708],[-27.17659,38.79458],[-27.17708,38.79445],[-27.17708,38.79359],[-27.17625,38.79437],[-27.17542,38.79434],[-27.17232,38.79375],[-27.17208,38.79292],[-27.17191,38.79375],[-27.17125,38.79389],[-27.17042,38.79292],[-27.16292,38.79284],[-27.15792,38.79027],[-27.15458,38.78966],[-27.15292,38.78792],[-27.15042,38.78807],[-27.14958,38.78744],[-27.14708,38.78827],[-27.14542,38.78983],[-27.14529,38.78792],[-27.14458,38.78721],[-27.14208,38.78746],[-27.14146,38.78792],[-27.14125,38.78996],[-27.14081,38.78708],[-27.13958,38.78576],[-27.13625,38.78835],[-27.13458,38.78844],[-27.13092,38.78708],[-27.1324,38.78625],[-27.13125,38.78497],[-27.13042,38.78485],[-27.12958,38.78582],[-27.12875,38.78458],[-27.12708,38.78375],[-27.12688,38.78458],[-27.12616,38.78458],[-27.12375,38.78302],[-27.12292,38.78308],[-27.12125,38.78438],[-27.11792,38.78387],[-27.11458,38.78458],[-27.11429,38.78542],[-27.11042,38.78648],[-27.10061,38.78625],[-27.10292,38.78617],[-27.10343,38.78542],[-27.10208,38.78428],[-27.10042,38.78394],[-27.09971,38.78458],[-27.09958,38.78581],[-27.09875,38.78375],[-27.09708,38.78305],[-27.09462,38.78292],[-27.09625,38.78283],[-27.09698,38.78208],[-27.09458,38.77897],[-27.08958,38.77767],[-27.08792,38.77659],[-27.08708,38.77771],[-27.08625,38.77625],[-27.08375,38.77605],[-27.08065,38.77375],[-27.08125,38.77357],[-27.08125,38.7727],[-27.07875,38.773],[-27.07625,38.77101],[-27.07292,38.76959],[-27.07208,38.76825],[-27.06977,38.76792],[-27.06958,38.76708],[-27.06708,38.76687],[-27.06557,38.76542],[-27.06542,38.76375],[-27.06375,38.76306],[-27.06125,38.76294],[-27.06004,38.76208],[-27.06195,38.76125],[-27.06071,38.75625],[-27.06051,38.74792],[-27.05958,38.7476],[-27.05892,38.74792],[-27.05875,38.74952],[-27.05792,38.74847],[-27.05797,38.74458],[-27.05625,38.74405],[-27.05465,38.74125],[-27.05375,38.74117],[-27.05292,38.74036],[-27.05125,38.74028],[-27.05042,38.73867],[-27.04958,38.73861],[-27.04875,38.73781],[-27.04515,38.73708],[-27.04587,38.73375],[-27.04792,38.73207],[-27.05296,38.73125],[-27.05338,38.73042],[-27.05458,38.73011],[-27.05625,38.72847],[-27.05708,38.72841],[-27.05792,38.72903],[-27.05903,38.72875],[-27.05951,38.72625],[-27.06025,38.72542],[-27.06039,38.72292],[-27.06212,38.71875],[-27.05999,38.71542],[-27.05869,38.71458],[-27.05796,38.71042],[-27.05458,38.70874],[-27.05295,38.70625],[-27.05208,38.70575],[-27.05057,38.70625],[-27.0485,38.70792],[-27.04875,38.70891],[-27.04792,38.70897],[-27.04708,38.7081],[-27.04608,38.70792],[-27.04436,38.70458],[-27.04403,38.69792],[-27.04706,38.69208],[-27.0534,38.68542],[-27.05357,38.68458],[-27.05292,38.68399],[-27.04961,38.68375],[-27.05042,38.68279],[-27.05125,38.6828],[-27.05209,38.68208],[-27.05189,38.67958],[-27.05292,38.67875],[-27.05375,38.67571],[-27.05396,38.67875],[-27.05292,38.67875],[-27.0532,38.68125],[-27.05375,38.68182],[-27.05625,38.67814],[-27.05871,38.67625],[-27.05842,38.67542],[-27.06208,38.67458],[-27.06375,38.673],[-27.06708,38.67244],[-27.06921,38.67042],[-27.07042,38.67042],[-27.07208,38.66646],[-27.07292,38.66805],[-27.07328,38.66708],[-27.07223,38.66625],[-27.0722,38.66375],[-27.07375,38.66357],[-27.07542,38.66133],[-27.07703,38.66042],[-27.07375,38.65875],[-27.0739,38.66042],[-27.07218,38.66042],[-27.0729,38.65875],[-27.07292,38.6566],[-27.07375,38.65625],[-27.07375,38.65542],[-27.07291,38.65458],[-27.07375,38.65375],[-27.07223,38.65125],[-27.07458,38.65105],[-27.07542,38.65217],[-27.07708,38.65014],[-27.07741,38.64875],[-27.0769,38.64708],[-27.07792,38.64646],[-27.07865,38.64375],[-27.08019,38.64292],[-27.07958,38.64238],[-27.07708,38.64212]]},"properties":{"source":"emodnet_dtm_2024","level":2}},{"type":"Feature","geometry":{"type":"LineString","coordinates":[[-27.07542,38.64324],[-27.07542,38.64288],[-27.07542,38.64324]]},"properties":{"source":"emodnet_dtm_2024","level":2}},{"type":"Feature","geometry":{"type":"LineString","coordinates":[[-28.13375,38.64377],[-28.13375,38.64285],[-28.13542,38.64455],[-28.13792,38.64458],[-28.13892,38.64625],[-28.13875,38.64542],[-28.1379,38.64542],[-28.13792,38.64458],[-28.13458,38.6446],[-28.13458,38.64375],[-28.13375,38.64377]]},"properties":{"source":"emodnet_dtm_2024","level":2}},{"type":"Feature","geometry":{"type":"LineString","coordinates":[[-27.07625,38.64474],[-27.07625,38.64474]]},"properties":{"source":"emodnet_dtm_2024","level":2}},{"type":"Feature","geometry":{"type":"LineString","coordinates":[[-27.19375,38.64546],[-27.19375,38.64485],[-27.19375,38.64546]]},"properties":{"source":"emodnet_dtm_2024","level":2}},{"type":"Feature","geometry":{"type":"LineString","coordinates":[[-27.07208,38.64627],[-27.07292,38.64623],[-27.07438,38.64792],[-27.07292,38.64802],[-27.07208,38.64627]]},"properties":{"source":"emodnet_dtm_2024","level":2}},{"type":"Feature","geometry":{"type":"LineString","coordinates":[[-28.14375,38.64794],[-28.14375,38.64701],[-28.14458,38.64783],[-28.14543,38.64792],[-28.14375,38.64794]]},"properties":{"source":"emodnet_dtm_2024","level":2}},{"type":"Feature","geometry":{"type":"LineString","coordinates":[[-28.14208,38.64794],[-28.14208,38.647],[-28.14208,38.64794]]},"properties":{"source":"emodnet_dtm_2024","level":2}},{"type":"Feature","geometry":{"type":"LineString","coordinates":[[-28.14792,38.64877],[-28.14959,38.64875],[-28.14792,38.64877]]},"properties":{"source":"emodnet_dtm_2024","level":2}},{"type":"Feature","geometry":{"type":"LineString","coordinates":[[-27.07458,38.64892],[-27.07458,38.64812],[-27.07658,38.64875],[-27.07458,38.64892]]},"properties":{"source":"emodnet_dtm_2024","level":2}},{"type":"Feature","geometry":{"type":"LineString","coordinates":[[-27.07125,38.65007],[-27.07125,38.64709],[-27.07125,38.65007]]},"properties":{"source":"emodnet_dtm_2024","level":2}},{"type":"Feature","geometry":{"type":"LineString","coordinates":[[-28.15125,38.65044],[-28.15125,38.65044]]},"properties":{"source":"emodnet_dtm_2024","level":2}},{"type":"Feature","geometry":{"type":"LineString","coordinates":[[-27.07208,38.6511],[-27.07144,38.65042],[-27.07221,38.65042],[-27.07208,38.6511]]},"properties":{"source":"emodnet_dtm_2024","level":2}},{"type":"Feature","geometry":{"type":"LineString","coordinates":[[-28.15375,38.65211],[-28.15542,38.65208],[-28.15625,38.65288],[-28.15875,38.65292],[-28.15959,38.65375],[-28.15875,38.65377],[-28.15875,38.65292],[-28.15542,38.65295],[-28.15542,38.65208],[-28.15375,38.65211]]},"properties":{"source":"emodnet_dtm_2024","level":2}},{"type":"Feature","geometry":{"type":"LineString","coordinates":[[-27.27458,38.65232],[-27.27458,38.65116],[-27.27458,38.65232]]},"properties":{"source":"emodnet_dtm_2024","level":2}},{"type":"Feature","geometry":{"type":"LineString","coordinates":[[-28.16042,38.6546],[-28.16042,38.6546]]},"properties":{"source":"emodnet_dtm_2024","level":2}},{"type":"Feature","geometry":{"type":"LineString","coordinates":[[-28.16292,38.65627],[-28.16292,38.65533],[-28.16376,38.65625],[-28.16292,38.65627]]},"properties":{"source":"emodnet_dtm_2024","level":2}},{"type":"Feature","geometry":{"type":"LineString","coordinates":[[-28.16458,38.65711],[-28.16708,38.65708],[-28.16793,38.65792],[-28.16708,38.65794],[-28.16708,38.65708],[-28.16458,38.65711]]},"properties":{"source":"emodnet_dtm_2024","level":2}},{"type":"Feature","geometry":{"type":"LineString","coordinates":[[-28.16875,38.65877],[-28.16875,38.65877]]},"properties":{"source":"emodnet_dtm_2024","level":2}},{"type":"Feature","geometry":{"type":"LineString","coordinates":[[-28.17125,38.66045],[-28.17125,38.65951],[-28.17209,38.66042],[-28.17125,38.66045]]},"properties":{"source":"emodnet_dtm_2024","level":2}},{"type":"Feature","geometry":{"type":"LineString","coordinates":[[-28.17292,38.66135],[-28.17626,38.66125],[-28.17292,38.66135]]},"properties":{"source":"emodnet_dtm_2024","level":2}},{"type":"Feature","geometry":{"type":"LineString","coordinates":[[-28.17875,38.66215],[-28.17959,38.66208],[-28.17875,38.66215]]},"properties":{"source":"emodnet_dtm_2024","level":2}},{"type":"Feature","geometry":{"type":"LineString","coordinates":[[-28.18375,38.66305],[-28.18375,38.66305]]},"properties":{"source":"emodnet_dtm_2024","level":2}},{"type":"Feature","geometry":{"type":"LineString","coordinates":[[-27.07208,38.66354],[-27.07208,38.66061],[-27.07208,38.66354]]},"properties":{"source":"emodnet_dtm_2024","level":2}},{"type":"Feature","geometry":{"type":"LineString","coordinates":[[-28.18875,38.66546],[-28.18875,38.66546]]},"properties":{"source":"emodnet_dtm_2024","level":2}},{"type":"Feature","geometry":{"type":"LineString","coordinates":[[-28.22042,38.67797],[-28.22042,38.67797]]},"properties":{"source":"emodnet_dtm_2024","level":2}},{"type":"Feature","geometry":{"type":"LineString","coordinates":[[-28.05042,38.6821],[-28.05127,38.68208],[-28.05042,38.6821]]},"properties":{"source":"emodnet_dtm_2024","level":2}},{"type":"Feature","geometry":{"type":"LineString","coordinates":[[-28.08542,38.68635],[-28.08487,38.68625],[-28.08715,38.68625],[-28.08708,38.68661],[-28.08542,38.68635]]},"properties":{"source":"emodnet_dtm_2024","level":2}},{"type":"Feature","geometry":{"type":"LineString","coordinates":[[-28.08875,38.6871],[-28.08875,38.6871]]},"properties":{"source":"emodnet_dtm_2024","level":2}},{"type":"Feature","geometry":{"type":"LineString","coordinates":[[-27.04458,38.68958],[-27.04455,38.68875],[-27.04686,38.68542],[-27.04958,38.68378],[-27.04971,38.68625],[-27.04708,38.68631],[-27.04542,38.68965],[-27.04375,38.6896],[-27.04304,38.69042],[-27.04458,38.69048],[-27.04458,38.68958]]},"properties":{"source":"emodnet_dtm_2024","level":2}},{"type":"Feature","geometry":{"type":"LineString","coordinates":[[-28.22875,38.69049],[-28.22792,38.68969],[-28.22713,38.69042],[-28.22792,38.6917],[-28.22958,38.69208],[-28.22958,38.69042],[-28.22875,38.69049]]},"properties":{"source":"emodnet_dtm_2024","level":2}},{"type":"Feature","geometry":{"type":"LineString","coordinates":[[-28.09292,38.69052],[-28.0921,38.69042],[-28.09631,38.69042],[-28.09625,38.69099],[-28.09292,38.69052]]},"properties":{"source":"emodnet_dtm_2024","level":2}},{"type":"Feature","geometry":{"type":"LineString","coordinates":[[-28.22958,38.69675],[-28.22907,38.69625],[-28.22958,38.696],[-28.22958,38.69675]]},"properties":{"source":"emodnet_dtm_2024","level":2}},{"type":"Feature","geometry":{"type":"LineString","coordinates":[[-27.04042,38.69708],[-27.04042,38.69458],[-27.04208,38.6923],[-27.04213,38.69375],[-27.04125,38.69375],[-27.04125,38.69464],[-27.04042,38.69458],[-27.04042,38.69708],[-27.04125,38.69804],[-27.04133,38.69708],[-27.04042,38.69708]]},"properties":{"source":"emodnet_dtm_2024","level":2}},{"type":"Feature","geometry":{"type":"LineString","coordinates":[[-28.23042,38.69797],[-28.23042,38.69706],[-28.23042,38.69797]]},"properties":{"source":"emodnet_dtm_2024","level":2}},{"type":"Feature","geometry":{"type":"LineString","coordinates":[[-27.05958,38.71892],[-27.05958,38.71822],[-27.05958,38.71892]]},"properties":{"source":"emodnet_dtm_2024","level":2}},{"type":"Feature","geometry":{"type":"LineString","coordinates":[[-28.31625,38.75731],[-28.31569,38.75708],[-28.32073,38.75708],[-28.31625,38.75731]]},"properties":{"source":"emodnet_dtm_2024","level":2}},{"type":"Feature","geometry":{"type":"LineString","coordinates":[[-27.05875,38.75992],[-27.05817,38.75875],[-27.05869,38.75792],[-27.0588,38.74958],[-27.05958,38.74944],[-27.05976,38.75792],[-27.05884,38.75875],[-27.05972,38.75958],[-27.05958,38.7616],[-27.05875,38.75992]]},"properties":{"source":"emodnet_dtm_2024","level":2}},{"type":"Feature","geometry":{"type":"LineString","coordinates":[[-27.08792,38.77846],[-27.08738,38.77792],[-27.08792,38.77778],[-27.08792,38.77846]]},"properties":{"source":"emodnet_dtm_2024","level":2}},{"type":"Feature","geometry":{"type":"LineString","coordinates":[[-27.08875,38.77928],[-27.0882,38.77875],[-27.08875,38.77868],[-27.08875,38.77928]]},"properties":{"source":"emodnet_dtm_2024","level":2}},{"type":"Feature","geometry":{"type":"LineString","coordinates":[[-27.08958,38.78016],[-27.08896,38.77958],[-27.09042,38.77951],[-27.09042,38.78042],[-27.08958,38.78016]]},"properties":{"source":"emodnet_dtm_2024","level":2}},{"type":"Feature","geometry":{"type":"LineString","coordinates":[[-27.06958,38.78042],[-27.06969,38.77792],[-27.07128,38.77792],[-27.07292,38.77875],[-27.07333,38.77958],[-27.07292,38.78042],[-27.06958,38.78042],[-27.06958,38.77875],[-27.07292,38.77875],[-27.07292,38.78042],[-27.06958,38.78042]]},"properties":{"source":"emodnet_dtm_2024","level":2}},{"type":"Feature","geometry":{"type":"LineString","coordinates":[[-27.09125,38.7817],[-27.09042,38.78042],[-27.09128,38.78042],[-27.09125,38.7817]]},"properties":{"source":"emodnet_dtm_2024","level":2}},{"type":"Feature","geometry":{"type":"LineString","coordinates":[[-27.09208,38.78211],[-27.09292,38.78208],[-27.09373,38.78125],[-27.09375,38.78036],[-27.09458,38.78031],[-27.09458,38.78289],[-27.09208,38.78211]]},"properties":{"source":"emodnet_dtm_2024","level":2}},{"type":"Feature","geometry":{"type":"LineString","coordinates":[[-27.13042,38.78661],[-27.13003,38.78625],[-27.13042,38.78661]]},"properties":{"source":"emodnet_dtm_2024","level":2}},{"type":"Feature","geometry":{"type":"LineString","coordinates":[[-27.14292,38.7905],[-27.14218,38.79042],[-27.14438,38.79042],[-27.14292,38.7905]]},"properties":{"source":"emodnet_dtm_2024","level":2}},{"type":"Feature","geometry":{"type":"LineString","coordinates":[[-27.22958,38.79614],[-27.22886,38.79542],[-27.22958,38.79529],[-27.22958,38.79614]]},"properties":{"source":"emodnet_dtm_2024","level":2}},{"type":"Feature","geometry":{"type":"LineString","coordinates":[[-27.23042,38.79808],[-27.22967,38.79625],[-27.23042,38.79614],[-27.23042,38.79808]]},"properties":{"source":"emodnet_dtm_2024","level":2}},{"type":"Feature","geometry":{"type":"LineString","coordinates":[[-27.23125,38.79884],[-27.23218,38.79875],[-27.23208,38.79958],[-27.23125,38.79884]]},"properties":{"source":"emodnet_dtm_2024","level":2}},{"type":"Feature","geometry":{"type":"LineString","coordinates":[[-27.19292,38.79879],[-27.19517,38.79875],[-27.19292,38.79879]]},"properties":{"source":"emodnet_dtm_2024","level":2}},{"type":"Feature","geometry":{"type":"LineString","coordinates":[[-27.19708,38.80005],[-27.19652,38.79958],[-27.19708,38.79954],[-27.19708,38.80005]]},"properties":{"source":"emodnet_dtm_2024","level":2}},{"type":"Feature","geometry":{"type":"LineString","coordinates":[[-27.25625,38.8048],[-27.25558,38.80458],[-27.25788,38.80458],[-27.25625,38.8048]]},"properties":{"source":"emodnet_dtm_2024","level":2}},{"type":"Feature","geometry":{"type":"LineString","coordinates":[[-27.93792,39.0046],[-27.93792,39.0046]]},"properties":{"source":"emodnet_dtm_2024","level":2}},{"type":"Feature","geometry":{"type":"LineString","coordinates":[[-27.93875,39.00628],[-27.93875,39.00524],[-27.94208,39.00625],[-27.94208,39.0111],[-27.94208,39.00625],[-27.93875,39.00628]]},"properties":{"source":"emodnet_dtm_2024","level":2}},{"type":"Feature","geometry":{"type":"LineString","coordinates":[[-27.93625,39.00875],[-27.93625,39.00456],[-27.93625,39.00875],[-27.93708,39.01098],[-27.93711,39.00958],[-27.93795,39.00875],[-27.93625,39.00875]]},"properties":{"source":"emodnet_dtm_2024","level":2}},{"type":"Feature","geometry":{"type":"LineString","coordinates":[[-27.93792,39.01169],[-27.93747,39.01125],[-27.93792,39.01169]]},"properties":{"source":"emodnet_dtm_2024","level":2}},{"type":"Feature","geometry":{"type":"LineString","coordinates":[[-27.95208,39.01215],[-27.95208,39.01042],[-27.94958,39.01042],[-27.94875,39.01125],[-27.94832,39.01458],[-27.94675,39.01542],[-27.94556,39.01792],[-27.94625,39.01939],[-27.94629,39.01708],[-27.94708,39.01631],[-27.94958,39.01668],[-27.94902,39.01875],[-27.94918,39.02292],[-27.95003,39.02458],[-27.94875,39.02542],[-27.95042,39.02637],[-27.95125,39.02554],[-27.95208,39.02608],[-27.9528,39.02708],[-27.95375,39.03131],[-27.95767,39.03458],[-27.95958,39.0379],[-27.96181,39.03958],[-27.96292,39.04205],[-27.96549,39.04375],[-27.96574,39.04542],[-27.96458,39.04646],[-27.96625,39.04646],[-27.9672,39.04708],[-27.96958,39.0475],[-27.97736,39.04792],[-27.97708,39.05274],[-27.97446,39.05375],[-27.97342,39.05625],[-27.97475,39.05792],[-27.97419,39.06042],[-27.97458,39.06247],[-27.97542,39.06303],[-27.97625,39.06574],[-27.97633,39.06292],[-27.97478,39.06042],[-27.97542,39.05888],[-27.97776,39.06208],[-27.97921,39.06625],[-27.98125,39.06748],[-27.98222,39.06875],[-27.98375,39.07493],[-27.98208,39.07368],[-27.98111,39.07375],[-27.98458,39.07731],[-27.98542,39.07633],[-27.98626,39.07708],[-27.98504,39.07792],[-27.98531,39.07875],[-27.98782,39.08125],[-27.98875,39.08102],[-27.98921,39.08208],[-27.99042,39.08247],[-27.99458,39.08281],[-27.99552,39.08375],[-27.99292,39.08397],[-27.99237,39.08458],[-27.99292,39.08689],[-27.99458,39.08875],[-27.99875,39.08892],[-27.99875,39.08851],[-27.99708,39.08875],[-27.99792,39.08725],[-28.00625,39.08734],[-28.01042,39.09073],[-28.01542,39.09171],[-28.01618,39.09375],[-28.01708,39.09346],[-28.01875,39.09546],[-28.02458,39.09708],[-28.02625,39.09813],[-28.02708,39.09667],[-28.02846,39.09708],[-28.02875,39.09822],[-28.03208,39.09723],[-28.03625,39.09749],[-28.03792,39.09553],[-28.03958,39.09572],[-28.04042,39.09708],[-28.04208,39.09779],[-28.04292,39.09791],[-28.04375,39.09708],[-28.04542,39.09708],[-28.04625,39.09776],[-28.04958,39.09711],[-28.05208,39.09292],[-28.05292,39.0927],[-28.05625,39.08818],[-28.05509,39.08458],[-28.05733,39.08042],[-28.06125,39.0794],[-28.06366,39.07708],[-28.06375,39.07625],[-28.06458,39.07629],[-28.06789,39.07292],[-28.06792,39.07208],[-28.06875,39.07241],[-28.07053,39.07208],[-28.07208,39.07003],[-28.07208,39.06708],[-28.07292,39.06542],[-28.07175,39.06375],[-28.06848,39.06292],[-28.06792,39.061],[-28.06249,39.05542],[-28.05875,39.05375],[-28.05729,39.05208],[-28.05647,39.04958],[-28.05542,39.04875],[-28.05521,39.04708],[-28.05374,39.04542],[-28.05325,39.04125],[-28.05208,39.04042],[-28.05199,39.03875],[-28.04828,39.03458],[-28.04792,39.0327],[-28.04587,39.03042],[-28.04292,39.02875],[-28.0426,39.02792],[-28.03566,39.02125],[-28.03125,39.01985],[-28.02875,39.02055],[-28.02375,39.02073],[-28.02281,39.02125],[-28.02368,39.02208],[-28.02292,39.02317],[-28.02219,39.02292],[-28.02208,39.02186],[-28.02034,39.02292],[-28.01792,39.02318],[-28.01708,39.02383],[-28.00875,39.02386],[-28.00808,39.02292],[-28.00792,39.01931],[-28.00625,39.01946],[-28.00415,39.01792],[-28.00125,39.01739],[-27.99375,39.01191],[-27.99208,39.01256],[-27.99125,39.01199],[-27.98958,39.01199],[-27.98792,39.00969],[-27.98292,39.00935],[-27.98042,39.00846],[-27.97625,39.00866],[-27.97125,39.00657],[-27.96375,39.00742],[-27.96125,39.00817],[-27.96,39.00875],[-27.95792,39.01104],[-27.95708,39.01116],[-27.95556,39.01042],[-27.95542,39.00792],[-27.95375,39.00734],[-27.95011,39.00958],[-27.94958,39.01131],[-27.94875,39.01125],[-27.94881,39.01458],[-27.94958,39.01535],[-27.95057,39.01542],[-27.95004,39.01625],[-27.95042,39.01637],[-27.95208,39.01565],[-27.9529,39.01458],[-27.95331,39.01292],[-27.95292,39.01225],[-27.95208,39.01215]]},"properties":{"source":"emodnet_dtm_2024","level":2}},{"type":"Feature","geometry":{"type":"LineString","coordinates":[[-27.93875,39.01229],[-27.93835,39.01208],[-27.94107,39.01208],[-27.94042,39.01264],[-27.93875,39.01229]]},"properties":{"source":"emodnet_dtm_2024","level":2}},{"type":"Feature","geometry":{"type":"LineString","coordinates":[[-27.94625,39.02315],[-27.94573,39.02208],[-27.94625,39.02047],[-27.94625,39.02315]]},"properties":{"source":"emodnet_dtm_2024","level":2}},{"type":"Feature","geometry":{"type":"LineString","coordinates":[[-27.94708,39.02398],[-27.94708,39.02398]]},"properties":{"source":"emodnet_dtm_2024","level":2}},{"type":"Feature","geometry":{"type":"LineString","coordinates":[[-27.94792,39.02482],[-27.94767,39.02458],[-27.94892,39.02458],[-27.94875,39.02542],[-27.94792,39.02482]]},"properties":{"source":"emodnet_dtm_2024","level":2}},{"type":"Feature","geometry":{"type":"LineString","coordinates":[[-27.95125,39.03212],[-27.95071,39.02958],[-27.95125,39.02954],[-27.95125,39.03212]]},"properties":{"source":"emodnet_dtm_2024","level":2}},{"type":"Feature","geometry":{"type":"LineString","coordinates":[[-27.95208,39.03355],[-27.95182,39.03292],[-27.95292,39.03287],[-27.95294,39.03625],[-27.95377,39.03708],[-27.95375,39.03875],[-27.95208,39.03355]]},"properties":{"source":"emodnet_dtm_2024","level":2}},{"type":"Feature","geometry":{"type":"LineString","coordinates":[[-27.95458,39.04049],[-27.95375,39.03875],[-27.95461,39.03875],[-27.95458,39.04049]]},"properties":{"source":"emodnet_dtm_2024","level":2}},{"type":"Feature","geometry":{"type":"LineString","coordinates":[[-27.95625,39.04131],[-27.95587,39.04125],[-27.95708,39.04121],[-27.95708,39.04208],[-27.95792,39.04221],[-27.95625,39.04131]]},"properties":{"source":"emodnet_dtm_2024","level":2}},{"type":"Feature","geometry":{"type":"LineString","coordinates":[[-27.95208,39.05713],[-27.95292,39.05458],[-27.95375,39.05453],[-27.95292,39.05458],[-27.95297,39.05708],[-27.95208,39.05713]]},"properties":{"source":"emodnet_dtm_2024","level":2}},{"type":"Feature","geometry":{"type":"LineString","coordinates":[[-27.95542,39.05886],[-27.95542,39.05886]]},"properties":{"source":"emodnet_dtm_2024","level":2}},{"type":"Feature","geometry":{"type":"LineString","coordinates":[[-27.95208,39.05968],[-27.95385,39.05958],[-27.95208,39.05968]]},"properties":{"source":"emodnet_dtm_2024","level":2}},{"type":"Feature","geometry":{"type":"LineString","coordinates":[[-27.97708,39.06668],[-27.97666,39.06625],[-27.97809,39.06625],[-27.97792,39.06708],[-27.97708,39.06668]]},"properties":{"source":"emodnet_dtm_2024","level":2}},{"type":"Feature","geometry":{"type":"LineString","coordinates":[[-27.97875,39.07041],[-27.97792,39.06708],[-27.97875,39.06691],[-27.97875,39.07041]]},"properties":{"source":"emodnet_dtm_2024","level":2}},{"type":"Feature","geometry":{"type":"LineString","coordinates":[[-27.97958,39.07124],[-27.97876,39.07042],[-27.97958,39.07038],[-27.97958,39.07124]]},"properties":{"source":"emodnet_dtm_2024","level":2}},{"type":"Feature","geometry":{"type":"LineString","coordinates":[[-27.98042,39.07297],[-27.97959,39.07125],[-27.98046,39.07125],[-27.98042,39.07297]]},"properties":{"source":"emodnet_dtm_2024","level":2}},{"type":"Feature","geometry":{"type":"LineString","coordinates":[[-31.25875,39.40217],[-31.25792,39.40194],[-31.25708,39.40292],[-31.25792,39.40573],[-31.25875,39.40602],[-31.26128,39.41208],[-31.26292,39.41352],[-31.26375,39.41367],[-31.26375,39.41458],[-31.26458,39.41496],[-31.26552,39.41792],[-31.26458,39.42375],[-31.26542,39.42389],[-31.2658,39.42458],[-31.26578,39.42875],[-31.26375,39.43042],[-31.26375,39.4317],[-31.26246,39.43292],[-31.26208,39.43875],[-31.26292,39.44042],[-31.26403,39.44125],[-31.26541,39.44625],[-31.26698,39.44708],[-31.26708,39.44792],[-31.26958,39.45005],[-31.26986,39.45125],[-31.26958,39.45304],[-31.26708,39.45542],[-31.26764,39.45792],[-31.26708,39.45875],[-31.26542,39.46051],[-31.25961,39.46292],[-31.25958,39.46441],[-31.25875,39.46542],[-31.25958,39.46556],[-31.25982,39.46625],[-31.25968,39.47208],[-31.25875,39.47458],[-31.25962,39.47542],[-31.25955,39.48292],[-31.25875,39.48458],[-31.25917,39.48792],[-31.25819,39.48958],[-31.25792,39.49186],[-31.25565,39.49375],[-31.25375,39.49416],[-31.25125,39.49576],[-31.25042,39.49566],[-31.24997,39.49792],[-31.24747,39.50042],[-31.24479,39.50208],[-31.24476,39.50375],[-31.24596,39.50625],[-31.24542,39.50963],[-31.24292,39.51085],[-31.24208,39.51016],[-31.24042,39.50983],[-31.24042,39.50875],[-31.23792,39.50875],[-31.23818,39.50958],[-31.23677,39.51125],[-31.23584,39.51375],[-31.23625,39.51481],[-31.2378,39.51542],[-31.23792,39.51625],[-31.23956,39.51792],[-31.23942,39.51958],[-31.23792,39.52208],[-31.23625,39.52272],[-31.23292,39.52196],[-31.22458,39.52192],[-31.22208,39.52133],[-31.21875,39.52126],[-31.21708,39.52191],[-31.21625,39.52147],[-31.21553,39.52208],[-31.21564,39.52375],[-31.21476,39.52458],[-31.21208,39.52524],[-31.21125,39.52479],[-31.20708,39.52653],[-31.20625,39.52889],[-31.20458,39.52996],[-31.20375,39.52997],[-31.20227,39.52875],[-31.20213,39.52792],[-31.20292,39.52708],[-31.20159,39.52542],[-31.20375,39.52498],[-31.20383,39.52708],[-31.20292,39.52708],[-31.20292,39.52958],[-31.20542,39.52958],[-31.20529,39.52625],[-31.20625,39.52625],[-31.20603,39.52542],[-31.20542,39.5246],[-31.20458,39.52458],[-31.20458,39.52375],[-31.20375,39.52292],[-31.20292,39.52375],[-31.20256,39.52292],[-31.20292,39.52178],[-31.20375,39.52208],[-31.20375,39.52292],[-31.20375,39.52208],[-31.20458,39.52125],[-31.20375,39.52042],[-31.20458,39.51958],[-31.20458,39.51625],[-31.20375,39.51625],[-31.20292,39.51542],[-31.20292,39.51292],[-31.20208,39.51292],[-31.20126,39.51208],[-31.20125,39.50958],[-31.19958,39.51009],[-31.19906,39.50958],[-31.19958,39.50875],[-31.19875,39.50792],[-31.19708,39.50792],[-31.19458,39.50958],[-31.19292,39.50958],[-31.19209,39.50875],[-31.19208,39.50542],[-31.19292,39.50458],[-31.19542,39.50458],[-31.19208,39.50458],[-31.19125,39.50375],[-31.18958,39.50375],[-31.18875,39.50292],[-31.18875,39.50375],[-31.18792,39.50458],[-31.18542,39.50458],[-31.18459,39.50375],[-31.18458,39.50236],[-31.18332,39.50125],[-31.18292,39.49958],[-31.18125,39.49958],[-31.18042,39.50042],[-31.18042,39.50208],[-31.17958,39.50291],[-31.17625,39.50291],[-31.17542,39.50208],[-31.17542,39.50125],[-31.17458,39.50125],[-31.17375,39.50042],[-31.17125,39.50042],[-31.17125,39.49958],[-31.17042,39.50042],[-31.16875,39.50042],[-31.16708,39.49875],[-31.16625,39.49875],[-31.16542,39.49958],[-31.16375,39.49958],[-31.16375,39.50042],[-31.16458,39.50125],[-31.16458,39.50292],[-31.16375,39.50374],[-31.15625,39.50258],[-31.15542,39.50195],[-31.15458,39.50229],[-31.15375,39.50042],[-31.15128,39.49792],[-31.15134,39.49292],[-31.14507,39.48958],[-31.14507,39.48708],[-31.14372,39.48458],[-31.14521,39.48042],[-31.14515,39.47875],[-31.14292,39.4761],[-31.1421,39.47375],[-31.14042,39.47301],[-31.13792,39.47283],[-31.13708,39.47208],[-31.1346,39.46875],[-31.13458,39.46781],[-31.13575,39.46625],[-31.13542,39.46602],[-31.13375,39.46617],[-31.13208,39.46483],[-31.1284,39.46542],[-31.12958,39.46514],[-31.12981,39.46458],[-31.12841,39.46208],[-31.12669,39.46042],[-31.12669,39.45208],[-31.13037,39.44625],[-31.13375,39.44495],[-31.13542,39.44241],[-31.13708,39.44222],[-31.13901,39.43875],[-31.14042,39.43805],[-31.143,39.43542],[-31.14299,39.43292],[-31.13958,39.43265],[-31.13904,39.43208],[-31.13923,39.43042],[-31.13811,39.42958],[-31.13537,39.42542],[-31.13629,39.42542],[-31.13625,39.42625],[-31.13792,39.42636],[-31.14005,39.42458],[-31.13958,39.42387],[-31.1354,39.42375],[-31.13792,39.4236],[-31.14042,39.42271],[-31.14188,39.42292],[-31.14208,39.42375],[-31.14249,39.42292],[-31.14458,39.42253],[-31.14542,39.42292],[-31.14616,39.42125],[-31.14733,39.42042],[-31.14732,39.41292],[-31.146,39.40875],[-31.14701,39.40458],[-31.14792,39.40316],[-31.14875,39.40292],[-31.14909,39.40042],[-31.15038,39.39875],[-31.15458,39.39528],[-31.15708,39.3945],[-31.15725,39.39292],[-31.15804,39.39208],[-31.15816,39.38708],[-31.15958,39.38408],[-31.16042,39.38329],[-31.16542,39.38301],[-31.16726,39.38125],[-31.16784,39.37792],[-31.17292,39.37742],[-31.17458,39.37451],[-31.18292,39.37292],[-31.18375,39.37192],[-31.18625,39.37158],[-31.18792,39.37073],[-31.19458,39.37062],[-31.19625,39.37127],[-31.20042,39.3706],[-31.20458,39.37068],[-31.20625,39.37155],[-31.21208,39.37188],[-31.21292,39.37292],[-31.21375,39.3726],[-31.21453,39.37292],[-31.21458,39.37375],[-31.21542,39.37375],[-31.21625,39.37279],[-31.21747,39.37292],[-31.21792,39.37375],[-31.21958,39.37375],[-31.22001,39.37292],[-31.22125,39.37246],[-31.22456,39.36958],[-31.22708,39.36873],[-31.23125,39.36872],[-31.23396,39.36958],[-31.23625,39.37136],[-31.23792,39.37156],[-31.23875,39.37292],[-31.23958,39.37254],[-31.24208,39.37268],[-31.24273,39.37292],[-31.24292,39.37375],[-31.24375,39.37342],[-31.24542,39.37375],[-31.24625,39.37279],[-31.2499,39.37292],[-31.25042,39.37375],[-31.25125,39.37375],[-31.25314,39.37542],[-31.25289,39.37958],[-31.25375,39.37953],[-31.25458,39.37863],[-31.25875,39.38208],[-31.25923,39.38292],[-31.25846,39.38625],[-31.25905,39.38875],[-31.26042,39.39042],[-31.26042,39.39208],[-31.26125,39.39329],[-31.26375,39.39375],[-31.26417,39.39458],[-31.26349,39.39708],[-31.26214,39.39792],[-31.2618,39.39958],[-31.26042,39.40042],[-31.26042,39.40127],[-31.25875,39.40217]]},"properties":{"source":"emodnet_dtm_2024","level":2}},{"type":"Feature","geometry":{"type":"LineString","coordinates":[[-31.12542,39.44962],[-31.12542,39.44962]]},"properties":{"source":"emodnet_dtm_2024","level":2}},{"type":"Feature","geometry":{"type":"LineString","coordinates":[[-31.12292,39.45294],[-31.12379,39.45292],[-31.12292,39.45294]]},"properties":{"source":"emodnet_dtm_2024","level":2}},{"type":"Feature","geometry":{"type":"LineString","coordinates":[[-31.12292,39.45463],[-31.12379,39.45458],[-31.12375,39.45633],[-31.12292,39.45463]]},"properties":{"source":"emodnet_dtm_2024","level":2}},{"type":"Feature","geometry":{"type":"LineString","coordinates":[[-31.12458,39.45877],[-31.12458,39.45877]]},"properties":{"source":"emodnet_dtm_2024","level":2}},{"type":"Feature","geometry":{"type":"LineString","coordinates":[[-31.12542,39.46316],[-31.1263,39.46292],[-31.12542,39.46316]]},"properties":{"source":"emodnet_dtm_2024","level":2}},{"type":"Feature","geometry":{"type":"LineString","coordinates":[[-31.27375,39.49625],[-31.27329,39.49458],[-31.27375,39.49375],[-31.27542,39.49316],[-31.27625,39.49375],[-31.27625,39.49625],[-31.27375,39.49625],[-31.27375,39.49375],[-31.27625,39.49375],[-31.27625,39.49625],[-31.27375,39.49625]]},"properties":{"source":"emodnet_dtm_2024","level":2}},{"type":"Feature","geometry":{"type":"LineString","coordinates":[[-31.15542,39.50308],[-31.15542,39.50308]]},"properties":{"source":"emodnet_dtm_2024","level":2}},{"type":"Feature","geometry":{"type":"LineString","coordinates":[[-31.15708,39.50396],[-31.15628,39.50375],[-31.15792,39.50358],[-31.15792,39.50458],[-31.15708,39.50396]]},"properties":{"source":"emodnet_dtm_2024","level":2}},{"type":"Feature","geometry":{"type":"LineString","coordinates":[[-31.19958,39.51216],[-31.19958,39.51159],[-31.19958,39.51216]]},"properties":{"source":"emodnet_dtm_2024","level":2}},{"type":"Feature","geometry":{"type":"LineString","coordinates":[[-31.11625,39.66886],[-31.11625,39.66847],[-31.11958,39.66855],[-31.12292,39.66958],[-31.12464,39.67292],[-31.12458,39.67528],[-31.12141,39.67875],[-31.12125,39.67978],[-31.11994,39.68042],[-31.12078,39.68208],[-31.12039,39.68375],[-31.12125,39.68542],[-31.12292,39.68708],[-31.12375,39.68721],[-31.12542,39.68958],[-31.12625,39.6896],[-31.12708,39.69037],[-31.12708,39.69125],[-31.12825,39.69208],[-31.12946,39.69625],[-31.12941,39.70208],[-31.12862,39.70375],[-31.12821,39.70708],[-31.12708,39.70792],[-31.12819,39.70875],[-31.12792,39.70942],[-31.12708,39.70958],[-31.12708,39.71131],[-31.12208,39.71707],[-31.12125,39.71708],[-31.12145,39.72125],[-31.12292,39.72367],[-31.12289,39.72458],[-31.12042,39.72684],[-31.11792,39.72686],[-31.11654,39.72625],[-31.11625,39.72542],[-31.11593,39.72625],[-31.11375,39.72766],[-31.11208,39.72799],[-31.10958,39.72717],[-31.10292,39.72694],[-31.09958,39.72594],[-31.09496,39.72375],[-31.09208,39.7213],[-31.08958,39.7203],[-31.08792,39.7207],[-31.08708,39.7203],[-31.08569,39.71875],[-31.08417,39.71458],[-31.08039,39.70792],[-31.08042,39.69809],[-31.08043,39.70625],[-31.08125,39.70706],[-31.08542,39.70686],[-31.08597,39.68958],[-31.08649,39.68708],[-31.08625,39.68652],[-31.08475,39.68625],[-31.08622,39.68375],[-31.09042,39.68196],[-31.09125,39.68208],[-31.09292,39.68007],[-31.09299,39.68125],[-31.09375,39.6816],[-31.09416,39.68042],[-31.0934,39.67958],[-31.09681,39.67708],[-31.10208,39.67737],[-31.10301,39.67458],[-31.10458,39.67347],[-31.11258,39.67292],[-31.11708,39.67135],[-31.11797,39.66958],[-31.11625,39.66886]]},"properties":{"source":"emodnet_dtm_2024","level":2}},{"type":"Feature","geometry":{"type":"LineString","coordinates":[[-31.08208,39.69458],[-31.08228,39.69292],[-31.08375,39.69107],[-31.08458,39.68653],[-31.08464,39.69125],[-31.08295,39.69292],[-31.08295,39.69458],[-31.08208,39.69458],[-31.08105,39.69625],[-31.08212,39.69625],[-31.08208,39.69458]]},"properties":{"source":"emodnet_dtm_2024","level":2}},{"type":"Feature","geometry":{"type":"LineString","coordinates":[[-25.16716,37.74208],[-25.16637,37.74208],[-25.16708,37.74137],[-25.16716,37.74208]]},"properties":{"source":"emodnet_dtm_2024","level":2}},{"type":"Feature","geometry":{"type":"LineString","coordinates":[[-28.25276,38.38375],[-28.251,38.38375],[-28.25276,38.38375]]},"properties":{"source":"emodnet_dtm_2024","level":2}},{"type":"Feature","geometry":{"type":"LineString","coordinates":[[-28.06543,38.40208],[-28.06318,38.40208],[-28.06458,38.40186],[-28.06542,38.40112],[-28.06543,38.40208]]},"properties":{"source":"emodnet_dtm_2024","level":2}},{"type":"Feature","geometry":{"type":"LineString","coordinates":[[-28.05548,38.40458],[-28.05312,38.40458],[-28.05542,38.40346],[-28.05548,38.40458]]},"properties":{"source":"emodnet_dtm_2024","level":2}},{"type":"Feature","geometry":{"type":"LineString","coordinates":[[-28.1546,38.40625],[-28.15164,38.40625],[-28.15375,38.40611],[-28.15458,38.40541],[-28.1546,38.40625]]},"properties":{"source":"emodnet_dtm_2024","level":2}},{"type":"Feature","geometry":{"type":"LineString","coordinates":[[-28.03632,38.40875],[-28.0351,38.40875],[-28.03625,38.40792],[-28.03632,38.40875]]},"properties":{"source":"emodnet_dtm_2024","level":2}},{"type":"Feature","geometry":{"type":"LineString","coordinates":[[-28.33377,38.41208],[-28.33377,38.41208]]},"properties":{"source":"emodnet_dtm_2024","level":2}},{"type":"Feature","geometry":{"type":"LineString","coordinates":[[-28.4346,38.41875],[-28.4346,38.41875]]},"properties":{"source":"emodnet_dtm_2024","level":2}},{"type":"Feature","geometry":{"type":"LineString","coordinates":[[-28.42794,38.41958],[-28.42706,38.41958],[-28.42794,38.41958]]},"properties":{"source":"emodnet_dtm_2024","level":2}},{"type":"Feature","geometry":{"type":"LineString","coordinates":[[-28.4221,38.42292],[-28.42169,38.42292],[-28.4221,38.42292]]},"properties":{"source":"emodnet_dtm_2024","level":2}},{"type":"Feature","geometry":{"type":"LineString","coordinates":[[-28.25027,38.49875],[-28.24958,38.49915],[-28.24958,38.49873],[-28.25027,38.49875]]},"properties":{"source":"emodnet_dtm_2024","level":2}},{"type":"Feature","geometry":{"type":"LineString","coordinates":[[-27.75127,38.54625],[-27.75059,38.54625],[-27.75125,38.54563],[-27.75127,38.54625]]},"properties":{"source":"emodnet_dtm_2024","level":2}},{"type":"Feature","geometry":{"type":"LineString","coordinates":[[-28.77988,38.56292],[-28.77829,38.56292],[-28.77988,38.56292]]},"properties":{"source":"emodnet_dtm_2024","level":2}},{"type":"Feature","geometry":{"type":"LineString","coordinates":[[-28.6039,38.56625],[-28.60292,38.56625],[-28.60313,38.56958],[-28.60375,38.57021],[-28.60429,38.56792],[-28.60587,38.56625],[-28.60375,38.56542],[-28.6039,38.56625]]},"properties":{"source":"emodnet_dtm_2024","level":2}},{"type":"Feature","geometry":{"type":"LineString","coordinates":[[-28.80977,38.60792],[-28.80825,38.60875],[-28.80875,38.6095],[-28.81125,38.60956],[-28.81208,38.60869],[-28.81458,38.60875],[-28.81454,38.60792],[-28.81375,38.60731],[-28.80977,38.60792]]},"properties":{"source":"emodnet_dtm_2024","level":2}},{"type":"Feature","geometry":{"type":"LineString","coordinates":[[-28.07822,38.62542],[-28.07419,38.62542],[-28.07822,38.62542]]},"properties":{"source":"emodnet_dtm_2024","level":2}},{"type":"Feature","geometry":{"type":"LineString","coordinates":[[-28.18709,38.66458],[-28.18709,38.66458]]},"properties":{"source":"emodnet_dtm_2024","level":2}},{"type":"Feature","geometry":{"type":"LineString","coordinates":[[-27.05743,38.67542],[-27.05419,38.67542],[-27.05743,38.67542]]},"properties":{"source":"emodnet_dtm_2024","level":2}},{"type":"Feature","geometry":{"type":"LineString","coordinates":[[-27.04295,38.69208],[-27.04228,38.69208],[-27.04292,38.69061],[-27.04295,38.69208]]},"properties":{"source":"emodnet_dtm_2024","level":2}},{"type":"Feature","geometry":{"type":"LineString","coordinates":[[-27.37886,38.76625],[-27.37875,38.76673],[-27.37875,38.76559],[-27.37886,38.76625]]},"properties":{"source":"emodnet_dtm_2024","level":2}},{"type":"Feature","geometry":{"type":"LineString","coordinates":[[-27.37854,38.76708],[-27.37708,38.76792],[-27.37708,38.76702],[-27.37854,38.76708]]},"properties":{"source":"emodnet_dtm_2024","level":2}},{"type":"Feature","geometry":{"type":"LineString","coordinates":[[-27.30993,38.79875],[-27.30792,38.79925],[-27.30773,38.79875],[-27.30993,38.79875]]},"properties":{"source":"emodnet_dtm_2024","level":2}},{"type":"Feature","geometry":{"type":"LineString","coordinates":[[-27.94187,39.01125],[-27.94125,39.01191],[-27.94125,39.01122],[-27.94187,39.01125]]},"properties":{"source":"emodnet_dtm_2024","level":2}},{"type":"Feature","geometry":{"type":"LineString","coordinates":[[-27.94714,39.02042],[-27.94629,39.02042],[-27.94637,39.01958],[-27.94712,39.01958],[-27.94714,39.02042]]},"properties":{"source":"emodnet_dtm_2024","level":2}},{"type":"Feature","geometry":{"type":"LineString","coordinates":[[-31.08882,39.68375],[-31.08708,39.68381],[-31.08632,39.68458],[-31.08658,39.68625],[-31.08958,39.68584],[-31.09013,39.68375],[-31.08958,39.683],[-31.08882,39.68375]]},"properties":{"source":"emodnet_dtm_2024","level":2}},{"type":"Feature","geometry":{"type":"LineString","coordinates":[[-25.61542,37.74615],[-25.61458,37.74588],[-25.61427,37.74625],[-25.61542,37.74615]]},"properties":{"source":"emodnet_dtm_2024","level":2}},{"type":"Feature","geometry":{"type":"LineString","coordinates":[[-25.44875,37.82625],[-25.44625,37.82625],[-25.44625,37.82708],[-25.44708,37.82625],[-25.44792,37.82625],[-25.44875,37.82708],[-25.44875,37.82625]]},"properties":{"source":"emodnet_dtm_2024","level":2}},{"type":"Feature","geometry":{"type":"LineString","coordinates":[[-25.15125,37.85026],[-25.15042,37.85],[-25.14958,37.85125],[-25.15125,37.85096],[-25.15189,37.85042],[-25.15125,37.85026]]},"properties":{"source":"emodnet_dtm_2024","level":2}},{"type":"Feature","geometry":{"type":"LineString","coordinates":[[-28.11375,38.40305],[-28.11208,38.40375],[-28.11445,38.40375],[-28.11458,38.40292],[-28.11375,38.40305]]},"properties":{"source":"emodnet_dtm_2024","level":2}},{"type":"Feature","geometry":{"type":"LineString","coordinates":[[-28.67958,38.51886],[-28.67792,38.51875],[-28.67803,38.51958],[-28.67958,38.52007],[-28.68042,38.51875],[-28.67958,38.51886]]},"properties":{"source":"emodnet_dtm_2024","level":2}},{"type":"Feature","geometry":{"type":"LineString","coordinates":[[-27.75875,38.54104],[-27.75708,38.54042],[-27.75792,38.54369],[-27.75875,38.54104]]},"properties":{"source":"emodnet_dtm_2024","level":2}},{"type":"Feature","geometry":{"type":"LineString","coordinates":[[-27.92875,38.5788],[-27.92708,38.57883],[-27.92708,38.57792],[-27.92625,38.57801],[-27.92572,38.57875],[-27.92708,38.58036],[-27.92875,38.58131],[-27.9295,38.58042],[-27.92958,38.57875],[-27.92875,38.5788]]},"properties":{"source":"emodnet_dtm_2024","level":2}},{"type":"Feature","geometry":{"type":"LineString","coordinates":[[-28.03708,38.60798],[-28.03625,38.60813],[-28.03601,38.60875],[-28.03708,38.61056],[-28.03774,38.61042],[-28.03792,38.60792],[-28.03708,38.60798]]},"properties":{"source":"emodnet_dtm_2024","level":2}},{"type":"Feature","geometry":{"type":"LineString","coordinates":[[-27.08875,38.64176],[-27.08739,38.64208],[-27.08908,38.64208],[-27.08875,38.64176]]},"properties":{"source":"emodnet_dtm_2024","level":2}},{"type":"Feature","geometry":{"type":"LineString","coordinates":[[-27.14042,38.78458],[-27.13958,38.78458],[-27.14042,38.78458]]},"properties":{"source":"emodnet_dtm_2024","level":2}},{"type":"Feature","geometry":{"type":"LineString","coordinates":[[-27.97375,39.0084],[-27.9727,39.00875],[-27.97412,39.00875],[-27.97375,39.0084]]},"properties":{"source":"emodnet_dtm_2024","level":2}},{"type":"Feature","geometry":{"type":"LineString","coordinates":[[-27.95458,39.008],[-27.95292,39.00792],[-27.95292,39.00958],[-27.95385,39.00958],[-27.95458,39.01119],[-27.95529,39.01042],[-27.95542,39.00792],[-27.95458,39.008]]},"properties":{"source":"emodnet_dtm_2024","level":2}},{"type":"Feature","geometry":{"type":"LineString","coordinates":[[-28.07125,39.06466],[-28.06958,39.06484],[-28.06907,39.06542],[-28.07042,39.067],[-28.07208,39.06708],[-28.07208,39.06458],[-28.07125,39.06466]]},"properties":{"source":"emodnet_dtm_2024","level":2}},{"type":"Feature","geometry":{"type":"LineString","coordinates":[[-27.99625,39.08743],[-27.99502,39.08792],[-27.99542,39.08832],[-27.99625,39.08841],[-27.99674,39.08792],[-27.99625,39.08743]]},"properties":{"source":"emodnet_dtm_2024","level":2}},{"type":"Feature","geometry":{"type":"LineString","coordinates":[[-28.04875,39.09486],[-28.04625,39.09542],[-28.04542,39.09708],[-28.04875,39.09703],[-28.04954,39.09625],[-28.04875,39.09486]]},"properties":{"source":"emodnet_dtm_2024","level":2}},{"type":"Feature","geometry":{"type":"LineString","coordinates":[[-31.25792,39.3822],[-31.2568,39.38292],[-31.25708,39.38571],[-31.25755,39.38542],[-31.25753,39.38375],[-31.25875,39.38375],[-31.25875,39.38208],[-31.25792,39.3822]]},"properties":{"source":"emodnet_dtm_2024","level":2}},{"type":"Feature","geometry":{"type":"LineString","coordinates":[[-31.25958,39.3905],[-31.25817,39.39125],[-31.25875,39.39415],[-31.25935,39.39208],[-31.26042,39.39208],[-31.26042,39.39042],[-31.25958,39.3905]]},"properties":{"source":"emodnet_dtm_2024","level":2}},{"type":"Feature","geometry":{"type":"LineString","coordinates":[[-31.26292,39.3938],[-31.26042,39.39386],[-31.25968,39.39458],[-31.25974,39.39542],[-31.26042,39.39603],[-31.26375,39.39625],[-31.26375,39.39375],[-31.26292,39.3938]]},"properties":{"source":"emodnet_dtm_2024","level":2}},{"type":"Feature","geometry":{"type":"LineString","coordinates":[[-31.14042,39.47208],[-31.13958,39.47208],[-31.14042,39.47208]]},"properties":{"source":"emodnet_dtm_2024","level":2}},{"type":"Feature","geometry":{"type":"LineString","coordinates":[[-31.14875,39.48375],[-31.14792,39.48375],[-31.14875,39.48375]]},"properties":{"source":"emodnet_dtm_2024","level":2}},{"type":"Feature","geometry":{"type":"LineString","coordinates":[[-31.17125,39.49875],[-31.17042,39.49875],[-31.17125,39.49958],[-31.17125,39.49875]]},"properties":{"source":"emodnet_dtm_2024","level":2}},{"type":"Feature","geometry":{"type":"LineString","coordinates":[[-31.16125,39.50125],[-31.16042,39.50125],[-31.16042,39.50208],[-31.16125,39.50208],[-31.16125,39.50125]]},"properties":{"source":"emodnet_dtm_2024","level":2}},{"type":"Feature","geometry":{"type":"LineString","coordinates":[[-31.20042,39.50875],[-31.19958,39.50875],[-31.20042,39.50875]]},"properties":{"source":"emodnet_dtm_2024","level":2}},{"type":"Feature","geometry":{"type":"LineString","coordinates":[[-31.12208,39.6698],[-31.12039,39.67042],[-31.12208,39.6709],[-31.12292,39.66958],[-31.12208,39.6698]]},"properties":{"source":"emodnet_dtm_2024","level":2}},{"type":"Feature","geometry":{"type":"LineString","coordinates":[[-28.22208,38.67873],[-28.22208,38.67873]]},"properties":{"source":"emodnet_dtm_2024","level":2}},{"type":"Feature","geometry":{"type":"LineString","coordinates":[[-27.34125,38.67904],[-27.3418,38.67958],[-27.34125,38.67967],[-27.34125,38.67904]]},"properties":{"source":"emodnet_dtm_2024","level":2}},{"type":"Feature","geometry":{"type":"LineString","coordinates":[[-25.11375,37.00542],[-25.11375,37.00625],[-25.11375,37.00542]]},"properties":{"source":"emodnet_dtm_2024","level":2}},{"type":"Feature","geometry":{"type":"LineString","coordinates":[[-25.82618,37.89042],[-25.82555,37.89125],[-25.82625,37.8918],[-25.8268,37.89125],[-25.82618,37.89042]]},"properties":{"source":"emodnet_dtm_2024","level":2}},{"type":"Feature","geometry":{"type":"LineString","coordinates":[[-28.25534,38.39708],[-28.25542,38.3984],[-28.25534,38.39708]]},"properties":{"source":"emodnet_dtm_2024","level":2}},{"type":"Feature","geometry":{"type":"LineString","coordinates":[[-28.25374,38.39708],[-28.25375,38.39792],[-28.25374,38.39708]]},"properties":{"source":"emodnet_dtm_2024","level":2}},{"type":"Feature","geometry":{"type":"LineString","coordinates":[[-31.14542,39.47208],[-31.14542,39.47292],[-31.14542,39.47208]]},"properties":{"source":"emodnet_dtm_2024","level":2}},{"type":"Feature","geometry":{"type":"LineString","coordinates":[[-31.17375,39.49875],[-31.17375,39.50042],[-31.17375,39.49875]]},"properties":{"source":"emodnet_dtm_2024","level":2}},{"type":"Feature","geometry":{"type":"LineString","coordinates":[[-31.23708,39.51792],[-31.23708,39.51875],[-31.23708,39.51792]]},"properties":{"source":"emodnet_dtm_2024","level":2}},{"type":"Feature","geometry":{"type":"LineString","coordinates":[[-25.02958,36.93125],[-25.02958,36.93125]]},"properties":{"source":"emodnet_dtm_2024","level":2}},{"type":"Feature","geometry":{"type":"LineString","coordinates":[[-25.02958,36.96625],[-25.02958,36.96625]]},"properties":{"source":"emodnet_dtm_2024","level":2}},{"type":"Feature","geometry":{"type":"LineString","coordinates":[[-25.02542,36.96708],[-25.02542,36.96708]]},"properties":{"source":"emodnet_dtm_2024","level":2}},{"type":"Feature","geometry":{"type":"LineString","coordinates":[[-25.17292,37.00125],[-25.17292,37.00125]]},"properties":{"source":"emodnet_dtm_2024","level":2}},{"type":"Feature","geometry":{"type":"LineString","coordinates":[[-25.13375,37.00375],[-25.13375,37.00375]]},"properties":{"source":"emodnet_dtm_2024","level":2}},{"type":"Feature","geometry":{"type":"LineString","coordinates":[[-25.17208,37.00458],[-25.17208,37.00458]]},"properties":{"source":"emodnet_dtm_2024","level":2}},{"type":"Feature","geometry":{"type":"LineString","coordinates":[[-25.13292,37.00458],[-25.13292,37.00458]]},"properties":{"source":"emodnet_dtm_2024","level":2}},{"type":"Feature","geometry":{"type":"LineString","coordinates":[[-25.11792,37.00458],[-25.11792,37.00458]]},"properties":{"source":"emodnet_dtm_2024","level":2}},{"type":"Feature","geometry":{"type":"LineString","coordinates":[[-25.11625,37.00542],[-25.11625,37.00542]]},"properties":{"source":"emodnet_dtm_2024","level":2}},{"type":"Feature","geometry":{"type":"LineString","coordinates":[[-25.13125,37.00708],[-25.13125,37.00708]]},"properties":{"source":"emodnet_dtm_2024","level":2}},{"type":"Feature","geometry":{"type":"LineString","coordinates":[[-25.11292,37.00708],[-25.11292,37.00708]]},"properties":{"source":"emodnet_dtm_2024","level":2}},{"type":"Feature","geometry":{"type":"LineString","coordinates":[[-25.15625,37.00875],[-25.15625,37.00875]]},"properties":{"source":"emodnet_dtm_2024","level":2}},{"type":"Feature","geometry":{"type":"LineString","coordinates":[[-25.15125,37.00875],[-25.15125,37.00875]]},"properties":{"source":"emodnet_dtm_2024","level":2}},{"type":"Feature","geometry":{"type":"LineString","coordinates":[[-25.14958,37.00958],[-25.14958,37.00958]]},"properties":{"source":"emodnet_dtm_2024","level":2}},{"type":"Feature","geometry":{"type":"LineString","coordinates":[[-25.14792,37.01125],[-25.14792,37.01125]]},"properties":{"source":"emodnet_dtm_2024","level":2}},{"type":"Feature","geometry":{"type":"LineString","coordinates":[[-25.10375,37.01125],[-25.10375,37.01125]]},"properties":{"source":"emodnet_dtm_2024","level":2}},{"type":"Feature","geometry":{"type":"LineString","coordinates":[[-25.11042,37.01208],[-25.11042,37.01208]]},"properties":{"source":"emodnet_dtm_2024","level":2}},{"type":"Feature","geometry":{"type":"LineString","coordinates":[[-25.10625,37.01292],[-25.10625,37.01292]]},"properties":{"source":"emodnet_dtm_2024","level":2}},{"type":"Feature","geometry":{"type":"LineString","coordinates":[[-25.10208,37.01292],[-25.10208,37.01292]]},"properties":{"source":"emodnet_dtm_2024","level":2}},{"type":"Feature","geometry":{"type":"LineString","coordinates":[[-25.09958,37.01375],[-25.09958,37.01375]]},"properties":{"source":"emodnet_dtm_2024","level":2}},{"type":"Feature","geometry":{"type":"LineString","coordinates":[[-25.06708,37.01458],[-25.06708,37.01458]]},"properties":{"source":"emodnet_dtm_2024","level":2}},{"type":"Feature","geometry":{"type":"LineString","coordinates":[[-25.59708,37.74375],[-25.59708,37.74375]]},"properties":{"source":"emodnet_dtm_2024","level":2}},{"type":"Feature","geometry":{"type":"LineString","coordinates":[[-25.14042,37.78458],[-25.14042,37.78458]]},"properties":{"source":"emodnet_dtm_2024","level":2}},{"type":"Feature","geometry":{"type":"LineString","coordinates":[[-25.55375,37.81708],[-25.55375,37.81708]]},"properties":{"source":"emodnet_dtm_2024","level":2}},{"type":"Feature","geometry":{"type":"LineString","coordinates":[[-25.55208,37.81708],[-25.55208,37.81708]]},"properties":{"source":"emodnet_dtm_2024","level":2}},{"type":"Feature","geometry":{"type":"LineString","coordinates":[[-25.57208,37.81792],[-25.57208,37.81792]]},"properties":{"source":"emodnet_dtm_2024","level":2}},{"type":"Feature","geometry":{"type":"LineString","coordinates":[[-25.55958,37.81792],[-25.55958,37.81792]]},"properties":{"source":"emodnet_dtm_2024","level":2}},{"type":"Feature","geometry":{"type":"LineString","coordinates":[[-25.60125,37.82125],[-25.60125,37.82125]]},"properties":{"source":"emodnet_dtm_2024","level":2}},{"type":"Feature","geometry":{"type":"LineString","coordinates":[[-25.54208,37.82125],[-25.54208,37.82125]]},"properties":{"source":"emodnet_dtm_2024","level":2}},{"type":"Feature","geometry":{"type":"LineString","coordinates":[[-25.53875,37.82208],[-25.53875,37.82208]]},"properties":{"source":"emodnet_dtm_2024","level":2}},{"type":"Feature","geometry":{"type":"LineString","coordinates":[[-25.45542,37.82375],[-25.45542,37.82375]]},"properties":{"source":"emodnet_dtm_2024","level":2}},{"type":"Feature","geometry":{"type":"LineString","coordinates":[[-25.44458,37.82458],[-25.44458,37.82458]]},"properties":{"source":"emodnet_dtm_2024","level":2}},{"type":"Feature","geometry":{"type":"LineString","coordinates":[[-25.60625,37.82542],[-25.60625,37.82542]]},"properties":{"source":"emodnet_dtm_2024","level":2}},{"type":"Feature","geometry":{"type":"LineString","coordinates":[[-25.52542,37.82542],[-25.52542,37.82542]]},"properties":{"source":"emodnet_dtm_2024","level":2}},{"type":"Feature","geometry":{"type":"LineString","coordinates":[[-25.46708,37.82542],[-25.46708,37.82542]]},"properties":{"source":"emodnet_dtm_2024","level":2}},{"type":"Feature","geometry":{"type":"LineString","coordinates":[[-25.45458,37.82625],[-25.45458,37.82625]]},"properties":{"source":"emodnet_dtm_2024","level":2}},{"type":"Feature","geometry":{"type":"LineString","coordinates":[[-25.44625,37.82625],[-25.44625,37.82625]]},"properties":{"source":"emodnet_dtm_2024","level":2}},{"type":"Feature","geometry":{"type":"LineString","coordinates":[[-25.45125,37.82792],[-25.45125,37.82792]]},"properties":{"source":"emodnet_dtm_2024","level":2}},{"type":"Feature","geometry":{"type":"LineString","coordinates":[[-25.64125,37.82958],[-25.64125,37.82958]]},"properties":{"source":"emodnet_dtm_2024","level":2}},{"type":"Feature","geometry":{"type":"LineString","coordinates":[[-25.52208,37.82958],[-25.52208,37.82958]]},"properties":{"source":"emodnet_dtm_2024","level":2}},{"type":"Feature","geometry":{"type":"LineString","coordinates":[[-25.40208,37.82958],[-25.40208,37.82958]]},"properties":{"source":"emodnet_dtm_2024","level":2}},{"type":"Feature","geometry":{"type":"LineString","coordinates":[[-25.64458,37.83042],[-25.64458,37.83042]]},"properties":{"source":"emodnet_dtm_2024","level":2}},{"type":"Feature","geometry":{"type":"LineString","coordinates":[[-25.63792,37.83042],[-25.63792,37.83042]]},"properties":{"source":"emodnet_dtm_2024","level":2}},{"type":"Feature","geometry":{"type":"LineString","coordinates":[[-25.52125,37.83042],[-25.52125,37.83042]]},"properties":{"source":"emodnet_dtm_2024","level":2}},{"type":"Feature","geometry":{"type":"LineString","coordinates":[[-25.47708,37.83042],[-25.47708,37.83042]]},"properties":{"source":"emodnet_dtm_2024","level":2}},{"type":"Feature","geometry":{"type":"LineString","coordinates":[[-25.66375,37.83375],[-25.66375,37.83375]]},"properties":{"source":"emodnet_dtm_2024","level":2}},{"type":"Feature","geometry":{"type":"LineString","coordinates":[[-25.51375,37.83375],[-25.51375,37.83375]]},"properties":{"source":"emodnet_dtm_2024","level":2}},{"type":"Feature","geometry":{"type":"LineString","coordinates":[[-25.63042,37.83458],[-25.63042,37.83458]]},"properties":{"source":"emodnet_dtm_2024","level":2}},{"type":"Feature","geometry":{"type":"LineString","coordinates":[[-25.50958,37.83458],[-25.50958,37.83458]]},"properties":{"source":"emodnet_dtm_2024","level":2}},{"type":"Feature","geometry":{"type":"LineString","coordinates":[[-25.39708,37.83458],[-25.39708,37.83458]]},"properties":{"source":"emodnet_dtm_2024","level":2}},{"type":"Feature","geometry":{"type":"LineString","coordinates":[[-25.38625,37.83458],[-25.38625,37.83458]]},"properties":{"source":"emodnet_dtm_2024","level":2}},{"type":"Feature","geometry":{"type":"LineString","coordinates":[[-25.38375,37.83458],[-25.38375,37.83458]]},"properties":{"source":"emodnet_dtm_2024","level":2}},{"type":"Feature","geometry":{"type":"LineString","coordinates":[[-25.50542,37.83792],[-25.50542,37.83792]]},"properties":{"source":"emodnet_dtm_2024","level":2}},{"type":"Feature","geometry":{"type":"LineString","coordinates":[[-25.37542,37.83792],[-25.37542,37.83792]]},"properties":{"source":"emodnet_dtm_2024","level":2}},{"type":"Feature","geometry":{"type":"LineString","coordinates":[[-25.37208,37.83875],[-25.37208,37.83875]]},"properties":{"source":"emodnet_dtm_2024","level":2}},{"type":"Feature","geometry":{"type":"LineString","coordinates":[[-25.36792,37.83875],[-25.36792,37.83875]]},"properties":{"source":"emodnet_dtm_2024","level":2}},{"type":"Feature","geometry":{"type":"LineString","coordinates":[[-25.36375,37.84042],[-25.36375,37.84042]]},"properties":{"source":"emodnet_dtm_2024","level":2}},{"type":"Feature","geometry":{"type":"LineString","coordinates":[[-25.36042,37.84125],[-25.36042,37.84125]]},"properties":{"source":"emodnet_dtm_2024","level":2}},{"type":"Feature","geometry":{"type":"LineString","coordinates":[[-25.35958,37.84208],[-25.35958,37.84208]]},"properties":{"source":"emodnet_dtm_2024","level":2}},{"type":"Feature","geometry":{"type":"LineString","coordinates":[[-25.68458,37.84292],[-25.68458,37.84292]]},"properties":{"source":"emodnet_dtm_2024","level":2}},{"type":"Feature","geometry":{"type":"LineString","coordinates":[[-25.35875,37.84292],[-25.35875,37.84292]]},"properties":{"source":"emodnet_dtm_2024","level":2}},{"type":"Feature","geometry":{"type":"LineString","coordinates":[[-25.50042,37.8443],[-25.49999,37.84458],[-25.50042,37.84511],[-25.50084,37.84458],[-25.50042,37.8443]]},"properties":{"source":"emodnet_dtm_2024","level":2}},{"type":"Feature","geometry":{"type":"LineString","coordinates":[[-25.35625,37.84458],[-25.35625,37.84458]]},"properties":{"source":"emodnet_dtm_2024","level":2}},{"type":"Feature","geometry":{"type":"LineString","coordinates":[[-25.35542,37.84542],[-25.35542,37.84542]]},"properties":{"source":"emodnet_dtm_2024","level":2}},{"type":"Feature","geometry":{"type":"LineString","coordinates":[[-25.35375,37.84625],[-25.35375,37.84625]]},"properties":{"source":"emodnet_dtm_2024","level":2}},{"type":"Feature","geometry":{"type":"LineString","coordinates":[[-25.49208,37.84708],[-25.49208,37.84708]]},"properties":{"source":"emodnet_dtm_2024","level":2}},{"type":"Feature","geometry":{"type":"LineString","coordinates":[[-25.35208,37.84708],[-25.35208,37.84708]]},"properties":{"source":"emodnet_dtm_2024","level":2}},{"type":"Feature","geometry":{"type":"LineString","coordinates":[[-25.33792,37.85042],[-25.33792,37.85042]]},"properties":{"source":"emodnet_dtm_2024","level":2}},{"type":"Feature","geometry":{"type":"LineString","coordinates":[[-25.33042,37.85458],[-25.33042,37.85458]]},"properties":{"source":"emodnet_dtm_2024","level":2}},{"type":"Feature","geometry":{"type":"LineString","coordinates":[[-25.23042,37.85458],[-25.23042,37.85458]]},"properties":{"source":"emodnet_dtm_2024","level":2}},{"type":"Feature","geometry":{"type":"LineString","coordinates":[[-25.24458,37.85542],[-25.24458,37.85542]]},"properties":{"source":"emodnet_dtm_2024","level":2}},{"type":"Feature","geometry":{"type":"LineString","coordinates":[[-25.32708,37.85875],[-25.32708,37.85875]]},"properties":{"source":"emodnet_dtm_2024","level":2}},{"type":"Feature","geometry":{"type":"LineString","coordinates":[[-25.30792,37.85875],[-25.30792,37.85875]]},"properties":{"source":"emodnet_dtm_2024","level":2}},{"type":"Feature","geometry":{"type":"LineString","coordinates":[[-25.21042,37.85875],[-25.21042,37.85875]]},"properties":{"source":"emodnet_dtm_2024","level":2}},{"type":"Feature","geometry":{"type":"LineString","coordinates":[[-25.17375,37.85875],[-25.17375,37.85875]]},"properties":{"source":"emodnet_dtm_2024","level":2}},{"type":"Feature","geometry":{"type":"LineString","coordinates":[[-25.28042,37.85958],[-25.28042,37.85958]]},"properties":{"source":"emodnet_dtm_2024","level":2}},{"type":"Feature","geometry":{"type":"LineString","coordinates":[[-25.25792,37.85958],[-25.25792,37.85958]]},"properties":{"source":"emodnet_dtm_2024","level":2}},{"type":"Feature","geometry":{"type":"LineString","coordinates":[[-25.19042,37.85958],[-25.19042,37.85958]]},"properties":{"source":"emodnet_dtm_2024","level":2}},{"type":"Feature","geometry":{"type":"LineString","coordinates":[[-25.32625,37.86292],[-25.32625,37.86292]]},"properties":{"source":"emodnet_dtm_2024","level":2}},{"type":"Feature","geometry":{"type":"LineString","coordinates":[[-25.26458,37.86292],[-25.26458,37.86292]]},"properties":{"source":"emodnet_dtm_2024","level":2}},{"type":"Feature","geometry":{"type":"LineString","coordinates":[[-25.85125,37.86375],[-25.85125,37.86375]]},"properties":{"source":"emodnet_dtm_2024","level":2}},{"type":"Feature","geometry":{"type":"LineString","coordinates":[[-25.32208,37.86375],[-25.32208,37.86375]]},"properties":{"source":"emodnet_dtm_2024","level":2}},{"type":"Feature","geometry":{"type":"LineString","coordinates":[[-25.31875,37.86708],[-25.31875,37.86708]]},"properties":{"source":"emodnet_dtm_2024","level":2}},{"type":"Feature","geometry":{"type":"LineString","coordinates":[[-25.70958,37.87861],[-25.70902,37.87875],[-25.70958,37.87921],[-25.70958,37.87861]]},"properties":{"source":"emodnet_dtm_2024","level":2}},{"type":"Feature","geometry":{"type":"LineString","coordinates":[[-25.71208,37.88042],[-25.71208,37.88042]]},"properties":{"source":"emodnet_dtm_2024","level":2}},{"type":"Feature","geometry":{"type":"LineString","coordinates":[[-25.82708,37.88458],[-25.82708,37.88458]]},"properties":{"source":"emodnet_dtm_2024","level":2}},{"type":"Feature","geometry":{"type":"LineString","coordinates":[[-25.82625,37.88708],[-25.82625,37.88708]]},"properties":{"source":"emodnet_dtm_2024","level":2}},{"type":"Feature","geometry":{"type":"LineString","coordinates":[[-25.74625,37.89708],[-25.74625,37.89708]]},"properties":{"source":"emodnet_dtm_2024","level":2}},{"type":"Feature","geometry":{"type":"LineString","coordinates":[[-25.74458,37.89708],[-25.74458,37.89708]]},"properties":{"source":"emodnet_dtm_2024","level":2}},{"type":"Feature","geometry":{"type":"LineString","coordinates":[[-25.80042,37.90042],[-25.80042,37.90042]]},"properties":{"source":"emodnet_dtm_2024","level":2}},{"type":"Feature","geometry":{"type":"LineString","coordinates":[[-25.74958,37.90023],[-25.74875,37.90125],[-25.75029,37.90042],[-25.74958,37.90023]]},"properties":{"source":"emodnet_dtm_2024","level":2}},{"type":"Feature","geometry":{"type":"LineString","coordinates":[[-25.75125,37.90125],[-25.75125,37.90125]]},"properties":{"source":"emodnet_dtm_2024","level":2}},{"type":"Feature","geometry":{"type":"LineString","coordinates":[[-25.79208,37.90458],[-25.79208,37.90458]]},"properties":{"source":"emodnet_dtm_2024","level":2}},{"type":"Feature","geometry":{"type":"LineString","coordinates":[[-25.76208,37.90542],[-25.76208,37.90542]]},"properties":{"source":"emodnet_dtm_2024","level":2}},{"type":"Feature","geometry":{"type":"LineString","coordinates":[[-25.78875,37.90958],[-25.78875,37.90958]]},"properties":{"source":"emodnet_dtm_2024","level":2}},{"type":"Feature","geometry":{"type":"LineString","coordinates":[[-25.77375,37.90958],[-25.77375,37.90958]]},"properties":{"source":"emodnet_dtm_2024","level":2}},{"type":"Feature","geometry":{"type":"LineString","coordinates":[[-28.23125,38.38225],[-28.23058,38.38292],[-28.23125,38.38317],[-28.23195,38.38292],[-28.23125,38.38225]]},"properties":{"source":"emodnet_dtm_2024","level":2}},{"type":"Feature","geometry":{"type":"LineString","coordinates":[[-28.25542,38.39958],[-28.25542,38.39958]]},"properties":{"source":"emodnet_dtm_2024","level":2}},{"type":"Feature","geometry":{"type":"LineString","coordinates":[[-28.40542,38.42488],[-28.40501,38.42542],[-28.40596,38.42542],[-28.40542,38.42488]]},"properties":{"source":"emodnet_dtm_2024","level":2}},{"type":"Feature","geometry":{"type":"LineString","coordinates":[[-28.08708,38.44708],[-28.08708,38.44708]]},"properties":{"source":"emodnet_dtm_2024","level":2}},{"type":"Feature","geometry":{"type":"LineString","coordinates":[[-28.07958,38.44708],[-28.07958,38.44708]]},"properties":{"source":"emodnet_dtm_2024","level":2}},{"type":"Feature","geometry":{"type":"LineString","coordinates":[[-28.07792,38.44708],[-28.07792,38.44708]]},"properties":{"source":"emodnet_dtm_2024","level":2}},{"type":"Feature","geometry":{"type":"LineString","coordinates":[[-28.07625,38.44708],[-28.07625,38.44708]]},"properties":{"source":"emodnet_dtm_2024","level":2}},{"type":"Feature","geometry":{"type":"LineString","coordinates":[[-28.52875,38.46894],[-28.52875,38.47011],[-28.52958,38.46875],[-28.52875,38.46894]]},"properties":{"source":"emodnet_dtm_2024","level":2}},{"type":"Feature","geometry":{"type":"LineString","coordinates":[[-28.53208,38.47334],[-28.53292,38.47534],[-28.53375,38.47375],[-28.53292,38.47387],[-28.53208,38.47334]]},"properties":{"source":"emodnet_dtm_2024","level":2}},{"type":"Feature","geometry":{"type":"LineString","coordinates":[[-28.75375,38.52116],[-28.75375,38.52116]]},"properties":{"source":"emodnet_dtm_2024","level":2}},{"type":"Feature","geometry":{"type":"LineString","coordinates":[[-28.75458,38.52542],[-28.75458,38.52542]]},"properties":{"source":"emodnet_dtm_2024","level":2}},{"type":"Feature","geometry":{"type":"LineString","coordinates":[[-28.75208,38.52625],[-28.75208,38.52625]]},"properties":{"source":"emodnet_dtm_2024","level":2}},{"type":"Feature","geometry":{"type":"LineString","coordinates":[[-28.74958,38.52625],[-28.74958,38.52625]]},"properties":{"source":"emodnet_dtm_2024","level":2}},{"type":"Feature","geometry":{"type":"LineString","coordinates":[[-28.34542,38.54208],[-28.34542,38.54208]]},"properties":{"source":"emodnet_dtm_2024","level":2}},{"type":"Feature","geometry":{"type":"LineString","coordinates":[[-27.86792,38.55208],[-27.86792,38.55208]]},"properties":{"source":"emodnet_dtm_2024","level":2}},{"type":"Feature","geometry":{"type":"LineString","coordinates":[[-28.49708,38.55542],[-28.49708,38.55542]]},"properties":{"source":"emodnet_dtm_2024","level":2}},{"type":"Feature","geometry":{"type":"LineString","coordinates":[[-28.75875,38.55708],[-28.75875,38.55708]]},"properties":{"source":"emodnet_dtm_2024","level":2}},{"type":"Feature","geometry":{"type":"LineString","coordinates":[[-28.48542,38.55875],[-28.48542,38.55875]]},"properties":{"source":"emodnet_dtm_2024","level":2}},{"type":"Feature","geometry":{"type":"LineString","coordinates":[[-27.76542,38.55875],[-27.76542,38.55875]]},"properties":{"source":"emodnet_dtm_2024","level":2}},{"type":"Feature","geometry":{"type":"LineString","coordinates":[[-27.76958,38.55958],[-27.76958,38.55958]]},"properties":{"source":"emodnet_dtm_2024","level":2}},{"type":"Feature","geometry":{"type":"LineString","coordinates":[[-28.76042,38.56042],[-28.76042,38.56042]]},"properties":{"source":"emodnet_dtm_2024","level":2}},{"type":"Feature","geometry":{"type":"LineString","coordinates":[[-28.60708,38.56458],[-28.60708,38.56458]]},"properties":{"source":"emodnet_dtm_2024","level":2}},{"type":"Feature","geometry":{"type":"LineString","coordinates":[[-27.79458,38.57125],[-27.79458,38.57125]]},"properties":{"source":"emodnet_dtm_2024","level":2}},{"type":"Feature","geometry":{"type":"LineString","coordinates":[[-27.80042,38.57542],[-27.80042,38.57542]]},"properties":{"source":"emodnet_dtm_2024","level":2}},{"type":"Feature","geometry":{"type":"LineString","coordinates":[[-27.80375,38.57625],[-27.80375,38.57625]]},"properties":{"source":"emodnet_dtm_2024","level":2}},{"type":"Feature","geometry":{"type":"LineString","coordinates":[[-27.82875,38.58375],[-27.82875,38.58375]]},"properties":{"source":"emodnet_dtm_2024","level":2}},{"type":"Feature","geometry":{"type":"LineString","coordinates":[[-27.82625,38.58375],[-27.82625,38.58375]]},"properties":{"source":"emodnet_dtm_2024","level":2}},{"type":"Feature","geometry":{"type":"LineString","coordinates":[[-27.83708,38.58875],[-27.83708,38.58875]]},"properties":{"source":"emodnet_dtm_2024","level":2}},{"type":"Feature","geometry":{"type":"LineString","coordinates":[[-27.84875,38.59292],[-27.84875,38.59292]]},"properties":{"source":"emodnet_dtm_2024","level":2}},{"type":"Feature","geometry":{"type":"LineString","coordinates":[[-27.86542,38.60042],[-27.86542,38.60042]]},"properties":{"source":"emodnet_dtm_2024","level":2}},{"type":"Feature","geometry":{"type":"LineString","coordinates":[[-28.82542,38.60458],[-28.82542,38.60458]]},"properties":{"source":"emodnet_dtm_2024","level":2}},{"type":"Feature","geometry":{"type":"LineString","coordinates":[[-28.81708,38.60542],[-28.81708,38.60542]]},"properties":{"source":"emodnet_dtm_2024","level":2}},{"type":"Feature","geometry":{"type":"LineString","coordinates":[[-28.03875,38.61071],[-28.0386,38.61125],[-28.03929,38.61125],[-28.03875,38.61071]]},"properties":{"source":"emodnet_dtm_2024","level":2}},{"type":"Feature","geometry":{"type":"LineString","coordinates":[[-28.77292,38.61292],[-28.77292,38.61292]]},"properties":{"source":"emodnet_dtm_2024","level":2}},{"type":"Feature","geometry":{"type":"LineString","coordinates":[[-28.75208,38.61292],[-28.75208,38.61292]]},"properties":{"source":"emodnet_dtm_2024","level":2}},{"type":"Feature","geometry":{"type":"LineString","coordinates":[[-28.62625,38.61285],[-28.62578,38.61292],[-28.62625,38.61339],[-28.62625,38.61285]]},"properties":{"source":"emodnet_dtm_2024","level":2}},{"type":"Feature","geometry":{"type":"LineString","coordinates":[[-28.76708,38.61375],[-28.76708,38.61375]]},"properties":{"source":"emodnet_dtm_2024","level":2}},{"type":"Feature","geometry":{"type":"LineString","coordinates":[[-28.76458,38.61375],[-28.76458,38.61375]]},"properties":{"source":"emodnet_dtm_2024","level":2}},{"type":"Feature","geometry":{"type":"LineString","coordinates":[[-28.75042,38.61375],[-28.75042,38.61375]]},"properties":{"source":"emodnet_dtm_2024","level":2}},{"type":"Feature","geometry":{"type":"LineString","coordinates":[[-27.89875,38.61375],[-27.89875,38.61375]]},"properties":{"source":"emodnet_dtm_2024","level":2}},{"type":"Feature","geometry":{"type":"LineString","coordinates":[[-28.64542,38.61708],[-28.64542,38.61708]]},"properties":{"source":"emodnet_dtm_2024","level":2}},{"type":"Feature","geometry":{"type":"LineString","coordinates":[[-27.91625,38.61708],[-27.91625,38.61708]]},"properties":{"source":"emodnet_dtm_2024","level":2}},{"type":"Feature","geometry":{"type":"LineString","coordinates":[[-28.65708,38.62625],[-28.65708,38.62625]]},"properties":{"source":"emodnet_dtm_2024","level":2}},{"type":"Feature","geometry":{"type":"LineString","coordinates":[[-28.73458,38.63042],[-28.73458,38.63042]]},"properties":{"source":"emodnet_dtm_2024","level":2}},{"type":"Feature","geometry":{"type":"LineString","coordinates":[[-28.73292,38.63042],[-28.73292,38.63042]]},"properties":{"source":"emodnet_dtm_2024","level":2}},{"type":"Feature","geometry":{"type":"LineString","coordinates":[[-27.94542,38.63375],[-27.94542,38.63375]]},"properties":{"source":"emodnet_dtm_2024","level":2}},{"type":"Feature","geometry":{"type":"LineString","coordinates":[[-28.73042,38.63458],[-28.73042,38.63458]]},"properties":{"source":"emodnet_dtm_2024","level":2}},{"type":"Feature","geometry":{"type":"LineString","coordinates":[[-28.72708,38.63792],[-28.72708,38.63792]]},"properties":{"source":"emodnet_dtm_2024","level":2}},{"type":"Feature","geometry":{"type":"LineString","coordinates":[[-28.72625,38.63875],[-28.72625,38.63875]]},"properties":{"source":"emodnet_dtm_2024","level":2}},{"type":"Feature","geometry":{"type":"LineString","coordinates":[[-28.71875,38.64292],[-28.71875,38.64292]]},"properties":{"source":"emodnet_dtm_2024","level":2}},{"type":"Feature","geometry":{"type":"LineString","coordinates":[[-28.69958,38.64292],[-28.69958,38.64292]]},"properties":{"source":"emodnet_dtm_2024","level":2}},{"type":"Feature","geometry":{"type":"LineString","coordinates":[[-27.09375,38.64375],[-27.09375,38.64375]]},"properties":{"source":"emodnet_dtm_2024","level":2}},{"type":"Feature","geometry":{"type":"LineString","coordinates":[[-27.97875,38.64708],[-27.97875,38.64708]]},"properties":{"source":"emodnet_dtm_2024","level":2}},{"type":"Feature","geometry":{"type":"LineString","coordinates":[[-27.99542,38.65958],[-27.99542,38.65958]]},"properties":{"source":"emodnet_dtm_2024","level":2}},{"type":"Feature","geometry":{"type":"LineString","coordinates":[[-28.02958,38.67208],[-28.02958,38.67208]]},"properties":{"source":"emodnet_dtm_2024","level":2}},{"type":"Feature","geometry":{"type":"LineString","coordinates":[[-28.06625,38.67958],[-28.06625,38.67958]]},"properties":{"source":"emodnet_dtm_2024","level":2}},{"type":"Feature","geometry":{"type":"LineString","coordinates":[[-28.05625,38.67958],[-28.05625,38.67958]]},"properties":{"source":"emodnet_dtm_2024","level":2}},{"type":"Feature","geometry":{"type":"LineString","coordinates":[[-28.06958,38.68042],[-28.06958,38.68042]]},"properties":{"source":"emodnet_dtm_2024","level":2}},{"type":"Feature","geometry":{"type":"LineString","coordinates":[[-28.22292,38.68458],[-28.22292,38.68458]]},"properties":{"source":"emodnet_dtm_2024","level":2}},{"type":"Feature","geometry":{"type":"LineString","coordinates":[[-28.08208,38.68458],[-28.08208,38.68458]]},"properties":{"source":"emodnet_dtm_2024","level":2}},{"type":"Feature","geometry":{"type":"LineString","coordinates":[[-28.22125,38.68958],[-28.22125,38.68958]]},"properties":{"source":"emodnet_dtm_2024","level":2}},{"type":"Feature","geometry":{"type":"LineString","coordinates":[[-28.11042,38.69292],[-28.11042,38.69292]]},"properties":{"source":"emodnet_dtm_2024","level":2}},{"type":"Feature","geometry":{"type":"LineString","coordinates":[[-27.37125,38.71208],[-27.37125,38.71208]]},"properties":{"source":"emodnet_dtm_2024","level":2}},{"type":"Feature","geometry":{"type":"LineString","coordinates":[[-27.37292,38.71625],[-27.37292,38.71625]]},"properties":{"source":"emodnet_dtm_2024","level":2}},{"type":"Feature","geometry":{"type":"LineString","coordinates":[[-28.18208,38.71792],[-28.18208,38.71792]]},"properties":{"source":"emodnet_dtm_2024","level":2}},{"type":"Feature","geometry":{"type":"LineString","coordinates":[[-28.19958,38.72208],[-28.19958,38.72208]]},"properties":{"source":"emodnet_dtm_2024","level":2}},{"type":"Feature","geometry":{"type":"LineString","coordinates":[[-28.28042,38.72375],[-28.28042,38.72375]]},"properties":{"source":"emodnet_dtm_2024","level":2}},{"type":"Feature","geometry":{"type":"LineString","coordinates":[[-28.21208,38.72625],[-28.21208,38.72625]]},"properties":{"source":"emodnet_dtm_2024","level":2}},{"type":"Feature","geometry":{"type":"LineString","coordinates":[[-27.37958,38.73708],[-27.37958,38.73708]]},"properties":{"source":"emodnet_dtm_2024","level":2}},{"type":"Feature","geometry":{"type":"LineString","coordinates":[[-28.25708,38.74292],[-28.25708,38.74292]]},"properties":{"source":"emodnet_dtm_2024","level":2}},{"type":"Feature","geometry":{"type":"LineString","coordinates":[[-27.37708,38.75125],[-27.37708,38.75125]]},"properties":{"source":"emodnet_dtm_2024","level":2}},{"type":"Feature","geometry":{"type":"LineString","coordinates":[[-28.31458,38.75375],[-28.31458,38.75375]]},"properties":{"source":"emodnet_dtm_2024","level":2}},{"type":"Feature","geometry":{"type":"LineString","coordinates":[[-27.37542,38.75458],[-27.37542,38.75458]]},"properties":{"source":"emodnet_dtm_2024","level":2}},{"type":"Feature","geometry":{"type":"LineString","coordinates":[[-27.37292,38.76125],[-27.37292,38.76125]]},"properties":{"source":"emodnet_dtm_2024","level":2}},{"type":"Feature","geometry":{"type":"LineString","coordinates":[[-27.37042,38.76708],[-27.37042,38.76708]]},"properties":{"source":"emodnet_dtm_2024","level":2}},{"type":"Feature","geometry":{"type":"LineString","coordinates":[[-27.37375,38.76792],[-27.37375,38.76792]]},"properties":{"source":"emodnet_dtm_2024","level":2}},{"type":"Feature","geometry":{"type":"LineString","coordinates":[[-27.36875,38.76792],[-27.36875,38.76792]]},"properties":{"source":"emodnet_dtm_2024","level":2}},{"type":"Feature","geometry":{"type":"LineString","coordinates":[[-27.36708,38.77208],[-27.36708,38.77208]]},"properties":{"source":"emodnet_dtm_2024","level":2}},{"type":"Feature","geometry":{"type":"LineString","coordinates":[[-27.36708,38.77625],[-27.36708,38.77625]]},"properties":{"source":"emodnet_dtm_2024","level":2}},{"type":"Feature","geometry":{"type":"LineString","coordinates":[[-27.08625,38.77625],[-27.08625,38.77625]]},"properties":{"source":"emodnet_dtm_2024","level":2}},{"type":"Feature","geometry":{"type":"LineString","coordinates":[[-27.36208,38.77875],[-27.36208,38.77875]]},"properties":{"source":"emodnet_dtm_2024","level":2}},{"type":"Feature","geometry":{"type":"LineString","coordinates":[[-27.36375,38.77958],[-27.36375,38.77958]]},"properties":{"source":"emodnet_dtm_2024","level":2}},{"type":"Feature","geometry":{"type":"LineString","coordinates":[[-27.36125,38.78205],[-27.36125,38.78205]]},"properties":{"source":"emodnet_dtm_2024","level":2}},{"type":"Feature","geometry":{"type":"LineString","coordinates":[[-27.35542,38.78375],[-27.35542,38.78375]]},"properties":{"source":"emodnet_dtm_2024","level":2}},{"type":"Feature","geometry":{"type":"LineString","coordinates":[[-27.12708,38.78375],[-27.12708,38.78375]]},"properties":{"source":"emodnet_dtm_2024","level":2}},{"type":"Feature","geometry":{"type":"LineString","coordinates":[[-27.12208,38.78375],[-27.12208,38.78375]]},"properties":{"source":"emodnet_dtm_2024","level":2}},{"type":"Feature","geometry":{"type":"LineString","coordinates":[[-27.11458,38.78458],[-27.11458,38.78458]]},"properties":{"source":"emodnet_dtm_2024","level":2}},{"type":"Feature","geometry":{"type":"LineString","coordinates":[[-27.34625,38.78792],[-27.34625,38.78792]]},"properties":{"source":"emodnet_dtm_2024","level":2}},{"type":"Feature","geometry":{"type":"LineString","coordinates":[[-27.15292,38.78792],[-27.15292,38.78792]]},"properties":{"source":"emodnet_dtm_2024","level":2}},{"type":"Feature","geometry":{"type":"LineString","coordinates":[[-27.34375,38.78875],[-27.34375,38.78875]]},"properties":{"source":"emodnet_dtm_2024","level":2}},{"type":"Feature","geometry":{"type":"LineString","coordinates":[[-27.33792,38.79208],[-27.33792,38.79208]]},"properties":{"source":"emodnet_dtm_2024","level":2}},{"type":"Feature","geometry":{"type":"LineString","coordinates":[[-27.22708,38.79208],[-27.22708,38.79208]]},"properties":{"source":"emodnet_dtm_2024","level":2}},{"type":"Feature","geometry":{"type":"LineString","coordinates":[[-27.16208,38.79208],[-27.16208,38.79208]]},"properties":{"source":"emodnet_dtm_2024","level":2}},{"type":"Feature","geometry":{"type":"LineString","coordinates":[[-27.33542,38.79292],[-27.33542,38.79292]]},"properties":{"source":"emodnet_dtm_2024","level":2}},{"type":"Feature","geometry":{"type":"LineString","coordinates":[[-27.22625,38.79292],[-27.22625,38.79292]]},"properties":{"source":"emodnet_dtm_2024","level":2}},{"type":"Feature","geometry":{"type":"LineString","coordinates":[[-27.17208,38.79292],[-27.17208,38.79292]]},"properties":{"source":"emodnet_dtm_2024","level":2}},{"type":"Feature","geometry":{"type":"LineString","coordinates":[[-27.17042,38.79292],[-27.17042,38.79292]]},"properties":{"source":"emodnet_dtm_2024","level":2}},{"type":"Feature","geometry":{"type":"LineString","coordinates":[[-27.32625,38.79625],[-27.32625,38.79625]]},"properties":{"source":"emodnet_dtm_2024","level":2}},{"type":"Feature","geometry":{"type":"LineString","coordinates":[[-27.18375,38.79625],[-27.18375,38.79625]]},"properties":{"source":"emodnet_dtm_2024","level":2}},{"type":"Feature","geometry":{"type":"LineString","coordinates":[[-27.31792,38.79708],[-27.31792,38.79708]]},"properties":{"source":"emodnet_dtm_2024","level":2}},{"type":"Feature","geometry":{"type":"LineString","coordinates":[[-27.20292,38.79708],[-27.20292,38.79708]]},"properties":{"source":"emodnet_dtm_2024","level":2}},{"type":"Feature","geometry":{"type":"LineString","coordinates":[[-27.21375,38.80021],[-27.21324,38.80042],[-27.21375,38.80093],[-27.21426,38.80042],[-27.21375,38.80021]]},"properties":{"source":"emodnet_dtm_2024","level":2}},{"type":"Feature","geometry":{"type":"LineString","coordinates":[[-27.28958,38.80125],[-27.28958,38.80125]]},"properties":{"source":"emodnet_dtm_2024","level":2}},{"type":"Feature","geometry":{"type":"LineString","coordinates":[[-27.97125,39.00737],[-27.97065,39.00792],[-27.97125,39.00821],[-27.97179,39.00792],[-27.97125,39.00737]]},"properties":{"source":"emodnet_dtm_2024","level":2}},{"type":"Feature","geometry":{"type":"LineString","coordinates":[[-27.98792,39.01104],[-27.98792,39.01104]]},"properties":{"source":"emodnet_dtm_2024","level":2}},{"type":"Feature","geometry":{"type":"LineString","coordinates":[[-28.04792,39.03542],[-28.04792,39.03542]]},"properties":{"source":"emodnet_dtm_2024","level":2}},{"type":"Feature","geometry":{"type":"LineString","coordinates":[[-28.05208,39.04042],[-28.05208,39.04042]]},"properties":{"source":"emodnet_dtm_2024","level":2}},{"type":"Feature","geometry":{"type":"LineString","coordinates":[[-28.05542,39.04875],[-28.05542,39.04875]]},"properties":{"source":"emodnet_dtm_2024","level":2}},{"type":"Feature","geometry":{"type":"LineString","coordinates":[[-28.05625,39.05208],[-28.05625,39.05208]]},"properties":{"source":"emodnet_dtm_2024","level":2}},{"type":"Feature","geometry":{"type":"LineString","coordinates":[[-28.07125,39.07125],[-28.07125,39.07125]]},"properties":{"source":"emodnet_dtm_2024","level":2}},{"type":"Feature","geometry":{"type":"LineString","coordinates":[[-28.06792,39.07208],[-28.06792,39.07208]]},"properties":{"source":"emodnet_dtm_2024","level":2}},{"type":"Feature","geometry":{"type":"LineString","coordinates":[[-28.06375,39.07625],[-28.06375,39.07625]]},"properties":{"source":"emodnet_dtm_2024","level":2}},{"type":"Feature","geometry":{"type":"LineString","coordinates":[[-28.06042,39.07958],[-28.06042,39.07958]]},"properties":{"source":"emodnet_dtm_2024","level":2}},{"type":"Feature","geometry":{"type":"LineString","coordinates":[[-28.05458,39.08542],[-28.05458,39.08542]]},"properties":{"source":"emodnet_dtm_2024","level":2}},{"type":"Feature","geometry":{"type":"LineString","coordinates":[[-28.05542,39.08875],[-28.05542,39.08875]]},"properties":{"source":"emodnet_dtm_2024","level":2}},{"type":"Feature","geometry":{"type":"LineString","coordinates":[[-28.05208,39.09292],[-28.05208,39.09292]]},"properties":{"source":"emodnet_dtm_2024","level":2}},{"type":"Feature","geometry":{"type":"LineString","coordinates":[[-28.04625,39.09542],[-28.04625,39.09542]]},"properties":{"source":"emodnet_dtm_2024","level":2}},{"type":"Feature","geometry":{"type":"LineString","coordinates":[[-28.04375,39.09708],[-28.04375,39.09708]]},"properties":{"source":"emodnet_dtm_2024","level":2}},{"type":"Feature","geometry":{"type":"LineString","coordinates":[[-31.25875,39.39542],[-31.25875,39.39542]]},"properties":{"source":"emodnet_dtm_2024","level":2}},{"type":"Feature","geometry":{"type":"LineString","coordinates":[[-31.26042,39.39792],[-31.26042,39.39792]]},"properties":{"source":"emodnet_dtm_2024","level":2}},{"type":"Feature","geometry":{"type":"LineString","coordinates":[[-31.26042,39.40042],[-31.26042,39.40042]]},"properties":{"source":"emodnet_dtm_2024","level":2}},{"type":"Feature","geometry":{"type":"LineString","coordinates":[[-31.25458,39.40625],[-31.25458,39.40625]]},"properties":{"source":"emodnet_dtm_2024","level":2}},{"type":"Feature","geometry":{"type":"LineString","coordinates":[[-31.26125,39.41458],[-31.26125,39.41458]]},"properties":{"source":"emodnet_dtm_2024","level":2}},{"type":"Feature","geometry":{"type":"LineString","coordinates":[[-31.26458,39.42958],[-31.26458,39.42958]]},"properties":{"source":"emodnet_dtm_2024","level":2}},{"type":"Feature","geometry":{"type":"LineString","coordinates":[[-31.26375,39.43042],[-31.26375,39.43042]]},"properties":{"source":"emodnet_dtm_2024","level":2}},{"type":"Feature","geometry":{"type":"LineString","coordinates":[[-31.26375,39.44375],[-31.26375,39.44375]]},"properties":{"source":"emodnet_dtm_2024","level":2}},{"type":"Feature","geometry":{"type":"LineString","coordinates":[[-31.26792,39.45458],[-31.26792,39.45458]]},"properties":{"source":"emodnet_dtm_2024","level":2}},{"type":"Feature","geometry":{"type":"LineString","coordinates":[[-31.26708,39.45542],[-31.26708,39.45542]]},"properties":{"source":"emodnet_dtm_2024","level":2}},{"type":"Feature","geometry":{"type":"LineString","coordinates":[[-31.26708,39.45708],[-31.26708,39.45708]]},"properties":{"source":"emodnet_dtm_2024","level":2}},{"type":"Feature","geometry":{"type":"LineString","coordinates":[[-31.26708,39.45875],[-31.26708,39.45875]]},"properties":{"source":"emodnet_dtm_2024","level":2}},{"type":"Feature","geometry":{"type":"LineString","coordinates":[[-31.25875,39.46292],[-31.25875,39.46292]]},"properties":{"source":"emodnet_dtm_2024","level":2}},{"type":"Feature","geometry":{"type":"LineString","coordinates":[[-31.25875,39.48458],[-31.25875,39.48458]]},"properties":{"source":"emodnet_dtm_2024","level":2}},{"type":"Feature","geometry":{"type":"LineString","coordinates":[[-31.25875,39.48625],[-31.25875,39.48625]]},"properties":{"source":"emodnet_dtm_2024","level":2}},{"type":"Feature","geometry":{"type":"LineString","coordinates":[[-31.25875,39.48875],[-31.25875,39.48875]]},"properties":{"source":"emodnet_dtm_2024","level":2}},{"type":"Feature","geometry":{"type":"LineString","coordinates":[[-31.25625,39.49292],[-31.25625,39.49292]]},"properties":{"source":"emodnet_dtm_2024","level":2}},{"type":"Feature","geometry":{"type":"LineString","coordinates":[[-31.17042,39.49875],[-31.17042,39.49875]]},"properties":{"source":"emodnet_dtm_2024","level":2}},{"type":"Feature","geometry":{"type":"LineString","coordinates":[[-31.16625,39.49875],[-31.16625,39.49875]]},"properties":{"source":"emodnet_dtm_2024","level":2}},{"type":"Feature","geometry":{"type":"LineString","coordinates":[[-31.18125,39.49958],[-31.18125,39.49958]]},"properties":{"source":"emodnet_dtm_2024","level":2}},{"type":"Feature","geometry":{"type":"LineString","coordinates":[[-31.16375,39.49958],[-31.16375,39.49958]]},"properties":{"source":"emodnet_dtm_2024","level":2}},{"type":"Feature","geometry":{"type":"LineString","coordinates":[[-31.24292,39.50042],[-31.24292,39.50042]]},"properties":{"source":"emodnet_dtm_2024","level":2}},{"type":"Feature","geometry":{"type":"LineString","coordinates":[[-31.18042,39.50042],[-31.18042,39.50042]]},"properties":{"source":"emodnet_dtm_2024","level":2}},{"type":"Feature","geometry":{"type":"LineString","coordinates":[[-31.24208,39.50125],[-31.24208,39.50125]]},"properties":{"source":"emodnet_dtm_2024","level":2}},{"type":"Feature","geometry":{"type":"LineString","coordinates":[[-31.16042,39.50125],[-31.16042,39.50125]]},"properties":{"source":"emodnet_dtm_2024","level":2}},{"type":"Feature","geometry":{"type":"LineString","coordinates":[[-31.18875,39.50292],[-31.18875,39.50292]]},"properties":{"source":"emodnet_dtm_2024","level":2}},{"type":"Feature","geometry":{"type":"LineString","coordinates":[[-31.19708,39.50792],[-31.19708,39.50792]]},"properties":{"source":"emodnet_dtm_2024","level":2}},{"type":"Feature","geometry":{"type":"LineString","coordinates":[[-31.24458,39.50869],[-31.24458,39.50904],[-31.24458,39.50869]]},"properties":{"source":"emodnet_dtm_2024","level":2}},{"type":"Feature","geometry":{"type":"LineString","coordinates":[[-31.19542,39.50875],[-31.19542,39.50875]]},"properties":{"source":"emodnet_dtm_2024","level":2}},{"type":"Feature","geometry":{"type":"LineString","coordinates":[[-31.23542,39.51542],[-31.23542,39.51542]]},"properties":{"source":"emodnet_dtm_2024","level":2}},{"type":"Feature","geometry":{"type":"LineString","coordinates":[[-31.23792,39.52208],[-31.23792,39.52208]]},"properties":{"source":"emodnet_dtm_2024","level":2}},{"type":"Feature","geometry":{"type":"LineString","coordinates":[[-31.21458,39.52292],[-31.21458,39.52292]]},"properties":{"source":"emodnet_dtm_2024","level":2}},{"type":"Feature","geometry":{"type":"LineString","coordinates":[[-31.20958,39.52542],[-31.20958,39.52542]]},"properties":{"source":"emodnet_dtm_2024","level":2}},{"type":"Feature","geometry":{"type":"LineString","coordinates":[[-31.20792,39.52542],[-31.20792,39.52542]]},"properties":{"source":"emodnet_dtm_2024","level":2}},{"type":"Feature","geometry":{"type":"LineString","coordinates":[[-31.12208,39.67625],[-31.12208,39.67625]]},"properties":{"source":"emodnet_dtm_2024","level":2}},{"type":"Feature","geometry":{"type":"LineString","coordinates":[[-31.11875,39.68125],[-31.11875,39.68125]]},"properties":{"source":"emodnet_dtm_2024","level":2}},{"type":"Feature","geometry":{"type":"LineString","coordinates":[[-31.12708,39.70958],[-31.12708,39.70958]]},"properties":{"source":"emodnet_dtm_2024","level":2}},{"type":"Feature","geometry":{"type":"LineString","coordinates":[[-31.12542,39.71292],[-31.12542,39.71292]]},"properties":{"source":"emodnet_dtm_2024","level":2}},{"type":"Feature","geometry":{"type":"LineString","coordinates":[[-31.12125,39.71708],[-31.12125,39.71708]]},"properties":{"source":"emodnet_dtm_2024","level":2}},{"type":"Feature","geometry":{"type":"LineString","coordinates":[[-31.12208,39.72542],[-31.12208,39.72542]]},"properties":{"source":"emodnet_dtm_2024","level":2}},{"type":"Feature","geometry":{"type":"LineString","coordinates":[[-31.11625,39.72542],[-31.11625,39.72542]]},"properties":{"source":"emodnet_dtm_2024","level":2}},{"type":"Feature","geometry":{"type":"LineString","coordinates":[[-31.12125,39.72625],[-31.12125,39.72625]]},"properties":{"source":"emodnet_dtm_2024","level":2}},{"type":"Feature","geometry":{"type":"LineString","coordinates":[[-25.01542,36.93292],[-25.01542,36.93292]]},"properties":{"source":"emodnet_dtm_2024","level":2}},{"type":"Feature","geometry":{"type":"LineString","coordinates":[[-25.01542,36.93458],[-25.01542,36.93458]]},"properties":{"source":"emodnet_dtm_2024","level":2}},{"type":"Feature","geometry":{"type":"LineString","coordinates":[[-25.01542,36.94625],[-25.01542,36.94625]]},"properties":{"source":"emodnet_dtm_2024","level":2}},{"type":"Feature","geometry":{"type":"LineString","coordinates":[[-25.01625,36.94708],[-25.01625,36.94708]]},"properties":{"source":"emodnet_dtm_2024","level":2}},{"type":"Feature","geometry":{"type":"LineString","coordinates":[[-25.02792,36.96708],[-25.02792,36.96708]]},"properties":{"source":"emodnet_dtm_2024","level":2}},{"type":"Feature","geometry":{"type":"LineString","coordinates":[[-25.04125,36.98375],[-25.04125,36.98375]]},"properties":{"source":"emodnet_dtm_2024","level":2}},{"type":"Feature","geometry":{"type":"LineString","coordinates":[[-25.05292,36.98792],[-25.05292,36.98792]]},"properties":{"source":"emodnet_dtm_2024","level":2}},{"type":"Feature","geometry":{"type":"LineString","coordinates":[[-25.05375,36.98875],[-25.05375,36.98875]]},"properties":{"source":"emodnet_dtm_2024","level":2}},{"type":"Feature","geometry":{"type":"LineString","coordinates":[[-25.05375,36.99375],[-25.05375,36.99375]]},"properties":{"source":"emodnet_dtm_2024","level":2}},{"type":"Feature","geometry":{"type":"LineString","coordinates":[[-25.05292,37.00292],[-25.05292,37.00292]]},"properties":{"source":"emodnet_dtm_2024","level":2}},{"type":"Feature","geometry":{"type":"LineString","coordinates":[[-25.13708,37.00375],[-25.13708,37.00375]]},"properties":{"source":"emodnet_dtm_2024","level":2}},{"type":"Feature","geometry":{"type":"LineString","coordinates":[[-25.13875,37.00458],[-25.13875,37.00458]]},"properties":{"source":"emodnet_dtm_2024","level":2}},{"type":"Feature","geometry":{"type":"LineString","coordinates":[[-25.12042,37.00458],[-25.12042,37.00458]]},"properties":{"source":"emodnet_dtm_2024","level":2}},{"type":"Feature","geometry":{"type":"LineString","coordinates":[[-25.14208,37.00542],[-25.14208,37.00542]]},"properties":{"source":"emodnet_dtm_2024","level":2}},{"type":"Feature","geometry":{"type":"LineString","coordinates":[[-25.12208,37.00542],[-25.12208,37.00542]]},"properties":{"source":"emodnet_dtm_2024","level":2}},{"type":"Feature","geometry":{"type":"LineString","coordinates":[[-25.14458,37.00708],[-25.14458,37.00708]]},"properties":{"source":"emodnet_dtm_2024","level":2}},{"type":"Feature","geometry":{"type":"LineString","coordinates":[[-25.14542,37.00792],[-25.14542,37.00792]]},"properties":{"source":"emodnet_dtm_2024","level":2}},{"type":"Feature","geometry":{"type":"LineString","coordinates":[[-25.12458,37.00792],[-25.12458,37.00792]]},"properties":{"source":"emodnet_dtm_2024","level":2}},{"type":"Feature","geometry":{"type":"LineString","coordinates":[[-25.15458,37.00875],[-25.15458,37.00875]]},"properties":{"source":"emodnet_dtm_2024","level":2}},{"type":"Feature","geometry":{"type":"LineString","coordinates":[[-25.10708,37.01292],[-25.10708,37.01292]]},"properties":{"source":"emodnet_dtm_2024","level":2}},{"type":"Feature","geometry":{"type":"LineString","coordinates":[[-25.10292,37.01292],[-25.10292,37.01292]]},"properties":{"source":"emodnet_dtm_2024","level":2}},{"type":"Feature","geometry":{"type":"LineString","coordinates":[[-25.08208,37.01375],[-25.08208,37.01375]]},"properties":{"source":"emodnet_dtm_2024","level":2}},{"type":"Feature","geometry":{"type":"LineString","coordinates":[[-25.06208,37.01708],[-25.06208,37.01708]]},"properties":{"source":"emodnet_dtm_2024","level":2}},{"type":"Feature","geometry":{"type":"LineString","coordinates":[[-25.19964,37.73625],[-25.19964,37.73625]]},"properties":{"source":"emodnet_dtm_2024","level":2}},{"type":"Feature","geometry":{"type":"LineString","coordinates":[[-25.14125,37.78792],[-25.14125,37.78792]]},"properties":{"source":"emodnet_dtm_2024","level":2}},{"type":"Feature","geometry":{"type":"LineString","coordinates":[[-25.14125,37.79792],[-25.14125,37.79792]]},"properties":{"source":"emodnet_dtm_2024","level":2}},{"type":"Feature","geometry":{"type":"LineString","coordinates":[[-25.14042,37.79958],[-25.14042,37.79958]]},"properties":{"source":"emodnet_dtm_2024","level":2}},{"type":"Feature","geometry":{"type":"LineString","coordinates":[[-25.59958,37.82125],[-25.59958,37.82125]]},"properties":{"source":"emodnet_dtm_2024","level":2}},{"type":"Feature","geometry":{"type":"LineString","coordinates":[[-25.45792,37.82375],[-25.45792,37.82375]]},"properties":{"source":"emodnet_dtm_2024","level":2}},{"type":"Feature","geometry":{"type":"LineString","coordinates":[[-25.46292,37.82542],[-25.46292,37.82542]]},"properties":{"source":"emodnet_dtm_2024","level":2}},{"type":"Feature","geometry":{"type":"LineString","coordinates":[[-25.47208,37.82625],[-25.47208,37.82625]]},"properties":{"source":"emodnet_dtm_2024","level":2}},{"type":"Feature","geometry":{"type":"LineString","coordinates":[[-25.46542,37.82625],[-25.46542,37.82625]]},"properties":{"source":"emodnet_dtm_2024","level":2}},{"type":"Feature","geometry":{"type":"LineString","coordinates":[[-25.45292,37.82792],[-25.45292,37.82792]]},"properties":{"source":"emodnet_dtm_2024","level":2}},{"type":"Feature","geometry":{"type":"LineString","coordinates":[[-25.44958,37.82792],[-25.44958,37.82792]]},"properties":{"source":"emodnet_dtm_2024","level":2}},{"type":"Feature","geometry":{"type":"LineString","coordinates":[[-25.47375,37.82875],[-25.47375,37.82875]]},"properties":{"source":"emodnet_dtm_2024","level":2}},{"type":"Feature","geometry":{"type":"LineString","coordinates":[[-25.47542,37.82958],[-25.47542,37.82958]]},"properties":{"source":"emodnet_dtm_2024","level":2}},{"type":"Feature","geometry":{"type":"LineString","coordinates":[[-25.47792,37.83042],[-25.47792,37.83042]]},"properties":{"source":"emodnet_dtm_2024","level":2}},{"type":"Feature","geometry":{"type":"LineString","coordinates":[[-25.62792,37.83375],[-25.62792,37.83375]]},"properties":{"source":"emodnet_dtm_2024","level":2}},{"type":"Feature","geometry":{"type":"LineString","coordinates":[[-25.47875,37.83375],[-25.47875,37.83375]]},"properties":{"source":"emodnet_dtm_2024","level":2}},{"type":"Feature","geometry":{"type":"LineString","coordinates":[[-25.62875,37.83458],[-25.62875,37.83458]]},"properties":{"source":"emodnet_dtm_2024","level":2}},{"type":"Feature","geometry":{"type":"LineString","coordinates":[[-25.47958,37.83458],[-25.47958,37.83458]]},"properties":{"source":"emodnet_dtm_2024","level":2}},{"type":"Feature","geometry":{"type":"LineString","coordinates":[[-25.48208,37.83708],[-25.48208,37.83708]]},"properties":{"source":"emodnet_dtm_2024","level":2}},{"type":"Feature","geometry":{"type":"LineString","coordinates":[[-25.37292,37.83875],[-25.37292,37.83875]]},"properties":{"source":"emodnet_dtm_2024","level":2}},{"type":"Feature","geometry":{"type":"LineString","coordinates":[[-25.36958,37.83875],[-25.36958,37.83875]]},"properties":{"source":"emodnet_dtm_2024","level":2}},{"type":"Feature","geometry":{"type":"LineString","coordinates":[[-25.14458,37.84208],[-25.14458,37.84208]]},"properties":{"source":"emodnet_dtm_2024","level":2}},{"type":"Feature","geometry":{"type":"LineString","coordinates":[[-25.16208,37.85542],[-25.16208,37.85542]]},"properties":{"source":"emodnet_dtm_2024","level":2}},{"type":"Feature","geometry":{"type":"LineString","coordinates":[[-25.31625,37.86708],[-25.31625,37.86708]]},"properties":{"source":"emodnet_dtm_2024","level":2}},{"type":"Feature","geometry":{"type":"LineString","coordinates":[[-25.71542,37.88375],[-25.71542,37.88375]]},"properties":{"source":"emodnet_dtm_2024","level":2}},{"type":"Feature","geometry":{"type":"LineString","coordinates":[[-25.71625,37.88458],[-25.71625,37.88458]]},"properties":{"source":"emodnet_dtm_2024","level":2}},{"type":"Feature","geometry":{"type":"LineString","coordinates":[[-28.12875,38.45125],[-28.12875,38.45125]]},"properties":{"source":"emodnet_dtm_2024","level":2}},{"type":"Feature","geometry":{"type":"LineString","coordinates":[[-28.14042,38.45458],[-28.14042,38.45458]]},"properties":{"source":"emodnet_dtm_2024","level":2}},{"type":"Feature","geometry":{"type":"LineString","coordinates":[[-28.19042,38.46375],[-28.19042,38.46375]]},"properties":{"source":"emodnet_dtm_2024","level":2}},{"type":"Feature","geometry":{"type":"LineString","coordinates":[[-28.21958,38.48375],[-28.21958,38.48375]]},"properties":{"source":"emodnet_dtm_2024","level":2}},{"type":"Feature","geometry":{"type":"LineString","coordinates":[[-28.23208,38.48875],[-28.23208,38.48875]]},"properties":{"source":"emodnet_dtm_2024","level":2}},{"type":"Feature","geometry":{"type":"LineString","coordinates":[[-28.27792,38.50542],[-28.27792,38.50542]]},"properties":{"source":"emodnet_dtm_2024","level":2}},{"type":"Feature","geometry":{"type":"LineString","coordinates":[[-28.29542,38.50875],[-28.29542,38.50875]]},"properties":{"source":"emodnet_dtm_2024","level":2}},{"type":"Feature","geometry":{"type":"LineString","coordinates":[[-28.60804,38.54208],[-28.60792,38.54163],[-28.60746,38.54208],[-28.60804,38.54208]]},"properties":{"source":"emodnet_dtm_2024","level":2}},{"type":"Feature","geometry":{"type":"LineString","coordinates":[[-28.35708,38.54708],[-28.35708,38.54708]]},"properties":{"source":"emodnet_dtm_2024","level":2}},{"type":"Feature","geometry":{"type":"LineString","coordinates":[[-28.45792,38.55875],[-28.45792,38.55875]]},"properties":{"source":"emodnet_dtm_2024","level":2}},{"type":"Feature","geometry":{"type":"LineString","coordinates":[[-28.43708,38.55875],[-28.43708,38.55875]]},"properties":{"source":"emodnet_dtm_2024","level":2}},{"type":"Feature","geometry":{"type":"LineString","coordinates":[[-27.82375,38.58375],[-27.82375,38.58375]]},"properties":{"source":"emodnet_dtm_2024","level":2}},{"type":"Feature","geometry":{"type":"LineString","coordinates":[[-27.86625,38.60125],[-27.86625,38.60125]]},"properties":{"source":"emodnet_dtm_2024","level":2}},{"type":"Feature","geometry":{"type":"LineString","coordinates":[[-27.88292,38.60875],[-27.88292,38.60875]]},"properties":{"source":"emodnet_dtm_2024","level":2}},{"type":"Feature","geometry":{"type":"LineString","coordinates":[[-28.76542,38.61375],[-28.76542,38.61375]]},"properties":{"source":"emodnet_dtm_2024","level":2}},{"type":"Feature","geometry":{"type":"LineString","coordinates":[[-27.92375,38.62542],[-27.92375,38.62542]]},"properties":{"source":"emodnet_dtm_2024","level":2}},{"type":"Feature","geometry":{"type":"LineString","coordinates":[[-28.68208,38.63875],[-28.68208,38.63875]]},"properties":{"source":"emodnet_dtm_2024","level":2}},{"type":"Feature","geometry":{"type":"LineString","coordinates":[[-27.96208,38.64292],[-27.96208,38.64292]]},"properties":{"source":"emodnet_dtm_2024","level":2}},{"type":"Feature","geometry":{"type":"LineString","coordinates":[[-27.98208,38.65042],[-27.98208,38.65042]]},"properties":{"source":"emodnet_dtm_2024","level":2}},{"type":"Feature","geometry":{"type":"LineString","coordinates":[[-27.07375,38.65375],[-27.07375,38.65375]]},"properties":{"source":"emodnet_dtm_2024","level":2}},{"type":"Feature","geometry":{"type":"LineString","coordinates":[[-27.98625,38.65458],[-27.98625,38.65458]]},"properties":{"source":"emodnet_dtm_2024","level":2}},{"type":"Feature","geometry":{"type":"LineString","coordinates":[[-27.07375,38.65542],[-27.07375,38.65542]]},"properties":{"source":"emodnet_dtm_2024","level":2}},{"type":"Feature","geometry":{"type":"LineString","coordinates":[[-28.01958,38.67125],[-28.01958,38.67125]]},"properties":{"source":"emodnet_dtm_2024","level":2}},{"type":"Feature","geometry":{"type":"LineString","coordinates":[[-28.04458,38.67542],[-28.04458,38.67542]]},"properties":{"source":"emodnet_dtm_2024","level":2}},{"type":"Feature","geometry":{"type":"LineString","coordinates":[[-28.09875,38.69208],[-28.09875,38.69208]]},"properties":{"source":"emodnet_dtm_2024","level":2}},{"type":"Feature","geometry":{"type":"LineString","coordinates":[[-28.14125,38.70542],[-28.14125,38.70542]]},"properties":{"source":"emodnet_dtm_2024","level":2}},{"type":"Feature","geometry":{"type":"LineString","coordinates":[[-28.20792,38.72542],[-28.20792,38.72542]]},"properties":{"source":"emodnet_dtm_2024","level":2}},{"type":"Feature","geometry":{"type":"LineString","coordinates":[[-28.26208,38.74625],[-28.26208,38.74625]]},"properties":{"source":"emodnet_dtm_2024","level":2}},{"type":"Feature","geometry":{"type":"LineString","coordinates":[[-27.05792,38.74708],[-27.05792,38.74708]]},"properties":{"source":"emodnet_dtm_2024","level":2}},{"type":"Feature","geometry":{"type":"LineString","coordinates":[[-28.28292,38.75125],[-28.28292,38.75125]]},"properties":{"source":"emodnet_dtm_2024","level":2}},{"type":"Feature","geometry":{"type":"LineString","coordinates":[[-27.06542,38.76375],[-27.06542,38.76375]]},"properties":{"source":"emodnet_dtm_2024","level":2}},{"type":"Feature","geometry":{"type":"LineString","coordinates":[[-27.06958,38.76708],[-27.06958,38.76708]]},"properties":{"source":"emodnet_dtm_2024","level":2}},{"type":"Feature","geometry":{"type":"LineString","coordinates":[[-27.07792,38.77208],[-27.07792,38.77208]]},"properties":{"source":"emodnet_dtm_2024","level":2}},{"type":"Feature","geometry":{"type":"LineString","coordinates":[[-27.08292,38.77542],[-27.08292,38.77542]]},"properties":{"source":"emodnet_dtm_2024","level":2}},{"type":"Feature","geometry":{"type":"LineString","coordinates":[[-27.12458,38.78375],[-27.12458,38.78375]]},"properties":{"source":"emodnet_dtm_2024","level":2}},{"type":"Feature","geometry":{"type":"LineString","coordinates":[[-27.09875,38.78375],[-27.09875,38.78375]]},"properties":{"source":"emodnet_dtm_2024","level":2}},{"type":"Feature","geometry":{"type":"LineString","coordinates":[[-27.12875,38.78458],[-27.12875,38.78458]]},"properties":{"source":"emodnet_dtm_2024","level":2}},{"type":"Feature","geometry":{"type":"LineString","coordinates":[[-27.15375,38.78875],[-27.15375,38.78875]]},"properties":{"source":"emodnet_dtm_2024","level":2}},{"type":"Feature","geometry":{"type":"LineString","coordinates":[[-27.22792,38.79208],[-27.22792,38.79208]]},"properties":{"source":"emodnet_dtm_2024","level":2}},{"type":"Feature","geometry":{"type":"LineString","coordinates":[[-27.17875,38.79625],[-27.17875,38.79625]]},"properties":{"source":"emodnet_dtm_2024","level":2}},{"type":"Feature","geometry":{"type":"LineString","coordinates":[[-27.19042,38.79708],[-27.19042,38.79708]]},"properties":{"source":"emodnet_dtm_2024","level":2}},{"type":"Feature","geometry":{"type":"LineString","coordinates":[[-27.24458,38.80125],[-27.24458,38.80125]]},"properties":{"source":"emodnet_dtm_2024","level":2}},{"type":"Feature","geometry":{"type":"LineString","coordinates":[[-27.98625,39.07958],[-27.98625,39.07958]]},"properties":{"source":"emodnet_dtm_2024","level":2}},{"type":"Feature","geometry":{"type":"LineString","coordinates":[[-27.98708,39.08042],[-27.98708,39.08042]]},"properties":{"source":"emodnet_dtm_2024","level":2}},{"type":"Feature","geometry":{"type":"LineString","coordinates":[[-28.04042,39.09708],[-28.04042,39.09708]]},"properties":{"source":"emodnet_dtm_2024","level":2}},{"type":"Feature","geometry":{"type":"LineString","coordinates":[[-28.02458,39.09708],[-28.02458,39.09708]]},"properties":{"source":"emodnet_dtm_2024","level":2}},{"type":"Feature","geometry":{"type":"LineString","coordinates":[[-31.14875,39.40292],[-31.14875,39.40292]]},"properties":{"source":"emodnet_dtm_2024","level":2}},{"type":"Feature","geometry":{"type":"LineString","coordinates":[[-31.13708,39.47208],[-31.13708,39.47208]]},"properties":{"source":"emodnet_dtm_2024","level":2}},{"type":"Feature","geometry":{"type":"LineString","coordinates":[[-31.14458,39.48292],[-31.14458,39.48292]]},"properties":{"source":"emodnet_dtm_2024","level":2}},{"type":"Feature","geometry":{"type":"LineString","coordinates":[[-31.16708,39.49875],[-31.16708,39.49875]]},"properties":{"source":"emodnet_dtm_2024","level":2}},{"type":"Feature","geometry":{"type":"LineString","coordinates":[[-31.18292,39.49958],[-31.18292,39.49958]]},"properties":{"source":"emodnet_dtm_2024","level":2}},{"type":"Feature","geometry":{"type":"LineString","coordinates":[[-31.16792,39.49958],[-31.16792,39.49958]]},"properties":{"source":"emodnet_dtm_2024","level":2}},{"type":"Feature","geometry":{"type":"LineString","coordinates":[[-31.15375,39.50042],[-31.15375,39.50042]]},"properties":{"source":"emodnet_dtm_2024","level":2}},{"type":"Feature","geometry":{"type":"LineString","coordinates":[[-31.17542,39.50125],[-31.17542,39.50125]]},"properties":{"source":"emodnet_dtm_2024","level":2}},{"type":"Feature","geometry":{"type":"LineString","coordinates":[[-31.19125,39.50375],[-31.19125,39.50375]]},"properties":{"source":"emodnet_dtm_2024","level":2}},{"type":"Feature","geometry":{"type":"LineString","coordinates":[[-31.19875,39.50792],[-31.19875,39.50792]]},"properties":{"source":"emodnet_dtm_2024","level":2}},{"type":"Feature","geometry":{"type":"LineString","coordinates":[[-31.20125,39.50958],[-31.20125,39.50958]]},"properties":{"source":"emodnet_dtm_2024","level":2}},{"type":"Feature","geometry":{"type":"LineString","coordinates":[[-31.20292,39.51292],[-31.20292,39.51292]]},"properties":{"source":"emodnet_dtm_2024","level":2}},{"type":"Feature","geometry":{"type":"LineString","coordinates":[[-31.20458,39.52125],[-31.20458,39.52125]]},"properties":{"source":"emodnet_dtm_2024","level":2}},{"type":"Feature","geometry":{"type":"LineString","coordinates":[[-31.20458,39.52375],[-31.20458,39.52375]]},"properties":{"source":"emodnet_dtm_2024","level":2}},{"type":"Feature","geometry":{"type":"LineString","coordinates":[[-31.09875,39.72542],[-31.09875,39.72542]]},"properties":{"source":"emodnet_dtm_2024","level":2}},{"type":"Feature","geometry":{"type":"LineString","coordinates":[[-25.06125,36.92792],[-25.06125,36.92792]]},"properties":{"source":"emodnet_dtm_2024","level":2}},{"type":"Feature","geometry":{"type":"LineString","coordinates":[[-25.05375,36.92792],[-25.05375,36.92792]]},"properties":{"source":"emodnet_dtm_2024","level":2}},{"type":"Feature","geometry":{"type":"LineString","coordinates":[[-25.04875,36.92792],[-25.04875,36.92792]]},"properties":{"source":"emodnet_dtm_2024","level":2}},{"type":"Feature","geometry":{"type":"LineString","coordinates":[[-25.04458,36.92792],[-25.04458,36.92792]]},"properties":{"source":"emodnet_dtm_2024","level":2}},{"type":"Feature","geometry":{"type":"LineString","coordinates":[[-25.04292,36.92792],[-25.04292,36.92792]]},"properties":{"source":"emodnet_dtm_2024","level":2}},{"type":"Feature","geometry":{"type":"LineString","coordinates":[[-25.04125,36.92792],[-25.04125,36.92792]]},"properties":{"source":"emodnet_dtm_2024","level":2}},{"type":"Feature","geometry":{"type":"LineString","coordinates":[[-25.02708,36.92792],[-25.02708,36.92792]]},"properties":{"source":"emodnet_dtm_2024","level":2}},{"type":"Feature","geometry":{"type":"LineString","coordinates":[[-25.02458,36.92792],[-25.02458,36.92792]]},"properties":{"source":"emodnet_dtm_2024","level":2}},{"type":"Feature","geometry":{"type":"LineString","coordinates":[[-25.02125,36.92792],[-25.02125,36.92792]]},"properties":{"source":"emodnet_dtm_2024","level":2}},{"type":"Feature","geometry":{"type":"LineString","coordinates":[[-25.03708,36.92875],[-25.03708,36.92875]]},"properties":{"source":"emodnet_dtm_2024","level":2}},{"type":"Feature","geometry":{"type":"LineString","coordinates":[[-25.03542,36.92875],[-25.03542,36.92875]]},"properties":{"source":"emodnet_dtm_2024","level":2}},{"type":"Feature","geometry":{"type":"LineString","coordinates":[[-25.01542,36.93542],[-25.01542,36.93542]]},"properties":{"source":"emodnet_dtm_2024","level":2}},{"type":"Feature","geometry":{"type":"LineString","coordinates":[[-25.47542,37.71542],[-25.47542,37.71542]]},"properties":{"source":"emodnet_dtm_2024","level":2}},{"type":"Feature","geometry":{"type":"LineString","coordinates":[[-25.36208,37.71625],[-25.36208,37.71625]]},"properties":{"source":"emodnet_dtm_2024","level":2}},{"type":"Feature","geometry":{"type":"LineString","coordinates":[[-25.35792,37.71958],[-25.35792,37.71958]]},"properties":{"source":"emodnet_dtm_2024","level":2}},{"type":"Feature","geometry":{"type":"LineString","coordinates":[[-25.34708,37.72292],[-25.34708,37.72292]]},"properties":{"source":"emodnet_dtm_2024","level":2}},{"type":"Feature","geometry":{"type":"LineString","coordinates":[[-25.34542,37.72292],[-25.34542,37.72292]]},"properties":{"source":"emodnet_dtm_2024","level":2}},{"type":"Feature","geometry":{"type":"LineString","coordinates":[[-25.32125,37.72292],[-25.32125,37.72292]]},"properties":{"source":"emodnet_dtm_2024","level":2}},{"type":"Feature","geometry":{"type":"LineString","coordinates":[[-25.31958,37.72292],[-25.31958,37.72292]]},"properties":{"source":"emodnet_dtm_2024","level":2}},{"type":"Feature","geometry":{"type":"LineString","coordinates":[[-25.32625,37.72375],[-25.32625,37.72375]]},"properties":{"source":"emodnet_dtm_2024","level":2}},{"type":"Feature","geometry":{"type":"LineString","coordinates":[[-25.54875,37.72875],[-25.54875,37.72875]]},"properties":{"source":"emodnet_dtm_2024","level":2}},{"type":"Feature","geometry":{"type":"LineString","coordinates":[[-25.21875,37.73542],[-25.21875,37.73542]]},"properties":{"source":"emodnet_dtm_2024","level":2}},{"type":"Feature","geometry":{"type":"LineString","coordinates":[[-25.28208,37.73958],[-25.28208,37.73958]]},"properties":{"source":"emodnet_dtm_2024","level":2}},{"type":"Feature","geometry":{"type":"LineString","coordinates":[[-25.22958,37.73958],[-25.22958,37.73958]]},"properties":{"source":"emodnet_dtm_2024","level":2}},{"type":"Feature","geometry":{"type":"LineString","coordinates":[[-25.23125,37.74042],[-25.23125,37.74042]]},"properties":{"source":"emodnet_dtm_2024","level":2}},{"type":"Feature","geometry":{"type":"LineString","coordinates":[[-25.18542,37.74042],[-25.18542,37.74042]]},"properties":{"source":"emodnet_dtm_2024","level":2}},{"type":"Feature","geometry":{"type":"LineString","coordinates":[[-25.17708,37.74042],[-25.17708,37.74042]]},"properties":{"source":"emodnet_dtm_2024","level":2}},{"type":"Feature","geometry":{"type":"LineString","coordinates":[[-25.59958,37.74375],[-25.59958,37.74375]]},"properties":{"source":"emodnet_dtm_2024","level":2}},{"type":"Feature","geometry":{"type":"LineString","coordinates":[[-25.26958,37.74375],[-25.26958,37.74375]]},"properties":{"source":"emodnet_dtm_2024","level":2}},{"type":"Feature","geometry":{"type":"LineString","coordinates":[[-25.61375,37.74458],[-25.61375,37.74458]]},"properties":{"source":"emodnet_dtm_2024","level":2}},{"type":"Feature","geometry":{"type":"LineString","coordinates":[[-25.16125,37.74542],[-25.16125,37.74542]]},"properties":{"source":"emodnet_dtm_2024","level":2}},{"type":"Feature","geometry":{"type":"LineString","coordinates":[[-25.15792,37.74958],[-25.15792,37.74958]]},"properties":{"source":"emodnet_dtm_2024","level":2}},{"type":"Feature","geometry":{"type":"LineString","coordinates":[[-25.15375,37.75292],[-25.15375,37.75292]]},"properties":{"source":"emodnet_dtm_2024","level":2}},{"type":"Feature","geometry":{"type":"LineString","coordinates":[[-25.14958,37.75708],[-25.14958,37.75708]]},"properties":{"source":"emodnet_dtm_2024","level":2}},{"type":"Feature","geometry":{"type":"LineString","coordinates":[[-25.14875,37.75792],[-25.14875,37.75792]]},"properties":{"source":"emodnet_dtm_2024","level":2}},{"type":"Feature","geometry":{"type":"LineString","coordinates":[[-25.14458,37.76458],[-25.14458,37.76458]]},"properties":{"source":"emodnet_dtm_2024","level":2}},{"type":"Feature","geometry":{"type":"LineString","coordinates":[[-25.75125,37.76958],[-25.75125,37.76958]]},"properties":{"source":"emodnet_dtm_2024","level":2}},{"type":"Feature","geometry":{"type":"LineString","coordinates":[[-25.14125,37.76958],[-25.14125,37.76958]]},"properties":{"source":"emodnet_dtm_2024","level":2}},{"type":"Feature","geometry":{"type":"LineString","coordinates":[[-25.77125,37.78125],[-25.77125,37.78125]]},"properties":{"source":"emodnet_dtm_2024","level":2}},{"type":"Feature","geometry":{"type":"LineString","coordinates":[[-25.13708,37.80292],[-25.13708,37.80292]]},"properties":{"source":"emodnet_dtm_2024","level":2}},{"type":"Feature","geometry":{"type":"LineString","coordinates":[[-28.21625,38.38708],[-28.21625,38.38708]]},"properties":{"source":"emodnet_dtm_2024","level":2}},{"type":"Feature","geometry":{"type":"LineString","coordinates":[[-28.21208,38.38958],[-28.21208,38.38958]]},"properties":{"source":"emodnet_dtm_2024","level":2}},{"type":"Feature","geometry":{"type":"LineString","coordinates":[[-28.20792,38.39125],[-28.20792,38.39125]]},"properties":{"source":"emodnet_dtm_2024","level":2}},{"type":"Feature","geometry":{"type":"LineString","coordinates":[[-28.36458,38.41375],[-28.36458,38.41375]]},"properties":{"source":"emodnet_dtm_2024","level":2}},{"type":"Feature","geometry":{"type":"LineString","coordinates":[[-28.46458,38.43125],[-28.46458,38.43125]]},"properties":{"source":"emodnet_dtm_2024","level":2}},{"type":"Feature","geometry":{"type":"LineString","coordinates":[[-28.74958,38.52042],[-28.74958,38.52042]]},"properties":{"source":"emodnet_dtm_2024","level":2}},{"type":"Feature","geometry":{"type":"LineString","coordinates":[[-28.67375,38.52042],[-28.67375,38.52042]]},"properties":{"source":"emodnet_dtm_2024","level":2}},{"type":"Feature","geometry":{"type":"LineString","coordinates":[[-28.65125,38.52042],[-28.65125,38.52042]]},"properties":{"source":"emodnet_dtm_2024","level":2}},{"type":"Feature","geometry":{"type":"LineString","coordinates":[[-28.64875,38.52042],[-28.64875,38.52042]]},"properties":{"source":"emodnet_dtm_2024","level":2}},{"type":"Feature","geometry":{"type":"LineString","coordinates":[[-27.80708,38.53292],[-27.80708,38.53292]]},"properties":{"source":"emodnet_dtm_2024","level":2}},{"type":"Feature","geometry":{"type":"LineString","coordinates":[[-27.80542,38.53292],[-27.80542,38.53292]]},"properties":{"source":"emodnet_dtm_2024","level":2}},{"type":"Feature","geometry":{"type":"LineString","coordinates":[[-27.80375,38.53292],[-27.80375,38.53292]]},"properties":{"source":"emodnet_dtm_2024","level":2}},{"type":"Feature","geometry":{"type":"LineString","coordinates":[[-27.83792,38.53542],[-27.83792,38.53542]]},"properties":{"source":"emodnet_dtm_2024","level":2}},{"type":"Feature","geometry":{"type":"LineString","coordinates":[[-27.78625,38.53542],[-27.78625,38.53542]]},"properties":{"source":"emodnet_dtm_2024","level":2}},{"type":"Feature","geometry":{"type":"LineString","coordinates":[[-27.77625,38.53542],[-27.77625,38.53542]]},"properties":{"source":"emodnet_dtm_2024","level":2}},{"type":"Feature","geometry":{"type":"LineString","coordinates":[[-27.77042,38.53542],[-27.77042,38.53542]]},"properties":{"source":"emodnet_dtm_2024","level":2}},{"type":"Feature","geometry":{"type":"LineString","coordinates":[[-28.62125,38.53958],[-28.62125,38.53958]]},"properties":{"source":"emodnet_dtm_2024","level":2}},{"type":"Feature","geometry":{"type":"LineString","coordinates":[[-27.84708,38.53958],[-27.84708,38.53958]]},"properties":{"source":"emodnet_dtm_2024","level":2}},{"type":"Feature","geometry":{"type":"LineString","coordinates":[[-28.61875,38.54042],[-28.61875,38.54042]]},"properties":{"source":"emodnet_dtm_2024","level":2}},{"type":"Feature","geometry":{"type":"LineString","coordinates":[[-27.85625,38.54375],[-27.85625,38.54375]]},"properties":{"source":"emodnet_dtm_2024","level":2}},{"type":"Feature","geometry":{"type":"LineString","coordinates":[[-27.86042,38.54458],[-27.86042,38.54458]]},"properties":{"source":"emodnet_dtm_2024","level":2}},{"type":"Feature","geometry":{"type":"LineString","coordinates":[[-27.88125,38.55708],[-27.88125,38.55708]]},"properties":{"source":"emodnet_dtm_2024","level":2}},{"type":"Feature","geometry":{"type":"LineString","coordinates":[[-27.88792,38.56042],[-27.88792,38.56042]]},"properties":{"source":"emodnet_dtm_2024","level":2}},{"type":"Feature","geometry":{"type":"LineString","coordinates":[[-27.88958,38.56125],[-27.88958,38.56125]]},"properties":{"source":"emodnet_dtm_2024","level":2}},{"type":"Feature","geometry":{"type":"LineString","coordinates":[[-28.76708,38.56458],[-28.76708,38.56458]]},"properties":{"source":"emodnet_dtm_2024","level":2}},{"type":"Feature","geometry":{"type":"LineString","coordinates":[[-28.79958,38.57462],[-28.79958,38.57462]]},"properties":{"source":"emodnet_dtm_2024","level":2}},{"type":"Feature","geometry":{"type":"LineString","coordinates":[[-27.92042,38.57468],[-27.92086,38.57458],[-27.92042,38.57414],[-27.92042,38.57468]]},"properties":{"source":"emodnet_dtm_2024","level":2}},{"type":"Feature","geometry":{"type":"LineString","coordinates":[[-27.97375,38.59375],[-27.97375,38.59375]]},"properties":{"source":"emodnet_dtm_2024","level":2}},{"type":"Feature","geometry":{"type":"LineString","coordinates":[[-27.12458,38.64375],[-27.12458,38.64375]]},"properties":{"source":"emodnet_dtm_2024","level":2}},{"type":"Feature","geometry":{"type":"LineString","coordinates":[[-27.11042,38.64375],[-27.11042,38.64375]]},"properties":{"source":"emodnet_dtm_2024","level":2}},{"type":"Feature","geometry":{"type":"LineString","coordinates":[[-27.09875,38.64458],[-27.09875,38.64458]]},"properties":{"source":"emodnet_dtm_2024","level":2}},{"type":"Feature","geometry":{"type":"LineString","coordinates":[[-27.09625,38.64542],[-27.09625,38.64542]]},"properties":{"source":"emodnet_dtm_2024","level":2}},{"type":"Feature","geometry":{"type":"LineString","coordinates":[[-27.16042,38.64958],[-27.16042,38.64958]]},"properties":{"source":"emodnet_dtm_2024","level":2}},{"type":"Feature","geometry":{"type":"LineString","coordinates":[[-27.17375,38.65292],[-27.17375,38.65292]]},"properties":{"source":"emodnet_dtm_2024","level":2}},{"type":"Feature","geometry":{"type":"LineString","coordinates":[[-27.17125,38.65292],[-27.17125,38.65292]]},"properties":{"source":"emodnet_dtm_2024","level":2}},{"type":"Feature","geometry":{"type":"LineString","coordinates":[[-27.25958,38.65458],[-27.25958,38.65458]]},"properties":{"source":"emodnet_dtm_2024","level":2}},{"type":"Feature","geometry":{"type":"LineString","coordinates":[[-27.07375,38.65625],[-27.07375,38.65625]]},"properties":{"source":"emodnet_dtm_2024","level":2}},{"type":"Feature","geometry":{"type":"LineString","coordinates":[[-27.07042,38.67042],[-27.07042,38.67042]]},"properties":{"source":"emodnet_dtm_2024","level":2}},{"type":"Feature","geometry":{"type":"LineString","coordinates":[[-27.06208,38.67458],[-27.06208,38.67458]]},"properties":{"source":"emodnet_dtm_2024","level":2}},{"type":"Feature","geometry":{"type":"LineString","coordinates":[[-27.33875,38.67875],[-27.33875,38.67875]]},"properties":{"source":"emodnet_dtm_2024","level":2}},{"type":"Feature","geometry":{"type":"LineString","coordinates":[[-28.23542,38.70208],[-28.23542,38.70208]]},"properties":{"source":"emodnet_dtm_2024","level":2}},{"type":"Feature","geometry":{"type":"LineString","coordinates":[[-27.36458,38.70208],[-27.36458,38.70208]]},"properties":{"source":"emodnet_dtm_2024","level":2}},{"type":"Feature","geometry":{"type":"LineString","coordinates":[[-28.27292,38.71875],[-28.27292,38.71875]]},"properties":{"source":"emodnet_dtm_2024","level":2}},{"type":"Feature","geometry":{"type":"LineString","coordinates":[[-28.30458,38.74458],[-28.30458,38.74458]]},"properties":{"source":"emodnet_dtm_2024","level":2}},{"type":"Feature","geometry":{"type":"LineString","coordinates":[[-28.31042,38.74875],[-28.31042,38.74875]]},"properties":{"source":"emodnet_dtm_2024","level":2}},{"type":"Feature","geometry":{"type":"LineString","coordinates":[[-31.22375,39.37042],[-31.22375,39.37042]]},"properties":{"source":"emodnet_dtm_2024","level":2}},{"type":"Feature","geometry":{"type":"LineString","coordinates":[[-31.23875,39.37292],[-31.23875,39.37292]]},"properties":{"source":"emodnet_dtm_2024","level":2}},{"type":"Feature","geometry":{"type":"LineString","coordinates":[[-31.21292,39.37292],[-31.21292,39.37292]]},"properties":{"source":"emodnet_dtm_2024","level":2}},{"type":"Feature","geometry":{"type":"LineString","coordinates":[[-31.18292,39.37292],[-31.18292,39.37292]]},"properties":{"source":"emodnet_dtm_2024","level":2}},{"type":"Feature","geometry":{"type":"LineString","coordinates":[[-31.24542,39.37375],[-31.24542,39.37375]]},"properties":{"source":"emodnet_dtm_2024","level":2}},{"type":"Feature","geometry":{"type":"LineString","coordinates":[[-31.24292,39.37375],[-31.24292,39.37375]]},"properties":{"source":"emodnet_dtm_2024","level":2}},{"type":"Feature","geometry":{"type":"LineString","coordinates":[[-31.21958,39.37375],[-31.21958,39.37375]]},"properties":{"source":"emodnet_dtm_2024","level":2}},{"type":"Feature","geometry":{"type":"LineString","coordinates":[[-31.21792,39.37375],[-31.21792,39.37375]]},"properties":{"source":"emodnet_dtm_2024","level":2}},{"type":"Feature","geometry":{"type":"LineString","coordinates":[[-31.21542,39.37375],[-31.21542,39.37375]]},"properties":{"source":"emodnet_dtm_2024","level":2}},{"type":"Feature","geometry":{"type":"LineString","coordinates":[[-31.17958,39.37375],[-31.17958,39.37375]]},"properties":{"source":"emodnet_dtm_2024","level":2}},{"type":"Feature","geometry":{"type":"LineString","coordinates":[[-31.14958,39.39958],[-31.14958,39.39958]]},"properties":{"source":"emodnet_dtm_2024","level":2}},{"type":"Feature","geometry":{"type":"LineString","coordinates":[[-31.14542,39.42292],[-31.14542,39.42292]]},"properties":{"source":"emodnet_dtm_2024","level":2}},{"type":"Feature","geometry":{"type":"LineString","coordinates":[[-31.14208,39.42375],[-31.14208,39.42375]]},"properties":{"source":"emodnet_dtm_2024","level":2}},{"type":"Feature","geometry":{"type":"LineString","coordinates":[[-31.14542,39.47292],[-31.14542,39.47292]]},"properties":{"source":"emodnet_dtm_2024","level":2}},{"type":"Feature","geometry":{"type":"LineString","coordinates":[[-31.16125,39.50208],[-31.16125,39.50208]]},"properties":{"source":"emodnet_dtm_2024","level":2}},{"type":"Feature","geometry":{"type":"LineString","coordinates":[[-31.19542,39.50458],[-31.19542,39.50458]]},"properties":{"source":"emodnet_dtm_2024","level":2}},{"type":"Feature","geometry":{"type":"LineString","coordinates":[[-31.23708,39.51875],[-31.23708,39.51875]]},"properties":{"source":"emodnet_dtm_2024","level":2}},{"type":"Feature","geometry":{"type":"LineString","coordinates":[[-31.20458,39.51958],[-31.20458,39.51958]]},"properties":{"source":"emodnet_dtm_2024","level":2}},{"type":"Feature","geometry":{"type":"LineString","coordinates":[[-31.09542,39.67792],[-31.09542,39.67792]]},"properties":{"source":"emodnet_dtm_2024","level":2}},{"type":"Feature","geometry":{"type":"LineString","coordinates":[[-31.09458,39.67875],[-31.09458,39.67875]]},"properties":{"source":"emodnet_dtm_2024","level":2}},{"type":"Feature","geometry":{"type":"LineString","coordinates":[[-31.09125,39.68208],[-31.09125,39.68208]]},"properties":{"source":"emodnet_dtm_2024","level":2}},{"type":"Feature","geometry":{"type":"LineString","coordinates":[[-25.05625,36.92792],[-25.05625,36.92792]]},"properties":{"source":"emodnet_dtm_2024","level":2}},{"type":"Feature","geometry":{"type":"LineString","coordinates":[[-25.05125,36.92792],[-25.05125,36.92792]]},"properties":{"source":"emodnet_dtm_2024","level":2}},{"type":"Feature","geometry":{"type":"LineString","coordinates":[[-25.04792,36.92792],[-25.04792,36.92792]]},"properties":{"source":"emodnet_dtm_2024","level":2}},{"type":"Feature","geometry":{"type":"LineString","coordinates":[[-25.03375,36.92792],[-25.03375,36.92792]]},"properties":{"source":"emodnet_dtm_2024","level":2}},{"type":"Feature","geometry":{"type":"LineString","coordinates":[[-25.17292,36.95375],[-25.17292,36.95375]]},"properties":{"source":"emodnet_dtm_2024","level":2}},{"type":"Feature","geometry":{"type":"LineString","coordinates":[[-25.17542,36.95792],[-25.17542,36.95792]]},"properties":{"source":"emodnet_dtm_2024","level":2}},{"type":"Feature","geometry":{"type":"LineString","coordinates":[[-25.17625,36.96208],[-25.17625,36.96208]]},"properties":{"source":"emodnet_dtm_2024","level":2}},{"type":"Feature","geometry":{"type":"LineString","coordinates":[[-25.17625,36.96625],[-25.17625,36.96625]]},"properties":{"source":"emodnet_dtm_2024","level":2}},{"type":"Feature","geometry":{"type":"LineString","coordinates":[[-25.18042,36.97375],[-25.18042,36.97375]]},"properties":{"source":"emodnet_dtm_2024","level":2}},{"type":"Feature","geometry":{"type":"LineString","coordinates":[[-25.47125,37.71208],[-25.47125,37.71208]]},"properties":{"source":"emodnet_dtm_2024","level":2}},{"type":"Feature","geometry":{"type":"LineString","coordinates":[[-25.51875,37.71375],[-25.51875,37.71375]]},"properties":{"source":"emodnet_dtm_2024","level":2}},{"type":"Feature","geometry":{"type":"LineString","coordinates":[[-25.48125,37.71542],[-25.48125,37.71542]]},"properties":{"source":"emodnet_dtm_2024","level":2}},{"type":"Feature","geometry":{"type":"LineString","coordinates":[[-25.53375,37.71625],[-25.53375,37.71625]]},"properties":{"source":"emodnet_dtm_2024","level":2}},{"type":"Feature","geometry":{"type":"LineString","coordinates":[[-25.48292,37.71625],[-25.48292,37.71625]]},"properties":{"source":"emodnet_dtm_2024","level":2}},{"type":"Feature","geometry":{"type":"LineString","coordinates":[[-25.53958,37.72292],[-25.53958,37.72292]]},"properties":{"source":"emodnet_dtm_2024","level":2}},{"type":"Feature","geometry":{"type":"LineString","coordinates":[[-25.54208,37.72375],[-25.54208,37.72375]]},"properties":{"source":"emodnet_dtm_2024","level":2}},{"type":"Feature","geometry":{"type":"LineString","coordinates":[[-25.54625,37.72708],[-25.54625,37.72708]]},"properties":{"source":"emodnet_dtm_2024","level":2}},{"type":"Feature","geometry":{"type":"LineString","coordinates":[[-25.54708,37.72792],[-25.54708,37.72792]]},"properties":{"source":"emodnet_dtm_2024","level":2}},{"type":"Feature","geometry":{"type":"LineString","coordinates":[[-25.55208,37.72875],[-25.55208,37.72875]]},"properties":{"source":"emodnet_dtm_2024","level":2}},{"type":"Feature","geometry":{"type":"LineString","coordinates":[[-25.54792,37.72875],[-25.54792,37.72875]]},"properties":{"source":"emodnet_dtm_2024","level":2}},{"type":"Feature","geometry":{"type":"LineString","coordinates":[[-25.55458,37.73208],[-25.55458,37.73208]]},"properties":{"source":"emodnet_dtm_2024","level":2}},{"type":"Feature","geometry":{"type":"LineString","coordinates":[[-25.29458,37.73375],[-25.29458,37.73375]]},"properties":{"source":"emodnet_dtm_2024","level":2}},{"type":"Feature","geometry":{"type":"LineString","coordinates":[[-25.70208,37.73625],[-25.70208,37.73625]]},"properties":{"source":"emodnet_dtm_2024","level":2}},{"type":"Feature","geometry":{"type":"LineString","coordinates":[[-25.70625,37.73708],[-25.70625,37.73708]]},"properties":{"source":"emodnet_dtm_2024","level":2}},{"type":"Feature","geometry":{"type":"LineString","coordinates":[[-25.22292,37.73708],[-25.22292,37.73708]]},"properties":{"source":"emodnet_dtm_2024","level":2}},{"type":"Feature","geometry":{"type":"LineString","coordinates":[[-25.70958,37.73958],[-25.70958,37.73958]]},"properties":{"source":"emodnet_dtm_2024","level":2}},{"type":"Feature","geometry":{"type":"LineString","coordinates":[[-25.71042,37.74042],[-25.71042,37.74042]]},"properties":{"source":"emodnet_dtm_2024","level":2}},{"type":"Feature","geometry":{"type":"LineString","coordinates":[[-25.71292,37.74125],[-25.71292,37.74125]]},"properties":{"source":"emodnet_dtm_2024","level":2}},{"type":"Feature","geometry":{"type":"LineString","coordinates":[[-25.58708,37.74125],[-25.58708,37.74125]]},"properties":{"source":"emodnet_dtm_2024","level":2}},{"type":"Feature","geometry":{"type":"LineString","coordinates":[[-25.56708,37.74125],[-25.56708,37.74125]]},"properties":{"source":"emodnet_dtm_2024","level":2}},{"type":"Feature","geometry":{"type":"LineString","coordinates":[[-25.23458,37.74125],[-25.23458,37.74125]]},"properties":{"source":"emodnet_dtm_2024","level":2}},{"type":"Feature","geometry":{"type":"LineString","coordinates":[[-25.61292,37.74375],[-25.61292,37.74375]]},"properties":{"source":"emodnet_dtm_2024","level":2}},{"type":"Feature","geometry":{"type":"LineString","coordinates":[[-25.71708,37.74792],[-25.71708,37.74792]]},"properties":{"source":"emodnet_dtm_2024","level":2}},{"type":"Feature","geometry":{"type":"LineString","coordinates":[[-25.71792,37.74875],[-25.71792,37.74875]]},"properties":{"source":"emodnet_dtm_2024","level":2}},{"type":"Feature","geometry":{"type":"LineString","coordinates":[[-25.72208,37.74958],[-25.72208,37.74958]]},"properties":{"source":"emodnet_dtm_2024","level":2}},{"type":"Feature","geometry":{"type":"LineString","coordinates":[[-25.73375,37.75708],[-25.73375,37.75708]]},"properties":{"source":"emodnet_dtm_2024","level":2}},{"type":"Feature","geometry":{"type":"LineString","coordinates":[[-25.73458,37.75792],[-25.73458,37.75792]]},"properties":{"source":"emodnet_dtm_2024","level":2}},{"type":"Feature","geometry":{"type":"LineString","coordinates":[[-25.73792,37.76042],[-25.73792,37.76042]]},"properties":{"source":"emodnet_dtm_2024","level":2}},{"type":"Feature","geometry":{"type":"LineString","coordinates":[[-25.73958,37.76208],[-25.73958,37.76208]]},"properties":{"source":"emodnet_dtm_2024","level":2}},{"type":"Feature","geometry":{"type":"LineString","coordinates":[[-25.74375,37.76458],[-25.74375,37.76458]]},"properties":{"source":"emodnet_dtm_2024","level":2}},{"type":"Feature","geometry":{"type":"LineString","coordinates":[[-25.74708,37.76625],[-25.74708,37.76625]]},"properties":{"source":"emodnet_dtm_2024","level":2}},{"type":"Feature","geometry":{"type":"LineString","coordinates":[[-25.75042,37.76875],[-25.75042,37.76875]]},"properties":{"source":"emodnet_dtm_2024","level":2}},{"type":"Feature","geometry":{"type":"LineString","coordinates":[[-25.76292,37.77458],[-25.76292,37.77458]]},"properties":{"source":"emodnet_dtm_2024","level":2}},{"type":"Feature","geometry":{"type":"LineString","coordinates":[[-28.24375,38.38208],[-28.24375,38.38208]]},"properties":{"source":"emodnet_dtm_2024","level":2}},{"type":"Feature","geometry":{"type":"LineString","coordinates":[[-28.24625,38.38292],[-28.24625,38.38292]]},"properties":{"source":"emodnet_dtm_2024","level":2}},{"type":"Feature","geometry":{"type":"LineString","coordinates":[[-28.25125,38.38625],[-28.25125,38.38625]]},"properties":{"source":"emodnet_dtm_2024","level":2}},{"type":"Feature","geometry":{"type":"LineString","coordinates":[[-28.11208,38.40375],[-28.11208,38.40375]]},"properties":{"source":"emodnet_dtm_2024","level":2}},{"type":"Feature","geometry":{"type":"LineString","coordinates":[[-28.27125,38.41042],[-28.27125,38.41042]]},"properties":{"source":"emodnet_dtm_2024","level":2}},{"type":"Feature","geometry":{"type":"LineString","coordinates":[[-28.39625,38.42042],[-28.39625,38.42042]]},"properties":{"source":"emodnet_dtm_2024","level":2}},{"type":"Feature","geometry":{"type":"LineString","coordinates":[[-28.40042,38.42292],[-28.40042,38.42292]]},"properties":{"source":"emodnet_dtm_2024","level":2}},{"type":"Feature","geometry":{"type":"LineString","coordinates":[[-28.40208,38.42375],[-28.40208,38.42375]]},"properties":{"source":"emodnet_dtm_2024","level":2}},{"type":"Feature","geometry":{"type":"LineString","coordinates":[[-28.45875,38.42792],[-28.45875,38.42792]]},"properties":{"source":"emodnet_dtm_2024","level":2}},{"type":"Feature","geometry":{"type":"LineString","coordinates":[[-28.52125,38.46042],[-28.52125,38.46042]]},"properties":{"source":"emodnet_dtm_2024","level":2}},{"type":"Feature","geometry":{"type":"LineString","coordinates":[[-28.52292,38.46458],[-28.52292,38.46458]]},"properties":{"source":"emodnet_dtm_2024","level":2}},{"type":"Feature","geometry":{"type":"LineString","coordinates":[[-28.52542,38.46542],[-28.52542,38.46542]]},"properties":{"source":"emodnet_dtm_2024","level":2}},{"type":"Feature","geometry":{"type":"LineString","coordinates":[[-28.52625,38.46625],[-28.52625,38.46625]]},"properties":{"source":"emodnet_dtm_2024","level":2}},{"type":"Feature","geometry":{"type":"LineString","coordinates":[[-28.53042,38.47042],[-28.53042,38.47042]]},"properties":{"source":"emodnet_dtm_2024","level":2}},{"type":"Feature","geometry":{"type":"LineString","coordinates":[[-28.53542,38.47792],[-28.53542,38.47792]]},"properties":{"source":"emodnet_dtm_2024","level":2}},{"type":"Feature","geometry":{"type":"LineString","coordinates":[[-28.54208,38.49042],[-28.54208,38.49042]]},"properties":{"source":"emodnet_dtm_2024","level":2}},{"type":"Feature","geometry":{"type":"LineString","coordinates":[[-28.54208,38.50292],[-28.54208,38.50292]]},"properties":{"source":"emodnet_dtm_2024","level":2}},{"type":"Feature","geometry":{"type":"LineString","coordinates":[[-28.66875,38.52042],[-28.66875,38.52042]]},"properties":{"source":"emodnet_dtm_2024","level":2}},{"type":"Feature","geometry":{"type":"LineString","coordinates":[[-28.75042,38.52792],[-28.75042,38.52792]]},"properties":{"source":"emodnet_dtm_2024","level":2}},{"type":"Feature","geometry":{"type":"LineString","coordinates":[[-27.82958,38.53208],[-27.82958,38.53208]]},"properties":{"source":"emodnet_dtm_2024","level":2}},{"type":"Feature","geometry":{"type":"LineString","coordinates":[[-27.83042,38.53292],[-27.83042,38.53292]]},"properties":{"source":"emodnet_dtm_2024","level":2}},{"type":"Feature","geometry":{"type":"LineString","coordinates":[[-27.83958,38.53625],[-27.83958,38.53625]]},"properties":{"source":"emodnet_dtm_2024","level":2}},{"type":"Feature","geometry":{"type":"LineString","coordinates":[[-28.75208,38.54042],[-28.75208,38.54042]]},"properties":{"source":"emodnet_dtm_2024","level":2}},{"type":"Feature","geometry":{"type":"LineString","coordinates":[[-28.60958,38.54125],[-28.60958,38.54125]]},"properties":{"source":"emodnet_dtm_2024","level":2}},{"type":"Feature","geometry":{"type":"LineString","coordinates":[[-27.85208,38.54125],[-27.85208,38.54125]]},"properties":{"source":"emodnet_dtm_2024","level":2}},{"type":"Feature","geometry":{"type":"LineString","coordinates":[[-27.86292,38.54542],[-27.86292,38.54542]]},"properties":{"source":"emodnet_dtm_2024","level":2}},{"type":"Feature","geometry":{"type":"LineString","coordinates":[[-28.75458,38.54792],[-28.75458,38.54792]]},"properties":{"source":"emodnet_dtm_2024","level":2}},{"type":"Feature","geometry":{"type":"LineString","coordinates":[[-28.75542,38.54958],[-28.75542,38.54958]]},"properties":{"source":"emodnet_dtm_2024","level":2}},{"type":"Feature","geometry":{"type":"LineString","coordinates":[[-27.86708,38.54958],[-27.86708,38.54958]]},"properties":{"source":"emodnet_dtm_2024","level":2}},{"type":"Feature","geometry":{"type":"LineString","coordinates":[[-28.75625,38.55292],[-28.75625,38.55292]]},"properties":{"source":"emodnet_dtm_2024","level":2}},{"type":"Feature","geometry":{"type":"LineString","coordinates":[[-27.87125,38.55292],[-27.87125,38.55292]]},"properties":{"source":"emodnet_dtm_2024","level":2}},{"type":"Feature","geometry":{"type":"LineString","coordinates":[[-27.87708,38.55375],[-27.87708,38.55375]]},"properties":{"source":"emodnet_dtm_2024","level":2}},{"type":"Feature","geometry":{"type":"LineString","coordinates":[[-27.88042,38.55625],[-27.88042,38.55625]]},"properties":{"source":"emodnet_dtm_2024","level":2}},{"type":"Feature","geometry":{"type":"LineString","coordinates":[[-28.75958,38.55792],[-28.75958,38.55792]]},"properties":{"source":"emodnet_dtm_2024","level":2}},{"type":"Feature","geometry":{"type":"LineString","coordinates":[[-27.88458,38.55792],[-27.88458,38.55792]]},"properties":{"source":"emodnet_dtm_2024","level":2}},{"type":"Feature","geometry":{"type":"LineString","coordinates":[[-28.77542,38.56208],[-28.77542,38.56208]]},"properties":{"source":"emodnet_dtm_2024","level":2}},{"type":"Feature","geometry":{"type":"LineString","coordinates":[[-28.76292,38.56208],[-28.76292,38.56208]]},"properties":{"source":"emodnet_dtm_2024","level":2}},{"type":"Feature","geometry":{"type":"LineString","coordinates":[[-27.89708,38.56208],[-27.89708,38.56208]]},"properties":{"source":"emodnet_dtm_2024","level":2}},{"type":"Feature","geometry":{"type":"LineString","coordinates":[[-27.90458,38.56542],[-27.90458,38.56542]]},"properties":{"source":"emodnet_dtm_2024","level":2}},{"type":"Feature","geometry":{"type":"LineString","coordinates":[[-27.91375,38.56958],[-27.91375,38.56958]]},"properties":{"source":"emodnet_dtm_2024","level":2}},{"type":"Feature","geometry":{"type":"LineString","coordinates":[[-27.91458,38.57042],[-27.91458,38.57042]]},"properties":{"source":"emodnet_dtm_2024","level":2}},{"type":"Feature","geometry":{"type":"LineString","coordinates":[[-27.92292,38.57708],[-27.92292,38.57708]]},"properties":{"source":"emodnet_dtm_2024","level":2}},{"type":"Feature","geometry":{"type":"LineString","coordinates":[[-27.93875,38.58542],[-27.93875,38.58542]]},"properties":{"source":"emodnet_dtm_2024","level":2}},{"type":"Feature","geometry":{"type":"LineString","coordinates":[[-27.93958,38.58625],[-27.93958,38.58625]]},"properties":{"source":"emodnet_dtm_2024","level":2}},{"type":"Feature","geometry":{"type":"LineString","coordinates":[[-27.94208,38.58708],[-27.94208,38.58708]]},"properties":{"source":"emodnet_dtm_2024","level":2}},{"type":"Feature","geometry":{"type":"LineString","coordinates":[[-27.95625,38.58958],[-27.95625,38.58958]]},"properties":{"source":"emodnet_dtm_2024","level":2}},{"type":"Feature","geometry":{"type":"LineString","coordinates":[[-27.95958,38.59042],[-27.95958,38.59042]]},"properties":{"source":"emodnet_dtm_2024","level":2}},{"type":"Feature","geometry":{"type":"LineString","coordinates":[[-27.96042,38.59125],[-27.96042,38.59125]]},"properties":{"source":"emodnet_dtm_2024","level":2}},{"type":"Feature","geometry":{"type":"LineString","coordinates":[[-27.96708,38.59375],[-27.96708,38.59375]]},"properties":{"source":"emodnet_dtm_2024","level":2}},{"type":"Feature","geometry":{"type":"LineString","coordinates":[[-27.99625,38.59542],[-27.99625,38.59542]]},"properties":{"source":"emodnet_dtm_2024","level":2}},{"type":"Feature","geometry":{"type":"LineString","coordinates":[[-28.03542,38.60625],[-28.03542,38.60625]]},"properties":{"source":"emodnet_dtm_2024","level":2}},{"type":"Feature","geometry":{"type":"LineString","coordinates":[[-28.04625,38.61458],[-28.04625,38.61458]]},"properties":{"source":"emodnet_dtm_2024","level":2}},{"type":"Feature","geometry":{"type":"LineString","coordinates":[[-28.04708,38.61542],[-28.04708,38.61542]]},"properties":{"source":"emodnet_dtm_2024","level":2}},{"type":"Feature","geometry":{"type":"LineString","coordinates":[[-28.05458,38.61958],[-28.05458,38.61958]]},"properties":{"source":"emodnet_dtm_2024","level":2}},{"type":"Feature","geometry":{"type":"LineString","coordinates":[[-28.05625,38.62042],[-28.05625,38.62042]]},"properties":{"source":"emodnet_dtm_2024","level":2}},{"type":"Feature","geometry":{"type":"LineString","coordinates":[[-28.06375,38.62375],[-28.06375,38.62375]]},"properties":{"source":"emodnet_dtm_2024","level":2}},{"type":"Feature","geometry":{"type":"LineString","coordinates":[[-28.06458,38.62458],[-28.06458,38.62458]]},"properties":{"source":"emodnet_dtm_2024","level":2}},{"type":"Feature","geometry":{"type":"LineString","coordinates":[[-28.73458,38.62792],[-28.73458,38.62792]]},"properties":{"source":"emodnet_dtm_2024","level":2}},{"type":"Feature","geometry":{"type":"LineString","coordinates":[[-28.08792,38.62792],[-28.08792,38.62792]]},"properties":{"source":"emodnet_dtm_2024","level":2}},{"type":"Feature","geometry":{"type":"LineString","coordinates":[[-28.08958,38.62875],[-28.08958,38.62875]]},"properties":{"source":"emodnet_dtm_2024","level":2}},{"type":"Feature","geometry":{"type":"LineString","coordinates":[[-28.12542,38.64042],[-28.12542,38.64042]]},"properties":{"source":"emodnet_dtm_2024","level":2}},{"type":"Feature","geometry":{"type":"LineString","coordinates":[[-28.12708,38.64125],[-28.12708,38.64125]]},"properties":{"source":"emodnet_dtm_2024","level":2}},{"type":"Feature","geometry":{"type":"LineString","coordinates":[[-27.11875,38.64458],[-27.11875,38.64458]]},"properties":{"source":"emodnet_dtm_2024","level":2}},{"type":"Feature","geometry":{"type":"LineString","coordinates":[[-27.11292,38.64458],[-27.11292,38.64458]]},"properties":{"source":"emodnet_dtm_2024","level":2}},{"type":"Feature","geometry":{"type":"LineString","coordinates":[[-27.26125,38.65458],[-27.26125,38.65458]]},"properties":{"source":"emodnet_dtm_2024","level":2}},{"type":"Feature","geometry":{"type":"LineString","coordinates":[[-27.30042,38.66125],[-27.30042,38.66125]]},"properties":{"source":"emodnet_dtm_2024","level":2}},{"type":"Feature","geometry":{"type":"LineString","coordinates":[[-27.30125,38.66208],[-27.30125,38.66208]]},"properties":{"source":"emodnet_dtm_2024","level":2}},{"type":"Feature","geometry":{"type":"LineString","coordinates":[[-27.30542,38.66458],[-27.30542,38.66458]]},"properties":{"source":"emodnet_dtm_2024","level":2}},{"type":"Feature","geometry":{"type":"LineString","coordinates":[[-27.30875,38.66625],[-27.30875,38.66625]]},"properties":{"source":"emodnet_dtm_2024","level":2}},{"type":"Feature","geometry":{"type":"LineString","coordinates":[[-27.31458,38.66875],[-27.31458,38.66875]]},"properties":{"source":"emodnet_dtm_2024","level":2}},{"type":"Feature","geometry":{"type":"LineString","coordinates":[[-27.31708,38.66958],[-27.31708,38.66958]]},"properties":{"source":"emodnet_dtm_2024","level":2}},{"type":"Feature","geometry":{"type":"LineString","coordinates":[[-27.32208,38.67042],[-27.32208,38.67042]]},"properties":{"source":"emodnet_dtm_2024","level":2}},{"type":"Feature","geometry":{"type":"LineString","coordinates":[[-27.33458,38.67792],[-27.33458,38.67792]]},"properties":{"source":"emodnet_dtm_2024","level":2}},{"type":"Feature","geometry":{"type":"LineString","coordinates":[[-27.34292,38.68125],[-27.34292,38.68125]]},"properties":{"source":"emodnet_dtm_2024","level":2}},{"type":"Feature","geometry":{"type":"LineString","coordinates":[[-27.34708,38.68292],[-27.34708,38.68292]]},"properties":{"source":"emodnet_dtm_2024","level":2}},{"type":"Feature","geometry":{"type":"LineString","coordinates":[[-27.35125,38.68542],[-27.35125,38.68542]]},"properties":{"source":"emodnet_dtm_2024","level":2}},{"type":"Feature","geometry":{"type":"LineString","coordinates":[[-27.35208,38.68625],[-27.35208,38.68625]]},"properties":{"source":"emodnet_dtm_2024","level":2}},{"type":"Feature","geometry":{"type":"LineString","coordinates":[[-27.35542,38.68958],[-27.35542,38.68958]]},"properties":{"source":"emodnet_dtm_2024","level":2}},{"type":"Feature","geometry":{"type":"LineString","coordinates":[[-27.35625,38.69042],[-27.35625,38.69042]]},"properties":{"source":"emodnet_dtm_2024","level":2}},{"type":"Feature","geometry":{"type":"LineString","coordinates":[[-27.35875,38.69375],[-27.35875,38.69375]]},"properties":{"source":"emodnet_dtm_2024","level":2}},{"type":"Feature","geometry":{"type":"LineString","coordinates":[[-27.36042,38.69542],[-27.36042,38.69542]]},"properties":{"source":"emodnet_dtm_2024","level":2}},{"type":"Feature","geometry":{"type":"LineString","coordinates":[[-28.22958,38.69875],[-28.22958,38.69875]]},"properties":{"source":"emodnet_dtm_2024","level":2}},{"type":"Feature","geometry":{"type":"LineString","coordinates":[[-27.36292,38.69875],[-27.36292,38.69875]]},"properties":{"source":"emodnet_dtm_2024","level":2}},{"type":"Feature","geometry":{"type":"LineString","coordinates":[[-28.23042,38.69958],[-28.23042,38.69958]]},"properties":{"source":"emodnet_dtm_2024","level":2}},{"type":"Feature","geometry":{"type":"LineString","coordinates":[[-28.23792,38.70292],[-28.23792,38.70292]]},"properties":{"source":"emodnet_dtm_2024","level":2}},{"type":"Feature","geometry":{"type":"LineString","coordinates":[[-27.36708,38.70292],[-27.36708,38.70292]]},"properties":{"source":"emodnet_dtm_2024","level":2}},{"type":"Feature","geometry":{"type":"LineString","coordinates":[[-28.24292,38.70375],[-28.24292,38.70375]]},"properties":{"source":"emodnet_dtm_2024","level":2}},{"type":"Feature","geometry":{"type":"LineString","coordinates":[[-27.36792,38.70375],[-27.36792,38.70375]]},"properties":{"source":"emodnet_dtm_2024","level":2}},{"type":"Feature","geometry":{"type":"LineString","coordinates":[[-28.24625,38.70625],[-28.24625,38.70625]]},"properties":{"source":"emodnet_dtm_2024","level":2}},{"type":"Feature","geometry":{"type":"LineString","coordinates":[[-28.25542,38.70792],[-28.25542,38.70792]]},"properties":{"source":"emodnet_dtm_2024","level":2}},{"type":"Feature","geometry":{"type":"LineString","coordinates":[[-27.37125,38.70792],[-27.37125,38.70792]]},"properties":{"source":"emodnet_dtm_2024","level":2}},{"type":"Feature","geometry":{"type":"LineString","coordinates":[[-28.26292,38.71125],[-28.26292,38.71125]]},"properties":{"source":"emodnet_dtm_2024","level":2}},{"type":"Feature","geometry":{"type":"LineString","coordinates":[[-28.26458,38.71208],[-28.26458,38.71208]]},"properties":{"source":"emodnet_dtm_2024","level":2}},{"type":"Feature","geometry":{"type":"LineString","coordinates":[[-28.26875,38.71458],[-28.26875,38.71458]]},"properties":{"source":"emodnet_dtm_2024","level":2}},{"type":"Feature","geometry":{"type":"LineString","coordinates":[[-27.37208,38.71458],[-27.37208,38.71458]]},"properties":{"source":"emodnet_dtm_2024","level":2}},{"type":"Feature","geometry":{"type":"LineString","coordinates":[[-28.27125,38.71625],[-28.27125,38.71625]]},"properties":{"source":"emodnet_dtm_2024","level":2}},{"type":"Feature","geometry":{"type":"LineString","coordinates":[[-28.27542,38.71958],[-28.27542,38.71958]]},"properties":{"source":"emodnet_dtm_2024","level":2}},{"type":"Feature","geometry":{"type":"LineString","coordinates":[[-28.27708,38.72042],[-28.27708,38.72042]]},"properties":{"source":"emodnet_dtm_2024","level":2}},{"type":"Feature","geometry":{"type":"LineString","coordinates":[[-28.28125,38.72458],[-28.28125,38.72458]]},"properties":{"source":"emodnet_dtm_2024","level":2}},{"type":"Feature","geometry":{"type":"LineString","coordinates":[[-27.37542,38.72458],[-27.37542,38.72458]]},"properties":{"source":"emodnet_dtm_2024","level":2}},{"type":"Feature","geometry":{"type":"LineString","coordinates":[[-28.28375,38.72708],[-28.28375,38.72708]]},"properties":{"source":"emodnet_dtm_2024","level":2}},{"type":"Feature","geometry":{"type":"LineString","coordinates":[[-28.28875,38.72875],[-28.28875,38.72875]]},"properties":{"source":"emodnet_dtm_2024","level":2}},{"type":"Feature","geometry":{"type":"LineString","coordinates":[[-28.29208,38.73125],[-28.29208,38.73125]]},"properties":{"source":"emodnet_dtm_2024","level":2}},{"type":"Feature","geometry":{"type":"LineString","coordinates":[[-28.29292,38.73208],[-28.29292,38.73208]]},"properties":{"source":"emodnet_dtm_2024","level":2}},{"type":"Feature","geometry":{"type":"LineString","coordinates":[[-28.29708,38.73542],[-28.29708,38.73542]]},"properties":{"source":"emodnet_dtm_2024","level":2}},{"type":"Feature","geometry":{"type":"LineString","coordinates":[[-28.29792,38.73625],[-28.29792,38.73625]]},"properties":{"source":"emodnet_dtm_2024","level":2}},{"type":"Feature","geometry":{"type":"LineString","coordinates":[[-28.30042,38.73958],[-28.30042,38.73958]]},"properties":{"source":"emodnet_dtm_2024","level":2}},{"type":"Feature","geometry":{"type":"LineString","coordinates":[[-28.30208,38.74125],[-28.30208,38.74125]]},"properties":{"source":"emodnet_dtm_2024","level":2}},{"type":"Feature","geometry":{"type":"LineString","coordinates":[[-28.30625,38.74542],[-28.30625,38.74542]]},"properties":{"source":"emodnet_dtm_2024","level":2}},{"type":"Feature","geometry":{"type":"LineString","coordinates":[[-28.30958,38.74792],[-28.30958,38.74792]]},"properties":{"source":"emodnet_dtm_2024","level":2}},{"type":"Feature","geometry":{"type":"LineString","coordinates":[[-28.31292,38.74958],[-28.31292,38.74958]]},"properties":{"source":"emodnet_dtm_2024","level":2}},{"type":"Feature","geometry":{"type":"LineString","coordinates":[[-27.37625,38.76208],[-27.37625,38.76208]]},"properties":{"source":"emodnet_dtm_2024","level":2}},{"type":"Feature","geometry":{"type":"LineString","coordinates":[[-27.36708,38.77292],[-27.36708,38.77292]]},"properties":{"source":"emodnet_dtm_2024","level":2}},{"type":"Feature","geometry":{"type":"LineString","coordinates":[[-27.13958,38.78458],[-27.13958,38.78458]]},"properties":{"source":"emodnet_dtm_2024","level":2}},{"type":"Feature","geometry":{"type":"LineString","coordinates":[[-28.03792,39.02375],[-28.03792,39.02375]]},"properties":{"source":"emodnet_dtm_2024","level":2}},{"type":"Feature","geometry":{"type":"LineString","coordinates":[[-28.03875,39.02458],[-28.03875,39.02458]]},"properties":{"source":"emodnet_dtm_2024","level":2}},{"type":"Feature","geometry":{"type":"LineString","coordinates":[[-28.04292,39.02875],[-28.04292,39.02875]]},"properties":{"source":"emodnet_dtm_2024","level":2}},{"type":"Feature","geometry":{"type":"LineString","coordinates":[[-28.04625,39.03125],[-28.04625,39.03125]]},"properties":{"source":"emodnet_dtm_2024","level":2}},{"type":"Feature","geometry":{"type":"LineString","coordinates":[[-28.04708,39.03208],[-28.04708,39.03208]]},"properties":{"source":"emodnet_dtm_2024","level":2}},{"type":"Feature","geometry":{"type":"LineString","coordinates":[[-28.05042,39.03708],[-28.05042,39.03708]]},"properties":{"source":"emodnet_dtm_2024","level":2}},{"type":"Feature","geometry":{"type":"LineString","coordinates":[[-28.05875,39.05375],[-28.05875,39.05375]]},"properties":{"source":"emodnet_dtm_2024","level":2}},{"type":"Feature","geometry":{"type":"LineString","coordinates":[[-28.06292,39.05625],[-28.06292,39.05625]]},"properties":{"source":"emodnet_dtm_2024","level":2}},{"type":"Feature","geometry":{"type":"LineString","coordinates":[[-28.06458,39.05792],[-28.06458,39.05792]]},"properties":{"source":"emodnet_dtm_2024","level":2}},{"type":"Feature","geometry":{"type":"LineString","coordinates":[[-28.06708,39.06042],[-28.06708,39.06042]]},"properties":{"source":"emodnet_dtm_2024","level":2}},{"type":"Feature","geometry":{"type":"LineString","coordinates":[[-28.05542,39.08625],[-28.05542,39.08625]]},"properties":{"source":"emodnet_dtm_2024","level":2}},{"type":"Feature","geometry":{"type":"LineString","coordinates":[[-31.23458,39.37042],[-31.23458,39.37042]]},"properties":{"source":"emodnet_dtm_2024","level":2}},{"type":"Feature","geometry":{"type":"LineString","coordinates":[[-31.25042,39.37375],[-31.25042,39.37375]]},"properties":{"source":"emodnet_dtm_2024","level":2}},{"type":"Feature","geometry":{"type":"LineString","coordinates":[[-31.21458,39.37375],[-31.21458,39.37375]]},"properties":{"source":"emodnet_dtm_2024","level":2}},{"type":"Feature","geometry":{"type":"LineString","coordinates":[[-31.25208,39.37458],[-31.25208,39.37458]]},"properties":{"source":"emodnet_dtm_2024","level":2}},{"type":"Feature","geometry":{"type":"LineString","coordinates":[[-31.26375,39.41458],[-31.26375,39.41458]]},"properties":{"source":"emodnet_dtm_2024","level":2}},{"type":"Feature","geometry":{"type":"LineString","coordinates":[[-31.26458,39.42375],[-31.26458,39.42375]]},"properties":{"source":"emodnet_dtm_2024","level":2}},{"type":"Feature","geometry":{"type":"LineString","coordinates":[[-31.26292,39.44042],[-31.26292,39.44042]]},"properties":{"source":"emodnet_dtm_2024","level":2}},{"type":"Feature","geometry":{"type":"LineString","coordinates":[[-31.26708,39.44792],[-31.26708,39.44792]]},"properties":{"source":"emodnet_dtm_2024","level":2}},{"type":"Feature","geometry":{"type":"LineString","coordinates":[[-31.26792,39.44875],[-31.26792,39.44875]]},"properties":{"source":"emodnet_dtm_2024","level":2}},{"type":"Feature","geometry":{"type":"LineString","coordinates":[[-31.26875,39.44958],[-31.26875,39.44958]]},"properties":{"source":"emodnet_dtm_2024","level":2}},{"type":"Feature","geometry":{"type":"LineString","coordinates":[[-31.25875,39.46542],[-31.25875,39.46542]]},"properties":{"source":"emodnet_dtm_2024","level":2}},{"type":"Feature","geometry":{"type":"LineString","coordinates":[[-31.13958,39.47208],[-31.13958,39.47208]]},"properties":{"source":"emodnet_dtm_2024","level":2}},{"type":"Feature","geometry":{"type":"LineString","coordinates":[[-31.25875,39.47458],[-31.25875,39.47458]]},"properties":{"source":"emodnet_dtm_2024","level":2}},{"type":"Feature","geometry":{"type":"LineString","coordinates":[[-31.14792,39.48375],[-31.14792,39.48375]]},"properties":{"source":"emodnet_dtm_2024","level":2}},{"type":"Feature","geometry":{"type":"LineString","coordinates":[[-31.16375,39.50042],[-31.16375,39.50042]]},"properties":{"source":"emodnet_dtm_2024","level":2}},{"type":"Feature","geometry":{"type":"LineString","coordinates":[[-31.16042,39.50208],[-31.16042,39.50208]]},"properties":{"source":"emodnet_dtm_2024","level":2}},{"type":"Feature","geometry":{"type":"LineString","coordinates":[[-31.23792,39.51625],[-31.23792,39.51625]]},"properties":{"source":"emodnet_dtm_2024","level":2}},{"type":"Feature","geometry":{"type":"LineString","coordinates":[[-31.12125,39.68542],[-31.12125,39.68542]]},"properties":{"source":"emodnet_dtm_2024","level":2}},{"type":"Feature","geometry":{"type":"LineString","coordinates":[[-31.12208,39.68625],[-31.12208,39.68625]]},"properties":{"source":"emodnet_dtm_2024","level":2}},{"type":"Feature","geometry":{"type":"LineString","coordinates":[[-31.12292,39.68708],[-31.12292,39.68708]]},"properties":{"source":"emodnet_dtm_2024","level":2}},{"type":"Feature","geometry":{"type":"LineString","coordinates":[[-31.12542,39.68958],[-31.12542,39.68958]]},"properties":{"source":"emodnet_dtm_2024","level":2}},{"type":"Feature","geometry":{"type":"LineString","coordinates":[[-31.12708,39.69125],[-31.12708,39.69125]]},"properties":{"source":"emodnet_dtm_2024","level":2}},{"type":"Feature","geometry":{"type":"LineString","coordinates":[[-31.12708,39.70792],[-31.12708,39.70792]]},"properties":{"source":"emodnet_dtm_2024","level":2}},{"type":"Feature","geometry":{"type":"LineString","coordinates":[[-31.12208,39.72292],[-31.12208,39.72292]]},"properties":{"source":"emodnet_dtm_2024","level":2}},{"type":"Feature","geometry":{"type":"LineString","coordinates":[[-25.82708,37.89208],[-25.82708,37.89208]]},"properties":{"source":"emodnet_dtm_2024","level":2}},{"type":"Feature","geometry":{"type":"LineString","coordinates":[[-27.21458,38.80125],[-27.21458,38.80125]]},"properties":{"source":"emodnet_dtm_2024","level":2}},{"type":"Feature","geometry":{"type":"LineString","coordinates":[[-25.19875,37.73542],[-25.19875,37.73542]]},"properties":{"source":"emodnet_dtm_2024","level":2}},{"type":"Feature","geometry":{"type":"LineString","coordinates":[[-25.47125,37.82542],[-25.47125,37.82542]]},"properties":{"source":"emodnet_dtm_2024","level":2}},{"type":"Feature","geometry":{"type":"LineString","coordinates":[[-28.60708,38.54125],[-28.60708,38.54125]]},"properties":{"source":"emodnet_dtm_2024","level":2}},{"type":"Feature","geometry":{"type":"LineString","coordinates":[[-28.40625,38.42458],[-28.40625,38.42458]]},"properties":{"source":"emodnet_dtm_2024","level":2}},{"type":"Feature","geometry":{"type":"LineString","coordinates":[[-28.72625,38.51625],[-28.72625,38.51625]]},"properties":{"source":"emodnet_dtm_2024","level":2}},{"type":"Feature","geometry":{"type":"LineString","coordinates":[[-28.73458,38.51958],[-28.73458,38.51958]]},"properties":{"source":"emodnet_dtm_2024","level":2}},{"type":"Feature","geometry":{"type":"LineString","coordinates":[[-28.75458,38.52042],[-28.75458,38.52042]]},"properties":{"source":"emodnet_dtm_2024","level":2}},{"type":"Feature","geometry":{"type":"LineString","coordinates":[[-28.80042,38.57375],[-28.80042,38.57375]]},"properties":{"source":"emodnet_dtm_2024","level":2}},{"type":"Feature","geometry":{"type":"LineString","coordinates":[[-27.92125,38.57375],[-27.92125,38.57375]]},"properties":{"source":"emodnet_dtm_2024","level":2}},{"type":"Feature","geometry":{"type":"LineString","coordinates":[[-28.03958,38.61042],[-28.03958,38.61042]]},"properties":{"source":"emodnet_dtm_2024","level":2}},{"type":"Feature","geometry":{"type":"LineString","coordinates":[[-27.08958,38.64125],[-27.08958,38.64125]]},"properties":{"source":"emodnet_dtm_2024","level":2}},{"type":"Feature","geometry":{"type":"LineString","coordinates":[[-27.29625,38.65792],[-27.29625,38.65792]]},"properties":{"source":"emodnet_dtm_2024","level":2}},{"type":"Feature","geometry":{"type":"LineString","coordinates":[[-27.97208,39.00708],[-27.97208,39.00708]]},"properties":{"source":"emodnet_dtm_2024","level":2}},{"type":"Feature","geometry":{"type":"LineString","coordinates":[[-27.98875,39.01042],[-27.98875,39.01042]]},"properties":{"source":"emodnet_dtm_2024","level":2}},{"type":"Feature","geometry":{"type":"LineString","coordinates":[[-25.05292,36.99458],[-25.05292,36.99458]]},"properties":{"source":"emodnet_dtm_2024","level":2}},{"type":"Feature","geometry":{"type":"LineString","coordinates":[[-27.98292,39.07542],[-27.98292,39.07542]]},"properties":{"source":"emodnet_dtm_2024","level":2}},{"type":"Feature","geometry":{"type":"LineString","coordinates":[[-27.99458,39.08875],[-27.99458,39.08875]]},"properties":{"source":"emodnet_dtm_2024","level":2}}]}