{"type":"FeatureCollection","features":[{"type":"Feature","geometry":{"type":"LineString","coordinates":[[-1.21226,45.68042],[-1.21125,45.68075],[-1.21104,45.68042]]},"properties":{"source":"emodnet_dtm_2024","level":2}},{"type":"Feature","geometry":{"type":"LineString","coordinates":[[-1.20292,45.68386],[-1.20292,45.68386]]},"properties":{"source":"emodnet_dtm_2024","level":2}},{"type":"Feature","geometry":{"type":"LineString","coordinates":[[-1.19958,45.68412],[-1.19903,45.68375],[-1.19958,45.68344],[-1.19958,45.68412]]},"properties":{"source":"emodnet_dtm_2024","level":2}},{"type":"Feature","geometry":{"type":"LineString","coordinates":[[-1.19458,45.68381],[-1.19458,45.68289],[-1.19458,45.68381]]},"properties":{"source":"emodnet_dtm_2024","level":2}},{"type":"Feature","geometry":{"type":"LineString","coordinates":[[-1.23292,45.68482],[-1.23292,45.68282],[-1.23458,45.68436],[-1.23556,45.68458],[-1.23458,45.68509],[-1.23292,45.68482]]},"properties":{"source":"emodnet_dtm_2024","level":2}},{"type":"Feature","geometry":{"type":"LineString","coordinates":[[-1.18153,45.68042],[-1.18292,45.6815],[-1.18375,45.6832],[-1.18458,45.68222],[-1.18542,45.68228],[-1.18708,45.68256],[-1.18875,45.68369],[-1.19042,45.68374],[-1.19458,45.68713],[-1.19542,45.68641],[-1.19625,45.68331],[-1.19708,45.68327],[-1.19792,45.6841],[-1.19875,45.68627],[-1.19958,45.68594],[-1.20042,45.68672],[-1.20125,45.68561],[-1.20292,45.6862],[-1.20375,45.68586],[-1.20442,45.68625],[-1.20371,45.68708],[-1.20708,45.68782],[-1.20769,45.68708],[-1.20708,45.6853],[-1.20875,45.68596],[-1.21042,45.68569],[-1.21115,45.68625],[-1.20923,45.68708],[-1.20991,45.68875],[-1.20912,45.68958],[-1.20853,45.68958],[-1.20792,45.68835],[-1.20708,45.68812],[-1.20649,45.68875],[-1.20763,45.69125],[-1.20625,45.69314],[-1.20525,45.69292],[-1.20527,45.69375],[-1.20625,45.69423],[-1.20875,45.69345],[-1.21236,45.69542],[-1.21708,45.69544],[-1.21792,45.69423],[-1.21958,45.69343],[-1.22042,45.69384],[-1.22208,45.69319],[-1.22264,45.69375],[-1.22388,45.69375],[-1.22384,45.69292],[-1.22458,45.69242],[-1.22792,45.6921],[-1.22875,45.69063],[-1.23125,45.68958],[-1.23125,45.68792],[-1.23292,45.68792],[-1.23414,45.68875],[-1.23458,45.69047],[-1.23542,45.68996],[-1.23792,45.69],[-1.23958,45.68899],[-1.24125,45.68916],[-1.24134,45.69042],[-1.2399,45.69208],[-1.23951,45.69375],[-1.24052,45.70042],[-1.24297,45.70708],[-1.24325,45.72375],[-1.24735,45.73542],[-1.24792,45.73599],[-1.24958,45.73555],[-1.25058,45.73625],[-1.25223,45.73958],[-1.25014,45.74375],[-1.25025,45.74708],[-1.24899,45.74958],[-1.24825,45.74958],[-1.24708,45.74788],[-1.24542,45.74988],[-1.24464,45.75208],[-1.24458,45.75306],[-1.24792,45.75259],[-1.24875,45.75292],[-1.24756,45.75792],[-1.24627,45.75958],[-1.24769,45.76292],[-1.24691,45.76625],[-1.24755,45.77042],[-1.24612,45.77208],[-1.24637,45.77458],[-1.24458,45.78208],[-1.24072,45.78708],[-1.23658,45.78875],[-1.23375,45.78928],[-1.22708,45.78911],[-1.22625,45.78984],[-1.22542,45.7884],[-1.22292,45.78862],[-1.22042,45.79099],[-1.21885,45.79125],[-1.21875,45.79218],[-1.21625,45.79335],[-1.21458,45.79337],[-1.21292,45.79403],[-1.21125,45.79559],[-1.20958,45.79564],[-1.20875,45.79639],[-1.20625,45.79643],[-1.20375,45.79524],[-1.20284,45.79542],[-1.20206,45.79625],[-1.19958,45.79649],[-1.19792,45.79767],[-1.19625,45.79779],[-1.19542,45.79858],[-1.18708,45.80123],[-1.18193,45.80375],[-1.17958,45.804],[-1.17625,45.80637],[-1.17542,45.80654],[-1.17458,45.80571],[-1.17125,45.80657],[-1.16875,45.80533],[-1.16602,45.80542],[-1.16665,45.80458],[-1.16625,45.8041],[-1.16458,45.80527],[-1.16292,45.80451],[-1.16208,45.80496],[-1.15458,45.8036],[-1.15042,45.80203],[-1.14542,45.80139],[-1.14083,45.79792],[-1.14042,45.79646],[-1.13728,45.79292],[-1.13708,45.79167],[-1.13542,45.79063],[-1.13375,45.78657],[-1.12708,45.78542],[-1.12604,45.78292],[-1.12187,45.78125],[-1.12042,45.77882],[-1.11523,45.77708],[-1.11227,45.77042],[-1.10958,45.76806],[-1.10375,45.76577],[-1.10208,45.76458],[-1.09708,45.76458],[-1.09542,45.76375],[-1.09486,45.76458],[-1.09479,45.76875],[-1.09549,45.77042],[-1.09792,45.77187],[-1.10208,45.77094],[-1.10303,45.77542],[-1.10625,45.78125],[-1.11042,45.78125],[-1.11115,45.78375],[-1.11208,45.78468],[-1.11458,45.78542],[-1.12042,45.78854],[-1.12292,45.78899],[-1.12458,45.79201],[-1.12768,45.79375],[-1.12875,45.79609],[-1.13292,45.7976],[-1.13399,45.79708],[-1.13424,45.79792],[-1.13708,45.79938],[-1.13958,45.80269],[-1.14125,45.80368],[-1.1413,45.80458],[-1.14292,45.80501],[-1.14542,45.80776],[-1.14708,45.80809],[-1.15292,45.81162],[-1.16208,45.815],[-1.16542,45.8157],[-1.17542,45.8158],[-1.17708,45.8165],[-1.17842,45.81542],[-1.17805,45.81375],[-1.17708,45.81324],[-1.17542,45.81373],[-1.17292,45.81333],[-1.17125,45.81372],[-1.17042,45.81295],[-1.16792,45.81366],[-1.16625,45.81304],[-1.16375,45.81318],[-1.16208,45.81232],[-1.16042,45.8123],[-1.15125,45.80658],[-1.14887,45.80458],[-1.14958,45.80413],[-1.15208,45.80468],[-1.15625,45.80683],[-1.17125,45.80953],[-1.17292,45.81071],[-1.17792,45.80887],[-1.17875,45.80922],[-1.18208,45.80839],[-1.18458,45.80854],[-1.18708,45.80757],[-1.18875,45.80774],[-1.19042,45.80707],[-1.19292,45.808],[-1.19375,45.80688],[-1.19527,45.80792],[-1.19458,45.80921],[-1.19292,45.80899],[-1.19255,45.81042],[-1.18988,45.81208],[-1.18958,45.81311],[-1.18458,45.814],[-1.18208,45.81323],[-1.18126,45.81375],[-1.18208,45.81545],[-1.17958,45.81481],[-1.17895,45.81625],[-1.17958,45.81696],[-1.18072,45.81708],[-1.18125,45.81776],[-1.18208,45.81766],[-1.18292,45.81639],[-1.18388,45.81875],[-1.18208,45.81986],[-1.18042,45.81977],[-1.17906,45.82125],[-1.17709,45.82208],[-1.17281,45.83125],[-1.17375,45.83315],[-1.17645,45.83542],[-1.17728,45.83708],[-1.1744,45.84958],[-1.17647,45.85375],[-1.17636,45.85542],[-1.17812,45.85792],[-1.17754,45.86042],[-1.17599,45.86125],[-1.1774,45.86375],[-1.17125,45.86711],[-1.17125,45.8643],[-1.17208,45.86453],[-1.17471,45.86208],[-1.17458,45.8602],[-1.17153,45.86208],[-1.17125,45.86361],[-1.17042,45.86337],[-1.17005,45.86375],[-1.16872,45.87042],[-1.16182,45.87375],[-1.16164,45.87458],[-1.15792,45.87834],[-1.15208,45.88068],[-1.14292,45.88649],[-1.14042,45.88875],[-1.13708,45.89049],[-1.13172,45.89958],[-1.13022,45.90042],[-1.12958,45.90542],[-1.12625,45.9075],[-1.12465,45.90792],[-1.12435,45.90875],[-1.12746,45.90958],[-1.12789,45.91042],[-1.12691,45.91208],[-1.12713,45.91292],[-1.12542,45.91345],[-1.12503,45.91458],[-1.12625,45.91614],[-1.12792,45.91586],[-1.12846,45.91625],[-1.12625,45.91644],[-1.1251,45.91792],[-1.12542,45.91866],[-1.12625,45.91813],[-1.12792,45.91938],[-1.12958,45.91955],[-1.12991,45.92125],[-1.12958,45.92165],[-1.12926,45.92042],[-1.12792,45.91998],[-1.12542,45.92023],[-1.12491,45.92042],[-1.1253,45.92292],[-1.12708,45.92401],[-1.12958,45.92388],[-1.13097,45.92458],[-1.12933,45.92542],[-1.12958,45.92726],[-1.13125,45.92541],[-1.13233,45.92625],[-1.12799,45.93042],[-1.12708,45.93261],[-1.12625,45.93266],[-1.12557,45.93208],[-1.12625,45.92918],[-1.12422,45.93042],[-1.12187,45.93375],[-1.12222,45.93625],[-1.12542,45.94105],[-1.12548,45.94542],[-1.12644,45.94625],[-1.12875,45.9469],[-1.12958,45.94882],[-1.13125,45.94849],[-1.13225,45.94958],[-1.13176,45.95125],[-1.12968,45.95292],[-1.12989,45.95458],[-1.13125,45.95624],[-1.13292,45.95656],[-1.13325,45.95792],[-1.13875,45.96071],[-1.13962,45.96208],[-1.14292,45.96371],[-1.14708,45.96867],[-1.14792,45.96926],[-1.14958,45.96945],[-1.15286,45.97208],[-1.15208,45.97306],[-1.15042,45.97256],[-1.14884,45.97375],[-1.14801,45.97542],[-1.1497,45.97625],[-1.14958,45.97712],[-1.14792,45.97736],[-1.14571,45.97625],[-1.14375,45.97359],[-1.13875,45.97334],[-1.13792,45.97521],[-1.13458,45.9748],[-1.13375,45.9743],[-1.13208,45.97481],[-1.13042,45.97382],[-1.12958,45.97473],[-1.12708,45.97456],[-1.12542,45.97312],[-1.12458,45.97377],[-1.12292,45.9722],[-1.12208,45.97221],[-1.11958,45.96972],[-1.11792,45.96974],[-1.11555,45.97125],[-1.11552,45.97208],[-1.11792,45.9741],[-1.11625,45.97516],[-1.11399,45.97375],[-1.11042,45.97374],[-1.11125,45.97378],[-1.11201,45.97542],[-1.11125,45.97633],[-1.11042,45.97622],[-1.10804,45.97458],[-1.10802,45.97292],[-1.10708,45.97209],[-1.10625,45.97151],[-1.10375,45.97161],[-1.10173,45.96958],[-1.10042,45.96949],[-1.0899,45.96042],[-1.08875,45.9596],[-1.08708,45.9594],[-1.08551,45.95708],[-1.08407,45.95625],[-1.08042,45.9543],[-1.07542,45.95257],[-1.07458,45.9531],[-1.07292,45.95166],[-1.07042,45.95055],[-1.06625,45.95101],[-1.06375,45.95006],[-1.06292,45.95059],[-1.05625,45.94958],[-1.05458,45.94988],[-1.05246,45.95125],[-1.05156,45.95292],[-1.05214,45.95375],[-1.05125,45.95435],[-1.04663,45.95458],[-1.04458,45.95675],[-1.04292,45.9566],[-1.04042,45.95732],[-1.03625,45.95914],[-1.03375,45.95891],[-1.03292,45.95967],[-1.02542,45.95932],[-1.02375,45.95985],[-1.02208,45.95964],[-1.02042,45.96058],[-1.01875,45.96081],[-1.01558,45.96292],[-1.01244,45.96625],[-1.01167,45.96875],[-1.01042,45.96993],[-1.00792,45.97125],[-1.00542,45.97101],[-1.00125,45.97201],[-0.99958,45.97095],[-0.99792,45.97095],[-0.99625,45.97013],[-0.9951,45.96792],[-0.99259,45.96625],[-0.99315,45.96125],[-0.99496,45.96042],[-0.99568,45.95542],[-0.99658,45.95458],[-0.99652,45.95292],[-0.9974,45.95208],[-0.99708,45.95033],[-0.99271,45.95958],[-0.99104,45.96625],[-0.99208,45.96912],[-0.99375,45.97099],[-0.99557,45.97125],[-0.99583,45.97292],[-0.99792,45.975],[-1.00042,45.97452],[-1.00125,45.97361],[-1.00208,45.97433],[-1.01042,45.97431],[-1.01458,45.975],[-1.01745,45.97208],[-1.02049,45.97042],[-1.02292,45.96792],[-1.02708,45.96771],[-1.02865,45.96708],[-1.03125,45.9625],[-1.03625,45.96194],[-1.03708,45.96036],[-1.03823,45.96125],[-1.0375,45.96208],[-1.03958,45.9625],[-1.04375,45.96181],[-1.04792,45.96181],[-1.05042,45.95856],[-1.05208,45.95764],[-1.05625,45.95903],[-1.06875,45.95903],[-1.07292,45.95833],[-1.07458,45.95654],[-1.07625,45.95623],[-1.07665,45.95708],[-1.07875,45.95752],[-1.08236,45.96042],[-1.08512,45.96292],[-1.09208,45.97131],[-1.09458,45.97192],[-1.09708,45.97466],[-1.09958,45.97618],[-1.10042,45.97763],[-1.10208,45.9777],[-1.1024,45.97875],[-1.10375,45.97958],[-1.10792,45.9799],[-1.10875,45.98221],[-1.11209,45.98375],[-1.11292,45.98474],[-1.11625,45.98597],[-1.11875,45.98801],[-1.12343,45.98958],[-1.12383,45.99125],[-1.12458,45.99168],[-1.13023,45.99375],[-1.13208,45.9965],[-1.13458,45.99807],[-1.13542,45.99807],[-1.13875,46.00088],[-1.14125,46.00099],[-1.14208,46.00156],[-1.14542,46.00187],[-1.14792,46.00276],[-1.14792,46.00386],[-1.14625,46.00444],[-1.14375,46.00425],[-1.14292,46.00234],[-1.14208,46.00238],[-1.14123,46.00292],[-1.14223,46.00458],[-1.14045,46.00625],[-1.14017,46.00792],[-1.13708,46.00859],[-1.1337,46.01042],[-1.13208,46.01067],[-1.12958,46.01007],[-1.12875,46.01061],[-1.12625,46.01051],[-1.12458,46.01138],[-1.12208,46.01139],[-1.12125,46.01075],[-1.11708,46.01258],[-1.11625,46.01199],[-1.11375,46.0121],[-1.11292,46.01156],[-1.11117,46.01208],[-1.11024,46.01375],[-1.11245,46.01625],[-1.11375,46.0164],[-1.11458,46.01475],[-1.11542,46.01435],[-1.11644,46.01458],[-1.11604,46.01875],[-1.11375,46.02029],[-1.11241,46.02208],[-1.11125,46.02242],[-1.11042,46.02378],[-1.10958,46.02414],[-1.10875,46.02266],[-1.10829,46.02292],[-1.10814,46.02375],[-1.10903,46.02458],[-1.10875,46.02494],[-1.10792,46.02468],[-1.10752,46.02542],[-1.1083,46.02625],[-1.10793,46.02708],[-1.10625,46.02866],[-1.10355,46.02875],[-1.10343,46.03042],[-1.10229,46.03042],[-1.10182,46.02958],[-1.10285,46.02875],[-1.10292,46.02708],[-1.10538,46.02458],[-1.10542,46.02346],[-1.10714,46.02292],[-1.10542,46.02111],[-1.10351,46.02208],[-1.09894,46.02875],[-1.09875,46.03252],[-1.10042,46.03567],[-1.10125,46.03602],[-1.1009,46.03708],[-1.10375,46.03964],[-1.10458,46.03979],[-1.10625,46.03871],[-1.10708,46.03881],[-1.10781,46.03958],[-1.10791,46.04208],[-1.10875,46.04213],[-1.11052,46.04458],[-1.11208,46.04813],[-1.11421,46.04958],[-1.11625,46.04994],[-1.12042,46.05222],[-1.12375,46.05226],[-1.12542,46.05319],[-1.12708,46.05353],[-1.12875,46.05308],[-1.13062,46.05375],[-1.13165,46.05542],[-1.12875,46.0563],[-1.12625,46.05491],[-1.12292,46.05634],[-1.12208,46.05633],[-1.12125,46.05528],[-1.11925,46.05625],[-1.11875,46.05748],[-1.11632,46.05875],[-1.11499,46.06042],[-1.11428,46.06458],[-1.11608,46.06625],[-1.11462,46.06792],[-1.11295,46.07208],[-1.11414,46.07292],[-1.1133,46.07625],[-1.11585,46.07792],[-1.11509,46.08042],[-1.11893,46.08292],[-1.11742,46.08375],[-1.11963,46.08458],[-1.11989,46.08625],[-1.12183,46.08792],[-1.12082,46.08875],[-1.12281,46.09125],[-1.12589,46.09208],[-1.12592,46.09292],[-1.12458,46.09301],[-1.12357,46.09375],[-1.12542,46.09596],[-1.12792,46.09641],[-1.12958,46.09538],[-1.13125,46.0952],[-1.13292,46.09541],[-1.13375,46.09608],[-1.13542,46.0959],[-1.13625,46.09625],[-1.13524,46.09708],[-1.13552,46.09792],[-1.13751,46.09958],[-1.14292,46.1009],[-1.14519,46.10208],[-1.14535,46.10292],[-1.14382,46.10375],[-1.14371,46.10458],[-1.14625,46.10463],[-1.14921,46.10875],[-1.14925,46.11042],[-1.14792,46.11302],[-1.14875,46.11373],[-1.15042,46.11224],[-1.15067,46.11375],[-1.15251,46.11542],[-1.15226,46.11625],[-1.15458,46.11786],[-1.15625,46.11752],[-1.15792,46.11808],[-1.16086,46.12125],[-1.15912,46.12208],[-1.15292,46.12325],[-1.1519,46.12458],[-1.15383,46.12542],[-1.15427,46.12792],[-1.15818,46.13042],[-1.15842,46.13208],[-1.16208,46.13417],[-1.16625,46.1349],[-1.16708,46.13563],[-1.17208,46.13585],[-1.17375,46.13633],[-1.17542,46.13587],[-1.17875,46.13642],[-1.17967,46.13708],[-1.1803,46.13792],[-1.18018,46.13958],[-1.17894,46.14208],[-1.17125,46.14685],[-1.17125,46.14841],[-1.17542,46.14841],[-1.17625,46.14774],[-1.17958,46.14933],[-1.18042,46.14855],[-1.18292,46.1482],[-1.18375,46.1476],[-1.18875,46.14761],[-1.19125,46.14676],[-1.19208,46.14724],[-1.19542,46.14616],[-1.20625,46.14464],[-1.20875,46.14523],[-1.20958,46.14501],[-1.21125,46.14584],[-1.21458,46.1459],[-1.21547,46.14625],[-1.21429,46.14708],[-1.21458,46.14792],[-1.21708,46.15069],[-1.22083,46.15958],[-1.22375,46.16256],[-1.22708,46.16458],[-1.22549,46.16875],[-1.22375,46.17129],[-1.22125,46.17292],[-1.22247,46.17375],[-1.22093,46.17458],[-1.22072,46.17542],[-1.22192,46.17625],[-1.22125,46.17924],[-1.21625,46.18331],[-1.21458,46.18359],[-1.21375,46.1845],[-1.2113,46.18542],[-1.21019,46.18708],[-1.21039,46.19042],[-1.20896,46.19292],[-1.20778,46.20042],[-1.20931,46.20375],[-1.20619,46.20958],[-1.1999,46.21708],[-1.19842,46.22208],[-1.19692,46.22375],[-1.18792,46.22607],[-1.18588,46.22792],[-1.18531,46.22958],[-1.18792,46.23103],[-1.18748,46.23375],[-1.18792,46.23426],[-1.18875,46.23404],[-1.18958,46.2345],[-1.18958,46.23526],[-1.18549,46.24125],[-1.18344,46.24292],[-1.18375,46.24397],[-1.18594,46.24542],[-1.18625,46.2463],[-1.18792,46.24382],[-1.18887,46.24375],[-1.1897,46.24625],[-1.18829,46.24875],[-1.18859,46.25208],[-1.18634,46.25375],[-1.17542,46.26514],[-1.1731,46.26958],[-1.16708,46.27597],[-1.16022,46.28458],[-1.14958,46.29292],[-1.1521,46.29208],[-1.15875,46.28792],[-1.17042,46.2762],[-1.17875,46.26936],[-1.19458,46.26276],[-1.20125,46.26063],[-1.20958,46.26051],[-1.21208,46.26127],[-1.21292,46.2608],[-1.21375,46.26142],[-1.21792,46.26241],[-1.21958,46.26376],[-1.22375,46.26452],[-1.22958,46.26836],[-1.23542,46.27059],[-1.23875,46.27076],[-1.24208,46.27009],[-1.24625,46.27135],[-1.25875,46.26971],[-1.25958,46.27008],[-1.26292,46.2693],[-1.26394,46.26958],[-1.26359,46.27042],[-1.26458,46.27078],[-1.26875,46.27117],[-1.26958,46.27084],[-1.27292,46.27312],[-1.27375,46.27307],[-1.27463,46.27125],[-1.27542,46.27098],[-1.27626,46.27125],[-1.27753,46.27375],[-1.27458,46.27513],[-1.27375,46.27636],[-1.27125,46.27676],[-1.26875,46.27881],[-1.26875,46.28129],[-1.27125,46.28125],[-1.27159,46.27958],[-1.2733,46.27875],[-1.27458,46.27671],[-1.27864,46.27625],[-1.27734,46.27875],[-1.28171,46.27875],[-1.28101,46.28042],[-1.28292,46.28145],[-1.28458,46.28049],[-1.28792,46.28071],[-1.28945,46.28208],[-1.28786,46.28375],[-1.28875,46.28419],[-1.28958,46.28425],[-1.29125,46.28283],[-1.29365,46.28292],[-1.29431,46.28375],[-1.29439,46.28708],[-1.29875,46.28911],[-1.30042,46.29128],[-1.30768,46.29375],[-1.30848,46.29708],[-1.3108,46.30042],[-1.31458,46.30077],[-1.31542,46.30147],[-1.31708,46.30694],[-1.31975,46.31042],[-1.32042,46.31434],[-1.32292,46.3155],[-1.32403,46.31708],[-1.32292,46.31931],[-1.3214,46.31958],[-1.32292,46.32292],[-1.32458,46.32292],[-1.32542,46.32351],[-1.32625,46.32322],[-1.32708,46.3239],[-1.32875,46.32339],[-1.33237,46.32625],[-1.33298,46.32792],[-1.33458,46.32958],[-1.33708,46.32904],[-1.33875,46.32987],[-1.34125,46.32962],[-1.34458,46.33093],[-1.34625,46.33256],[-1.34958,46.33424],[-1.35002,46.33542],[-1.35292,46.33793],[-1.35411,46.33792],[-1.35542,46.3359],[-1.35617,46.33625],[-1.35561,46.33792],[-1.35625,46.33819],[-1.35729,46.33792],[-1.35792,46.33614],[-1.36125,46.33625],[-1.36625,46.33776],[-1.36792,46.33725],[-1.36958,46.33768],[-1.37125,46.33707],[-1.37375,46.33753],[-1.37625,46.33654],[-1.37875,46.33628],[-1.37958,46.33542],[-1.38292,46.33461],[-1.38458,46.33496],[-1.38708,46.33332],[-1.38875,46.3334],[-1.39042,46.33243],[-1.39176,46.33292],[-1.39375,46.33495],[-1.39792,46.33616],[-1.40792,46.3369],[-1.40958,46.33794],[-1.41375,46.33807],[-1.41542,46.33742],[-1.41708,46.33804],[-1.41958,46.33769],[-1.42042,46.33804],[-1.42375,46.33756],[-1.42458,46.34026],[-1.42764,46.33875],[-1.42875,46.33739],[-1.42792,46.33644],[-1.42646,46.33625],[-1.42875,46.33508],[-1.43208,46.33426],[-1.43399,46.33458],[-1.43708,46.33719],[-1.44542,46.33831],[-1.44958,46.33785],[-1.45208,46.33861],[-1.45375,46.33814],[-1.45875,46.33802],[-1.46542,46.33825],[-1.46708,46.33879],[-1.47375,46.33795],[-1.47542,46.33891],[-1.47826,46.34208],[-1.47625,46.34251],[-1.47512,46.34458],[-1.47568,46.35208],[-1.47775,46.35708],[-1.47921,46.35875],[-1.47958,46.36257],[-1.48311,46.36792],[-1.48552,46.37292],[-1.48542,46.37418],[-1.48649,46.37458],[-1.49375,46.38524],[-1.49542,46.38691],[-1.49635,46.38708],[-1.4964,46.38792],[-1.49815,46.38958],[-1.49792,46.39042],[-1.49875,46.39044],[-1.50044,46.39208],[-1.50042,46.39375],[-1.50208,46.39542],[-1.50437,46.39625],[-1.50542,46.39836],[-1.50708,46.39865],[-1.50792,46.39935],[-1.50875,46.39924],[-1.50958,46.39996],[-1.51042,46.39942],[-1.51124,46.39958],[-1.51425,46.40125],[-1.51458,46.40208],[-1.51625,46.40126],[-1.51792,46.40208],[-1.52042,46.40206],[-1.52292,46.403],[-1.52469,46.40292],[-1.52625,46.40405],[-1.53208,46.40581],[-1.53659,46.40542],[-1.53644,46.40458],[-1.53792,46.40339],[-1.53875,46.40422],[-1.53958,46.4042],[-1.54208,46.40337],[-1.54292,46.40202],[-1.54708,46.40127],[-1.54958,46.40265],[-1.55208,46.40279],[-1.55458,46.40358],[-1.55875,46.40348],[-1.56198,46.40458],[-1.57542,46.40532],[-1.58125,46.40465],[-1.58625,46.40471],[-1.58708,46.40573],[-1.58958,46.40673],[-1.59458,46.40725],[-1.59792,46.40857],[-1.59958,46.4085],[-1.60458,46.40958],[-1.61042,46.41004],[-1.61708,46.40986],[-1.62042,46.41057],[-1.62458,46.41026],[-1.62708,46.41092],[-1.62958,46.41292],[-1.63125,46.41335],[-1.63375,46.41583],[-1.63542,46.41578],[-1.63792,46.41667],[-1.63875,46.41591],[-1.63958,46.41622],[-1.63875,46.41769],[-1.63708,46.41792],[-1.63958,46.41875],[-1.64375,46.41751],[-1.64625,46.41766],[-1.65042,46.41895],[-1.65125,46.41969],[-1.65627,46.42042],[-1.65958,46.4275],[-1.66208,46.42774],[-1.66292,46.42722],[-1.66625,46.42867],[-1.66574,46.42958],[-1.66782,46.43292],[-1.66875,46.43301],[-1.67014,46.43458],[-1.67292,46.43615],[-1.67792,46.43687],[-1.67792,46.43738],[-1.67563,46.43792],[-1.67792,46.43808],[-1.67875,46.43971],[-1.67974,46.43958],[-1.67958,46.43687],[-1.68125,46.43781],[-1.68292,46.43997],[-1.68458,46.43964],[-1.68542,46.44042],[-1.68792,46.43985],[-1.68905,46.44125],[-1.69208,46.44166],[-1.69375,46.44285],[-1.69542,46.44222],[-1.69708,46.4424],[-1.69958,46.44631],[-1.70379,46.44625],[-1.70542,46.44846],[-1.70708,46.44829],[-1.70958,46.44985],[-1.71125,46.45188],[-1.71208,46.45097],[-1.71271,46.45125],[-1.71292,46.45307],[-1.71375,46.45281],[-1.71542,46.45376],[-1.71875,46.45691],[-1.71958,46.45727],[-1.72292,46.45593],[-1.72792,46.46001],[-1.72958,46.46038],[-1.73042,46.46174],[-1.73208,46.46219],[-1.73599,46.46458],[-1.73625,46.46538],[-1.73708,46.46538],[-1.73792,46.4662],[-1.74042,46.46623],[-1.74102,46.46542],[-1.74208,46.46531],[-1.74418,46.46708],[-1.74293,46.46875],[-1.74375,46.46958],[-1.74625,46.46981],[-1.75073,46.47208],[-1.75095,46.47292],[-1.75792,46.47395],[-1.76125,46.47629],[-1.76292,46.47673],[-1.764,46.47542],[-1.76365,46.47875],[-1.76458,46.48027],[-1.76953,46.48375],[-1.77042,46.48366],[-1.77319,46.48542],[-1.77395,46.48708],[-1.77542,46.4875],[-1.77792,46.4896],[-1.78125,46.49119],[-1.78792,46.49207],[-1.79125,46.49054],[-1.79375,46.49051],[-1.79514,46.48875],[-1.79344,46.48792],[-1.79375,46.48687],[-1.79625,46.48817],[-1.79792,46.48744],[-1.80125,46.48734],[-1.80292,46.48781],[-1.80375,46.48692],[-1.80521,46.48708],[-1.80875,46.49049],[-1.80958,46.49003],[-1.81125,46.49068],[-1.81314,46.49042],[-1.81375,46.4919],[-1.81458,46.49162],[-1.81877,46.49458],[-1.81969,46.49875],[-1.81969,46.50042],[-1.8188,46.50208],[-1.82135,46.50458],[-1.82111,46.50625],[-1.8223,46.50875],[-1.82078,46.51208],[-1.82249,46.51458],[-1.82458,46.52034],[-1.8241,46.52375],[-1.82629,46.52708],[-1.82875,46.53591],[-1.83149,46.53958],[-1.83244,46.54625],[-1.83292,46.54683],[-1.83572,46.54708],[-1.83693,46.54958],[-1.83703,46.55208],[-1.83978,46.55542],[-1.84125,46.55926],[-1.84223,46.55875],[-1.84344,46.56958],[-1.84708,46.57362],[-1.85042,46.58089],[-1.85292,46.58193],[-1.85382,46.58292],[-1.85244,46.58375],[-1.85314,46.58625],[-1.85175,46.58958],[-1.85292,46.59074],[-1.85462,46.59042],[-1.85302,46.59458],[-1.85588,46.59875],[-1.85659,46.60292],[-1.85908,46.60708],[-1.86208,46.61049],[-1.86708,46.61284],[-1.86804,46.61292],[-1.87042,46.61086],[-1.87308,46.61125],[-1.87125,46.61135],[-1.87042,46.61251],[-1.86929,46.61292],[-1.87042,46.61565],[-1.87208,46.61493],[-1.87458,46.61532],[-1.87708,46.61861],[-1.8792,46.61958],[-1.8795,46.62292],[-1.88094,46.62708],[-1.88292,46.62728],[-1.88438,46.62875],[-1.88471,46.63125],[-1.88625,46.63173],[-1.88792,46.6305],[-1.88875,46.63051],[-1.89003,46.63125],[-1.89042,46.63252],[-1.89125,46.63155],[-1.89208,46.63226],[-1.89208,46.63388],[-1.89515,46.63458],[-1.89572,46.63708],[-1.89958,46.63785],[-1.90001,46.63875],[-1.90125,46.63897],[-1.90208,46.64141],[-1.90458,46.64227],[-1.90824,46.64792],[-1.912,46.65042],[-1.90964,46.65458],[-1.91161,46.65708],[-1.9132,46.66125],[-1.91375,46.6618],[-1.91542,46.66192],[-1.91542,46.66292],[-1.91642,46.66292],[-1.92458,46.67019],[-1.92547,46.67042],[-1.93358,46.67958],[-1.93708,46.68316],[-1.93792,46.68319],[-1.94375,46.68969],[-1.94792,46.69231],[-1.95208,46.69375],[-1.95292,46.69311],[-1.95375,46.69386],[-1.95458,46.69222],[-1.95708,46.69266],[-1.95875,46.69111],[-1.96004,46.69125],[-1.96042,46.69236],[-1.96292,46.69021],[-1.96375,46.69092],[-1.96542,46.69079],[-1.97062,46.69292],[-1.97244,46.69458],[-1.97229,46.69542],[-1.97375,46.69627],[-1.97575,46.69875],[-1.97737,46.69958],[-1.97754,46.70042],[-1.98042,46.70197],[-1.98065,46.70292],[-1.98336,46.70542],[-1.98315,46.70875],[-1.98478,46.70958],[-1.98613,46.71125],[-1.98148,46.71625],[-1.98255,46.71792],[-1.98201,46.71958],[-1.98367,46.72042],[-1.98492,46.72292],[-1.98708,46.72395],[-1.98792,46.72324],[-1.98862,46.72375],[-1.9885,46.72458],[-1.99042,46.72472],[-1.99259,46.72625],[-1.99292,46.72792],[-1.99458,46.72844],[-1.99542,46.7296],[-1.99708,46.72971],[-1.99794,46.73042],[-1.99792,46.73208],[-1.99875,46.73216],[-1.99958,46.73157],[-2.00292,46.73289],[-2.00867,46.73792],[-2.00958,46.73786],[-2.01125,46.73936],[-2.01292,46.73983],[-2.01374,46.74125],[-2.01625,46.74268],[-2.01958,46.74668],[-2.02083,46.74708],[-2.02105,46.74792],[-2.02208,46.7478],[-2.02226,46.74875],[-2.02458,46.7495],[-2.02562,46.75208],[-2.02665,46.75292],[-2.03292,46.75386],[-2.03458,46.7554],[-2.04958,46.76453],[-2.05208,46.76721],[-2.05292,46.76765],[-2.05375,46.76732],[-2.05625,46.76904],[-2.05792,46.77128],[-2.05875,46.77122],[-2.06208,46.77331],[-2.06375,46.7734],[-2.06625,46.77559],[-2.06875,46.7764],[-2.07698,46.78125],[-2.07958,46.78173],[-2.08292,46.78351],[-2.08464,46.78375],[-2.08708,46.78571],[-2.08792,46.7855],[-2.08958,46.78663],[-2.0945,46.78792],[-2.10375,46.79275],[-2.11625,46.79765],[-2.11875,46.79973],[-2.12208,46.80072],[-2.12625,46.80288],[-2.13708,46.81019],[-2.14708,46.81317],[-2.14958,46.81481],[-2.15075,46.81125],[-2.15327,46.80875],[-2.15708,46.80746],[-2.15958,46.80805],[-2.16009,46.80958],[-2.15896,46.81292],[-2.15875,46.81667],[-2.15792,46.81726],[-2.15625,46.81721],[-2.15257,46.81625],[-2.15042,46.81501],[-2.14982,46.81542],[-2.14865,46.82208],[-2.14998,46.83375],[-2.14988,46.83625],[-2.14875,46.83897],[-2.15032,46.84208],[-2.15125,46.85016],[-2.15259,46.85375],[-2.15179,46.85792],[-2.15292,46.85896],[-2.15482,46.85958],[-2.15764,46.86292],[-2.15698,46.86708],[-2.15875,46.86539],[-2.16042,46.86492],[-2.16542,46.86812],[-2.16708,46.86805],[-2.17042,46.8664],[-2.17354,46.86875],[-2.17625,46.87264],[-2.17792,46.87291],[-2.17935,46.87458],[-2.17875,46.87528],[-2.17792,46.87497],[-2.17542,46.87616],[-2.17292,46.87663],[-2.1716,46.87958],[-2.17542,46.88159],[-2.17871,46.88208],[-2.17792,46.88824],[-2.17708,46.88917],[-2.17565,46.88958],[-2.17497,46.89208],[-2.17542,46.89296],[-2.17921,46.89208],[-2.18055,46.88875],[-2.18375,46.88631],[-2.18571,46.89208],[-2.1827,46.89625],[-2.18292,46.89786],[-2.18727,46.90375],[-2.18708,46.90666],[-2.18792,46.90657],[-2.19138,46.90875],[-2.18958,46.90949],[-2.18708,46.91267],[-2.18512,46.91375],[-2.18375,46.91767],[-2.17959,46.92292],[-2.18208,46.93221],[-2.18503,46.93375],[-2.18792,46.93609],[-2.19042,46.93719],[-2.19125,46.9372],[-2.19542,46.93514],[-2.20125,46.93549],[-2.2024,46.93625],[-2.20272,46.93792],[-2.20375,46.93895],[-2.20792,46.93986],[-2.21208,46.94155],[-2.21542,46.9418],[-2.21792,46.94021],[-2.21936,46.94125],[-2.21958,46.94213],[-2.22125,46.94252],[-2.22368,46.94458],[-2.22641,46.94542],[-2.22875,46.94709],[-2.23042,46.94551],[-2.23561,46.93708],[-2.24208,46.93457],[-2.24302,46.93542],[-2.24356,46.93792],[-2.24239,46.93958],[-2.24263,46.94208],[-2.24039,46.94375],[-2.24138,46.94708],[-2.23889,46.94958],[-2.24042,46.95151],[-2.24458,46.95171],[-2.24708,46.95237],[-2.24875,46.95133],[-2.24905,46.95208],[-2.24982,46.95208],[-2.24958,46.951],[-2.24792,46.95087],[-2.24737,46.94958],[-2.24542,46.94898],[-2.24458,46.94925],[-2.24404,46.94875],[-2.24392,46.94708],[-2.24542,46.94585],[-2.24958,46.94639],[-2.25292,46.9487],[-2.25875,46.95013],[-2.25958,46.95266],[-2.26625,46.9498],[-2.27042,46.95393],[-2.2743,46.95542],[-2.27625,46.9583],[-2.27875,46.9574],[-2.28042,46.95862],[-2.28125,46.95841],[-2.28375,46.95484],[-2.28542,46.95503],[-2.28625,46.95438],[-2.28708,46.95473],[-2.28792,46.95371],[-2.28917,46.95458],[-2.28973,46.95792],[-2.29042,46.95802],[-2.29208,46.95698],[-2.29458,46.95726],[-2.29625,46.95518],[-2.29792,46.95622],[-2.29958,46.95559],[-2.30037,46.95625],[-2.29862,46.95875],[-2.29899,46.95958],[-2.30042,46.96035],[-2.30208,46.9592],[-2.30345,46.95958],[-2.30461,46.96292],[-2.30387,46.96458],[-2.29958,46.96849],[-2.29875,46.96848],[-2.29708,46.9696],[-2.29542,46.96948],[-2.29375,46.96753],[-2.29125,46.96889],[-2.28708,46.96895],[-2.2865,46.96958],[-2.28762,46.97458],[-2.29208,46.97614],[-2.29458,46.97815],[-2.29625,46.97681],[-2.29875,46.97592],[-2.30708,46.97589],[-2.30875,46.9754],[-2.31292,46.97603],[-2.31458,46.97698],[-2.31792,46.97666],[-2.32044,46.97875],[-2.31958,46.97945],[-2.31792,46.97884],[-2.31708,46.97905],[-2.31564,46.98042],[-2.31563,46.98208],[-2.31792,46.98426],[-2.31823,46.98792],[-2.31729,46.99042],[-2.31449,46.99125],[-2.31356,46.99208],[-2.31542,46.99307],[-2.32292,46.99406],[-2.32429,46.99542],[-2.32469,46.99875],[-2.32042,47.00131],[-2.31375,47.00206],[-2.31208,47.00526],[-2.31042,47.00497],[-2.30958,47.00335],[-2.30875,47.00321],[-2.30792,47.00515],[-2.30625,47.00591],[-2.30542,47.00597],[-2.29958,47.00349],[-2.29708,47.00349],[-2.29647,47.00292],[-2.29708,47.00262],[-2.29708,47.0013],[-2.29583,47.00208],[-2.297,47.00625],[-2.29453,47.00958],[-2.29875,47.01453],[-2.3036,47.01708],[-2.30375,47.01803],[-2.30636,47.02042],[-2.30656,47.02125],[-2.3075,47.02125],[-2.30837,47.02042],[-2.31042,47.02037],[-2.31208,47.02277],[-2.31292,47.02314],[-2.31375,47.02286],[-2.31458,47.02343],[-2.31392,47.02625],[-2.31208,47.0292],[-2.31042,47.02849],[-2.30708,47.0287],[-2.30458,47.02957],[-2.30208,47.02914],[-2.30042,47.02951],[-2.29958,47.02888],[-2.29792,47.02869],[-2.29708,47.02729],[-2.29625,47.02764],[-2.29625,47.02877],[-2.29125,47.02981],[-2.28875,47.02903],[-2.28792,47.02799],[-2.28697,47.02875],[-2.28803,47.03042],[-2.28542,47.03222],[-2.28208,47.03329],[-2.27958,47.0332],[-2.27875,47.03173],[-2.27687,47.03292],[-2.27565,47.03458],[-2.27542,47.03638],[-2.27526,47.03292],[-2.27375,47.03038],[-2.27125,47.03129],[-2.26792,47.03019],[-2.26375,47.03016],[-2.25958,47.03257],[-2.25708,47.03147],[-2.25542,47.0323],[-2.25125,47.03209],[-2.24625,47.03432],[-2.24375,47.03324],[-2.23943,47.03292],[-2.24042,47.03217],[-2.24208,47.03289],[-2.24249,47.03208],[-2.24216,47.03042],[-2.24297,47.02875],[-2.24076,47.02542],[-2.24125,47.02434],[-2.23625,47.02474],[-2.23625,47.02161],[-2.23375,47.02059],[-2.23292,47.02107],[-2.23125,47.01961],[-2.22875,47.01929],[-2.228,47.02042],[-2.22708,47.0207],[-2.22401,47.01958],[-2.22392,47.01625],[-2.22292,47.01458],[-2.22125,47.01424],[-2.21875,47.01217],[-2.21792,47.00987],[-2.21555,47.00792],[-2.21542,47.00512],[-2.21292,47.00227],[-2.21042,47.00188],[-2.20875,46.99988],[-2.20375,46.99917],[-2.19792,46.99918],[-2.19375,46.99793],[-2.19208,46.99656],[-2.19208,46.99612],[-2.19375,46.99588],[-2.19542,46.99259],[-2.19625,46.99251],[-2.19845,46.99042],[-2.1989,46.98708],[-2.19792,46.98596],[-2.19708,46.98607],[-2.19555,46.98792],[-2.19375,46.98879],[-2.19279,46.99125],[-2.19208,46.99158],[-2.19042,46.99082],[-2.18842,46.99292],[-2.18875,46.99595],[-2.18549,46.99875],[-2.18375,46.99885],[-2.18292,46.99974],[-2.18292,46.99859],[-2.1851,46.99625],[-2.18517,46.99458],[-2.18375,46.99387],[-2.18292,46.99406],[-2.18234,46.99458],[-2.18244,46.99625],[-2.18208,46.99678],[-2.18125,46.99675],[-2.17875,46.99595],[-2.17825,46.99542],[-2.17875,46.99356],[-2.17792,46.99338],[-2.17694,46.99458],[-2.17615,46.99958],[-2.17458,47.00079],[-2.17292,47.00066],[-2.16958,47.00239],[-2.16792,47.0021],[-2.16375,47.0028],[-2.16208,47.00463],[-2.15792,47.00446],[-2.15708,47.00586],[-2.15458,47.00621],[-2.15375,47.00758],[-2.15042,47.00753],[-2.14958,47.00623],[-2.14792,47.0064],[-2.14625,47.00542],[-2.14208,47.00459],[-2.13958,47.00594],[-2.13625,47.0059],[-2.13584,47.00708],[-2.14079,47.01125],[-2.13912,47.01208],[-2.13625,47.01122],[-2.13375,47.0125],[-2.13393,47.01042],[-2.13292,47.0094],[-2.12958,47.0095],[-2.13017,47.01042],[-2.12958,47.01081],[-2.12542,47.00939],[-2.12292,47.00785],[-2.12208,47.00995],[-2.11958,47.01011],[-2.11872,47.00958],[-2.11946,47.00875],[-2.11708,47.00514],[-2.11292,47.003],[-2.11208,47.00147],[-2.11042,47.00211],[-2.10792,47.00144],[-2.10708,47.00219],[-2.10625,47.00217],[-2.10458,47.0004],[-2.10432,47.00292],[-2.10375,47.00387],[-2.10292,47.00375],[-2.10218,47.00208],[-2.1036,46.99542],[-2.10542,46.99245],[-2.10796,46.99208],[-2.10792,46.99004],[-2.10958,46.98992],[-2.11104,46.98875],[-2.11458,46.98819],[-2.11762,46.98708],[-2.12388,46.97958],[-2.12792,46.97694],[-2.13044,46.97708],[-2.13068,46.97458],[-2.13125,46.97428],[-2.13292,46.97389],[-2.13792,46.97401],[-2.14042,46.97475],[-2.14098,46.97375],[-2.14042,46.97283],[-2.13875,46.97288],[-2.13542,46.97201],[-2.13292,46.97305],[-2.13208,46.97288],[-2.13033,46.97208],[-2.12958,46.97033],[-2.12879,46.97125],[-2.12875,46.97403],[-2.12812,46.97208],[-2.12591,46.97042],[-2.12735,46.96875],[-2.12687,46.96625],[-2.12758,46.96542],[-2.12708,46.96506],[-2.12458,46.96607],[-2.12375,46.96543],[-2.12292,46.96349],[-2.12112,46.96208],[-2.12166,46.96042],[-2.12042,46.9583],[-2.11875,46.96099],[-2.11792,46.9611],[-2.11625,46.95974],[-2.11657,46.96208],[-2.11768,46.96375],[-2.11708,46.96472],[-2.11458,46.96474],[-2.11367,46.96542],[-2.11308,46.96875],[-2.11414,46.97125],[-2.10982,46.97458],[-2.10823,46.97708],[-2.10492,46.97542],[-2.10458,46.97477],[-2.10375,46.97531],[-2.10208,46.97401],[-2.09958,46.97362],[-2.09908,46.97458],[-2.09993,46.97792],[-2.09928,46.98125],[-2.09792,46.98247],[-2.09625,46.98166],[-2.09375,46.9825],[-2.09308,46.98208],[-2.09474,46.97958],[-2.09444,46.97625],[-2.09673,46.97292],[-2.09532,46.97125],[-2.09542,46.96915],[-2.09458,46.9703],[-2.09292,46.96957],[-2.08989,46.96708],[-2.08958,46.96611],[-2.08625,46.96558],[-2.08375,46.96449],[-2.08264,46.96375],[-2.08267,46.96292],[-2.08047,46.96208],[-2.08092,46.96125],[-2.07921,46.95958],[-2.07998,46.95875],[-2.07904,46.95792],[-2.07907,46.95708],[-2.07958,46.95579],[-2.08141,46.95458],[-2.08149,46.95375],[-2.08042,46.95333],[-2.07958,46.95355],[-2.07939,46.95458],[-2.07778,46.95542],[-2.07616,46.96042],[-2.07859,46.96625],[-2.07946,46.97125],[-2.08057,46.97208],[-2.07693,46.97542],[-2.07872,46.97708],[-2.07721,46.97958],[-2.07853,46.98125],[-2.07958,46.98159],[-2.08231,46.98042],[-2.08125,46.98237],[-2.07944,46.98375],[-2.08082,46.98458],[-2.08089,46.98542],[-2.07904,46.99292],[-2.07625,46.99395],[-2.07542,46.99492],[-2.07292,46.99437],[-2.07042,46.99503],[-2.06875,47.00002],[-2.06708,46.99857],[-2.06625,47.00001],[-2.06458,46.99985],[-2.06375,47.00052],[-2.0633,47.00125],[-2.06376,47.00208],[-2.06743,47.00375],[-2.06661,47.00542],[-2.06458,47.00666],[-2.06373,47.00875],[-2.06577,47.01042],[-2.06477,47.01292],[-2.06292,47.01301],[-2.0616,47.01458],[-2.05775,47.01625],[-2.04958,47.02235],[-2.04875,47.02241],[-2.04832,47.02542],[-2.04625,47.02684],[-2.04542,47.02892],[-2.04375,47.02922],[-2.04208,47.02862],[-2.03984,47.02875],[-2.03781,47.03042],[-2.03907,47.03208],[-2.03906,47.03375],[-2.0416,47.03625],[-2.03922,47.03792],[-2.03945,47.03958],[-2.03875,47.04016],[-2.03708,47.04039],[-2.0362,47.04125],[-2.03679,47.04375],[-2.03307,47.05042],[-2.03289,47.05542],[-2.03536,47.06208],[-2.03674,47.06292],[-2.03645,47.06375],[-2.03853,47.06625],[-2.04057,47.06708],[-2.04065,47.06792],[-2.04208,47.06843],[-2.04577,47.06875],[-2.04782,47.07042],[-2.04792,47.07125],[-2.05385,47.07125],[-2.05625,47.07199],[-2.05792,47.07157],[-2.06208,47.07327],[-2.06458,47.07265],[-2.06625,47.0729],[-2.06875,47.07178],[-2.07042,47.07165],[-2.07294,47.07292],[-2.07375,47.07392],[-2.07549,47.07292],[-2.07789,47.07458],[-2.07958,47.07665],[-2.08292,47.07737],[-2.08708,47.07687],[-2.08875,47.07778],[-2.0891,47.07958],[-2.09007,47.08042],[-2.09005,47.08375],[-2.08708,47.08493],[-2.08038,47.08375],[-2.07939,47.08625],[-2.08101,47.08792],[-2.08086,47.08875],[-2.08238,47.09042],[-2.08227,47.09125],[-2.08042,47.09181],[-2.07501,47.09542],[-2.07632,47.09708],[-2.08042,47.09926],[-2.08208,47.09914],[-2.08375,47.10028],[-2.08792,47.10114],[-2.08912,47.10292],[-2.09458,47.10382],[-2.09542,47.10463],[-2.09625,47.10432],[-2.10292,47.10522],[-2.10344,47.10625],[-2.10875,47.1076],[-2.11625,47.10678],[-2.11733,47.10875],[-2.11912,47.10875],[-2.12042,47.10815],[-2.12208,47.10846],[-2.12375,47.10978],[-2.12562,47.10958],[-2.12625,47.11047],[-2.13208,47.11059],[-2.13292,47.10951],[-2.13375,47.11067],[-2.14458,47.11107],[-2.14542,47.11156],[-2.15292,47.11168],[-2.15375,47.11231],[-2.15875,47.1125],[-2.16042,47.11495],[-2.16292,47.11523],[-2.16458,47.11637],[-2.16792,47.11663],[-2.16875,47.11744],[-2.17125,47.11781],[-2.17208,47.11914],[-2.17875,47.1204],[-2.18042,47.11999],[-2.18125,47.12062],[-2.19125,47.12077],[-2.19375,47.12222],[-2.19542,47.12186],[-2.19792,47.12222],[-2.20042,47.12327],[-2.20125,47.1227],[-2.20208,47.12331],[-2.20375,47.12338],[-2.20458,47.12238],[-2.20625,47.12216],[-2.20875,47.12328],[-2.20958,47.12294],[-2.21375,47.12334],[-2.21542,47.12274],[-2.21625,47.12373],[-2.21708,47.12328],[-2.21875,47.12427],[-2.22411,47.12542],[-2.22708,47.12922],[-2.23042,47.12979],[-2.23375,47.12981],[-2.23458,47.12931],[-2.23708,47.12958],[-2.23875,47.13097],[-2.23999,47.13042],[-2.24048,47.13208],[-2.24375,47.1331],[-2.24645,47.13208],[-2.24504,47.12958],[-2.24542,47.12915],[-2.24625,47.12987],[-2.24875,47.13012],[-2.25261,47.13375],[-2.24987,47.13792],[-2.25029,47.13875],[-2.24958,47.14019],[-2.24708,47.14025],[-2.24625,47.13774],[-2.24292,47.13882],[-2.24053,47.14125],[-2.24234,47.14208],[-2.24125,47.14435],[-2.23625,47.14935],[-2.23375,47.14908],[-2.23169,47.15042],[-2.23261,47.15458],[-2.23042,47.1565],[-2.22708,47.15759],[-2.22375,47.16004],[-2.22042,47.15953],[-2.21958,47.15816],[-2.21792,47.15751],[-2.21634,47.15792],[-2.21686,47.15875],[-2.21649,47.15958],[-2.21458,47.16053],[-2.21375,47.15833],[-2.21208,47.15812],[-2.21125,47.15837],[-2.21094,47.15958],[-2.20875,47.15956],[-2.20792,47.16],[-2.20625,47.15961],[-2.20292,47.16152],[-2.20123,47.16125],[-2.19958,47.16316],[-2.19875,47.1623],[-2.19792,47.16248],[-2.19625,47.16474],[-2.19375,47.16479],[-2.19208,47.16303],[-2.19125,47.16365],[-2.19042,47.1631],[-2.18458,47.1645],[-2.18208,47.16555],[-2.1815,47.16625],[-2.18208,47.16712],[-2.18042,47.1672],[-2.17708,47.17056],[-2.17542,47.17082],[-2.17375,47.17334],[-2.17208,47.1737],[-2.16828,47.17625],[-2.16708,47.17875],[-2.16708,47.18149],[-2.16555,47.18375],[-2.16577,47.18708],[-2.16689,47.18875],[-2.16645,47.19042],[-2.16769,47.19208],[-2.16586,47.19542],[-2.16667,47.19625],[-2.16625,47.19687],[-2.16335,47.19708],[-2.1618,47.20042],[-2.16215,47.20208],[-2.16384,47.20458],[-2.16368,47.20708],[-2.16274,47.20792],[-2.16255,47.21125],[-2.16292,47.21215],[-2.16429,47.21292],[-2.16389,47.21458],[-2.16458,47.21505],[-2.16708,47.2152],[-2.16792,47.21591],[-2.16853,47.21292],[-2.17124,47.21292],[-2.17089,47.21542],[-2.16875,47.21649],[-2.16829,47.21875],[-2.16875,47.21944],[-2.17125,47.22049],[-2.17222,47.22292],[-2.17542,47.22458],[-2.17633,47.22708],[-2.17875,47.22816],[-2.18042,47.22984],[-2.18125,47.2317],[-2.18208,47.23177],[-2.18312,47.23292],[-2.18257,47.23375],[-2.18404,47.23542],[-2.18235,47.24208],[-2.18108,47.24375],[-2.18155,47.24542],[-2.17988,47.24708],[-2.17885,47.24958],[-2.17916,47.25208],[-2.17677,47.25625],[-2.17458,47.25808],[-2.17176,47.26875],[-2.17111,47.26875],[-2.17042,47.26628],[-2.16875,47.26719],[-2.16458,47.26696],[-2.16042,47.27042],[-2.15042,47.27214],[-2.14458,47.27411],[-2.13958,47.275],[-2.13542,47.275],[-2.13125,47.27396],[-2.12292,47.27396],[-2.11875,47.275],[-2.10625,47.275],[-2.10208,47.27917],[-2.09792,47.27917],[-2.09208,47.28185],[-2.08437,47.28292],[-2.08264,47.28375],[-2.08125,47.28542],[-2.07708,47.2875],[-2.07292,47.28819],[-2.06458,47.28854],[-2.06042,47.28958],[-2.05625,47.2875],[-2.05208,47.2875],[-2.05208,47.28958],[-2.04958,47.29115],[-2.04708,47.29176],[-2.03958,47.29236],[-2.02708,47.29137],[-2.02292,47.28792],[-2.00625,47.28625],[-1.99375,47.28708],[-1.98958,47.28375],[-1.98542,47.28375],[-1.98125,47.28438],[-1.97708,47.28333],[-1.96042,47.28264],[-1.95764,47.28375],[-1.95542,47.28625],[-1.94792,47.28625],[-1.94792,47.28958],[-1.95625,47.28958],[-1.9628,47.29542],[-1.96458,47.29792],[-1.96792,47.29792],[-1.96875,47.29861],[-1.96958,47.29792],[-1.97708,47.29792],[-1.98542,47.30208],[-2.00125,47.30208],[-2.00208,47.30278],[-2.00292,47.30208],[-2.00625,47.30208],[-2.01042,47.3],[-2.01458,47.30208],[-2.02708,47.30208],[-2.03292,47.30744],[-2.03708,47.30885],[-2.03958,47.31042],[-2.04375,47.31042],[-2.04542,47.31134],[-2.04792,47.31181],[-2.05208,47.31146],[-2.05542,47.30934],[-2.06042,47.30833],[-2.06458,47.30852],[-2.06875,47.3099],[-2.07125,47.30908],[-2.07292,47.30764],[-2.07708,47.30625],[-2.08125,47.30729],[-2.08542,47.30625],[-2.10625,47.30465],[-2.11458,47.30597],[-2.12708,47.30486],[-2.13125,47.30497],[-2.13358,47.30375],[-2.13542,47.30119],[-2.13958,47.30078],[-2.14875,47.30098],[-2.15042,47.30036],[-2.15208,47.29762],[-2.15625,47.29792],[-2.15875,47.29744],[-2.1625,47.29375],[-2.17042,47.2928],[-2.17292,47.29167],[-2.17542,47.29167],[-2.17708,47.29257],[-2.17958,47.29185],[-2.17971,47.29375],[-2.17872,47.29625],[-2.17958,47.29861],[-2.17974,47.29708],[-2.18042,47.29657],[-2.18087,47.29708],[-2.18042,47.2986],[-2.17969,47.29875],[-2.18125,47.3],[-2.18304,47.29792],[-2.18323,47.29292],[-2.18646,47.28958],[-2.183,47.28625],[-2.18264,47.28542],[-2.18341,47.28375],[-2.18542,47.28229],[-2.18958,47.28229],[-2.19375,47.28125],[-2.19625,47.27708],[-2.19958,47.27382],[-2.20199,47.26958],[-2.20177,47.26792],[-2.20292,47.26789],[-2.20312,47.26875],[-2.20458,47.26861],[-2.20542,47.2667],[-2.21542,47.26264],[-2.21958,47.26031],[-2.22125,47.25836],[-2.22292,47.26161],[-2.22458,47.25965],[-2.22875,47.25783],[-2.23125,47.25473],[-2.2413,47.25458],[-2.25063,47.25208],[-2.25542,47.24893],[-2.25708,47.2484],[-2.25792,47.24703],[-2.25795,47.24792],[-2.25875,47.24847],[-2.26042,47.24841],[-2.2619,47.24208],[-2.26587,47.23958],[-2.2667,47.23792],[-2.26792,47.23709],[-2.27125,47.23643],[-2.27276,47.23792],[-2.27435,47.23792],[-2.27542,47.23651],[-2.27792,47.23658],[-2.27875,47.23599],[-2.27958,47.23651],[-2.28458,47.2363],[-2.28708,47.23556],[-2.28792,47.2362],[-2.29042,47.23549],[-2.29053,47.23458],[-2.29208,47.23313],[-2.29625,47.23295],[-2.29708,47.2323],[-2.29875,47.23244],[-2.30125,47.23424],[-2.30208,47.23571],[-2.30708,47.23674],[-2.31042,47.2406],[-2.31208,47.24066],[-2.31458,47.24209],[-2.31625,47.24161],[-2.31708,47.24185],[-2.31875,47.24413],[-2.32042,47.24424],[-2.32208,47.24545],[-2.32375,47.24555],[-2.32458,47.24636],[-2.32625,47.24636],[-2.32958,47.24828],[-2.33292,47.24819],[-2.33556,47.24958],[-2.33792,47.25008],[-2.3437,47.25542],[-2.34375,47.25655],[-2.34514,47.25708],[-2.34421,47.25792],[-2.34619,47.25958],[-2.34687,47.26125],[-2.34827,47.26208],[-2.34851,47.26375],[-2.35042,47.26651],[-2.35458,47.26756],[-2.35645,47.26958],[-2.35618,47.27042],[-2.36042,47.2717],[-2.36375,47.27441],[-2.36542,47.27428],[-2.36708,47.2755],[-2.36958,47.2749],[-2.37292,47.27537],[-2.37431,47.27625],[-2.37446,47.27708],[-2.37625,47.27722],[-2.37708,47.27795],[-2.37804,47.27792],[-2.37875,47.27716],[-2.38042,47.27808],[-2.38292,47.27712],[-2.38505,47.27792],[-2.38449,47.27875],[-2.39042,47.27884],[-2.39125,47.27957],[-2.39208,47.2788],[-2.39292,47.27959],[-2.39542,47.27875],[-2.39644,47.27958],[-2.39625,47.27857],[-2.39375,47.2781],[-2.39208,47.27866],[-2.39125,47.27781],[-2.39292,47.27672],[-2.39542,47.2778],[-2.3972,47.27625],[-2.39577,47.27458],[-2.39747,47.27292],[-2.40292,47.27113],[-2.40458,47.27],[-2.40625,47.27027],[-2.4076,47.26958],[-2.40819,47.26542],[-2.40875,47.26499],[-2.40958,47.26563],[-2.41125,47.26474],[-2.41208,47.26481],[-2.41292,47.25983],[-2.41375,47.26065],[-2.41458,47.26042],[-2.41432,47.25875],[-2.41208,47.25703],[-2.41542,47.25726],[-2.41625,47.25669],[-2.41708,47.25716],[-2.41792,47.25689],[-2.42042,47.25772],[-2.42625,47.25837],[-2.43125,47.25785],[-2.43542,47.25903],[-2.43958,47.25903],[-2.44375,47.26208],[-2.44792,47.2625],[-2.45208,47.2622],[-2.45571,47.26375],[-2.45625,47.26588],[-2.45708,47.26573],[-2.46125,47.26764],[-2.46458,47.26767],[-2.4662,47.26875],[-2.46644,47.26958],[-2.46792,47.2702],[-2.48188,47.27208],[-2.48375,47.27361],[-2.48875,47.27555],[-2.49375,47.27569],[-2.49458,47.27649],[-2.49542,47.27591],[-2.4962,47.27625],[-2.49601,47.27792],[-2.49708,47.27893],[-2.49875,47.27831],[-2.50042,47.27927],[-2.50542,47.27994],[-2.50625,47.27932],[-2.50958,47.28044],[-2.51125,47.28006],[-2.51181,47.28208],[-2.51458,47.28375],[-2.51792,47.28374],[-2.51875,47.28427],[-2.52125,47.28443],[-2.52208,47.28577],[-2.52375,47.28578],[-2.52458,47.28429],[-2.52491,47.28625],[-2.52708,47.28742],[-2.53125,47.28667],[-2.53542,47.28789],[-2.54375,47.28885],[-2.54875,47.29248],[-2.55042,47.29154],[-2.55123,47.29208],[-2.55036,47.29458],[-2.55042,47.30003],[-2.54542,47.30093],[-2.54458,47.30217],[-2.54125,47.3015],[-2.53979,47.30208],[-2.54033,47.30375],[-2.53792,47.30617],[-2.53375,47.30513],[-2.53162,47.30708],[-2.52875,47.30753],[-2.52708,47.30715],[-2.52458,47.30837],[-2.52107,47.30625],[-2.52139,47.30458],[-2.52059,47.30292],[-2.52125,47.30222],[-2.52708,47.30125],[-2.53125,47.30208],[-2.52542,47.30226],[-2.52042,47.30154],[-2.51885,47.30292],[-2.51876,47.30458],[-2.52103,47.30875],[-2.5208,47.30958],[-2.51875,47.31082],[-2.51708,47.31016],[-2.51542,47.3106],[-2.51208,47.30989],[-2.50875,47.31155],[-2.50708,47.3151],[-2.50522,47.32208],[-2.50512,47.32792],[-2.50455,47.32875],[-2.50541,47.32958],[-2.50511,47.33208],[-2.50581,47.33375],[-2.50458,47.33542],[-2.50581,47.33625],[-2.50492,47.33708],[-2.50542,47.33958],[-2.50625,47.33735],[-2.50708,47.33765],[-2.50773,47.33958],[-2.50667,47.34042],[-2.50963,47.34292],[-2.50985,47.34375],[-2.51125,47.34405],[-2.51208,47.3428],[-2.51625,47.34616],[-2.51792,47.34548],[-2.51936,47.34625],[-2.52056,47.34958],[-2.52257,47.35042],[-2.52248,47.35208],[-2.52138,47.35375],[-2.52231,47.35708],[-2.52185,47.35792],[-2.52292,47.35915],[-2.52583,47.35958],[-2.52708,47.36067],[-2.52792,47.36028],[-2.53042,47.36261],[-2.53708,47.36343],[-2.53792,47.36268],[-2.53948,47.36375],[-2.53958,47.36486],[-2.54125,47.3643],[-2.54208,47.36511],[-2.54542,47.36565],[-2.54625,47.36509],[-2.54708,47.36529],[-2.54792,47.36661],[-2.55458,47.36727],[-2.55529,47.36875],[-2.55625,47.36894],[-2.55736,47.37042],[-2.55988,47.37208],[-2.56042,47.37323],[-2.56125,47.37279],[-2.56292,47.37325],[-2.56458,47.3731],[-2.56708,47.37493],[-2.57042,47.37348],[-2.57102,47.37458],[-2.57042,47.37518],[-2.56792,47.37495],[-2.56708,47.37586],[-2.56708,47.37895],[-2.56625,47.37813],[-2.56458,47.37829],[-2.56292,47.37923],[-2.56263,47.38042],[-2.56383,47.38292],[-2.56292,47.38351],[-2.56208,47.38332],[-2.56125,47.3813],[-2.55875,47.38063],[-2.55708,47.38271],[-2.55375,47.38209],[-2.55292,47.38244],[-2.55168,47.38375],[-2.55138,47.38625],[-2.54875,47.39012],[-2.54792,47.39013],[-2.54691,47.38792],[-2.54458,47.3857],[-2.54292,47.38605],[-2.54125,47.3845],[-2.5375,47.38542],[-2.53542,47.38762],[-2.53292,47.38768],[-2.52958,47.38932],[-2.52625,47.39181],[-2.52458,47.3923],[-2.52292,47.39184],[-2.52125,47.39451],[-2.51875,47.39456],[-2.5183,47.39792],[-2.51708,47.39999],[-2.51542,47.39891],[-2.51292,47.39911],[-2.51208,47.39872],[-2.50958,47.40013],[-2.50765,47.40042],[-2.50708,47.40254],[-2.50625,47.40282],[-2.50542,47.40159],[-2.50458,47.40208],[-2.50502,47.40292],[-2.50042,47.40483],[-2.49958,47.40565],[-2.49708,47.40454],[-2.49665,47.40625],[-2.49542,47.4073],[-2.49375,47.40718],[-2.49208,47.40938],[-2.49125,47.40909],[-2.4902,47.41125],[-2.4872,47.41292],[-2.48573,47.41542],[-2.48375,47.41593],[-2.48042,47.41565],[-2.47875,47.4172],[-2.47625,47.41839],[-2.47292,47.41726],[-2.47123,47.41875],[-2.47199,47.42042],[-2.47125,47.4212],[-2.47042,47.42115],[-2.47111,47.42208],[-2.46958,47.42222],[-2.46708,47.42154],[-2.46623,47.42208],[-2.46552,47.42542],[-2.46856,47.42958],[-2.46991,47.43042],[-2.47292,47.43423],[-2.47806,47.43792],[-2.48042,47.43817],[-2.48125,47.43632],[-2.48542,47.43518],[-2.48708,47.43565],[-2.48958,47.43745],[-2.49458,47.43909],[-2.49552,47.44042],[-2.49357,47.44125],[-2.49368,47.44292],[-2.49249,47.44458],[-2.49306,47.44625],[-2.49625,47.44734],[-2.49779,47.44875],[-2.50003,47.45458],[-2.50458,47.45641],[-2.50591,47.45792],[-2.50029,47.46208],[-2.49986,47.46292],[-2.50022,47.46375],[-2.50125,47.46374],[-2.50208,47.46607],[-2.50542,47.46407],[-2.50646,47.46458],[-2.50722,47.46542],[-2.50625,47.46736],[-2.50458,47.46815],[-2.50208,47.46779],[-2.50042,47.46849],[-2.49458,47.46912],[-2.49292,47.46993],[-2.49225,47.47125],[-2.49415,47.47208],[-2.49648,47.47875],[-2.49792,47.48026],[-2.49875,47.48098],[-2.50208,47.48164],[-2.50292,47.48222],[-2.50548,47.49042],[-2.50563,47.49125],[-2.50458,47.49266],[-2.49875,47.49841],[-2.49625,47.49946],[-2.49458,47.49943],[-2.49217,47.49792],[-2.49208,47.49708],[-2.49194,47.49792],[-2.49032,47.49875],[-2.48958,47.49999],[-2.48792,47.4997],[-2.48596,47.50208],[-2.48587,47.50292],[-2.48837,47.50375],[-2.48625,47.50431],[-2.48375,47.50427],[-2.47792,47.50258],[-2.47458,47.50043],[-2.47292,47.50013],[-2.47208,47.49925],[-2.47042,47.49903],[-2.46792,47.49748],[-2.46708,47.49604],[-2.46625,47.49588],[-2.46542,47.49671],[-2.46292,47.49571],[-2.46208,47.49588],[-2.46042,47.49394],[-2.45792,47.49447],[-2.45625,47.49331],[-2.45458,47.49357],[-2.45292,47.49316],[-2.45042,47.49381],[-2.44875,47.49367],[-2.44625,47.49498],[-2.43958,47.49483],[-2.43792,47.4941],[-2.43375,47.4943],[-2.43292,47.49485],[-2.42708,47.49484],[-2.42292,47.49097],[-2.41625,47.49244],[-2.41542,47.49196],[-2.41208,47.49192],[-2.40625,47.4926],[-2.40292,47.49573],[-2.40042,47.49664],[-2.39625,47.50006],[-2.39375,47.50095],[-2.38792,47.49958],[-2.38708,47.49849],[-2.38458,47.49811],[-2.38296,47.49958],[-2.38264,47.50208],[-2.38958,47.50645],[-2.39167,47.50625],[-2.39425,47.50458],[-2.39958,47.50307],[-2.40104,47.50208],[-2.40198,47.50042],[-2.40375,47.49986],[-2.40708,47.49682],[-2.40875,47.4964],[-2.41042,47.49792],[-2.41458,47.49708],[-2.41625,47.49862],[-2.42125,47.50104],[-2.42292,47.50268],[-2.42542,47.5006],[-2.42804,47.49958],[-2.43458,47.49868],[-2.44292,47.49837],[-2.44542,47.49715],[-2.44625,47.49764],[-2.44875,47.49688],[-2.45042,47.49727],[-2.45375,47.49683],[-2.45625,47.49705],[-2.46208,47.49926],[-2.46292,47.50049],[-2.46458,47.501],[-2.46516,47.50375],[-2.46708,47.50265],[-2.46985,47.50458],[-2.46843,47.50875],[-2.46875,47.51073],[-2.47011,47.50958],[-2.46943,47.50875],[-2.47031,47.50708],[-2.47208,47.50635],[-2.47526,47.50875],[-2.47524,47.51208],[-2.47616,47.51208],[-2.47696,47.51125],[-2.47708,47.50924],[-2.47792,47.50885],[-2.47889,47.50958],[-2.47913,47.51208],[-2.48208,47.51219],[-2.48375,47.51081],[-2.48458,47.51078],[-2.48792,47.51184],[-2.48875,47.51298],[-2.49125,47.51278],[-2.49241,47.51375],[-2.49458,47.51379],[-2.49542,47.5144],[-2.49958,47.51248],[-2.50042,47.51256],[-2.50125,47.51324],[-2.50292,47.51318],[-2.50425,47.51375],[-2.50436,47.51458],[-2.50542,47.51454],[-2.50625,47.51579],[-2.50708,47.5158],[-2.50958,47.51756],[-2.51208,47.51581],[-2.5133,47.51708],[-2.51292,47.51803],[-2.51591,47.51958],[-2.51708,47.51826],[-2.52125,47.51938],[-2.52542,47.51874],[-2.5265,47.51958],[-2.52875,47.51978],[-2.52958,47.51929],[-2.53208,47.51947],[-2.53458,47.5179],[-2.53792,47.51806],[-2.54208,47.51601],[-2.54435,47.51375],[-2.54542,47.50944],[-2.54625,47.5102],[-2.54708,47.50992],[-2.54958,47.50776],[-2.55458,47.5089],[-2.56035,47.51208],[-2.56292,47.51246],[-2.56708,47.51243],[-2.56875,47.51297],[-2.57125,47.51236],[-2.57292,47.51301],[-2.57542,47.51233],[-2.57875,47.51354],[-2.58042,47.51314],[-2.58208,47.51342],[-2.58292,47.51286],[-2.58458,47.51347],[-2.58708,47.5122],[-2.58792,47.51275],[-2.59042,47.512],[-2.59208,47.51061],[-2.59375,47.51149],[-2.59625,47.51191],[-2.59792,47.50875],[-2.59708,47.50724],[-2.59625,47.50723],[-2.59529,47.50625],[-2.59545,47.50542],[-2.59625,47.50472],[-2.59792,47.5058],[-2.59958,47.50522],[-2.60042,47.50589],[-2.60352,47.49958],[-2.60625,47.49688],[-2.60875,47.49666],[-2.61125,47.49858],[-2.61542,47.49755],[-2.61708,47.49778],[-2.61792,47.49847],[-2.61958,47.49847],[-2.62042,47.49905],[-2.62292,47.49708],[-2.62132,47.49458],[-2.62292,47.49385],[-2.62375,47.49215],[-2.62625,47.49159],[-2.62792,47.49493],[-2.63125,47.49323],[-2.6346,47.49375],[-2.63454,47.49542],[-2.6332,47.49625],[-2.63361,47.49792],[-2.63307,47.49958],[-2.63458,47.50043],[-2.63542,47.49994],[-2.64125,47.49992],[-2.64292,47.50206],[-2.64542,47.50183],[-2.64625,47.50233],[-2.64656,47.50458],[-2.63542,47.509],[-2.63375,47.50851],[-2.63208,47.50868],[-2.62958,47.51093],[-2.62542,47.51259],[-2.62458,47.51356],[-2.62375,47.51292],[-2.62135,47.51375],[-2.62105,47.51542],[-2.61972,47.51708],[-2.61789,47.52458],[-2.61935,47.52708],[-2.62292,47.52826],[-2.62458,47.52792],[-2.625,47.52708],[-2.6253,47.52292],[-2.62453,47.51958],[-2.62269,47.51875],[-2.62542,47.51606],[-2.63375,47.5125],[-2.64208,47.51067],[-2.64654,47.50875],[-2.64875,47.50886],[-2.65042,47.5076],[-2.65375,47.50638],[-2.65792,47.50724],[-2.66042,47.50587],[-2.66169,47.50458],[-2.66126,47.50375],[-2.66291,47.50125],[-2.66208,47.50019],[-2.66042,47.50024],[-2.65857,47.49958],[-2.65832,47.49792],[-2.65958,47.49712],[-2.66042,47.49741],[-2.66208,47.49676],[-2.66292,47.4973],[-2.66375,47.49598],[-2.66458,47.49583],[-2.66542,47.49717],[-2.66708,47.49732],[-2.66792,47.49523],[-2.6706,47.49375],[-2.67144,47.49208],[-2.67125,47.49091],[-2.67375,47.48903],[-2.67792,47.48872],[-2.68042,47.49046],[-2.68125,47.48973],[-2.68208,47.48977],[-2.68229,47.48875],[-2.68375,47.48809],[-2.68482,47.48875],[-2.68527,47.49292],[-2.68598,47.49375],[-2.68792,47.49512],[-2.68875,47.49441],[-2.69125,47.49512],[-2.69708,47.49958],[-2.69958,47.49917],[-2.70208,47.5],[-2.70292,47.50081],[-2.70458,47.5009],[-2.70542,47.50208],[-2.70708,47.5016],[-2.70932,47.50208],[-2.71042,47.50314],[-2.71292,47.50352],[-2.7153,47.50458],[-2.72125,47.50508],[-2.72208,47.50634],[-2.72542,47.50657],[-2.72657,47.50625],[-2.72708,47.50533],[-2.73292,47.50473],[-2.73561,47.50292],[-2.73708,47.49976],[-2.73792,47.49933],[-2.73875,47.50023],[-2.73958,47.5],[-2.74125,47.49789],[-2.7422,47.49792],[-2.74292,47.49886],[-2.74458,47.49818],[-2.74542,47.49878],[-2.74625,47.49812],[-2.74875,47.49798],[-2.74825,47.49708],[-2.74917,47.49542],[-2.74958,47.49527],[-2.75042,47.49621],[-2.75292,47.49573],[-2.75292,47.49208],[-2.75542,47.48955],[-2.75625,47.48939],[-2.75747,47.49042],[-2.75785,47.49125],[-2.75708,47.49229],[-2.75875,47.49343],[-2.75958,47.49322],[-2.75958,47.49462],[-2.76208,47.49477],[-2.76292,47.49527],[-2.76458,47.49492],[-2.76542,47.4955],[-2.76586,47.49458],[-2.76488,47.49375],[-2.76542,47.49271],[-2.76625,47.4943],[-2.76875,47.49293],[-2.77125,47.49449],[-2.77458,47.4939],[-2.77542,47.49488],[-2.77594,47.49375],[-2.77085,47.48958],[-2.77112,47.48875],[-2.77208,47.48874],[-2.77375,47.48739],[-2.77625,47.48726],[-2.77875,47.48837],[-2.78125,47.48856],[-2.78375,47.48713],[-2.78542,47.48689],[-2.78792,47.48794],[-2.78804,47.48708],[-2.7903,47.48458],[-2.79042,47.48352],[-2.79208,47.48329],[-2.79292,47.48264],[-2.79542,47.48333],[-2.79708,47.48269],[-2.79958,47.48353],[-2.80014,47.48208],[-2.79863,47.48125],[-2.79958,47.48006],[-2.80049,47.48042],[-2.80144,47.48208],[-2.80246,47.48542],[-2.80208,47.48646],[-2.80292,47.48629],[-2.80375,47.48711],[-2.80542,47.48664],[-2.80625,47.48718],[-2.8079,47.48708],[-2.8131,47.48542],[-2.81542,47.4834],[-2.81792,47.48371],[-2.82042,47.48197],[-2.82292,47.48109],[-2.82403,47.48208],[-2.82247,47.48542],[-2.82389,47.48708],[-2.82365,47.48792],[-2.82625,47.48805],[-2.83208,47.49091],[-2.83458,47.49048],[-2.83542,47.48986],[-2.83625,47.49015],[-2.83542,47.49209],[-2.83792,47.49214],[-2.83875,47.49274],[-2.84068,47.49292],[-2.8422,47.49458],[-2.84685,47.49625],[-2.84792,47.49813],[-2.85042,47.49898],[-2.85096,47.50042],[-2.85224,47.50125],[-2.85208,47.50217],[-2.85077,47.50292],[-2.84982,47.50458],[-2.85016,47.50708],[-2.84953,47.50875],[-2.8511,47.51458],[-2.85208,47.51608],[-2.85375,47.51599],[-2.85545,47.51708],[-2.85958,47.51763],[-2.86042,47.51627],[-2.86125,47.51607],[-2.86271,47.51708],[-2.86344,47.51792],[-2.86252,47.52042],[-2.86344,47.52375],[-2.86284,47.52458],[-2.86404,47.52542],[-2.86458,47.52847],[-2.86542,47.52847],[-2.86625,47.52729],[-2.86958,47.52797],[-2.87052,47.52958],[-2.86875,47.53042],[-2.86875,47.53125],[-2.87042,47.53177],[-2.87125,47.53125],[-2.87156,47.53208],[-2.87458,47.53313],[-2.87875,47.53371],[-2.88012,47.53542],[-2.88125,47.53587],[-2.88875,47.53717],[-2.89315,47.53708],[-2.89375,47.53541],[-2.89458,47.53544],[-2.89542,47.53645],[-2.89625,47.53542],[-2.89792,47.53542],[-2.89875,47.53308],[-2.90292,47.53309],[-2.90421,47.53375],[-2.90506,47.53458],[-2.90529,47.53625],[-2.90645,47.53625],[-2.90666,47.53708],[-2.9044,47.53875],[-2.90547,47.54042],[-2.90792,47.54139],[-2.90958,47.5406],[-2.91125,47.54094],[-2.91292,47.54152],[-2.91401,47.54292],[-2.91335,47.54542],[-2.91375,47.54901],[-2.91182,47.54958],[-2.91119,47.55042],[-2.91158,47.55208],[-2.91232,47.55208],[-2.91292,47.55125],[-2.91347,47.55208],[-2.91272,47.55292],[-2.91227,47.55708],[-2.91292,47.55781],[-2.91439,47.55792],[-2.91375,47.55851],[-2.91208,47.55805],[-2.91042,47.55822],[-2.90875,47.5618],[-2.90792,47.55851],[-2.90526,47.55875],[-2.90458,47.56242],[-2.89958,47.56369],[-2.89921,47.56292],[-2.90125,47.56074],[-2.90125,47.55976],[-2.89625,47.55963],[-2.89542,47.56217],[-2.89375,47.56111],[-2.89208,47.56139],[-2.89125,47.56033],[-2.88875,47.56153],[-2.88625,47.55992],[-2.88398,47.56208],[-2.88625,47.56242],[-2.88708,47.56159],[-2.88817,47.56292],[-2.88812,47.56542],[-2.88792,47.56569],[-2.88708,47.56521],[-2.88729,47.56625],[-2.88542,47.56696],[-2.88355,47.56542],[-2.88292,47.56306],[-2.87958,47.56294],[-2.87946,47.56458],[-2.87875,47.56519],[-2.87792,47.56302],[-2.87658,47.56292],[-2.87784,47.56042],[-2.87708,47.55764],[-2.87542,47.55876],[-2.87292,47.55729],[-2.87042,47.55782],[-2.86792,47.55925],[-2.86748,47.55875],[-2.86875,47.55741],[-2.86958,47.5575],[-2.87042,47.55651],[-2.87125,47.55662],[-2.87125,47.55531],[-2.86875,47.55375],[-2.86708,47.55578],[-2.86527,47.55375],[-2.86292,47.55271],[-2.86192,47.55292],[-2.86236,47.55208],[-2.86042,47.55046],[-2.85792,47.54905],[-2.85708,47.54984],[-2.85673,47.54875],[-2.85375,47.54595],[-2.85125,47.54637],[-2.85042,47.54596],[-2.84995,47.54792],[-2.84792,47.54846],[-2.84542,47.54799],[-2.84458,47.54691],[-2.84292,47.54644],[-2.8407,47.54708],[-2.83708,47.54702],[-2.83292,47.54787],[-2.83208,47.54751],[-2.83035,47.54958],[-2.82708,47.55137],[-2.82595,47.55125],[-2.82507,47.55042],[-2.82458,47.54796],[-2.82375,47.54937],[-2.82285,47.54958],[-2.82375,47.54962],[-2.82502,47.55125],[-2.82495,47.55375],[-2.826,47.55542],[-2.82458,47.55738],[-2.82125,47.55763],[-2.81875,47.55573],[-2.81625,47.55577],[-2.81375,47.55473],[-2.81042,47.55513],[-2.80875,47.55669],[-2.80625,47.55733],[-2.80375,47.55507],[-2.80125,47.55463],[-2.79958,47.55348],[-2.79708,47.55545],[-2.79208,47.55558],[-2.79145,47.55542],[-2.79125,47.55443],[-2.79042,47.55416],[-2.78914,47.55458],[-2.78812,47.55542],[-2.78834,47.55792],[-2.78708,47.55902],[-2.78645,47.55875],[-2.78678,47.55708],[-2.78625,47.55636],[-2.78542,47.55636],[-2.78481,47.55708],[-2.78458,47.55839],[-2.78125,47.55516],[-2.78042,47.55492],[-2.77792,47.55625],[-2.77758,47.55542],[-2.7782,47.55458],[-2.77625,47.55337],[-2.77542,47.55209],[-2.77375,47.55164],[-2.77042,47.54915],[-2.76708,47.54822],[-2.75792,47.54864],[-2.75708,47.54769],[-2.75625,47.5478],[-2.75542,47.54914],[-2.75292,47.54918],[-2.75045,47.55125],[-2.74792,47.55134],[-2.74708,47.55242],[-2.74375,47.55238],[-2.74321,47.55292],[-2.74375,47.55354],[-2.74708,47.55313],[-2.74708,47.55431],[-2.74542,47.55502],[-2.74375,47.55452],[-2.74125,47.55497],[-2.73927,47.55792],[-2.73542,47.56015],[-2.73338,47.56292],[-2.73381,47.56625],[-2.73484,47.56708],[-2.73398,47.56792],[-2.73571,47.56875],[-2.73625,47.5708],[-2.73792,47.57183],[-2.73958,47.57089],[-2.74125,47.57126],[-2.74207,47.57208],[-2.74158,47.57375],[-2.74208,47.57422],[-2.74292,47.57435],[-2.74458,47.5726],[-2.74509,47.57375],[-2.74455,47.57458],[-2.74542,47.57552],[-2.74625,47.57408],[-2.74875,47.57401],[-2.75031,47.57542],[-2.75077,47.57708],[-2.74792,47.57947],[-2.74375,47.57922],[-2.73975,47.58042],[-2.73904,47.58125],[-2.73996,47.58208],[-2.74022,47.58375],[-2.73958,47.58474],[-2.73853,47.58458],[-2.73792,47.58568],[-2.73708,47.58576],[-2.73542,47.58487],[-2.73458,47.58537],[-2.72792,47.58599],[-2.72208,47.58762],[-2.72125,47.58607],[-2.72092,47.58708],[-2.71792,47.58787],[-2.71042,47.58615],[-2.70958,47.58812],[-2.71292,47.58809],[-2.71556,47.58875],[-2.71375,47.58969],[-2.70958,47.58989],[-2.70875,47.59056],[-2.70792,47.58857],[-2.70708,47.58819],[-2.70602,47.58875],[-2.70538,47.58958],[-2.70599,47.59125],[-2.70125,47.59434],[-2.69901,47.59708],[-2.69839,47.59958],[-2.69875,47.60331],[-2.6952,47.60625],[-2.69473,47.60792],[-2.69542,47.60816],[-2.70042,47.60445],[-2.70125,47.60458],[-2.70313,47.60375],[-2.70458,47.6017],[-2.70792,47.60048],[-2.70955,47.59708],[-2.71349,47.59292],[-2.71241,47.59208],[-2.71292,47.59163],[-2.71375,47.59265],[-2.71625,47.59091],[-2.71708,47.59129],[-2.71875,47.59063],[-2.72125,47.59137],[-2.72292,47.59375],[-2.72375,47.59178],[-2.72625,47.59049],[-2.73125,47.5917],[-2.7331,47.59292],[-2.73292,47.59393],[-2.73113,47.59458],[-2.73125,47.5964],[-2.7341,47.59708],[-2.73708,47.59991],[-2.74042,47.60089],[-2.74208,47.60379],[-2.74292,47.603],[-2.74458,47.60312],[-2.74542,47.60399],[-2.74668,47.60375],[-2.75042,47.60198],[-2.75116,47.60375],[-2.75208,47.60417],[-2.75458,47.60339],[-2.75458,47.60114],[-2.75475,47.60208],[-2.75625,47.6018],[-2.75958,47.6042],[-2.76125,47.60392],[-2.76292,47.60396],[-2.76375,47.60452],[-2.76958,47.60442],[-2.77086,47.60542],[-2.77125,47.60826],[-2.77292,47.61068],[-2.77458,47.61081],[-2.77542,47.61209],[-2.77625,47.61161],[-2.77792,47.61173],[-2.77958,47.61269],[-2.78214,47.61292],[-2.77995,47.61375],[-2.78005,47.61792],[-2.77908,47.61958],[-2.77958,47.62092],[-2.78042,47.62096],[-2.78125,47.62029],[-2.78375,47.62065],[-2.78792,47.62008],[-2.79625,47.6179],[-2.79708,47.61729],[-2.79958,47.61728],[-2.80125,47.61885],[-2.80292,47.61877],[-2.80375,47.6196],[-2.80708,47.61978],[-2.80792,47.6205],[-2.80958,47.62052],[-2.81125,47.62116],[-2.81208,47.62049],[-2.81542,47.62],[-2.81792,47.61887],[-2.82042,47.61877],[-2.82045,47.61792],[-2.82292,47.61581],[-2.82458,47.61519],[-2.82792,47.61493],[-2.8286,47.61375],[-2.83125,47.61307],[-2.83375,47.61403],[-2.83458,47.61342],[-2.83526,47.61375],[-2.83625,47.61597],[-2.84125,47.616],[-2.84208,47.61658],[-2.84708,47.61696],[-2.84792,47.61782],[-2.85042,47.61846],[-2.85125,47.61756],[-2.8539,47.61708],[-2.85542,47.61537],[-2.85625,47.61782],[-2.85833,47.61292],[-2.85792,47.61241],[-2.85618,47.61208],[-2.85875,47.60863],[-2.85993,47.60792],[-2.86042,47.60653],[-2.86208,47.60563],[-2.86152,47.60375],[-2.86263,47.60292],[-2.86308,47.59958],[-2.86458,47.59635],[-2.86875,47.59844],[-2.87458,47.59845],[-2.87668,47.59958],[-2.88265,47.60042],[-2.88262,47.59958],[-2.88479,47.59708],[-2.88375,47.5967],[-2.88208,47.59769],[-2.88135,47.59708],[-2.88262,47.59375],[-2.8852,47.59125],[-2.88622,47.58875],[-2.88542,47.58743],[-2.88527,47.58375],[-2.88433,47.58292],[-2.88542,47.58169],[-2.88625,47.58163],[-2.88708,47.58369],[-2.88875,47.58382],[-2.88816,47.58042],[-2.88958,47.57914],[-2.89104,47.57875],[-2.89125,47.57775],[-2.89125,47.5799],[-2.88958,47.58056],[-2.89125,47.58083],[-2.89208,47.58036],[-2.89292,47.58191],[-2.89375,47.58163],[-2.89542,47.58215],[-2.89708,47.58342],[-2.90042,47.5834],[-2.90458,47.58425],[-2.90542,47.58384],[-2.90792,47.58414],[-2.90875,47.58356],[-2.90958,47.58444],[-2.91292,47.58524],[-2.91625,47.58415],[-2.91708,47.58264],[-2.92042,47.58172],[-2.92293,47.57958],[-2.92458,47.57918],[-2.92625,47.58025],[-2.92708,47.58197],[-2.92992,47.58208],[-2.92968,47.58292],[-2.92875,47.58302],[-2.92655,47.58458],[-2.92708,47.58658],[-2.92933,47.58625],[-2.92986,47.58542],[-2.93292,47.58536],[-2.93125,47.58603],[-2.93037,47.58708],[-2.93042,47.58908],[-2.93292,47.58713],[-2.93443,47.58875],[-2.93542,47.59125],[-2.93875,47.59426],[-2.93939,47.59292],[-2.93804,47.59208],[-2.93875,47.58863],[-2.93986,47.59042],[-2.93988,47.59292],[-2.94375,47.5972],[-2.94537,47.60042],[-2.94698,47.60125],[-2.94708,47.60276],[-2.94792,47.60243],[-2.95168,47.60458],[-2.95255,47.60708],[-2.95125,47.61073],[-2.95075,47.60875],[-2.94971,47.60792],[-2.94978,47.60542],[-2.94838,47.60542],[-2.94896,47.60625],[-2.94792,47.61125],[-2.94931,47.61208],[-2.94738,47.61292],[-2.94699,47.61458],[-2.94899,47.61542],[-2.95125,47.62204],[-2.95423,47.62458],[-2.95542,47.62472],[-2.95625,47.62548],[-2.95792,47.62558],[-2.95875,47.62818],[-2.95902,47.62542],[-2.95792,47.62357],[-2.95411,47.62042],[-2.95277,47.61375],[-2.95184,47.61292],[-2.95292,47.61251],[-2.95341,47.61292],[-2.95302,47.61542],[-2.95458,47.61603],[-2.95625,47.61458],[-2.9546,47.61125],[-2.95846,47.60792],[-2.96022,47.60458],[-2.95875,47.60367],[-2.95747,47.60125],[-2.95605,47.60042],[-2.95708,47.59958],[-2.95625,47.5992],[-2.95542,47.59982],[-2.95487,47.59958],[-2.95471,47.59875],[-2.95358,47.59875],[-2.95338,47.59708],[-2.95122,47.59625],[-2.95112,47.59375],[-2.94792,47.58633],[-2.94827,47.58458],[-2.94625,47.58193],[-2.94542,47.57932],[-2.93643,47.57458],[-2.93292,47.57183],[-2.93184,47.57042],[-2.93319,47.56875],[-2.93125,47.56853],[-2.93042,47.5678],[-2.92832,47.56208],[-2.92708,47.56084],[-2.92458,47.55971],[-2.92458,47.55773],[-2.92542,47.55765],[-2.92708,47.55915],[-2.92778,47.55875],[-2.92986,47.55375],[-2.93292,47.55313],[-2.9339,47.55375],[-2.93542,47.55011],[-2.93625,47.54994],[-2.93708,47.55084],[-2.94125,47.55034],[-2.94375,47.55208],[-2.94458,47.55213],[-2.94625,47.55169],[-2.94588,47.55042],[-2.94708,47.54875],[-2.94875,47.54857],[-2.94958,47.54792],[-2.95208,47.54792],[-2.95458,47.54964],[-2.95517,47.55042],[-2.95437,47.55125],[-2.95542,47.55267],[-2.95875,47.55284],[-2.96042,47.55099],[-2.96125,47.55091],[-2.9643,47.55208],[-2.96458,47.55292],[-2.96708,47.55306],[-2.96958,47.55213],[-2.97197,47.55292],[-2.97229,47.55375],[-2.97069,47.55542],[-2.97131,47.55708],[-2.97375,47.55744],[-2.97458,47.5557],[-2.97542,47.55823],[-2.97625,47.55802],[-2.9791,47.56125],[-2.98042,47.561],[-2.9811,47.56208],[-2.98042,47.56292],[-2.98076,47.56542],[-2.98182,47.56625],[-2.98213,47.56792],[-2.98292,47.56882],[-2.98458,47.56845],[-2.98534,47.57042],[-2.98625,47.57071],[-2.98708,47.5729],[-2.98792,47.57331],[-2.98845,47.57208],[-2.98646,47.57042],[-2.9865,47.56958],[-2.98875,47.56771],[-2.98854,47.56542],[-2.98958,47.56515],[-2.99125,47.56563],[-2.99226,47.56458],[-2.9916,47.56125],[-2.99085,47.56042],[-2.99125,47.55839],[-2.99299,47.56208],[-2.99455,47.56375],[-2.99668,47.56458],[-2.99708,47.56564],[-2.99958,47.56605],[-3.00208,47.56719],[-3.00792,47.57191],[-3.01161,47.57708],[-3.01146,47.58125],[-3.01292,47.58242],[-3.01375,47.58201],[-3.01375,47.58292],[-3.01458,47.58333],[-3.01625,47.5829],[-3.01708,47.58396],[-3.02125,47.58532],[-3.02292,47.58684],[-3.02482,47.58625],[-3.02398,47.58542],[-3.02375,47.58327],[-3.01875,47.58191],[-3.01708,47.58056],[-3.01608,47.57875],[-3.01625,47.57805],[-3.01877,47.57625],[-3.01949,47.57458],[-3.0179,47.57125],[-3.01579,47.56958],[-3.01644,47.56792],[-3.01563,47.56542],[-3.01875,47.56331],[-3.02125,47.56519],[-3.02208,47.56655],[-3.02458,47.56705],[-3.02625,47.5691],[-3.02792,47.56884],[-3.02958,47.57058],[-3.03126,47.57042],[-3.03208,47.56941],[-3.03375,47.56931],[-3.03542,47.57058],[-3.03875,47.5708],[-3.04208,47.56916],[-3.04708,47.56888],[-3.04818,47.56792],[-3.04768,47.56542],[-3.04875,47.56459],[-3.05208,47.56708],[-3.05208,47.57046],[-3.05478,47.56958],[-3.05353,47.56875],[-3.05458,47.56782],[-3.05542,47.56913],[-3.05625,47.56881],[-3.05792,47.56973],[-3.05962,47.56958],[-3.06145,47.56792],[-3.06087,47.56625],[-3.06208,47.56541],[-3.06458,47.56875],[-3.06542,47.56836],[-3.06875,47.56964],[-3.07042,47.56975],[-3.07125,47.56919],[-3.07208,47.56976],[-3.07375,47.56963],[-3.07708,47.56875],[-3.07639,47.56792],[-3.0769,47.56625],[-3.07785,47.56542],[-3.07795,47.56375],[-3.07875,47.56358],[-3.07948,47.56542],[-3.08042,47.56588],[-3.08458,47.56558],[-3.08542,47.56469],[-3.08653,47.56458],[-3.08677,47.56375],[-3.08875,47.56313],[-3.09125,47.56318],[-3.09375,47.56458],[-3.09625,47.56302],[-3.09766,47.56375],[-3.09792,47.56484],[-3.09875,47.56467],[-3.09958,47.5656],[-3.10042,47.56588],[-3.10292,47.56534],[-3.10542,47.56323],[-3.10875,47.56165],[-3.11042,47.56204],[-3.11488,47.55875],[-3.11719,47.55292],[-3.11931,47.54958],[-3.11845,47.54708],[-3.11985,47.54125],[-3.12714,47.53875],[-3.1277,47.53792],[-3.12702,47.53708],[-3.12659,47.53375],[-3.12751,47.53292],[-3.12573,47.52875],[-3.12626,47.52542],[-3.12483,47.52375],[-3.12587,47.52208],[-3.12462,47.52042],[-3.12458,47.51936],[-3.12259,47.51708],[-3.1233,47.51625],[-3.12292,47.51386],[-3.11736,47.51042],[-3.11649,47.50542],[-3.11667,47.50125],[-3.11208,47.50047],[-3.111,47.49958],[-3.11285,47.49708],[-3.11109,47.49542],[-3.10875,47.49081],[-3.10563,47.48875],[-3.10208,47.48875],[-3.10292,47.48859],[-3.10317,47.48792],[-3.10208,47.48773],[-3.10125,47.48687],[-3.09792,47.48666],[-3.09752,47.48625],[-3.09875,47.48542],[-3.09792,47.48472],[-3.09625,47.48438],[-3.09542,47.48351],[-3.09375,47.48336],[-3.09292,47.48209],[-3.09208,47.48198],[-3.09038,47.48042],[-3.09041,47.47792],[-3.08889,47.47542],[-3.08792,47.47407],[-3.08542,47.47396],[-3.08379,47.47125],[-3.08458,47.47042],[-3.08313,47.46875],[-3.0833,47.46708],[-3.08458,47.46594],[-3.08708,47.46623],[-3.08792,47.46579],[-3.08875,47.46618],[-3.09125,47.46438],[-3.09318,47.46625],[-3.09256,47.46708],[-3.09292,47.46763],[-3.09542,47.46658],[-3.09613,47.46708],[-3.09604,47.46875],[-3.09418,47.47042],[-3.09492,47.47125],[-3.09625,47.47069],[-3.09875,47.47081],[-3.10042,47.46866],[-3.10054,47.47125],[-3.10208,47.47292],[-3.10958,47.47317],[-3.10968,47.47042],[-3.11125,47.46933],[-3.11201,47.47042],[-3.11203,47.47208],[-3.11292,47.47216],[-3.11327,47.47292],[-3.11286,47.47458],[-3.11458,47.4749],[-3.11624,47.47708],[-3.11875,47.47797],[-3.12042,47.47806],[-3.12292,47.47515],[-3.12375,47.47498],[-3.12458,47.47549],[-3.12542,47.47487],[-3.13125,47.47326],[-3.13292,47.47358],[-3.13375,47.47488],[-3.13542,47.47353],[-3.1371,47.47458],[-3.13556,47.47542],[-3.13521,47.47708],[-3.13759,47.47958],[-3.13792,47.48125],[-3.13875,47.48147],[-3.14067,47.48375],[-3.14228,47.48958],[-3.14493,47.49042],[-3.14418,47.49125],[-3.14669,47.49375],[-3.14774,47.49792],[-3.15043,47.50042],[-3.15125,47.50292],[-3.15125,47.50625],[-3.15125,47.50542],[-3.15208,47.5049],[-3.15261,47.50542],[-3.15118,47.50792],[-3.15336,47.51125],[-3.15496,47.52042],[-3.15764,47.52292],[-3.15982,47.52708],[-3.15713,47.53042],[-3.15708,47.53131],[-3.15542,47.53158],[-3.15458,47.53039],[-3.15375,47.53149],[-3.15125,47.52958],[-3.14923,47.53208],[-3.14918,47.53375],[-3.14792,47.53578],[-3.14708,47.53629],[-3.14625,47.53606],[-3.14542,47.5378],[-3.14292,47.5375],[-3.14019,47.54042],[-3.14053,47.54208],[-3.13863,47.54542],[-3.13925,47.55042],[-3.14206,47.55792],[-3.14309,47.55875],[-3.14362,47.56042],[-3.14401,47.56375],[-3.14309,47.56708],[-3.1439,47.57875],[-3.14752,47.58375],[-3.14945,47.58542],[-3.1501,47.58792],[-3.15111,47.58875],[-3.15216,47.59208],[-3.15458,47.5959],[-3.1571,47.59875],[-3.16125,47.602],[-3.1619,47.60375],[-3.16292,47.60368],[-3.16409,47.60458],[-3.16365,47.60542],[-3.16409,47.60625],[-3.16625,47.60589],[-3.17375,47.61018],[-3.17958,47.61264],[-3.18081,47.61375],[-3.18081,47.61458],[-3.18292,47.615],[-3.18375,47.61631],[-3.18458,47.61581],[-3.18708,47.61685],[-3.18734,47.61875],[-3.18958,47.62045],[-3.19208,47.62014],[-3.19375,47.62188],[-3.19458,47.62199],[-3.19542,47.61987],[-3.19708,47.62001],[-3.19771,47.62125],[-3.19708,47.62257],[-3.19792,47.62292],[-3.19958,47.62315],[-3.20042,47.62094],[-3.20292,47.62264],[-3.20375,47.62238],[-3.20482,47.62292],[-3.20409,47.62375],[-3.20081,47.62458],[-3.19962,47.62625],[-3.19965,47.62958],[-3.20042,47.63128],[-3.20208,47.63173],[-3.20185,47.63292],[-3.20341,47.63375],[-3.20387,47.63542],[-3.20542,47.63683],[-3.20625,47.63751],[-3.20792,47.63734],[-3.21013,47.63875],[-3.20902,47.64125],[-3.20867,47.64458],[-3.20753,47.64625],[-3.2084,47.64792],[-3.20709,47.64875],[-3.20599,47.65208],[-3.20542,47.65245],[-3.20458,47.65108],[-3.20347,47.65208],[-3.20458,47.65625],[-3.20542,47.65779],[-3.20625,47.65792],[-3.20625,47.65958],[-3.20792,47.65905],[-3.20814,47.65958],[-3.20832,47.66125],[-3.20697,47.66292],[-3.20792,47.66346],[-3.20755,47.66542],[-3.20609,47.66625],[-3.20417,47.66875],[-3.19792,47.67131],[-3.19719,47.67208],[-3.1964,47.67792],[-3.20042,47.67844],[-3.20625,47.67411],[-3.21125,47.67253],[-3.21352,47.67042],[-3.2142,47.66875],[-3.2139,47.66708],[-3.21292,47.66568],[-3.21208,47.66625],[-3.21168,47.66542],[-3.21336,47.66458],[-3.21329,47.66292],[-3.21042,47.66042],[-3.21042,47.65875],[-3.2119,47.65792],[-3.21042,47.65708],[-3.21042,47.65208],[-3.21207,47.64708],[-3.21027,47.64625],[-3.21125,47.64586],[-3.21208,47.64702],[-3.21458,47.64479],[-3.21542,47.64508],[-3.21625,47.64473],[-3.21661,47.64542],[-3.21875,47.64643],[-3.22042,47.64694],[-3.22125,47.64649],[-3.22208,47.64676],[-3.22292,47.64821],[-3.22375,47.64777],[-3.22542,47.64843],[-3.22899,47.65125],[-3.23208,47.65251],[-3.23375,47.65415],[-3.23625,47.65495],[-3.23875,47.65792],[-3.23958,47.65788],[-3.24208,47.65933],[-3.24353,47.66042],[-3.24364,47.66125],[-3.24708,47.66218],[-3.24792,47.66298],[-3.24862,47.66292],[-3.24958,47.66115],[-3.25042,47.66322],[-3.25125,47.65958],[-3.25342,47.65958],[-3.25387,47.66042],[-3.25336,47.66208],[-3.25375,47.66249],[-3.25458,47.66197],[-3.25572,47.66292],[-3.25543,47.66542],[-3.25409,47.66625],[-3.25542,47.66725],[-3.25875,47.66855],[-3.26042,47.66723],[-3.26125,47.66744],[-3.26277,47.67125],[-3.26708,47.6732],[-3.26792,47.67478],[-3.26875,47.67474],[-3.27292,47.67677],[-3.27625,47.67915],[-3.27875,47.67949],[-3.27958,47.68024],[-3.28125,47.68025],[-3.28458,47.68233],[-3.28625,47.68227],[-3.29125,47.68414],[-3.29206,47.68542],[-3.29292,47.68567],[-3.29375,47.68524],[-3.29542,47.68606],[-3.29625,47.68575],[-3.29708,47.6864],[-3.29958,47.68657],[-3.30375,47.68794],[-3.30458,47.68763],[-3.31042,47.68983],[-3.31125,47.69005],[-3.31208,47.68965],[-3.31625,47.69091],[-3.31708,47.6904],[-3.32125,47.69163],[-3.33708,47.6921],[-3.34054,47.69375],[-3.34208,47.69351],[-3.34292,47.6939],[-3.34458,47.69382],[-3.34485,47.69292],[-3.34875,47.69147],[-3.35042,47.69043],[-3.35125,47.68903],[-3.35208,47.69042],[-3.35298,47.68875],[-3.35137,47.68792],[-3.3513,47.68625],[-3.35208,47.68567],[-3.35542,47.68463],[-3.35708,47.68506],[-3.35792,47.68607],[-3.35958,47.68286],[-3.36208,47.68319],[-3.36287,47.68375],[-3.3638,47.68625],[-3.36341,47.68875],[-3.36465,47.69125],[-3.36292,47.69244],[-3.36137,47.69042],[-3.36042,47.69097],[-3.36016,47.69208],[-3.36111,47.69292],[-3.36059,47.69458],[-3.35712,47.69625],[-3.35953,47.69875],[-3.35889,47.69958],[-3.35884,47.70208],[-3.35817,47.70042],[-3.35625,47.70006],[-3.35539,47.70042],[-3.35437,47.70208],[-3.35542,47.70357],[-3.35625,47.70261],[-3.35708,47.7026],[-3.36042,47.70494],[-3.36373,47.70542],[-3.36379,47.70792],[-3.36292,47.70717],[-3.36208,47.70744],[-3.36125,47.7065],[-3.35958,47.70686],[-3.35748,47.70792],[-3.35521,47.71042],[-3.35571,47.71292],[-3.35446,47.71875],[-3.35375,47.71969],[-3.35208,47.71993],[-3.35125,47.72307],[-3.35042,47.72156],[-3.34918,47.72208],[-3.34919,47.72375],[-3.35058,47.72542],[-3.3511,47.72875],[-3.3502,47.73208],[-3.34885,47.73375],[-3.34792,47.73395],[-3.3474,47.73208],[-3.34912,47.73125],[-3.34875,47.72871],[-3.34792,47.73021],[-3.34625,47.73137],[-3.34375,47.73229],[-3.33958,47.73264],[-3.33333,47.73542],[-3.33849,47.73625],[-3.33625,47.73644],[-3.33125,47.73819],[-3.32292,47.74312],[-3.31639,47.75125],[-3.31215,47.75792],[-3.31292,47.75801],[-3.31458,47.75657],[-3.31598,47.75625],[-3.31603,47.75542],[-3.31723,47.75458],[-3.32071,47.74958],[-3.3233,47.74792],[-3.32355,47.74625],[-3.32708,47.74456],[-3.32818,47.74458],[-3.32958,47.74301],[-3.33208,47.74199],[-3.33292,47.74402],[-3.33542,47.74403],[-3.33958,47.745],[-3.34208,47.74375],[-3.34375,47.74167],[-3.34713,47.74875],[-3.34792,47.74954],[-3.34884,47.74958],[-3.34962,47.75208],[-3.35042,47.75266],[-3.35104,47.74958],[-3.35015,47.74875],[-3.35042,47.74706],[-3.35417,47.74375],[-3.355,47.73958],[-3.35792,47.73765],[-3.35923,47.73542],[-3.36292,47.73224],[-3.36375,47.72666],[-3.36625,47.72589],[-3.3675,47.72625],[-3.36875,47.72778],[-3.37042,47.72636],[-3.37145,47.72708],[-3.37042,47.72741],[-3.36958,47.72708],[-3.3688,47.72458],[-3.36901,47.72042],[-3.3679,47.71958],[-3.36787,47.71875],[-3.36875,47.71815],[-3.36958,47.71858],[-3.37042,47.71754],[-3.37208,47.72007],[-3.37458,47.71987],[-3.37486,47.71792],[-3.3727,47.71458],[-3.37542,47.71284],[-3.37708,47.70923],[-3.37872,47.70792],[-3.37792,47.70727],[-3.37596,47.70708],[-3.37795,47.70542],[-3.37875,47.70532],[-3.37958,47.70673],[-3.38042,47.70699],[-3.38125,47.70663],[-3.38099,47.70292],[-3.38208,47.70242],[-3.38292,47.69964],[-3.38458,47.69991],[-3.38458,47.69853],[-3.38792,47.69864],[-3.38875,47.69967],[-3.39042,47.69942],[-3.39542,47.70077],[-3.40375,47.70089],[-3.40458,47.70216],[-3.40708,47.70233],[-3.40903,47.70208],[-3.40903,47.70125],[-3.41099,47.70042],[-3.41135,47.69958],[-3.41055,47.69625],[-3.41208,47.69578],[-3.41458,47.69927],[-3.41625,47.69911],[-3.41792,47.69813],[-3.41916,47.69875],[-3.41875,47.69966],[-3.42042,47.69963],[-3.42125,47.69895],[-3.42231,47.70042],[-3.42208,47.70189],[-3.42292,47.70091],[-3.42542,47.70378],[-3.42845,47.70292],[-3.42875,47.70028],[-3.43208,47.69962],[-3.43292,47.70012],[-3.43375,47.7],[-3.43542,47.6992],[-3.44375,47.69958],[-3.44595,47.69708],[-3.44792,47.69599],[-3.45208,47.69613],[-3.45958,47.70243],[-3.46156,47.70292],[-3.46088,47.70375],[-3.46458,47.70509],[-3.46625,47.70481],[-3.46819,47.70542],[-3.46875,47.70643],[-3.46958,47.70654],[-3.47042,47.70577],[-3.47208,47.70865],[-3.47542,47.71021],[-3.47625,47.70939],[-3.47684,47.70958],[-3.47766,47.71125],[-3.47708,47.7124],[-3.47602,47.71292],[-3.48042,47.71358],[-3.48292,47.71283],[-3.48375,47.71659],[-3.48458,47.716],[-3.48708,47.71669],[-3.48792,47.71592],[-3.48814,47.71708],[-3.48708,47.71778],[-3.48688,47.71958],[-3.48582,47.72042],[-3.48698,47.72292],[-3.48958,47.7244],[-3.49125,47.72451],[-3.49208,47.72362],[-3.49292,47.72462],[-3.4934,47.72375],[-3.49458,47.7236],[-3.49633,47.72542],[-3.49583,47.72792],[-3.49625,47.72815],[-3.49708,47.72684],[-3.49888,47.72792],[-3.49744,47.72875],[-3.49875,47.72935],[-3.50042,47.72813],[-3.50269,47.72958],[-3.50421,47.73208],[-3.50423,47.73292],[-3.50316,47.73375],[-3.50329,47.73542],[-3.50458,47.7359],[-3.50542,47.7332],[-3.50699,47.73458],[-3.50597,47.73792],[-3.50815,47.74375],[-3.51042,47.74708],[-3.51025,47.74792],[-3.51125,47.74768],[-3.51265,47.74958],[-3.52012,47.75625],[-3.52208,47.75693],[-3.52625,47.76065],[-3.52958,47.76222],[-3.54042,47.76186],[-3.54458,47.76245],[-3.54785,47.76375],[-3.54792,47.76459],[-3.54958,47.76461],[-3.55042,47.7631],[-3.55208,47.76287],[-3.55542,47.76472],[-3.55625,47.76326],[-3.55785,47.76458],[-3.55777,47.76542],[-3.56125,47.76561],[-3.56459,47.76708],[-3.57042,47.7675],[-3.57125,47.76884],[-3.57292,47.76906],[-3.57458,47.76892],[-3.57625,47.76684],[-3.58042,47.76618],[-3.58458,47.76732],[-3.58875,47.76684],[-3.59208,47.76781],[-3.59375,47.76912],[-3.59792,47.76917],[-3.60208,47.76829],[-3.60542,47.76926],[-3.61292,47.76954],[-3.61375,47.76788],[-3.61458,47.76944],[-3.61792,47.76997],[-3.62375,47.77023],[-3.62708,47.76946],[-3.62773,47.76958],[-3.62681,47.77042],[-3.62949,47.77125],[-3.63125,47.77324],[-3.64042,47.77366],[-3.64542,47.77467],[-3.64625,47.77401],[-3.64708,47.77412],[-3.64756,47.77625],[-3.64702,47.77792],[-3.64875,47.77822],[-3.6492,47.77875],[-3.64958,47.78125],[-3.64959,47.77958],[-3.65125,47.77839],[-3.65385,47.77792],[-3.65375,47.77529],[-3.65625,47.77804],[-3.66125,47.77857],[-3.66285,47.77958],[-3.66875,47.77994],[-3.66958,47.77978],[-3.67042,47.77875],[-3.67081,47.77625],[-3.67292,47.77491],[-3.67542,47.77507],[-3.67875,47.77437],[-3.6796,47.77542],[-3.68256,47.77625],[-3.68458,47.77831],[-3.68708,47.7787],[-3.68792,47.77842],[-3.68883,47.77875],[-3.68958,47.78014],[-3.69205,47.78042],[-3.69292,47.78197],[-3.69458,47.78235],[-3.69542,47.78405],[-3.69625,47.78395],[-3.69693,47.78458],[-3.69708,47.78569],[-3.70042,47.78565],[-3.70208,47.78714],[-3.70375,47.78737],[-3.70542,47.78665],[-3.70696,47.78708],[-3.70524,47.78875],[-3.70559,47.78958],[-3.70875,47.79069],[-3.71292,47.79347],[-3.71458,47.79433],[-3.71542,47.79417],[-3.71875,47.79635],[-3.72107,47.79708],[-3.72208,47.79879],[-3.72296,47.79708],[-3.72409,47.79875],[-3.72375,47.79961],[-3.72202,47.80042],[-3.72288,47.80292],[-3.72173,47.80458],[-3.72292,47.80377],[-3.72792,47.8038],[-3.72958,47.80254],[-3.73125,47.80252],[-3.73458,47.80307],[-3.73721,47.80458],[-3.73804,47.80292],[-3.73792,47.80236],[-3.73688,47.80292],[-3.73721,47.80042],[-3.73662,47.79958],[-3.73792,47.79826],[-3.74042,47.79811],[-3.74066,47.79708],[-3.74208,47.7958],[-3.74542,47.79499],[-3.7483,47.79375],[-3.7488,47.79292],[-3.75125,47.79246],[-3.75208,47.79169],[-3.75375,47.79162],[-3.75458,47.79094],[-3.75708,47.79082],[-3.75792,47.79027],[-3.76042,47.78993],[-3.76625,47.79062],[-3.76875,47.78958],[-3.77125,47.79007],[-3.78875,47.79046],[-3.79351,47.78958],[-3.79792,47.78634],[-3.799,47.78625],[-3.79877,47.78542],[-3.80042,47.78403],[-3.802,47.78458],[-3.8017,47.78708],[-3.80534,47.78792],[-3.80708,47.78958],[-3.80792,47.78914],[-3.80826,47.79042],[-3.81292,47.79267],[-3.81375,47.79403],[-3.82125,47.7956],[-3.82458,47.79567],[-3.82708,47.79315],[-3.83125,47.79528],[-3.83625,47.79532],[-3.83792,47.79578],[-3.84042,47.7951],[-3.84292,47.79249],[-3.84458,47.79257],[-3.84542,47.79203],[-3.84792,47.79179],[-3.85042,47.7924],[-3.85162,47.79375],[-3.8511,47.79875],[-3.85375,47.80158],[-3.85485,47.80375],[-3.85875,47.80746],[-3.86042,47.80833],[-3.86458,47.80903],[-3.86958,47.81339]]},"properties":{"source":"emodnet_dtm_2024","level":2}},{"type":"Feature","geometry":{"type":"LineString","coordinates":[[-1.24125,45.68632],[-1.24125,45.68632]]},"properties":{"source":"emodnet_dtm_2024","level":2}},{"type":"Feature","geometry":{"type":"LineString","coordinates":[[-1.24542,45.69049],[-1.24539,45.68958],[-1.24625,45.68892],[-1.24879,45.68958],[-1.24924,45.69208],[-1.24815,45.69292],[-1.24809,45.69458],[-1.24708,45.69501],[-1.24542,45.69049]]},"properties":{"source":"emodnet_dtm_2024","level":2}},{"type":"Feature","geometry":{"type":"LineString","coordinates":[[-1.22625,45.6906],[-1.22823,45.69042],[-1.22625,45.6906]]},"properties":{"source":"emodnet_dtm_2024","level":2}},{"type":"Feature","geometry":{"type":"LineString","coordinates":[[-1.21292,45.69074],[-1.21278,45.68958],[-1.21375,45.68951],[-1.21377,45.69042],[-1.21292,45.69074]]},"properties":{"source":"emodnet_dtm_2024","level":2}},{"type":"Feature","geometry":{"type":"LineString","coordinates":[[-1.09792,45.69792],[-1.09708,45.69708],[-1.09708,45.68958],[-1.08958,45.68958],[-1.09292,45.68958],[-1.09375,45.69042],[-1.09375,45.69792],[-1.09708,45.69792],[-1.09792,45.69875],[-1.09792,45.70208],[-1.10125,45.70208],[-1.10125,45.69792],[-1.09792,45.69792]]},"properties":{"source":"emodnet_dtm_2024","level":2}},{"type":"Feature","geometry":{"type":"LineString","coordinates":[[-1.24792,45.70453],[-1.24712,45.70375],[-1.24742,45.70125],[-1.24875,45.70072],[-1.24972,45.70375],[-1.24875,45.70464],[-1.24792,45.70453]]},"properties":{"source":"emodnet_dtm_2024","level":2}},{"type":"Feature","geometry":{"type":"LineString","coordinates":[[-1.24875,45.70725],[-1.24885,45.70625],[-1.24958,45.7058],[-1.25019,45.70708],[-1.24958,45.7077],[-1.24875,45.70725]]},"properties":{"source":"emodnet_dtm_2024","level":2}},{"type":"Feature","geometry":{"type":"LineString","coordinates":[[-1.24958,45.71632],[-1.25042,45.71509],[-1.2515,45.71625],[-1.25042,45.71706],[-1.24958,45.71632]]},"properties":{"source":"emodnet_dtm_2024","level":2}},{"type":"Feature","geometry":{"type":"LineString","coordinates":[[-1.25292,45.73508],[-1.25292,45.73449],[-1.25292,45.73508]]},"properties":{"source":"emodnet_dtm_2024","level":2}},{"type":"Feature","geometry":{"type":"LineString","coordinates":[[-1.10042,45.76984],[-1.10042,45.76984]]},"properties":{"source":"emodnet_dtm_2024","level":2}},{"type":"Feature","geometry":{"type":"LineString","coordinates":[[-1.25458,45.77309],[-1.25387,45.77208],[-1.25458,45.77023],[-1.25625,45.76998],[-1.25718,45.77125],[-1.25665,45.77292],[-1.25542,45.77347],[-1.25458,45.77309]]},"properties":{"source":"emodnet_dtm_2024","level":2}},{"type":"Feature","geometry":{"type":"LineString","coordinates":[[-1.25292,45.77748],[-1.25292,45.77688],[-1.25292,45.77748]]},"properties":{"source":"emodnet_dtm_2024","level":2}},{"type":"Feature","geometry":{"type":"LineString","coordinates":[[-1.11292,45.77875],[-1.11292,45.77875]]},"properties":{"source":"emodnet_dtm_2024","level":2}},{"type":"Feature","geometry":{"type":"LineString","coordinates":[[-1.26375,45.78243],[-1.26314,45.78208],[-1.26375,45.78177],[-1.26375,45.78243]]},"properties":{"source":"emodnet_dtm_2024","level":2}},{"type":"Feature","geometry":{"type":"LineString","coordinates":[[-1.11875,45.78424],[-1.11875,45.78346],[-1.11941,45.78375],[-1.11875,45.78424]]},"properties":{"source":"emodnet_dtm_2024","level":2}},{"type":"Feature","geometry":{"type":"LineString","coordinates":[[-1.12875,45.7872],[-1.12875,45.78661],[-1.12875,45.7872]]},"properties":{"source":"emodnet_dtm_2024","level":2}},{"type":"Feature","geometry":{"type":"LineString","coordinates":[[-1.12292,45.78725],[-1.12387,45.78708],[-1.12292,45.78725]]},"properties":{"source":"emodnet_dtm_2024","level":2}},{"type":"Feature","geometry":{"type":"LineString","coordinates":[[-1.13042,45.78828],[-1.13042,45.78751],[-1.13042,45.78828]]},"properties":{"source":"emodnet_dtm_2024","level":2}},{"type":"Feature","geometry":{"type":"LineString","coordinates":[[-1.12458,45.78845],[-1.12407,45.78792],[-1.12458,45.78745],[-1.12458,45.78845]]},"properties":{"source":"emodnet_dtm_2024","level":2}},{"type":"Feature","geometry":{"type":"LineString","coordinates":[[-1.13125,45.78889],[-1.13208,45.78859],[-1.13208,45.78971],[-1.13125,45.78889]]},"properties":{"source":"emodnet_dtm_2024","level":2}},{"type":"Feature","geometry":{"type":"LineString","coordinates":[[-1.13458,45.79149],[-1.13458,45.791],[-1.13458,45.79149]]},"properties":{"source":"emodnet_dtm_2024","level":2}},{"type":"Feature","geometry":{"type":"LineString","coordinates":[[-1.25125,45.79397],[-1.25042,45.79344],[-1.24875,45.79433],[-1.24792,45.79414],[-1.24708,45.79272],[-1.247,45.79458],[-1.24625,45.79529],[-1.2454,45.79458],[-1.24592,45.79125],[-1.24671,45.79125],[-1.24708,45.79188],[-1.24875,45.79111],[-1.25042,45.79189],[-1.25364,45.78792],[-1.25458,45.78765],[-1.25544,45.78792],[-1.25541,45.78875],[-1.25358,45.79125],[-1.25458,45.79234],[-1.25658,45.79292],[-1.25648,45.79458],[-1.25458,45.79558],[-1.25375,45.7949],[-1.25292,45.7954],[-1.25125,45.79397]]},"properties":{"source":"emodnet_dtm_2024","level":2}},{"type":"Feature","geometry":{"type":"LineString","coordinates":[[-1.24125,45.79427],[-1.2406,45.79375],[-1.24084,45.79292],[-1.243,45.79292],[-1.24358,45.79375],[-1.24292,45.79458],[-1.24125,45.79427]]},"properties":{"source":"emodnet_dtm_2024","level":2}},{"type":"Feature","geometry":{"type":"LineString","coordinates":[[-1.13292,45.79546],[-1.13292,45.79546]]},"properties":{"source":"emodnet_dtm_2024","level":2}},{"type":"Feature","geometry":{"type":"LineString","coordinates":[[-1.21542,45.79809],[-1.21503,45.79792],[-1.21609,45.79792],[-1.21542,45.79809]]},"properties":{"source":"emodnet_dtm_2024","level":2}},{"type":"Feature","geometry":{"type":"LineString","coordinates":[[-1.21208,45.79894],[-1.21338,45.79875],[-1.21208,45.79894]]},"properties":{"source":"emodnet_dtm_2024","level":2}},{"type":"Feature","geometry":{"type":"LineString","coordinates":[[-1.20625,45.80235],[-1.20557,45.80208],[-1.20625,45.80235]]},"properties":{"source":"emodnet_dtm_2024","level":2}},{"type":"Feature","geometry":{"type":"LineString","coordinates":[[-1.19625,45.80735],[-1.19625,45.80644],[-1.19708,45.80637],[-1.19761,45.80708],[-1.19714,45.80792],[-1.19625,45.80735]]},"properties":{"source":"emodnet_dtm_2024","level":2}},{"type":"Feature","geometry":{"type":"LineString","coordinates":[[-1.20792,45.81146],[-1.20792,45.81107],[-1.20792,45.81146]]},"properties":{"source":"emodnet_dtm_2024","level":2}},{"type":"Feature","geometry":{"type":"LineString","coordinates":[[-1.20542,45.81299],[-1.20542,45.81299]]},"properties":{"source":"emodnet_dtm_2024","level":2}},{"type":"Feature","geometry":{"type":"LineString","coordinates":[[-1.19708,45.8157],[-1.19652,45.81542],[-1.19691,45.81458],[-1.19875,45.81372],[-1.19826,45.81542],[-1.19708,45.8157]]},"properties":{"source":"emodnet_dtm_2024","level":2}},{"type":"Feature","geometry":{"type":"LineString","coordinates":[[-1.19375,45.81627],[-1.19491,45.81625],[-1.19375,45.81627]]},"properties":{"source":"emodnet_dtm_2024","level":2}},{"type":"Feature","geometry":{"type":"LineString","coordinates":[[-1.18958,45.81813],[-1.18875,45.81756],[-1.18792,45.81823],[-1.18726,45.81708],[-1.19042,45.81578],[-1.19125,45.81597],[-1.19042,45.81843],[-1.18958,45.81813]]},"properties":{"source":"emodnet_dtm_2024","level":2}},{"type":"Feature","geometry":{"type":"LineString","coordinates":[[-1.18625,45.81793],[-1.18625,45.81793]]},"properties":{"source":"emodnet_dtm_2024","level":2}},{"type":"Feature","geometry":{"type":"LineString","coordinates":[[-1.20292,45.8188],[-1.20625,45.81527],[-1.20835,45.81458],[-1.21042,45.8131],[-1.20991,45.81458],[-1.20875,45.81497],[-1.20593,45.81792],[-1.20458,45.81889],[-1.20292,45.8188]]},"properties":{"source":"emodnet_dtm_2024","level":2}},{"type":"Feature","geometry":{"type":"LineString","coordinates":[[-1.19958,45.82126],[-1.19958,45.82126]]},"properties":{"source":"emodnet_dtm_2024","level":2}},{"type":"Feature","geometry":{"type":"LineString","coordinates":[[-1.17792,45.82982],[-1.17829,45.82875],[-1.17958,45.82835],[-1.18152,45.82625],[-1.18375,45.82519],[-1.18625,45.82536],[-1.18708,45.82606],[-1.18792,45.82557],[-1.18875,45.82689],[-1.19165,45.82542],[-1.19792,45.82389],[-1.20125,45.82228],[-1.20458,45.82167],[-1.20625,45.82292],[-1.21042,45.82222],[-1.21458,45.81875],[-1.21458,45.81458],[-1.2163,45.81375],[-1.21792,45.811],[-1.21981,45.81042],[-1.21976,45.80792],[-1.22042,45.80726],[-1.22542,45.80671],[-1.22581,45.80708],[-1.22496,45.80875],[-1.22458,45.80916],[-1.22292,45.80909],[-1.22249,45.81042],[-1.22292,45.81111],[-1.22708,45.81083],[-1.22894,45.80625],[-1.22944,45.80125],[-1.23458,45.79848],[-1.23708,45.8012],[-1.24292,45.80223],[-1.24458,45.80388],[-1.24819,45.80542],[-1.24958,45.80725],[-1.25119,45.80458],[-1.25208,45.80464],[-1.25296,45.80542],[-1.25485,45.80792],[-1.25519,45.80958],[-1.25458,45.81209],[-1.25208,45.81314],[-1.25042,45.81301],[-1.2482,45.81542],[-1.24897,45.81792],[-1.24823,45.82042],[-1.24962,45.82208],[-1.24932,45.82458],[-1.25175,45.82792],[-1.25221,45.83208],[-1.25128,45.83375],[-1.25282,45.83625],[-1.25224,45.84125],[-1.25404,45.84542],[-1.25416,45.84958],[-1.25604,45.85125],[-1.25665,45.85375],[-1.25669,45.85542],[-1.25581,45.85708],[-1.25608,45.85958],[-1.25792,45.86128],[-1.25958,45.86093],[-1.26125,45.85921],[-1.26208,45.85949],[-1.26292,45.85913],[-1.26386,45.85958],[-1.26536,45.86625],[-1.26208,45.86685],[-1.26125,45.86755],[-1.26125,45.86849],[-1.26292,45.8711],[-1.26681,45.87375],[-1.2675,45.87542],[-1.26702,45.87625],[-1.26958,45.8768],[-1.27071,45.87792],[-1.27206,45.87708],[-1.26985,45.87458],[-1.27042,45.87361],[-1.27125,45.87394],[-1.27218,45.87708],[-1.27625,45.8798],[-1.28065,45.88125],[-1.28214,45.88292],[-1.28388,45.88792],[-1.28571,45.88958],[-1.28708,45.89019],[-1.29042,45.89],[-1.29125,45.89083],[-1.29292,45.8903],[-1.29542,45.89227],[-1.29632,45.89792],[-1.29708,45.89822],[-1.29792,45.89718],[-1.30125,45.8953],[-1.30458,45.89605],[-1.30625,45.89724],[-1.30875,45.89747],[-1.31375,45.90042],[-1.31625,45.90307],[-1.31875,45.90342],[-1.3203,45.90458],[-1.32098,45.90708],[-1.32542,45.90756],[-1.3259,45.90875],[-1.32458,45.90995],[-1.32708,45.91181],[-1.32801,45.91125],[-1.32875,45.90934],[-1.33375,45.91055],[-1.33617,45.90792],[-1.33958,45.9073],[-1.34042,45.90834],[-1.34215,45.90875],[-1.34442,45.91208],[-1.34375,45.9133],[-1.34234,45.91375],[-1.34236,45.91458],[-1.34458,45.91631],[-1.34708,45.91643],[-1.34875,45.91879],[-1.35092,45.92042],[-1.35375,45.92084],[-1.35542,45.92197],[-1.35792,45.92181],[-1.36281,45.92375],[-1.36305,45.92458],[-1.36237,45.92542],[-1.36333,45.92625],[-1.3625,45.92792],[-1.36458,45.92877],[-1.36659,45.92875],[-1.36719,45.93125],[-1.36958,45.93346],[-1.37125,45.93282],[-1.37458,45.9333],[-1.37625,45.93248],[-1.37845,45.93375],[-1.3771,45.93458],[-1.37875,45.93694],[-1.38042,45.93647],[-1.38292,45.93743],[-1.38458,45.9369],[-1.38625,45.93785],[-1.38708,45.93758],[-1.38875,45.93925],[-1.39208,45.93997],[-1.39328,45.94125],[-1.39286,45.94208],[-1.39086,45.94292],[-1.39106,45.94625],[-1.39208,45.94777],[-1.39542,45.94884],[-1.3959,45.94958],[-1.39569,45.95292],[-1.39711,45.95542],[-1.39724,45.95958],[-1.39458,45.96118],[-1.39125,45.96041],[-1.38993,45.96292],[-1.39035,45.96375],[-1.39292,45.96546],[-1.39542,45.96573],[-1.39755,45.96708],[-1.39942,45.97208],[-1.40344,45.97458],[-1.40264,45.97542],[-1.40375,45.97589],[-1.40625,45.97565],[-1.4076,45.98208],[-1.40737,45.98375],[-1.40625,45.98471],[-1.40542,45.98496],[-1.40375,45.98428],[-1.40208,45.98576],[-1.40036,45.98458],[-1.39542,45.98561],[-1.3945,45.98625],[-1.39368,45.98875],[-1.39208,45.98986],[-1.38964,45.99458],[-1.38926,45.99958],[-1.39042,46.00013],[-1.39125,46.00181],[-1.39458,46.00363],[-1.39587,46.00292],[-1.39649,46.00125],[-1.39875,46.00047],[-1.39958,46.00094],[-1.3997,46.00208],[-1.39847,46.00375],[-1.40042,46.00572],[-1.40292,46.00551],[-1.40459,46.00708],[-1.40444,46.00792],[-1.40201,46.00875],[-1.40274,46.00958],[-1.40458,46.01044],[-1.40673,46.01042],[-1.40735,46.01125],[-1.40708,46.01276],[-1.41125,46.01577],[-1.41208,46.01599],[-1.41292,46.01481],[-1.41342,46.01542],[-1.41314,46.01958],[-1.41469,46.02125],[-1.4151,46.02458],[-1.41677,46.02625],[-1.41793,46.03042],[-1.41748,46.03292],[-1.41793,46.03542],[-1.41976,46.03792],[-1.42003,46.04208],[-1.42145,46.04708],[-1.41753,46.05125],[-1.41375,46.05303],[-1.41208,46.05496],[-1.40875,46.05529],[-1.40542,46.05401],[-1.40458,46.0531],[-1.40375,46.0531],[-1.40264,46.05458],[-1.39958,46.05511],[-1.39625,46.05338],[-1.39625,46.056],[-1.39458,46.05505],[-1.39375,46.05228],[-1.39208,46.05196],[-1.39042,46.04982],[-1.38792,46.04926],[-1.38851,46.05208],[-1.38728,46.05375],[-1.38375,46.05455],[-1.38042,46.0532],[-1.37375,46.05194],[-1.37016,46.05042],[-1.3693,46.04958],[-1.36991,46.04875],[-1.37419,46.04625],[-1.37442,46.04292],[-1.37292,46.04211],[-1.37042,46.04232],[-1.36605,46.03958],[-1.36292,46.03631],[-1.36125,46.03654],[-1.35625,46.0337],[-1.35292,46.03323],[-1.35042,46.03386],[-1.34792,46.03352],[-1.34458,46.03486],[-1.34525,46.03208],[-1.34375,46.03014],[-1.34042,46.0289],[-1.33866,46.02875],[-1.33458,46.02645],[-1.33388,46.02542],[-1.33375,46.02182],[-1.32958,46.01976],[-1.32375,46.01458],[-1.32108,46.01458],[-1.32077,46.01292],[-1.31868,46.01125],[-1.31692,46.00875],[-1.31375,46.0073],[-1.31284,46.00792],[-1.31206,46.00542],[-1.31235,46.00375],[-1.31021,46.00208],[-1.31042,45.9953],[-1.30708,45.99454],[-1.30208,45.99241],[-1.30042,45.9925],[-1.29625,45.99043],[-1.29542,45.99103],[-1.28958,45.9899],[-1.28542,45.98978],[-1.28375,45.99045],[-1.28292,45.9899],[-1.28042,45.99025],[-1.27875,45.98993],[-1.27542,45.99096],[-1.27458,45.99033],[-1.27208,45.99174],[-1.27125,45.99107],[-1.26792,45.99161],[-1.26625,45.9911],[-1.26458,45.99158],[-1.26292,45.99119],[-1.26208,45.99195],[-1.24766,45.99125],[-1.24263,45.98958],[-1.24061,45.98458],[-1.23708,45.98125],[-1.23542,45.97662],[-1.23292,45.97546],[-1.23208,45.9772],[-1.2314,45.97625],[-1.22958,45.97576],[-1.22792,45.97394],[-1.22625,45.97393],[-1.22398,45.97208],[-1.2243,45.97125],[-1.22362,45.97042],[-1.22467,45.96958],[-1.22502,45.96792],[-1.22334,45.96375],[-1.22283,45.95875],[-1.22114,45.95625],[-1.21708,45.95311],[-1.21375,45.95275],[-1.21208,45.95198],[-1.20792,45.94804],[-1.20542,45.94765],[-1.20183,45.94625],[-1.20009,45.94458],[-1.19877,45.94208],[-1.19699,45.94125],[-1.19612,45.93958],[-1.19392,45.93792],[-1.19388,45.93625],[-1.19292,45.93483],[-1.19087,45.93375],[-1.18904,45.92875],[-1.18772,45.92792],[-1.18458,45.92394],[-1.1795,45.91958],[-1.17852,45.91625],[-1.17865,45.91375],[-1.17676,45.91042],[-1.17625,45.90625],[-1.17507,45.90375],[-1.17401,45.90292],[-1.17266,45.89875],[-1.17259,45.89542],[-1.17118,45.89042],[-1.17125,45.8851],[-1.17042,45.88518],[-1.1698,45.88625],[-1.16891,45.88958],[-1.16925,45.89625],[-1.17047,45.89958],[-1.16861,45.90292],[-1.16922,45.90458],[-1.16792,45.90471],[-1.16542,45.90389],[-1.16375,45.90267],[-1.15875,45.90284],[-1.1545,45.89625],[-1.15267,45.89542],[-1.15281,45.89458],[-1.15145,45.89292],[-1.15254,45.89208],[-1.15334,45.88875],[-1.15496,45.88708],[-1.15875,45.88466],[-1.1616,45.88375],[-1.16542,45.88159],[-1.16792,45.88124],[-1.17042,45.87915],[-1.17375,45.87788],[-1.18042,45.8732],[-1.18321,45.87042],[-1.18642,45.86458],[-1.18759,45.86042],[-1.18683,45.85875],[-1.18625,45.85313],[-1.18518,45.85375],[-1.18597,45.85458],[-1.18491,45.85625],[-1.18292,45.85797],[-1.18323,45.85542],[-1.18215,45.85458],[-1.182,45.85292],[-1.18371,45.84958],[-1.1831,45.84542],[-1.18495,45.84375],[-1.18467,45.83875],[-1.18165,45.83375],[-1.17998,45.83292],[-1.17792,45.82982]]},"properties":{"source":"emodnet_dtm_2024","level":2}},{"type":"Feature","geometry":{"type":"LineString","coordinates":[[-1.25792,45.83666],[-1.25792,45.83422],[-1.25918,45.83792],[-1.25843,45.84042],[-1.25948,45.84125],[-1.25904,45.84292],[-1.25971,45.84375],[-1.25875,45.84466],[-1.25789,45.84458],[-1.25865,45.84292],[-1.25567,45.84208],[-1.25746,45.84042],[-1.25835,45.83792],[-1.25792,45.83666]]},"properties":{"source":"emodnet_dtm_2024","level":2}},{"type":"Feature","geometry":{"type":"LineString","coordinates":[[-1.17875,45.83728],[-1.17805,45.83708],[-1.17875,45.83676],[-1.17875,45.83728]]},"properties":{"source":"emodnet_dtm_2024","level":2}},{"type":"Feature","geometry":{"type":"LineString","coordinates":[[-1.01042,45.83958],[-1.00958,45.83875],[-1.00958,45.83542],[-1.00208,45.83542],[-1.00542,45.83542],[-1.00625,45.83625],[-1.00625,45.84292],[-1.00542,45.84375],[-0.99792,45.84375],[-1.00958,45.84375],[-1.00958,45.84042],[-1.01042,45.83958],[-1.01375,45.83958],[-1.01042,45.83958]]},"properties":{"source":"emodnet_dtm_2024","level":2}},{"type":"Feature","geometry":{"type":"LineString","coordinates":[[-1.25708,45.84906],[-1.25668,45.84875],[-1.25754,45.84625],[-1.25958,45.84596],[-1.26019,45.84625],[-1.26049,45.84792],[-1.25918,45.84958],[-1.26074,45.85042],[-1.26042,45.85144],[-1.25875,45.85164],[-1.25813,45.85125],[-1.25708,45.84906]]},"properties":{"source":"emodnet_dtm_2024","level":2}},{"type":"Feature","geometry":{"type":"LineString","coordinates":[[-1.26125,45.85481],[-1.26125,45.85397],[-1.26198,45.85458],[-1.26125,45.85481]]},"properties":{"source":"emodnet_dtm_2024","level":2}},{"type":"Feature","geometry":{"type":"LineString","coordinates":[[-1.26125,45.8577],[-1.26125,45.85654],[-1.26217,45.85708],[-1.26125,45.8577]]},"properties":{"source":"emodnet_dtm_2024","level":2}},{"type":"Feature","geometry":{"type":"LineString","coordinates":[[-1.18292,45.85978],[-1.18355,45.85958],[-1.18292,45.85978]]},"properties":{"source":"emodnet_dtm_2024","level":2}},{"type":"Feature","geometry":{"type":"LineString","coordinates":[[-1.03125,45.86042],[-1.03042,45.85958],[-1.03042,45.85292],[-1.03125,45.85208],[-1.04292,45.85208],[-1.04292,45.86042],[-1.03875,45.86042],[-1.03958,45.85958],[-1.03958,45.85292],[-1.03875,45.85208],[-1.01875,45.85208],[-1.02208,45.85208],[-1.02292,45.85292],[-1.02292,45.85625],[-1.02625,45.85625],[-1.02708,45.85708],[-1.02708,45.86375],[-1.02625,45.86458],[-1.01875,45.86458],[-1.03042,45.86458],[-1.03042,45.86125],[-1.03125,45.86042],[-1.03875,45.86042],[-1.03125,45.86042]]},"properties":{"source":"emodnet_dtm_2024","level":2}},{"type":"Feature","geometry":{"type":"LineString","coordinates":[[-1.17792,45.86536],[-1.17792,45.86432],[-1.17792,45.86536]]},"properties":{"source":"emodnet_dtm_2024","level":2}},{"type":"Feature","geometry":{"type":"LineString","coordinates":[[-1.27042,45.86876],[-1.27042,45.86876]]},"properties":{"source":"emodnet_dtm_2024","level":2}},{"type":"Feature","geometry":{"type":"LineString","coordinates":[[-1.17542,45.87298],[-1.17458,45.87266],[-1.17343,45.87458],[-1.17125,45.87641],[-1.16792,45.87696],[-1.16625,45.87897],[-1.16292,45.87983],[-1.16252,45.87958],[-1.16708,45.87471],[-1.17034,45.87292],[-1.17208,45.87128],[-1.17375,45.87069],[-1.17958,45.86494],[-1.18042,45.86512],[-1.18208,45.86136],[-1.18299,45.86208],[-1.18277,45.86542],[-1.18065,45.86875],[-1.17958,45.86887],[-1.17792,45.87215],[-1.17542,45.87298]]},"properties":{"source":"emodnet_dtm_2024","level":2}},{"type":"Feature","geometry":{"type":"LineString","coordinates":[[-1.06875,45.87708],[-1.06792,45.87625],[-1.06792,45.87292],[-1.06458,45.87292],[-1.06458,45.88458],[-1.06375,45.88542],[-1.06042,45.88542],[-1.06792,45.88542],[-1.06875,45.88625],[-1.06875,45.89375],[-1.07208,45.89375],[-1.07208,45.88625],[-1.07292,45.88542],[-1.07625,45.88542],[-1.06875,45.88542],[-1.06792,45.88458],[-1.06792,45.87792],[-1.06875,45.87708],[-1.08458,45.87708],[-1.08458,45.88042],[-1.08542,45.88125],[-1.08875,45.88125],[-1.08875,45.88542],[-1.08542,45.88542],[-1.08542,45.88208],[-1.08458,45.88125],[-1.08125,45.88125],[-1.08125,45.87792],[-1.08042,45.87708],[-1.06875,45.87708]]},"properties":{"source":"emodnet_dtm_2024","level":2}},{"type":"Feature","geometry":{"type":"LineString","coordinates":[[-1.14042,45.90093],[-1.14056,45.89958],[-1.14372,45.89458],[-1.14745,45.89042],[-1.14875,45.88992],[-1.15025,45.89208],[-1.15015,45.89458],[-1.15094,45.89542],[-1.15042,45.89553],[-1.15015,45.89708],[-1.15161,45.90042],[-1.15137,45.90208],[-1.15251,45.90375],[-1.15207,45.90458],[-1.15401,45.90625],[-1.15423,45.90792],[-1.15784,45.91208],[-1.15944,45.91542],[-1.16125,45.9164],[-1.16125,45.91803],[-1.16042,45.91844],[-1.15757,45.91708],[-1.15208,45.91091],[-1.15125,45.91109],[-1.15097,45.91208],[-1.1518,45.91292],[-1.14902,45.91458],[-1.14787,45.91625],[-1.14542,45.91693],[-1.14458,45.91615],[-1.14208,45.91642],[-1.1406,45.91375],[-1.13945,45.91292],[-1.14032,45.91208],[-1.13855,45.90792],[-1.13934,45.90292],[-1.14042,45.90093]]},"properties":{"source":"emodnet_dtm_2024","level":2}},{"type":"Feature","geometry":{"type":"LineString","coordinates":[[-1.32875,45.90386],[-1.32943,45.90375],[-1.32875,45.90386]]},"properties":{"source":"emodnet_dtm_2024","level":2}},{"type":"Feature","geometry":{"type":"LineString","coordinates":[[-1.15875,45.91166],[-1.15875,45.91087],[-1.15875,45.91166]]},"properties":{"source":"emodnet_dtm_2024","level":2}},{"type":"Feature","geometry":{"type":"LineString","coordinates":[[-1.14458,45.91806],[-1.14542,45.91724],[-1.14625,45.9179],[-1.14792,45.91749],[-1.14808,45.91792],[-1.14625,45.91793],[-1.14542,45.91839],[-1.14458,45.91806]]},"properties":{"source":"emodnet_dtm_2024","level":2}},{"type":"Feature","geometry":{"type":"LineString","coordinates":[[-1.14708,45.9205],[-1.14793,45.92042],[-1.14708,45.9205]]},"properties":{"source":"emodnet_dtm_2024","level":2}},{"type":"Feature","geometry":{"type":"LineString","coordinates":[[-0.99042,45.92132],[-0.98875,45.92125],[-0.98661,45.92292],[-0.9875,45.92542],[-0.98958,45.92639],[-0.99125,45.92578],[-0.99208,45.92477],[-0.99375,45.92604],[-0.99458,45.926],[-0.99509,45.92542],[-0.99375,45.92484],[-0.99125,45.92139],[-0.99042,45.92132]]},"properties":{"source":"emodnet_dtm_2024","level":2}},{"type":"Feature","geometry":{"type":"LineString","coordinates":[[-1.00875,45.93332],[-1.00753,45.93042],[-1.00625,45.93003],[-1.00571,45.93125],[-1.00742,45.93208],[-1.00875,45.93775],[-1.00928,45.93625],[-1.00875,45.93332]]},"properties":{"source":"emodnet_dtm_2024","level":2}},{"type":"Feature","geometry":{"type":"LineString","coordinates":[[-1.12958,45.93491],[-1.12958,45.93407],[-1.13208,45.93434],[-1.1316,45.93625],[-1.13042,45.93635],[-1.12958,45.93491]]},"properties":{"source":"emodnet_dtm_2024","level":2}},{"type":"Feature","geometry":{"type":"LineString","coordinates":[[-1.13292,45.93741],[-1.13232,45.93708],[-1.13292,45.93661],[-1.13358,45.93708],[-1.13292,45.93741]]},"properties":{"source":"emodnet_dtm_2024","level":2}},{"type":"Feature","geometry":{"type":"LineString","coordinates":[[-1.00708,45.93715],[-1.00625,45.93681],[-1.00401,45.93875],[-1.00347,45.93958],[-1.0044,45.94125],[-1.00208,45.94181],[-1.00114,45.94292],[-1.00125,45.94417],[-1.00292,45.94421],[-1.00375,45.94234],[-1.00625,45.94236],[-1.0081,45.94125],[-1.00903,45.93958],[-1.00835,45.93792],[-1.00708,45.93715]]},"properties":{"source":"emodnet_dtm_2024","level":2}},{"type":"Feature","geometry":{"type":"LineString","coordinates":[[-1.12792,45.9446],[-1.12875,45.94412],[-1.12913,45.94458],[-1.12792,45.9446]]},"properties":{"source":"emodnet_dtm_2024","level":2}},{"type":"Feature","geometry":{"type":"LineString","coordinates":[[-1.00042,45.94673],[-1.00089,45.94458],[-0.99744,45.94542],[-0.99714,45.94625],[-0.99823,45.94792],[-0.99754,45.94958],[-0.99792,45.95021],[-0.99875,45.95015],[-1.00208,45.94792],[-1.00542,45.94792],[-1.00208,45.94792],[-1.00042,45.94673]]},"properties":{"source":"emodnet_dtm_2024","level":2}},{"type":"Feature","geometry":{"type":"LineString","coordinates":[[-1.13292,45.95334],[-1.13221,45.95125],[-1.13375,45.95032],[-1.1351,45.95125],[-1.13511,45.95208],[-1.13375,45.95357],[-1.13292,45.95334]]},"properties":{"source":"emodnet_dtm_2024","level":2}},{"type":"Feature","geometry":{"type":"LineString","coordinates":[[-1.07208,45.95473],[-1.07208,45.95473]]},"properties":{"source":"emodnet_dtm_2024","level":2}},{"type":"Feature","geometry":{"type":"LineString","coordinates":[[-1.05625,45.95639],[-1.05576,45.95625],[-1.05708,45.9551],[-1.05719,45.95625],[-1.05625,45.95639]]},"properties":{"source":"emodnet_dtm_2024","level":2}},{"type":"Feature","geometry":{"type":"LineString","coordinates":[[-1.04292,45.95921],[-1.04243,45.95792],[-1.04292,45.9573],[-1.04375,45.95728],[-1.04501,45.95875],[-1.04458,45.95917],[-1.04292,45.95921]]},"properties":{"source":"emodnet_dtm_2024","level":2}},{"type":"Feature","geometry":{"type":"LineString","coordinates":[[-1.04125,45.96064],[-1.04125,45.95943],[-1.04125,45.96064]]},"properties":{"source":"emodnet_dtm_2024","level":2}},{"type":"Feature","geometry":{"type":"LineString","coordinates":[[-1.02958,45.96256],[-1.02883,45.96208],[-1.02958,45.9614],[-1.03013,45.96208],[-1.02958,45.96256]]},"properties":{"source":"emodnet_dtm_2024","level":2}},{"type":"Feature","geometry":{"type":"LineString","coordinates":[[-1.21375,45.98977],[-1.21302,45.98958],[-1.2139,45.98875],[-1.21458,45.98824],[-1.21542,45.98835],[-1.21579,45.98958],[-1.21375,45.98977]]},"properties":{"source":"emodnet_dtm_2024","level":2}},{"type":"Feature","geometry":{"type":"LineString","coordinates":[[-1.15542,46.00933],[-1.15624,46.00542],[-1.15792,46.00445],[-1.17208,46.00688],[-1.17292,46.01125],[-1.17458,46.00967],[-1.17708,46.00868],[-1.17845,46.00958],[-1.17958,46.01208],[-1.18042,46.01208],[-1.18292,46.01372],[-1.18379,46.01542],[-1.18092,46.01875],[-1.18125,46.01976],[-1.18292,46.02081],[-1.1844,46.02542],[-1.18375,46.02573],[-1.18292,46.02497],[-1.18208,46.02502],[-1.17875,46.0262],[-1.17625,46.02541],[-1.17458,46.02621],[-1.17272,46.02542],[-1.1724,46.02458],[-1.17125,46.02438],[-1.17042,46.02496],[-1.16375,46.02619],[-1.16042,46.02245],[-1.15792,46.02176],[-1.15708,46.02352],[-1.15561,46.02208],[-1.15741,46.02125],[-1.15639,46.01708],[-1.15542,46.01685],[-1.15458,46.01745],[-1.15363,46.01708],[-1.15511,46.01375],[-1.15542,46.00933]]},"properties":{"source":"emodnet_dtm_2024","level":2}},{"type":"Feature","geometry":{"type":"LineString","coordinates":[[-1.15292,46.01918],[-1.15227,46.01792],[-1.15292,46.01748],[-1.15292,46.01918]]},"properties":{"source":"emodnet_dtm_2024","level":2}},{"type":"Feature","geometry":{"type":"LineString","coordinates":[[-1.11542,46.02393],[-1.11538,46.02292],[-1.11625,46.02252],[-1.11792,46.02312],[-1.1189,46.02458],[-1.11792,46.0251],[-1.11542,46.02393]]},"properties":{"source":"emodnet_dtm_2024","level":2}},{"type":"Feature","geometry":{"type":"LineString","coordinates":[[-1.12125,46.02549],[-1.12125,46.02549]]},"properties":{"source":"emodnet_dtm_2024","level":2}},{"type":"Feature","geometry":{"type":"LineString","coordinates":[[-1.12458,46.02815],[-1.12458,46.02783],[-1.12458,46.02815]]},"properties":{"source":"emodnet_dtm_2024","level":2}},{"type":"Feature","geometry":{"type":"LineString","coordinates":[[-1.10292,46.03473],[-1.10248,46.03292],[-1.10458,46.03099],[-1.10397,46.03375],[-1.10292,46.03473]]},"properties":{"source":"emodnet_dtm_2024","level":2}},{"type":"Feature","geometry":{"type":"LineString","coordinates":[[-1.35458,46.03739],[-1.35407,46.03708],[-1.35458,46.03691],[-1.35458,46.03739]]},"properties":{"source":"emodnet_dtm_2024","level":2}},{"type":"Feature","geometry":{"type":"LineString","coordinates":[[-1.38292,46.05821],[-1.38292,46.0576],[-1.38292,46.05821]]},"properties":{"source":"emodnet_dtm_2024","level":2}},{"type":"Feature","geometry":{"type":"LineString","coordinates":[[-1.38542,46.05949],[-1.38484,46.05875],[-1.38515,46.05792],[-1.38625,46.0578],[-1.39042,46.0606],[-1.39542,46.06096],[-1.39875,46.06202],[-1.3983,46.06458],[-1.39708,46.06666],[-1.39458,46.0678],[-1.39042,46.06637],[-1.38542,46.0624],[-1.38542,46.05949]]},"properties":{"source":"emodnet_dtm_2024","level":2}},{"type":"Feature","geometry":{"type":"LineString","coordinates":[[-1.15042,46.11203],[-1.1499,46.11125],[-1.15042,46.11004],[-1.15104,46.11042],[-1.15042,46.11203]]},"properties":{"source":"emodnet_dtm_2024","level":2}},{"type":"Feature","geometry":{"type":"LineString","coordinates":[[-1.16375,46.12064],[-1.16375,46.12064]]},"properties":{"source":"emodnet_dtm_2024","level":2}},{"type":"Feature","geometry":{"type":"LineString","coordinates":[[-1.16292,46.12395],[-1.16292,46.12229],[-1.16292,46.12395]]},"properties":{"source":"emodnet_dtm_2024","level":2}},{"type":"Feature","geometry":{"type":"LineString","coordinates":[[-1.26542,46.14186],[-1.26538,46.13958],[-1.26958,46.13414],[-1.27125,46.13347],[-1.27375,46.13324],[-1.27542,46.1338],[-1.27958,46.13284],[-1.28292,46.1335],[-1.28708,46.13345],[-1.29042,46.13583],[-1.29458,46.13556],[-1.29958,46.13763],[-1.30375,46.1377],[-1.30458,46.13847],[-1.30542,46.1382],[-1.30708,46.13889],[-1.31708,46.13994],[-1.32208,46.14112],[-1.32375,46.14095],[-1.33208,46.14304],[-1.33458,46.14454],[-1.33708,46.14374],[-1.33958,46.14506],[-1.34417,46.14542],[-1.34792,46.14845],[-1.35208,46.14875],[-1.35375,46.14968],[-1.35458,46.15089],[-1.35875,46.15273],[-1.37292,46.16389],[-1.37542,46.16473],[-1.37708,46.16444],[-1.37875,46.16553],[-1.38067,46.16542],[-1.38292,46.16621],[-1.38375,46.16723],[-1.38458,46.16674],[-1.38542,46.16703],[-1.38708,46.16898],[-1.38724,46.17125],[-1.38905,46.17292],[-1.39208,46.17412],[-1.40042,46.17592],[-1.40292,46.17539],[-1.40458,46.17608],[-1.40708,46.17617],[-1.41208,46.18057],[-1.41542,46.1807],[-1.41708,46.17979],[-1.41875,46.18013],[-1.42042,46.18076],[-1.42262,46.18292],[-1.42229,46.18375],[-1.42458,46.18623],[-1.42792,46.18684],[-1.42863,46.18625],[-1.42836,46.18375],[-1.43113,46.17958],[-1.43105,46.17792],[-1.43375,46.17588],[-1.43458,46.17578],[-1.43639,46.17792],[-1.43958,46.17757],[-1.44125,46.17862],[-1.44292,46.17842],[-1.44542,46.18057],[-1.44708,46.18055],[-1.45042,46.1816],[-1.45356,46.18375],[-1.45335,46.18458],[-1.44708,46.18607],[-1.44375,46.18537],[-1.44125,46.18573],[-1.43931,46.18792],[-1.4395,46.18958],[-1.44125,46.1917],[-1.44792,46.1944],[-1.44958,46.19404],[-1.45121,46.19208],[-1.45375,46.1908],[-1.45542,46.19152],[-1.45792,46.19156],[-1.46292,46.19384],[-1.46375,46.19365],[-1.4659,46.19542],[-1.46568,46.19625],[-1.46625,46.19655],[-1.46958,46.19668],[-1.47042,46.19711],[-1.47292,46.19495],[-1.47375,46.19292],[-1.47558,46.19125],[-1.47448,46.19042],[-1.47458,46.18978],[-1.47625,46.19025],[-1.47792,46.18907],[-1.47792,46.18814],[-1.47542,46.1885],[-1.47357,46.18792],[-1.47375,46.18337],[-1.47458,46.18349],[-1.47497,46.18458],[-1.47625,46.18517],[-1.4786,46.18375],[-1.47792,46.18109],[-1.47651,46.17958],[-1.47958,46.17816],[-1.48205,46.17542],[-1.48292,46.17586],[-1.48542,46.17512],[-1.48792,46.17663],[-1.48875,46.17542],[-1.49042,46.17536],[-1.49375,46.17347],[-1.49721,46.17458],[-1.49742,46.17542],[-1.49875,46.17637],[-1.49958,46.1745],[-1.50042,46.17453],[-1.5047,46.17958],[-1.50454,46.18125],[-1.50542,46.18108],[-1.50708,46.18339],[-1.51208,46.18638],[-1.51625,46.18572],[-1.51958,46.18832],[-1.52292,46.18832],[-1.52468,46.19042],[-1.52432,46.19208],[-1.52542,46.19271],[-1.52708,46.1919],[-1.53125,46.19152],[-1.53391,46.19625],[-1.53458,46.19646],[-1.53625,46.19588],[-1.5396,46.19708],[-1.54125,46.19909],[-1.5437,46.20042],[-1.54708,46.20387],[-1.5488,46.20458],[-1.54958,46.20834],[-1.55056,46.20875],[-1.54958,46.20932],[-1.54951,46.21042],[-1.55098,46.21208],[-1.55024,46.21292],[-1.55042,46.21512],[-1.55501,46.21625],[-1.55125,46.21706],[-1.55064,46.21792],[-1.55375,46.2174],[-1.55724,46.21958],[-1.55875,46.22234],[-1.56108,46.22375],[-1.56292,46.22636],[-1.56375,46.22674],[-1.56625,46.22617],[-1.56958,46.22659],[-1.572,46.23208],[-1.5705,46.23292],[-1.57208,46.23325],[-1.57377,46.23292],[-1.57395,46.23625],[-1.57255,46.23708],[-1.57458,46.23932],[-1.57542,46.23835],[-1.57875,46.23852],[-1.57958,46.23747],[-1.58125,46.2386],[-1.57958,46.24046],[-1.57875,46.24012],[-1.57542,46.24094],[-1.57466,46.24208],[-1.57519,46.24292],[-1.58025,46.24458],[-1.57958,46.24569],[-1.57697,46.24625],[-1.5768,46.24708],[-1.58148,46.25125],[-1.58072,46.25292],[-1.57625,46.25437],[-1.57484,46.25542],[-1.57542,46.25731],[-1.57625,46.25708],[-1.57625,46.25819],[-1.57458,46.25768],[-1.57375,46.25797],[-1.57042,46.25496],[-1.56958,46.25545],[-1.56792,46.25508],[-1.56625,46.25356],[-1.56002,46.25042],[-1.55292,46.24809],[-1.55125,46.24849],[-1.54792,46.24495],[-1.54458,46.24428],[-1.54042,46.24506],[-1.527,46.25125],[-1.5236,46.25375],[-1.52169,46.25708],[-1.51708,46.25844],[-1.51542,46.25834],[-1.51208,46.26039],[-1.51042,46.25961],[-1.50875,46.25974],[-1.50775,46.26042],[-1.50792,46.26146],[-1.50542,46.26099],[-1.50458,46.26156],[-1.50375,46.26135],[-1.50208,46.26194],[-1.49875,46.26124],[-1.49625,46.25984],[-1.49042,46.25813],[-1.48625,46.25606],[-1.48375,46.25378],[-1.48088,46.25292],[-1.47958,46.2511],[-1.47636,46.24958],[-1.47458,46.24747],[-1.47326,46.24708],[-1.47125,46.24416],[-1.46972,46.24292],[-1.46708,46.24208],[-1.46642,46.24125],[-1.45792,46.24067],[-1.45292,46.23981],[-1.45042,46.24093],[-1.44792,46.24135],[-1.44208,46.23879],[-1.44125,46.23913],[-1.44042,46.23804],[-1.43875,46.2383],[-1.43792,46.23798],[-1.43708,46.23886],[-1.43708,46.23714],[-1.43792,46.23788],[-1.44042,46.23762],[-1.44075,46.23625],[-1.44042,46.23518],[-1.43792,46.23429],[-1.43625,46.23229],[-1.43375,46.23282],[-1.43125,46.2326],[-1.42875,46.23394],[-1.42708,46.23426],[-1.42125,46.23312],[-1.41542,46.23403],[-1.41292,46.23317],[-1.40792,46.23377],[-1.40708,46.2325],[-1.40542,46.23276],[-1.40458,46.2323],[-1.39958,46.23334],[-1.39625,46.23231],[-1.39542,46.23248],[-1.39125,46.23006],[-1.38933,46.22958],[-1.39042,46.22792],[-1.39208,46.22745],[-1.39587,46.22458],[-1.39815,46.22042],[-1.39815,46.21708],[-1.39692,46.21542],[-1.39639,46.21208],[-1.39458,46.21054],[-1.39208,46.20946],[-1.38708,46.20863],[-1.38208,46.20871],[-1.38042,46.20945],[-1.37792,46.20967],[-1.37679,46.21125],[-1.37485,46.21208],[-1.37458,46.21325],[-1.37125,46.21255],[-1.37042,46.21402],[-1.36577,46.21375],[-1.36542,46.21173],[-1.36292,46.21117],[-1.35958,46.21226],[-1.35792,46.21207],[-1.35542,46.21259],[-1.35292,46.21376],[-1.34958,46.21428],[-1.34618,46.21375],[-1.34466,46.21292],[-1.34442,46.21208],[-1.34542,46.20879],[-1.34625,46.20888],[-1.34687,46.20792],[-1.34652,46.20708],[-1.34458,46.20586],[-1.34292,46.20561],[-1.34164,46.20375],[-1.33958,46.20337],[-1.33625,46.20379],[-1.33542,46.20319],[-1.33375,46.2034],[-1.33196,46.20292],[-1.32778,46.20042],[-1.32792,46.19787],[-1.32708,46.19747],[-1.32292,46.19738],[-1.32041,46.19625],[-1.32131,46.19542],[-1.31958,46.19273],[-1.31708,46.19271],[-1.31625,46.19328],[-1.30875,46.19294],[-1.30292,46.19186],[-1.30125,46.19095],[-1.29958,46.19126],[-1.29792,46.19024],[-1.29458,46.18974],[-1.28844,46.18542],[-1.28292,46.17939],[-1.28122,46.17875],[-1.27772,46.17625],[-1.27663,46.17458],[-1.27128,46.17125],[-1.26942,46.16875],[-1.26618,46.16875],[-1.26599,46.16792],[-1.26708,46.16752],[-1.26716,46.16625],[-1.26208,46.1651],[-1.26125,46.16574],[-1.25792,46.16572],[-1.25728,46.16458],[-1.25769,46.15958],[-1.25625,46.15903],[-1.25542,46.16075],[-1.25458,46.1606],[-1.25427,46.15875],[-1.25458,46.15831],[-1.25625,46.15824],[-1.25792,46.15649],[-1.25875,46.15627],[-1.26042,46.15679],[-1.26387,46.15458],[-1.26375,46.15374],[-1.26675,46.15208],[-1.26705,46.14542],[-1.26841,46.14458],[-1.26786,46.14292],[-1.26625,46.14185],[-1.26542,46.14186]]},"properties":{"source":"emodnet_dtm_2024","level":2}},{"type":"Feature","geometry":{"type":"LineString","coordinates":[[-1.16708,46.14722],[-1.16458,46.14689],[-1.16319,46.14792],[-1.16625,46.14819],[-1.16708,46.14875],[-1.16708,46.14722]]},"properties":{"source":"emodnet_dtm_2024","level":2}},{"type":"Feature","geometry":{"type":"LineString","coordinates":[[-1.25375,46.16515],[-1.25375,46.16331],[-1.25458,46.16496],[-1.25542,46.16482],[-1.25658,46.16542],[-1.25542,46.16595],[-1.25375,46.16515]]},"properties":{"source":"emodnet_dtm_2024","level":2}},{"type":"Feature","geometry":{"type":"LineString","coordinates":[[-1.26125,46.16728],[-1.26053,46.16708],[-1.26228,46.16708],[-1.26125,46.16728]]},"properties":{"source":"emodnet_dtm_2024","level":2}},{"type":"Feature","geometry":{"type":"LineString","coordinates":[[-1.48375,46.17471],[-1.48375,46.17471]]},"properties":{"source":"emodnet_dtm_2024","level":2}},{"type":"Feature","geometry":{"type":"LineString","coordinates":[[-1.48042,46.1747],[-1.48042,46.1747]]},"properties":{"source":"emodnet_dtm_2024","level":2}},{"type":"Feature","geometry":{"type":"LineString","coordinates":[[-1.41708,46.17563],[-1.41708,46.17533],[-1.41708,46.17563]]},"properties":{"source":"emodnet_dtm_2024","level":2}},{"type":"Feature","geometry":{"type":"LineString","coordinates":[[-1.47458,46.17969],[-1.47458,46.17969]]},"properties":{"source":"emodnet_dtm_2024","level":2}},{"type":"Feature","geometry":{"type":"LineString","coordinates":[[-1.49875,46.19722],[-1.49792,46.19688],[-1.49375,46.19792],[-1.49375,46.20542],[-1.49292,46.20625],[-1.48958,46.20625],[-1.49292,46.20625],[-1.49375,46.20708],[-1.49375,46.20792],[-1.49458,46.20792],[-1.49542,46.20875],[-1.49458,46.20958],[-1.49375,46.20958],[-1.49375,46.21042],[-1.50125,46.21042],[-1.50208,46.20208],[-1.5,46.19792],[-1.49875,46.19722]]},"properties":{"source":"emodnet_dtm_2024","level":2}},{"type":"Feature","geometry":{"type":"LineString","coordinates":[[-1.55292,46.21152],[-1.55229,46.21125],[-1.55292,46.21041],[-1.55425,46.21125],[-1.55292,46.21152]]},"properties":{"source":"emodnet_dtm_2024","level":2}},{"type":"Feature","geometry":{"type":"LineString","coordinates":[[-1.51875,46.23125],[-1.51875,46.23042],[-1.51792,46.22986],[-1.51375,46.23021],[-1.51292,46.23201],[-1.51208,46.23079],[-1.51042,46.23125],[-1.50625,46.23125],[-1.50958,46.23125],[-1.51042,46.23208],[-1.51042,46.23542],[-1.51792,46.23542],[-1.51875,46.23458],[-1.51875,46.23125],[-1.52625,46.23125],[-1.51875,46.23125]]},"properties":{"source":"emodnet_dtm_2024","level":2}},{"type":"Feature","geometry":{"type":"LineString","coordinates":[[-1.38875,46.23407],[-1.38823,46.23375],[-1.38875,46.23318],[-1.38962,46.23375],[-1.38875,46.23407]]},"properties":{"source":"emodnet_dtm_2024","level":2}},{"type":"Feature","geometry":{"type":"LineString","coordinates":[[-1.49542,46.23479],[-1.49208,46.23452],[-1.48958,46.23542],[-1.48958,46.23958],[-1.49792,46.23958],[-1.49792,46.23542],[-1.49542,46.23479]]},"properties":{"source":"emodnet_dtm_2024","level":2}},{"type":"Feature","geometry":{"type":"LineString","coordinates":[[-1.46792,46.23497],[-1.46625,46.23437],[-1.46042,46.23397],[-1.45458,46.23413],[-1.44875,46.23541],[-1.44703,46.23708],[-1.44792,46.23733],[-1.44958,46.2365],[-1.46208,46.23534],[-1.46542,46.23592],[-1.46821,46.23542],[-1.46792,46.23497]]},"properties":{"source":"emodnet_dtm_2024","level":2}},{"type":"Feature","geometry":{"type":"LineString","coordinates":[[-1.27208,46.27084],[-1.27208,46.27035],[-1.27208,46.27084]]},"properties":{"source":"emodnet_dtm_2024","level":2}},{"type":"Feature","geometry":{"type":"LineString","coordinates":[[-1.27875,46.27149],[-1.27875,46.27115],[-1.28017,46.27125],[-1.27875,46.27149]]},"properties":{"source":"emodnet_dtm_2024","level":2}},{"type":"Feature","geometry":{"type":"LineString","coordinates":[[-1.27875,46.27388],[-1.27875,46.27354],[-1.27875,46.27388]]},"properties":{"source":"emodnet_dtm_2024","level":2}},{"type":"Feature","geometry":{"type":"LineString","coordinates":[[-1.26875,46.27379],[-1.26792,46.27362],[-1.2672,46.27458],[-1.26792,46.27519],[-1.26944,46.27458],[-1.26875,46.27379]]},"properties":{"source":"emodnet_dtm_2024","level":2}},{"type":"Feature","geometry":{"type":"LineString","coordinates":[[-1.21458,46.28125],[-1.21375,46.28042],[-1.21375,46.27708],[-1.21042,46.27708],[-1.21042,46.28458],[-1.20958,46.28542],[-1.20625,46.28542],[-1.20875,46.28542],[-1.20903,46.28625],[-1.20875,46.29375],[-1.20625,46.29375],[-1.20625,46.29708],[-1.20542,46.29792],[-1.20208,46.29792],[-1.20208,46.31792],[-1.20125,46.31875],[-1.18125,46.31875],[-1.17708,46.32083],[-1.17292,46.31875],[-1.16875,46.31875],[-1.16458,46.32292],[-1.16042,46.32292],[-1.16042,46.32125],[-1.15958,46.32083],[-1.14792,46.32083],[-1.14792,46.31875],[-1.14375,46.31458],[-1.13958,46.31875],[-1.13958,46.32208],[-1.13875,46.32292],[-1.13125,46.32292],[-1.12894,46.31375],[-1.12708,46.31042],[-1.12542,46.31161],[-1.12187,46.31292],[-1.11875,46.31667],[-1.11458,46.31875],[-1.11042,46.31875],[-1.11042,46.32208],[-1.10958,46.32292],[-1.10208,46.32292],[-1.10542,46.32292],[-1.10625,46.32375],[-1.10625,46.33042],[-1.10542,46.33125],[-1.10208,46.33125],[-1.10542,46.33125],[-1.10625,46.33208],[-1.10625,46.33542],[-1.11875,46.33542],[-1.11792,46.33458],[-1.11792,46.33125],[-1.11458,46.33125],[-1.11458,46.325],[-1.11792,46.325],[-1.12042,46.32552],[-1.12292,46.32708],[-1.12625,46.32708],[-1.12708,46.32792],[-1.12708,46.33125],[-1.13875,46.33125],[-1.13958,46.33208],[-1.13958,46.33875],[-1.13875,46.33958],[-1.12708,46.33958],[-1.14708,46.33958],[-1.14792,46.34042],[-1.14792,46.34375],[-1.16042,46.34375],[-1.15958,46.34292],[-1.15958,46.33625],[-1.16042,46.33542],[-1.16792,46.33542],[-1.16875,46.33625],[-1.16875,46.34292],[-1.16792,46.34375],[-1.16042,46.34375],[-1.16792,46.34375],[-1.16875,46.34458],[-1.16875,46.34792],[-1.18042,46.34792],[-1.18125,46.34875],[-1.18125,46.35208],[-1.19292,46.35208],[-1.19292,46.34792],[-1.18542,46.34792],[-1.18458,46.34708],[-1.18458,46.34042],[-1.18542,46.33958],[-1.19292,46.33958],[-1.19375,46.34042],[-1.19375,46.34375],[-1.20125,46.34375],[-1.20208,46.33542],[-1.20625,46.33125],[-1.20958,46.33125],[-1.21042,46.33208],[-1.21042,46.33875],[-1.20958,46.33958],[-1.20208,46.33958],[-1.21375,46.33958],[-1.21458,46.34042],[-1.21458,46.34792],[-1.22208,46.34792],[-1.22208,46.34458],[-1.22292,46.34375],[-1.23042,46.34375],[-1.23042,46.34042],[-1.23125,46.33958],[-1.23458,46.33958],[-1.23458,46.33208],[-1.23542,46.33125],[-1.23458,46.33042],[-1.23458,46.32375],[-1.23542,46.32292],[-1.24292,46.32292],[-1.24375,46.32375],[-1.24375,46.33042],[-1.24292,46.33125],[-1.23542,46.33125],[-1.25125,46.33125],[-1.25208,46.33208],[-1.25208,46.33542],[-1.25542,46.33542],[-1.25542,46.33208],[-1.25625,46.33125],[-1.25958,46.33125],[-1.25958,46.32792],[-1.26042,46.32708],[-1.26875,46.32708],[-1.26792,46.32625],[-1.26792,46.32292],[-1.26458,46.32292],[-1.26375,46.32208],[-1.26375,46.31542],[-1.26458,46.31458],[-1.27208,46.31458],[-1.27292,46.31542],[-1.27292,46.31875],[-1.27625,46.31875],[-1.27625,46.31458],[-1.27292,46.31458],[-1.27208,46.31375],[-1.27208,46.31042],[-1.26875,46.31042],[-1.26875,46.30292],[-1.26792,46.30208],[-1.25625,46.30208],[-1.25625,46.30958],[-1.25542,46.31042],[-1.23542,46.31042],[-1.23458,46.30958],[-1.23542,46.30208],[-1.23958,46.30208],[-1.24792,46.29792],[-1.24792,46.29458],[-1.24708,46.29375],[-1.24542,46.29375],[-1.24479,46.29292],[-1.24479,46.28958],[-1.24375,46.28854],[-1.24167,46.28958],[-1.24125,46.29375],[-1.23542,46.29375],[-1.23542,46.29042],[-1.23458,46.28958],[-1.23375,46.28958],[-1.23333,46.28875],[-1.23333,46.28542],[-1.23125,46.28125],[-1.21458,46.28125]]},"properties":{"source":"emodnet_dtm_2024","level":2}},{"type":"Feature","geometry":{"type":"LineString","coordinates":[[-1.29542,46.28425],[-1.29484,46.28375],[-1.29542,46.28301],[-1.29542,46.28425]]},"properties":{"source":"emodnet_dtm_2024","level":2}},{"type":"Feature","geometry":{"type":"LineString","coordinates":[[-1.26292,46.28597],[-1.26235,46.28458],[-1.2615,46.28458],[-1.26292,46.28988],[-1.26377,46.28958],[-1.26292,46.28597]]},"properties":{"source":"emodnet_dtm_2024","level":2}},{"type":"Feature","geometry":{"type":"LineString","coordinates":[[-1.27625,46.29969],[-1.27542,46.29896],[-1.27542,46.30124],[-1.27683,46.30042],[-1.27625,46.29969]]},"properties":{"source":"emodnet_dtm_2024","level":2}},{"type":"Feature","geometry":{"type":"LineString","coordinates":[[-1.27958,46.30131],[-1.27792,46.30098],[-1.27699,46.30208],[-1.27958,46.30494],[-1.28109,46.30458],[-1.27958,46.30131]]},"properties":{"source":"emodnet_dtm_2024","level":2}},{"type":"Feature","geometry":{"type":"LineString","coordinates":[[-1.28625,46.30599],[-1.28542,46.30508],[-1.28375,46.30468],[-1.28292,46.30506],[-1.28239,46.30625],[-1.28292,46.30838],[-1.28542,46.30911],[-1.28792,46.30875],[-1.28779,46.30708],[-1.28625,46.30599]]},"properties":{"source":"emodnet_dtm_2024","level":2}},{"type":"Feature","geometry":{"type":"LineString","coordinates":[[-1.28958,46.31105],[-1.28875,46.30928],[-1.28792,46.31105],[-1.28322,46.31125],[-1.28542,46.31292],[-1.29208,46.31383],[-1.29375,46.31458],[-1.29458,46.31122],[-1.28958,46.31105]]},"properties":{"source":"emodnet_dtm_2024","level":2}},{"type":"Feature","geometry":{"type":"LineString","coordinates":[[-1.32042,46.31693],[-1.31958,46.31619],[-1.31875,46.31625],[-1.31875,46.31875],[-1.32125,46.31949],[-1.3214,46.31792],[-1.32042,46.31693]]},"properties":{"source":"emodnet_dtm_2024","level":2}},{"type":"Feature","geometry":{"type":"LineString","coordinates":[[-1.32625,46.31714],[-1.32625,46.31714]]},"properties":{"source":"emodnet_dtm_2024","level":2}},{"type":"Feature","geometry":{"type":"LineString","coordinates":[[-1.30542,46.32292],[-1.30458,46.32208],[-1.30375,46.32292],[-1.30208,46.32292],[-1.30208,46.32708],[-1.30625,46.32708],[-1.30542,46.32625],[-1.30625,46.32542],[-1.30708,46.32542],[-1.30708,46.32458],[-1.30625,46.32458],[-1.30542,46.32292]]},"properties":{"source":"emodnet_dtm_2024","level":2}},{"type":"Feature","geometry":{"type":"LineString","coordinates":[[-1.30875,46.32708],[-1.30792,46.32625],[-1.30708,46.32708],[-1.30625,46.32708],[-1.30792,46.32708],[-1.30875,46.32792],[-1.30958,46.32708],[-1.30875,46.32708]]},"properties":{"source":"emodnet_dtm_2024","level":2}},{"type":"Feature","geometry":{"type":"LineString","coordinates":[[-1.31208,46.33125],[-1.31125,46.33042],[-1.31042,46.33042],[-1.31042,46.33125],[-1.31125,46.33125],[-1.31208,46.33208],[-1.31292,46.33125],[-1.31375,46.33125],[-1.31208,46.33125]]},"properties":{"source":"emodnet_dtm_2024","level":2}},{"type":"Feature","geometry":{"type":"LineString","coordinates":[[-1.01042,46.34375],[-1.00958,46.34292],[-1.00958,46.33542],[-1.00625,46.33542],[-1.00625,46.33875],[-1.00542,46.33958],[-1.00208,46.33958],[-1.00542,46.33958],[-1.00625,46.34042],[-1.00625,46.34375],[-1.01375,46.34375],[-1.01042,46.34375]]},"properties":{"source":"emodnet_dtm_2024","level":2}},{"type":"Feature","geometry":{"type":"LineString","coordinates":[[-1.12292,46.34792],[-1.12208,46.34708],[-1.12208,46.34375],[-1.11875,46.34375],[-1.11875,46.34792],[-1.12625,46.34792],[-1.12292,46.34792]]},"properties":{"source":"emodnet_dtm_2024","level":2}},{"type":"Feature","geometry":{"type":"LineString","coordinates":[[-1.14792,46.35208],[-1.14708,46.35125],[-1.14708,46.34792],[-1.13958,46.34792],[-1.14292,46.34792],[-1.14375,46.34875],[-1.14375,46.36042],[-1.15125,46.36042],[-1.15125,46.35292],[-1.15208,46.35208],[-1.15958,46.35208],[-1.14792,46.35208]]},"properties":{"source":"emodnet_dtm_2024","level":2}},{"type":"Feature","geometry":{"type":"LineString","coordinates":[[-1.11042,46.36042],[-1.10958,46.35958],[-1.10958,46.35625],[-1.10625,46.35625],[-1.10625,46.35958],[-1.10542,46.36042],[-1.08542,46.36042],[-1.10542,46.36042],[-1.10625,46.36125],[-1.10625,46.36792],[-1.10542,46.36875],[-1.08542,46.36875],[-1.10958,46.36875],[-1.10958,46.36125],[-1.11042,46.36042],[-1.11375,46.36042],[-1.11042,46.36042]]},"properties":{"source":"emodnet_dtm_2024","level":2}},{"type":"Feature","geometry":{"type":"LineString","coordinates":[[-1.06042,46.36042],[-1.05958,46.35958],[-1.05958,46.35625],[-1.05625,46.35625],[-1.05625,46.35958],[-1.05542,46.36042],[-1.05208,46.36042],[-1.06792,46.36042],[-1.06042,46.36042]]},"properties":{"source":"emodnet_dtm_2024","level":2}},{"type":"Feature","geometry":{"type":"LineString","coordinates":[[-1.03542,46.39375],[-1.03458,46.39292],[-1.03458,46.38958],[-1.02708,46.38958],[-1.03042,46.38958],[-1.03125,46.39042],[-1.03125,46.39375],[-1.03458,46.39375],[-1.03542,46.39458],[-1.03542,46.39792],[-1.03958,46.39792],[-1.03875,46.39708],[-1.03875,46.39375],[-1.03542,46.39375]]},"properties":{"source":"emodnet_dtm_2024","level":2}},{"type":"Feature","geometry":{"type":"LineString","coordinates":[[-1.57458,46.39739],[-1.57425,46.39708],[-1.57625,46.39594],[-1.5787,46.39625],[-1.57708,46.39763],[-1.57458,46.39739]]},"properties":{"source":"emodnet_dtm_2024","level":2}},{"type":"Feature","geometry":{"type":"LineString","coordinates":[[-1.58042,46.40057],[-1.58197,46.40042],[-1.58042,46.40057]]},"properties":{"source":"emodnet_dtm_2024","level":2}},{"type":"Feature","geometry":{"type":"LineString","coordinates":[[-1.54708,46.40115],[-1.54708,46.40039],[-1.54708,46.40115]]},"properties":{"source":"emodnet_dtm_2024","level":2}},{"type":"Feature","geometry":{"type":"LineString","coordinates":[[-1.05208,46.40625],[-1.05125,46.40542],[-1.05125,46.39375],[-1.04792,46.39375],[-1.04792,46.39708],[-1.04708,46.39792],[-1.03958,46.39792],[-1.04292,46.39792],[-1.04375,46.39875],[-1.04375,46.40542],[-1.04292,46.40625],[-1.03958,46.40625],[-1.03958,46.41042],[-1.04292,46.41042],[-1.04375,46.41125],[-1.04375,46.41875],[-1.04708,46.41875],[-1.04792,46.41958],[-1.04792,46.43125],[-1.05125,46.43125],[-1.05125,46.42792],[-1.05208,46.42708],[-1.05542,46.42708],[-1.05542,46.41125],[-1.05625,46.41042],[-1.06458,46.41042],[-1.06375,46.40958],[-1.06375,46.40208],[-1.06042,46.40208],[-1.06042,46.40542],[-1.05958,46.40625],[-1.05208,46.40625]]},"properties":{"source":"emodnet_dtm_2024","level":2}},{"type":"Feature","geometry":{"type":"LineString","coordinates":[[-1.64125,46.41744],[-1.64125,46.417],[-1.64125,46.41744]]},"properties":{"source":"emodnet_dtm_2024","level":2}},{"type":"Feature","geometry":{"type":"LineString","coordinates":[[-1.18708,46.42135],[-1.18542,46.42083],[-1.18458,46.42135],[-1.18125,46.42708],[-1.18542,46.42917],[-1.18958,46.42708],[-1.18958,46.42292],[-1.18708,46.42135]]},"properties":{"source":"emodnet_dtm_2024","level":2}},{"type":"Feature","geometry":{"type":"LineString","coordinates":[[-1.82125,46.4928],[-1.8205,46.49208],[-1.82125,46.49188],[-1.82125,46.4928]]},"properties":{"source":"emodnet_dtm_2024","level":2}},{"type":"Feature","geometry":{"type":"LineString","coordinates":[[-1.84125,46.49593],[-1.84077,46.49458],[-1.84125,46.49418],[-1.84292,46.49421],[-1.84389,46.49542],[-1.84292,46.49703],[-1.84125,46.49593]]},"properties":{"source":"emodnet_dtm_2024","level":2}},{"type":"Feature","geometry":{"type":"LineString","coordinates":[[-1.79875,46.50993],[-1.79792,46.50903],[-1.79375,46.50903],[-1.79375,46.51042],[-1.7956,46.51208],[-1.79792,46.51667],[-1.80125,46.51667],[-1.80208,46.51625],[-1.80208,46.51458],[-1.80042,46.51319],[-1.79875,46.50993]]},"properties":{"source":"emodnet_dtm_2024","level":2}},{"type":"Feature","geometry":{"type":"LineString","coordinates":[[-1.83875,46.55],[-1.83818,46.54958],[-1.83875,46.54923],[-1.83922,46.54958],[-1.83875,46.55]]},"properties":{"source":"emodnet_dtm_2024","level":2}},{"type":"Feature","geometry":{"type":"LineString","coordinates":[[-1.88042,46.62054],[-1.88042,46.62021],[-1.88042,46.62054]]},"properties":{"source":"emodnet_dtm_2024","level":2}},{"type":"Feature","geometry":{"type":"LineString","coordinates":[[-1.96208,46.68829],[-1.96208,46.68767],[-1.96208,46.68829]]},"properties":{"source":"emodnet_dtm_2024","level":2}},{"type":"Feature","geometry":{"type":"LineString","coordinates":[[-2.28875,46.68988],[-2.28875,46.68953],[-2.28875,46.68988]]},"properties":{"source":"emodnet_dtm_2024","level":2}},{"type":"Feature","geometry":{"type":"LineString","coordinates":[[-2.30458,46.69252],[-2.30458,46.69173],[-2.3051,46.69208],[-2.30458,46.69252]]},"properties":{"source":"emodnet_dtm_2024","level":2}},{"type":"Feature","geometry":{"type":"LineString","coordinates":[[-2.27792,46.69237],[-2.27736,46.69208],[-2.27792,46.69179],[-2.27792,46.69237]]},"properties":{"source":"emodnet_dtm_2024","level":2}},{"type":"Feature","geometry":{"type":"LineString","coordinates":[[-2.28458,46.69591],[-2.28375,46.69512],[-2.28292,46.6955],[-2.28275,46.69458],[-2.28542,46.69186],[-2.29708,46.69178],[-2.29958,46.69045],[-2.30042,46.69168],[-2.30357,46.69292],[-2.30625,46.69503],[-2.31208,46.69481],[-2.31458,46.69375],[-2.31625,46.69167],[-2.32292,46.69005],[-2.32484,46.68792],[-2.32708,46.68665],[-2.33292,46.68706],[-2.33375,46.68664],[-2.33958,46.6908],[-2.34042,46.69101],[-2.34125,46.69038],[-2.34208,46.69167],[-2.34542,46.69248],[-2.34716,46.69125],[-2.35125,46.69145],[-2.35458,46.69274],[-2.35472,46.69375],[-2.35625,46.69518],[-2.36458,46.69577],[-2.36676,46.69708],[-2.36792,46.69882],[-2.36919,46.69875],[-2.36909,46.69958],[-2.37042,46.7006],[-2.37542,46.70215],[-2.37625,46.70099],[-2.37708,46.70093],[-2.38042,46.70295],[-2.38125,46.70242],[-2.38208,46.70255],[-2.38311,46.70625],[-2.38542,46.7077],[-2.38875,46.70786],[-2.39104,46.70875],[-2.39292,46.71042],[-2.39375,46.70887],[-2.39464,46.70958],[-2.39482,46.71208],[-2.39751,46.71708],[-2.39957,46.71792],[-2.40173,46.72042],[-2.40191,46.72125],[-2.40021,46.72292],[-2.40099,46.72458],[-2.40042,46.72507],[-2.39983,46.72458],[-2.40025,46.72375],[-2.39875,46.72375],[-2.39708,46.72558],[-2.39625,46.72775],[-2.39292,46.72899],[-2.38958,46.72931],[-2.3891,46.73042],[-2.38987,46.73292],[-2.38875,46.73334],[-2.38792,46.73206],[-2.38708,46.73249],[-2.38642,46.73458],[-2.38542,46.73546],[-2.38375,46.73554],[-2.37875,46.7343],[-2.37708,46.73579],[-2.37625,46.73573],[-2.37458,46.73365],[-2.37292,46.73375],[-2.37252,46.73458],[-2.37125,46.73469],[-2.36792,46.73292],[-2.36042,46.73125],[-2.35875,46.73142],[-2.35792,46.73221],[-2.35458,46.73205],[-2.3541,46.72958],[-2.35125,46.72917],[-2.34792,46.72708],[-2.34042,46.72501],[-2.33625,46.72147],[-2.33292,46.72107],[-2.33208,46.72183],[-2.32875,46.72204],[-2.32792,46.72251],[-2.32542,46.72102],[-2.32125,46.72116],[-2.32042,46.72185],[-2.31804,46.72125],[-2.31208,46.71747],[-2.31018,46.71542],[-2.31088,46.71458],[-2.31042,46.71389],[-2.30958,46.71484],[-2.30125,46.71039],[-2.29958,46.70792],[-2.29764,46.70708],[-2.29851,46.70625],[-2.29792,46.70542],[-2.29708,46.70687],[-2.29484,46.70625],[-2.29421,46.70542],[-2.2945,46.70458],[-2.29109,46.70042],[-2.28958,46.69995],[-2.28727,46.69792],[-2.28708,46.69693],[-2.28542,46.69692],[-2.28458,46.69591]]},"properties":{"source":"emodnet_dtm_2024","level":2}},{"type":"Feature","geometry":{"type":"LineString","coordinates":[[-2.40042,46.72728],[-2.40042,46.72608],[-2.40042,46.72728]]},"properties":{"source":"emodnet_dtm_2024","level":2}},{"type":"Feature","geometry":{"type":"LineString","coordinates":[[-2.40875,46.72857],[-2.40806,46.72708],[-2.40855,46.72625],[-2.41125,46.7259],[-2.41103,46.72792],[-2.40875,46.72857]]},"properties":{"source":"emodnet_dtm_2024","level":2}},{"type":"Feature","geometry":{"type":"LineString","coordinates":[[-2.34792,46.72902],[-2.34792,46.72833],[-2.34875,46.72815],[-2.34918,46.72875],[-2.34792,46.72902]]},"properties":{"source":"emodnet_dtm_2024","level":2}},{"type":"Feature","geometry":{"type":"LineString","coordinates":[[-2.39208,46.73517],[-2.39208,46.73443],[-2.39375,46.73447],[-2.39469,46.73542],[-2.39375,46.73597],[-2.39208,46.73517]]},"properties":{"source":"emodnet_dtm_2024","level":2}},{"type":"Feature","geometry":{"type":"LineString","coordinates":[[-1.96458,46.73958],[-1.96375,46.73875],[-1.96375,46.73542],[-1.95625,46.73542],[-1.95958,46.73542],[-1.96042,46.73625],[-1.96042,46.75208],[-1.96458,46.75208],[-1.96375,46.75125],[-1.96375,46.74458],[-1.96458,46.74375],[-1.96792,46.74375],[-1.96792,46.73958],[-1.96458,46.73958]]},"properties":{"source":"emodnet_dtm_2024","level":2}},{"type":"Feature","geometry":{"type":"LineString","coordinates":[[-2.01125,46.74042],[-2.01042,46.73958],[-2.01042,46.74042],[-2.01125,46.74042]]},"properties":{"source":"emodnet_dtm_2024","level":2}},{"type":"Feature","geometry":{"type":"LineString","coordinates":[[-1.91875,46.74792],[-1.91458,46.74792],[-1.91458,46.75125],[-1.91375,46.75208],[-1.91042,46.75208],[-1.90625,46.75625],[-1.90625,46.75958],[-1.90542,46.76042],[-1.90208,46.76042],[-1.92292,46.76042],[-1.92208,46.75958],[-1.92292,46.75208],[-1.93042,46.75208],[-1.92292,46.75208],[-1.92054,46.75042],[-1.91875,46.74792]]},"properties":{"source":"emodnet_dtm_2024","level":2}},{"type":"Feature","geometry":{"type":"LineString","coordinates":[[-1.94375,46.76042],[-1.94292,46.75958],[-1.94292,46.75208],[-1.93958,46.75208],[-1.93958,46.75542],[-1.93875,46.75625],[-1.93542,46.75625],[-1.93542,46.75792],[-1.93458,46.75833],[-1.93042,46.75856],[-1.92708,46.76042],[-1.92292,46.76042],[-1.92458,46.76042],[-1.925,46.76125],[-1.925,46.76458],[-1.92708,46.76875],[-1.92708,46.77208],[-1.92625,46.77292],[-1.92292,46.77292],[-1.92292,46.77625],[-1.92208,46.77708],[-1.91875,46.77708],[-1.91875,46.77875],[-1.91792,46.77917],[-1.91458,46.77917],[-1.91042,46.78125],[-1.91042,46.78458],[-1.90958,46.78542],[-1.90625,46.78542],[-1.90625,46.78875],[-1.90542,46.78958],[-1.90208,46.78958],[-1.90958,46.78958],[-1.91042,46.79042],[-1.91042,46.79375],[-1.91792,46.79375],[-1.91875,46.79458],[-1.91875,46.79792],[-1.93042,46.79792],[-1.93125,46.79875],[-1.93125,46.80208],[-1.93875,46.80208],[-1.93958,46.80292],[-1.93958,46.80958],[-1.93875,46.81042],[-1.93125,46.81042],[-1.93042,46.80958],[-1.93042,46.80625],[-1.92708,46.80625],[-1.92708,46.81042],[-1.93042,46.81042],[-1.93125,46.81125],[-1.93125,46.81792],[-1.93042,46.81875],[-1.92292,46.81875],[-1.92292,46.82208],[-1.92208,46.82292],[-1.91458,46.82292],[-1.92208,46.82292],[-1.92292,46.82375],[-1.92292,46.82708],[-1.92625,46.82708],[-1.92625,46.82375],[-1.92708,46.82292],[-1.94708,46.82292],[-1.94708,46.81958],[-1.94792,46.81875],[-1.94708,46.81792],[-1.94708,46.81125],[-1.94792,46.81042],[-1.96375,46.81042],[-1.96458,46.81125],[-1.96458,46.81792],[-1.96375,46.81875],[-1.94792,46.81875],[-1.95542,46.81875],[-1.95625,46.81958],[-1.95625,46.82292],[-1.95958,46.82292],[-1.95958,46.81958],[-1.96042,46.81875],[-1.97708,46.81875],[-1.97708,46.81042],[-1.98458,46.81042],[-1.98458,46.80708],[-1.98542,46.80625],[-1.99292,46.80625],[-1.99375,46.80708],[-1.99375,46.81042],[-2.00125,46.81042],[-2.00125,46.80708],[-2.00208,46.80625],[-2.00958,46.80625],[-1.99792,46.80625],[-1.99708,46.80542],[-1.99708,46.79875],[-1.99792,46.79792],[-2.00208,46.79792],[-2.00125,46.79708],[-2.00125,46.79042],[-2.00208,46.78958],[-2.00542,46.78958],[-2.00625,46.78875],[-2.00625,46.78542],[-2.00958,46.78542],[-2.00958,46.78958],[-1.99792,46.78958],[-1.99708,46.78875],[-1.99708,46.78208],[-1.99792,46.78125],[-2.00542,46.78125],[-1.99375,46.78125],[-1.99292,46.78042],[-1.99292,46.77292],[-1.98542,46.77292],[-1.98458,46.77208],[-1.98458,46.76875],[-1.97708,46.76875],[-1.97708,46.77292],[-1.98042,46.77292],[-1.98125,46.77375],[-1.98125,46.77708],[-1.98458,46.77708],[-1.98542,46.77792],[-1.98542,46.78875],[-1.98458,46.78958],[-1.98125,46.78958],[-1.98125,46.79292],[-1.98042,46.79375],[-1.96458,46.79375],[-1.96375,46.79292],[-1.96375,46.78958],[-1.96042,46.78958],[-1.95958,46.78875],[-1.95958,46.78125],[-1.95625,46.78125],[-1.95542,46.78042],[-1.95542,46.77292],[-1.95208,46.77292],[-1.95125,46.77208],[-1.95125,46.76875],[-1.94792,46.76875],[-1.94708,46.76792],[-1.94708,46.76042],[-1.94375,46.76042]]},"properties":{"source":"emodnet_dtm_2024","level":2}},{"type":"Feature","geometry":{"type":"LineString","coordinates":[[-2.19625,46.79164],[-2.19572,46.79125],[-2.19625,46.79063],[-2.19721,46.79125],[-2.19625,46.79164]]},"properties":{"source":"emodnet_dtm_2024","level":2}},{"type":"Feature","geometry":{"type":"LineString","coordinates":[[-1.98958,46.79792],[-1.98958,46.78958],[-1.99708,46.78958],[-1.99792,46.79042],[-1.99792,46.79708],[-1.99708,46.79792],[-1.98958,46.79792]]},"properties":{"source":"emodnet_dtm_2024","level":2}},{"type":"Feature","geometry":{"type":"LineString","coordinates":[[-1.95208,46.80208],[-1.95125,46.80125],[-1.95125,46.79458],[-1.95208,46.79375],[-1.95958,46.79375],[-1.96042,46.79458],[-1.96042,46.79792],[-1.96792,46.79792],[-1.96875,46.79875],[-1.96875,46.80208],[-1.97625,46.80208],[-1.97708,46.80292],[-1.97708,46.80958],[-1.97625,46.81042],[-1.96875,46.81042],[-1.96792,46.80958],[-1.96792,46.80625],[-1.95625,46.80625],[-1.95542,46.80542],[-1.95542,46.80208],[-1.95208,46.80208]]},"properties":{"source":"emodnet_dtm_2024","level":2}},{"type":"Feature","geometry":{"type":"LineString","coordinates":[[-2.16458,46.80597],[-2.16419,46.80375],[-2.16625,46.80264],[-2.16792,46.80274],[-2.17077,46.80542],[-2.17042,46.80647],[-2.16792,46.80737],[-2.16617,46.80708],[-2.16458,46.80597]]},"properties":{"source":"emodnet_dtm_2024","level":2}},{"type":"Feature","geometry":{"type":"LineString","coordinates":[[-2.08125,46.82292],[-2.08042,46.82208],[-2.08042,46.81542],[-2.08125,46.81458],[-2.08458,46.81458],[-2.08458,46.81125],[-2.08542,46.81042],[-2.08875,46.81042],[-2.07708,46.81042],[-2.07708,46.81375],[-2.07625,46.81458],[-2.06875,46.81458],[-2.06875,46.81792],[-2.06792,46.81875],[-2.06458,46.81875],[-2.06458,46.82208],[-2.06375,46.82292],[-2.06042,46.82292],[-2.06042,46.82625],[-2.05958,46.82708],[-2.05625,46.82708],[-2.05625,46.83042],[-2.05542,46.83125],[-2.05208,46.83125],[-2.05208,46.83458],[-2.05125,46.83542],[-2.04375,46.83542],[-2.04292,46.83458],[-2.04292,46.82708],[-2.03125,46.82708],[-2.03125,46.83042],[-2.03042,46.83125],[-2.02292,46.83125],[-2.02292,46.83458],[-2.02208,46.83542],[-2.01042,46.83542],[-2.00958,46.83458],[-2.00958,46.82292],[-2.00625,46.82292],[-2.00542,46.82208],[-2.00542,46.81458],[-2.00208,46.81458],[-2.00208,46.82208],[-2.00125,46.82292],[-1.99792,46.82292],[-2.00125,46.82292],[-2.00208,46.82375],[-2.00208,46.83125],[-2.00542,46.83125],[-2.00625,46.83208],[-2.00625,46.83542],[-2.02208,46.83542],[-2.02292,46.83625],[-2.02292,46.84292],[-2.02208,46.84375],[-2.01042,46.84375],[-2.01042,46.85125],[-2.00958,46.85208],[-2.00625,46.85208],[-2.00625,46.85542],[-2.00542,46.85625],[-1.99792,46.85625],[-1.99792,46.86792],[-1.99708,46.86875],[-1.99375,46.86875],[-2.00125,46.86875],[-2.00208,46.86958],[-2.00208,46.87292],[-2.01042,46.87292],[-2.00958,46.87208],[-2.00958,46.86542],[-2.01042,46.86458],[-2.01792,46.86458],[-2.01875,46.86542],[-2.01875,46.86875],[-2.02208,46.86875],[-2.02292,46.86958],[-2.02292,46.87292],[-2.03458,46.87292],[-2.03542,46.87375],[-2.03542,46.87708],[-2.03875,46.87708],[-2.03958,46.87792],[-2.03958,46.88125],[-2.04708,46.88125],[-2.04792,46.88208],[-2.04792,46.88958],[-2.05125,46.88958],[-2.05208,46.89042],[-2.05208,46.89375],[-2.06375,46.89375],[-2.06375,46.88542],[-2.05625,46.88542],[-2.05542,46.88458],[-2.05542,46.88125],[-2.04792,46.88125],[-2.04708,46.88042],[-2.04708,46.87708],[-2.03958,46.87708],[-2.03875,46.87625],[-2.03875,46.86958],[-2.03958,46.86875],[-2.04708,46.86875],[-2.04708,46.86542],[-2.04792,46.86458],[-2.05958,46.86458],[-2.06042,46.86542],[-2.06042,46.87708],[-2.06375,46.87708],[-2.06375,46.86958],[-2.06458,46.86875],[-2.08458,46.86875],[-2.08542,46.86958],[-2.08542,46.87708],[-2.08875,46.87708],[-2.08875,46.87375],[-2.08958,46.87292],[-2.10125,46.87292],[-2.10125,46.86958],[-2.10208,46.86875],[-2.10958,46.86875],[-2.11042,46.86958],[-2.11042,46.87625],[-2.10958,46.87708],[-2.10625,46.87708],[-2.11375,46.87708],[-2.11375,46.86458],[-2.11042,46.86458],[-2.10958,46.86375],[-2.10958,46.85292],[-2.11042,46.85208],[-2.11375,46.85208],[-2.11375,46.84875],[-2.11458,46.84792],[-2.11792,46.84792],[-2.11792,46.84375],[-2.09375,46.84375],[-2.09292,46.84292],[-2.09292,46.83625],[-2.09375,46.83542],[-2.10958,46.83542],[-2.10958,46.83208],[-2.11042,46.83125],[-2.11792,46.83125],[-2.11792,46.82792],[-2.11875,46.82708],[-2.12208,46.82708],[-2.12208,46.82292],[-2.11458,46.82292],[-2.11458,46.82625],[-2.11375,46.82708],[-2.10625,46.82708],[-2.10542,46.82625],[-2.10542,46.82292],[-2.08125,46.82292]]},"properties":{"source":"emodnet_dtm_2024","level":2}},{"type":"Feature","geometry":{"type":"LineString","coordinates":[[-2.16208,46.8272],[-2.16211,46.82625],[-2.16375,46.82555],[-2.16542,46.82632],[-2.1661,46.82792],[-2.16542,46.82853],[-2.16375,46.8286],[-2.16292,46.82844],[-2.16208,46.8272]]},"properties":{"source":"emodnet_dtm_2024","level":2}},{"type":"Feature","geometry":{"type":"LineString","coordinates":[[-2.19958,46.82819],[-2.19893,46.82792],[-2.19958,46.82724],[-2.2003,46.82792],[-2.19958,46.82819]]},"properties":{"source":"emodnet_dtm_2024","level":2}},{"type":"Feature","geometry":{"type":"LineString","coordinates":[[-2.18708,46.82882],[-2.18708,46.82848],[-2.18708,46.82882]]},"properties":{"source":"emodnet_dtm_2024","level":2}},{"type":"Feature","geometry":{"type":"LineString","coordinates":[[-1.97708,46.83958],[-1.97625,46.83875],[-1.97625,46.83208],[-1.97708,46.83125],[-1.98875,46.83125],[-1.98875,46.82792],[-1.98958,46.82708],[-1.99292,46.82708],[-1.96875,46.82708],[-1.96875,46.83458],[-1.96792,46.83542],[-1.95625,46.83542],[-1.95625,46.83875],[-1.95542,46.83958],[-1.92708,46.83958],[-1.92708,46.83625],[-1.92625,46.83542],[-1.92292,46.83542],[-1.92042,46.83698],[-1.91625,46.83839],[-1.91208,46.84115],[-1.91042,46.84167],[-1.90625,46.84167],[-1.90417,46.84375],[-1.90625,46.84792],[-1.92208,46.84792],[-1.92292,46.84875],[-1.92292,46.85208],[-1.92708,46.85625],[-1.93125,46.85625],[-1.93333,46.86042],[-1.93542,46.86125],[-1.93958,46.86181],[-1.94167,46.86042],[-1.94137,46.85542],[-1.94042,46.85446],[-1.93458,46.85208],[-1.93542,46.85208],[-1.93958,46.84792],[-1.94292,46.84792],[-1.94375,46.84875],[-1.94375,46.85208],[-1.95542,46.85208],[-1.95542,46.84875],[-1.95625,46.84792],[-1.96375,46.84792],[-1.96375,46.83625],[-1.96458,46.83542],[-1.97208,46.83542],[-1.97292,46.83625],[-1.97292,46.84375],[-1.98042,46.84375],[-1.98042,46.83958],[-1.97708,46.83958]]},"properties":{"source":"emodnet_dtm_2024","level":2}},{"type":"Feature","geometry":{"type":"LineString","coordinates":[[-2.16875,46.84171],[-2.16875,46.83926],[-2.17125,46.83845],[-2.17284,46.84042],[-2.17208,46.84251],[-2.17125,46.84298],[-2.16875,46.84171]]},"properties":{"source":"emodnet_dtm_2024","level":2}},{"type":"Feature","geometry":{"type":"LineString","coordinates":[[-1.99792,46.84792],[-1.99708,46.84708],[-1.99708,46.84042],[-1.99792,46.83958],[-2.00125,46.83958],[-1.99375,46.83958],[-1.99375,46.84708],[-1.99292,46.84792],[-1.98958,46.84792],[-1.98958,46.85125],[-1.98875,46.85208],[-1.98125,46.85208],[-1.98125,46.85542],[-1.98042,46.85625],[-1.97708,46.85625],[-1.98875,46.85625],[-1.98875,46.85292],[-1.98958,46.85208],[-1.99708,46.85208],[-1.99708,46.84875],[-1.99792,46.84792],[-2.00125,46.84792],[-1.99792,46.84792]]},"properties":{"source":"emodnet_dtm_2024","level":2}},{"type":"Feature","geometry":{"type":"LineString","coordinates":[[-1.94375,46.84792],[-1.94292,46.84708],[-1.94292,46.84042],[-1.94375,46.83958],[-1.95125,46.83958],[-1.95208,46.84042],[-1.95208,46.84708],[-1.95125,46.84792],[-1.94375,46.84792]]},"properties":{"source":"emodnet_dtm_2024","level":2}},{"type":"Feature","geometry":{"type":"LineString","coordinates":[[-2.09792,46.86458],[-2.09708,46.86375],[-2.09708,46.85708],[-2.09792,46.85625],[-2.10542,46.85625],[-2.10625,46.85708],[-2.10625,46.86375],[-2.10542,46.86458],[-2.09792,46.86458]]},"properties":{"source":"emodnet_dtm_2024","level":2}},{"type":"Feature","geometry":{"type":"LineString","coordinates":[[-2.18208,46.8838],[-2.18208,46.88279],[-2.18292,46.88418],[-2.18208,46.8838]]},"properties":{"source":"emodnet_dtm_2024","level":2}},{"type":"Feature","geometry":{"type":"LineString","coordinates":[[-2.15375,46.88886],[-2.15208,46.88839],[-2.14792,46.88958],[-2.14375,46.88958],[-2.14375,46.89067],[-2.14458,46.89068],[-2.14542,46.88958],[-2.14792,46.88958],[-2.15001,46.89042],[-2.14958,46.89085],[-2.14208,46.89205],[-2.14125,46.89269],[-2.13958,46.89252],[-2.13708,46.89362],[-2.13708,46.89416],[-2.14208,46.89734],[-2.14375,46.8974],[-2.14625,46.89595],[-2.14792,46.89792],[-2.14875,46.89549],[-2.1503,46.89458],[-2.15375,46.89427],[-2.15458,46.89505],[-2.15708,46.89515],[-2.15958,46.89455],[-2.16375,46.89444],[-2.16548,46.89375],[-2.16536,46.89292],[-2.16292,46.8916],[-2.16125,46.89177],[-2.15875,46.89048],[-2.1544,46.89042],[-2.15486,46.88958],[-2.15375,46.88886]]},"properties":{"source":"emodnet_dtm_2024","level":2}},{"type":"Feature","geometry":{"type":"LineString","coordinates":[[-2.11875,46.89375],[-2.10625,46.89375],[-2.10625,46.89708],[-2.10542,46.89792],[-2.10208,46.89792],[-2.10208,46.90542],[-2.10125,46.90625],[-2.09792,46.90625],[-2.10125,46.90625],[-2.10208,46.90708],[-2.10208,46.91042],[-2.10542,46.91042],[-2.10542,46.90708],[-2.10625,46.90625],[-2.10958,46.90625],[-2.10958,46.90292],[-2.11042,46.90208],[-2.10958,46.90125],[-2.10958,46.89458],[-2.11042,46.89375],[-2.11625,46.89375],[-2.11667,46.89458],[-2.11625,46.90208],[-2.11042,46.90208],[-2.11875,46.90208],[-2.11979,46.89792],[-2.11875,46.89375]]},"properties":{"source":"emodnet_dtm_2024","level":2}},{"type":"Feature","geometry":{"type":"LineString","coordinates":[[-2.18375,46.90363],[-2.18292,46.90285],[-2.18201,46.90375],[-2.18292,46.90432],[-2.18375,46.90363]]},"properties":{"source":"emodnet_dtm_2024","level":2}},{"type":"Feature","geometry":{"type":"LineString","coordinates":[[-2.19292,46.90885],[-2.19292,46.9077],[-2.19421,46.90792],[-2.19292,46.90885]]},"properties":{"source":"emodnet_dtm_2024","level":2}},{"type":"Feature","geometry":{"type":"LineString","coordinates":[[-2.19125,46.91411],[-2.19125,46.91252],[-2.19125,46.91411]]},"properties":{"source":"emodnet_dtm_2024","level":2}},{"type":"Feature","geometry":{"type":"LineString","coordinates":[[-2.22792,46.9188],[-2.22875,46.9177],[-2.22875,46.91917],[-2.22792,46.9188]]},"properties":{"source":"emodnet_dtm_2024","level":2}},{"type":"Feature","geometry":{"type":"LineString","coordinates":[[-2.20292,46.9281],[-2.20292,46.92777],[-2.20292,46.9281]]},"properties":{"source":"emodnet_dtm_2024","level":2}},{"type":"Feature","geometry":{"type":"LineString","coordinates":[[-2.21708,46.93834],[-2.21708,46.93716],[-2.21809,46.93792],[-2.21708,46.93834]]},"properties":{"source":"emodnet_dtm_2024","level":2}},{"type":"Feature","geometry":{"type":"LineString","coordinates":[[-2.22875,46.94476],[-2.22875,46.94435],[-2.22875,46.94476]]},"properties":{"source":"emodnet_dtm_2024","level":2}},{"type":"Feature","geometry":{"type":"LineString","coordinates":[[-2.23792,46.94653],[-2.23625,46.94586],[-2.23542,46.94604],[-2.23463,46.94792],[-2.23542,46.94857],[-2.23708,46.94806],[-2.23792,46.94855],[-2.23849,46.94792],[-2.23792,46.94653]]},"properties":{"source":"emodnet_dtm_2024","level":2}},{"type":"Feature","geometry":{"type":"LineString","coordinates":[[-1.93125,46.94792],[-1.93042,46.94708],[-1.93042,46.93542],[-1.91458,46.93542],[-1.92625,46.93542],[-1.92708,46.93625],[-1.92708,46.94292],[-1.92625,46.94375],[-1.91875,46.94375],[-1.92625,46.94375],[-1.92708,46.94458],[-1.92708,46.94792],[-1.93458,46.94792],[-1.93125,46.94792]]},"properties":{"source":"emodnet_dtm_2024","level":2}},{"type":"Feature","geometry":{"type":"LineString","coordinates":[[-2.27625,46.9547],[-2.27564,46.95375],[-2.27625,46.9533],[-2.27721,46.95375],[-2.27625,46.9547]]},"properties":{"source":"emodnet_dtm_2024","level":2}},{"type":"Feature","geometry":{"type":"LineString","coordinates":[[-2.36708,46.95946],[-2.36629,46.95792],[-2.36708,46.95646],[-2.36792,46.95623],[-2.3689,46.95708],[-2.36708,46.95946]]},"properties":{"source":"emodnet_dtm_2024","level":2}},{"type":"Feature","geometry":{"type":"LineString","coordinates":[[-2.30875,46.96205],[-2.30801,46.96125],[-2.30875,46.96021],[-2.31125,46.96061],[-2.31208,46.96123],[-2.31226,46.96208],[-2.31125,46.96259],[-2.30875,46.96205]]},"properties":{"source":"emodnet_dtm_2024","level":2}},{"type":"Feature","geometry":{"type":"LineString","coordinates":[[-2.36208,46.96368],[-2.36165,46.96292],[-2.36352,46.96208],[-2.36458,46.96034],[-2.36708,46.95965],[-2.36792,46.96092],[-2.36758,46.96208],[-2.36899,46.96292],[-2.36792,46.96543],[-2.36458,46.96602],[-2.36375,46.96445],[-2.36208,46.96368]]},"properties":{"source":"emodnet_dtm_2024","level":2}},{"type":"Feature","geometry":{"type":"LineString","coordinates":[[-2.33375,46.96312],[-2.33358,46.96125],[-2.33458,46.95959],[-2.33542,46.95925],[-2.33708,46.95988],[-2.34042,46.95947],[-2.34428,46.96292],[-2.34484,46.96458],[-2.34625,46.96539],[-2.35042,46.96503],[-2.35208,46.96229],[-2.35669,46.96708],[-2.36076,46.96792],[-2.36123,46.96875],[-2.3607,46.96958],[-2.35875,46.97009],[-2.35725,46.97208],[-2.3569,46.97708],[-2.35763,46.98042],[-2.35662,46.98292],[-2.35458,46.98449],[-2.34997,46.98375],[-2.34977,46.98208],[-2.35128,46.97792],[-2.35127,46.97542],[-2.34625,46.97152],[-2.34458,46.97129],[-2.34042,46.97187],[-2.33875,46.97412],[-2.33625,46.97482],[-2.3329,46.97292],[-2.33304,46.97125],[-2.33496,46.97042],[-2.33533,46.96958],[-2.33375,46.96312]]},"properties":{"source":"emodnet_dtm_2024","level":2}},{"type":"Feature","geometry":{"type":"LineString","coordinates":[[-2.30875,46.96493],[-2.30804,46.96375],[-2.30875,46.96316],[-2.30933,46.96375],[-2.30875,46.96493]]},"properties":{"source":"emodnet_dtm_2024","level":2}},{"type":"Feature","geometry":{"type":"LineString","coordinates":[[-2.27458,46.96543],[-2.27292,46.96523],[-2.27153,46.96625],[-2.27322,46.96875],[-2.27292,46.96971],[-2.27542,46.97039],[-2.27618,46.96958],[-2.27609,46.96792],[-2.27458,46.96543]]},"properties":{"source":"emodnet_dtm_2024","level":2}},{"type":"Feature","geometry":{"type":"LineString","coordinates":[[-2.21292,46.96806],[-2.21042,46.96736],[-2.20625,46.96736],[-2.20625,46.96875],[-2.20875,46.9689],[-2.20958,46.96965],[-2.21208,46.96958],[-2.21458,46.96875],[-2.21292,46.96806]]},"properties":{"source":"emodnet_dtm_2024","level":2}},{"type":"Feature","geometry":{"type":"LineString","coordinates":[[-1.89792,46.97292],[-1.89708,46.97208],[-1.89708,46.96875],[-1.85208,46.96875],[-1.87208,46.96875],[-1.87292,46.96958],[-1.87292,46.97708],[-1.87625,46.97708],[-1.87625,46.97375],[-1.87708,46.97292],[-1.88875,46.97292],[-1.88958,46.97375],[-1.88958,46.98042],[-1.88875,46.98125],[-1.88542,46.98125],[-1.89375,46.98125],[-1.89292,46.98042],[-1.89292,46.97375],[-1.89375,46.97292],[-1.92625,46.97292],[-1.90625,46.97292],[-1.90542,46.97375],[-1.90542,46.98458],[-1.90625,46.98542],[-1.91375,46.98542],[-1.91375,46.98875],[-1.91458,46.98958],[-1.91792,46.98958],[-1.91792,46.99708],[-1.91875,46.99792],[-1.93875,46.99792],[-1.93958,46.99708],[-1.93958,46.99042],[-1.93875,46.98958],[-1.93542,46.98958],[-1.93542,46.98542],[-1.94292,46.98542],[-1.94292,46.98875],[-1.94375,46.98958],[-1.94708,46.98958],[-1.94375,46.98958],[-1.94292,46.99042],[-1.94292,47.00125],[-1.94375,47.00208],[-1.95125,47.00208],[-1.95125,47.00542],[-1.95208,47.00625],[-1.96375,47.00625],[-1.96458,47.00542],[-1.96458,47.00208],[-1.96792,47.00208],[-1.96792,47.00542],[-1.96875,47.00625],[-1.97208,47.00625],[-1.97208,47.00958],[-1.97292,47.01042],[-1.98542,47.01042],[-1.98958,47.01458],[-1.99708,47.01458],[-1.99708,47.01875],[-1.98958,47.01875],[-1.98708,47.02031],[-1.98625,47.02292],[-1.98542,47.02361],[-1.98125,47.02351],[-1.97875,47.0244],[-1.97783,47.02625],[-1.97708,47.03125],[-1.95958,47.03125],[-1.96042,47.03042],[-1.96042,47.02375],[-1.95958,47.02292],[-1.95625,47.02292],[-1.95625,47.01125],[-1.95542,47.01042],[-1.95208,47.01042],[-1.95208,47.00708],[-1.95125,47.00625],[-1.94375,47.00625],[-1.94375,47.00292],[-1.94292,47.00208],[-1.93542,47.00208],[-1.93542,46.99875],[-1.93458,46.99792],[-1.92708,46.99792],[-1.92625,46.99875],[-1.92625,47.00208],[-1.92292,47.00208],[-1.92292,46.99875],[-1.92208,46.99792],[-1.91458,46.99792],[-1.91375,46.99875],[-1.91375,47.01042],[-1.91042,47.01042],[-1.91042,47.00292],[-1.90958,47.00208],[-1.90208,47.00208],[-1.90208,46.99875],[-1.90125,46.99792],[-1.90208,46.99708],[-1.90208,46.99042],[-1.90125,46.98958],[-1.89708,46.98958],[-1.89792,46.98875],[-1.89792,46.98208],[-1.89708,46.98125],[-1.90125,46.98125],[-1.90208,46.98042],[-1.90208,46.97375],[-1.90125,46.97292],[-1.89792,46.97292]]},"properties":{"source":"emodnet_dtm_2024","level":2}},{"type":"Feature","geometry":{"type":"LineString","coordinates":[[-2.32208,46.97363],[-2.32155,46.97208],[-2.32292,46.97072],[-2.32375,46.97084],[-2.32483,46.97208],[-2.32458,46.97361],[-2.32292,46.97495],[-2.32208,46.97363]]},"properties":{"source":"emodnet_dtm_2024","level":2}},{"type":"Feature","geometry":{"type":"LineString","coordinates":[[-2.31708,46.97499],[-2.31708,46.9743],[-2.31769,46.97458],[-2.31708,46.97499]]},"properties":{"source":"emodnet_dtm_2024","level":2}},{"type":"Feature","geometry":{"type":"LineString","coordinates":[[-2.08208,46.97481],[-2.08205,46.97375],[-2.08292,46.97344],[-2.08375,46.97507],[-2.08208,46.97481]]},"properties":{"source":"emodnet_dtm_2024","level":2}},{"type":"Feature","geometry":{"type":"LineString","coordinates":[[-2.14708,46.97573],[-2.14625,46.9752],[-2.14332,46.97542],[-2.14394,46.97625],[-2.14625,46.97707],[-2.14774,46.97625],[-2.14708,46.97573]]},"properties":{"source":"emodnet_dtm_2024","level":2}},{"type":"Feature","geometry":{"type":"LineString","coordinates":[[-2.08375,46.98297],[-2.08332,46.98042],[-2.08405,46.97875],[-2.08385,46.97708],[-2.0845,46.97625],[-2.08625,46.97568],[-2.08823,46.97708],[-2.08826,46.97792],[-2.08574,46.97958],[-2.08544,46.98292],[-2.08375,46.98297]]},"properties":{"source":"emodnet_dtm_2024","level":2}},{"type":"Feature","geometry":{"type":"LineString","coordinates":[[-2.33042,46.98426],[-2.33042,46.98352],[-2.33125,46.98326],[-2.33206,46.98375],[-2.33125,46.98441],[-2.33042,46.98426]]},"properties":{"source":"emodnet_dtm_2024","level":2}},{"type":"Feature","geometry":{"type":"LineString","coordinates":[[-2.32792,46.98545],[-2.32792,46.98456],[-2.32792,46.98545]]},"properties":{"source":"emodnet_dtm_2024","level":2}},{"type":"Feature","geometry":{"type":"LineString","coordinates":[[-2.33708,46.98726],[-2.33542,46.98702],[-2.33458,46.98792],[-2.33292,46.98823],[-2.33125,46.9914],[-2.32958,46.99159],[-2.32875,46.99106],[-2.32819,46.98958],[-2.32839,46.98625],[-2.32958,46.98459],[-2.33125,46.98558],[-2.33292,46.98584],[-2.33708,46.98199],[-2.33875,46.98113],[-2.34042,46.9808],[-2.34542,46.9816],[-2.34873,46.98292],[-2.34935,46.98375],[-2.34756,46.98792],[-2.34292,46.99122],[-2.34208,46.99056],[-2.33958,46.99063],[-2.33708,46.98726]]},"properties":{"source":"emodnet_dtm_2024","level":2}},{"type":"Feature","geometry":{"type":"LineString","coordinates":[[-2.08708,46.9908],[-2.08789,46.98958],[-2.08875,46.98984],[-2.08875,46.99075],[-2.08792,46.99117],[-2.08708,46.9908]]},"properties":{"source":"emodnet_dtm_2024","level":2}},{"type":"Feature","geometry":{"type":"LineString","coordinates":[[-2.21958,46.99236],[-2.21875,46.99167],[-2.21736,46.99375],[-2.21715,46.99542],[-2.21875,47.00208],[-2.22083,46.99375],[-2.21958,46.99236]]},"properties":{"source":"emodnet_dtm_2024","level":2}},{"type":"Feature","geometry":{"type":"LineString","coordinates":[[-2.22792,46.99345],[-2.22649,46.99292],[-2.225,46.99375],[-2.22708,46.99514],[-2.22792,46.99345]]},"properties":{"source":"emodnet_dtm_2024","level":2}},{"type":"Feature","geometry":{"type":"LineString","coordinates":[[-2.33542,46.99531],[-2.33542,46.99399],[-2.33625,46.99364],[-2.33625,46.9952],[-2.33542,46.99531]]},"properties":{"source":"emodnet_dtm_2024","level":2}},{"type":"Feature","geometry":{"type":"LineString","coordinates":[[-2.03625,46.99673],[-2.03542,46.99613],[-2.03375,46.99682],[-2.03292,46.99792],[-2.03375,46.99875],[-2.03458,46.99816],[-2.0372,46.99792],[-2.03625,46.99673]]},"properties":{"source":"emodnet_dtm_2024","level":2}},{"type":"Feature","geometry":{"type":"LineString","coordinates":[[-2.17875,46.99747],[-2.17803,46.99708],[-2.17875,46.99661],[-2.17875,46.99747]]},"properties":{"source":"emodnet_dtm_2024","level":2}},{"type":"Feature","geometry":{"type":"LineString","coordinates":[[-2.11042,46.99722],[-2.10958,46.99649],[-2.10817,46.99708],[-2.10958,46.9997],[-2.11127,46.99792],[-2.11042,46.99722]]},"properties":{"source":"emodnet_dtm_2024","level":2}},{"type":"Feature","geometry":{"type":"LineString","coordinates":[[-2.06958,47.00052],[-2.06901,47.00042],[-2.06958,47.00004],[-2.06958,47.00052]]},"properties":{"source":"emodnet_dtm_2024","level":2}},{"type":"Feature","geometry":{"type":"LineString","coordinates":[[-2.32708,47.0015],[-2.32638,47.00042],[-2.32708,47.00012],[-2.32817,47.00042],[-2.32793,47.00125],[-2.32708,47.0015]]},"properties":{"source":"emodnet_dtm_2024","level":2}},{"type":"Feature","geometry":{"type":"LineString","coordinates":[[-2.17958,47.00214],[-2.17882,47.00042],[-2.17958,46.99958],[-2.18064,47.00042],[-2.17958,47.00214]]},"properties":{"source":"emodnet_dtm_2024","level":2}},{"type":"Feature","geometry":{"type":"LineString","coordinates":[[-2.19125,47.00342],[-2.19125,47.00015],[-2.19272,47.00208],[-2.19208,47.00334],[-2.19125,47.00342]]},"properties":{"source":"emodnet_dtm_2024","level":2}},{"type":"Feature","geometry":{"type":"LineString","coordinates":[[-2.10625,47.00497],[-2.10572,47.00458],[-2.10625,47.00387],[-2.10792,47.00364],[-2.10861,47.00458],[-2.10792,47.00586],[-2.10625,47.00497]]},"properties":{"source":"emodnet_dtm_2024","level":2}},{"type":"Feature","geometry":{"type":"LineString","coordinates":[[-2.17042,47.00619],[-2.16966,47.00458],[-2.17042,47.00331],[-2.17114,47.00458],[-2.17042,47.00619]]},"properties":{"source":"emodnet_dtm_2024","level":2}},{"type":"Feature","geometry":{"type":"LineString","coordinates":[[-2.19042,47.00662],[-2.19125,47.004],[-2.19185,47.00458],[-2.19125,47.0074],[-2.19042,47.00662]]},"properties":{"source":"emodnet_dtm_2024","level":2}},{"type":"Feature","geometry":{"type":"LineString","coordinates":[[-2.31458,47.00729],[-2.31388,47.00708],[-2.31542,47.00476],[-2.31742,47.00708],[-2.31783,47.00875],[-2.31708,47.00978],[-2.31586,47.00875],[-2.31597,47.00792],[-2.31458,47.00729]]},"properties":{"source":"emodnet_dtm_2024","level":2}},{"type":"Feature","geometry":{"type":"LineString","coordinates":[[-2.31042,47.0091],[-2.30988,47.00792],[-2.31125,47.00723],[-2.31171,47.00875],[-2.31125,47.00926],[-2.31042,47.0091]]},"properties":{"source":"emodnet_dtm_2024","level":2}},{"type":"Feature","geometry":{"type":"LineString","coordinates":[[-2.06625,47.00936],[-2.06625,47.0086],[-2.06625,47.00936]]},"properties":{"source":"emodnet_dtm_2024","level":2}},{"type":"Feature","geometry":{"type":"LineString","coordinates":[[-2.14958,47.01172],[-2.14886,47.01042],[-2.14958,47.00934],[-2.1521,47.01125],[-2.15125,47.01175],[-2.14958,47.01172]]},"properties":{"source":"emodnet_dtm_2024","level":2}},{"type":"Feature","geometry":{"type":"LineString","coordinates":[[-2.14208,47.01242],[-2.14217,47.00958],[-2.14375,47.00939],[-2.14426,47.01125],[-2.14375,47.01215],[-2.14208,47.01242]]},"properties":{"source":"emodnet_dtm_2024","level":2}},{"type":"Feature","geometry":{"type":"LineString","coordinates":[[-2.13708,47.01408],[-2.13708,47.01358],[-2.13708,47.01408]]},"properties":{"source":"emodnet_dtm_2024","level":2}},{"type":"Feature","geometry":{"type":"LineString","coordinates":[[-2.29292,47.03069],[-2.29292,47.03021],[-2.29348,47.03042],[-2.29292,47.03069]]},"properties":{"source":"emodnet_dtm_2024","level":2}},{"type":"Feature","geometry":{"type":"LineString","coordinates":[[-2.35208,47.03927],[-2.35208,47.0378],[-2.35292,47.03741],[-2.35375,47.03845],[-2.35458,47.03858],[-2.35542,47.03756],[-2.35708,47.03855],[-2.35792,47.03833],[-2.35863,47.03875],[-2.36042,47.041],[-2.36375,47.04195],[-2.36684,47.04208],[-2.37157,47.04625],[-2.3706,47.04875],[-2.36792,47.04917],[-2.36292,47.04635],[-2.35708,47.04399],[-2.35208,47.03927]]},"properties":{"source":"emodnet_dtm_2024","level":2}},{"type":"Feature","geometry":{"type":"LineString","coordinates":[[-2.28458,47.0389],[-2.28376,47.03625],[-2.28458,47.03501],[-2.28543,47.03625],[-2.28458,47.0389]]},"properties":{"source":"emodnet_dtm_2024","level":2}},{"type":"Feature","geometry":{"type":"LineString","coordinates":[[-2.26625,47.04043],[-2.26625,47.04043]]},"properties":{"source":"emodnet_dtm_2024","level":2}},{"type":"Feature","geometry":{"type":"LineString","coordinates":[[-2.35958,47.04197],[-2.35833,47.04125],[-2.35833,47.04208],[-2.35958,47.04271],[-2.3614,47.04208],[-2.36125,47.0416],[-2.36042,47.04152],[-2.35958,47.04197]]},"properties":{"source":"emodnet_dtm_2024","level":2}},{"type":"Feature","geometry":{"type":"LineString","coordinates":[[-2.24708,47.04161],[-2.24708,47.04085],[-2.24792,47.04069],[-2.24909,47.04125],[-2.24875,47.04197],[-2.24708,47.04161]]},"properties":{"source":"emodnet_dtm_2024","level":2}},{"type":"Feature","geometry":{"type":"LineString","coordinates":[[-2.33208,47.04398],[-2.33208,47.04302],[-2.33308,47.04292],[-2.33392,47.04292],[-2.33489,47.04375],[-2.33474,47.04458],[-2.33375,47.04492],[-2.33208,47.04398]]},"properties":{"source":"emodnet_dtm_2024","level":2}},{"type":"Feature","geometry":{"type":"LineString","coordinates":[[-2.25458,47.04553],[-2.25481,47.04458],[-2.25625,47.04398],[-2.25792,47.04458],[-2.25875,47.04371],[-2.26042,47.04375],[-2.26282,47.04542],[-2.26292,47.04813],[-2.26208,47.04885],[-2.25958,47.04597],[-2.25792,47.04713],[-2.25458,47.04553]]},"properties":{"source":"emodnet_dtm_2024","level":2}},{"type":"Feature","geometry":{"type":"LineString","coordinates":[[-2.35625,47.0496],[-2.35625,47.0496]]},"properties":{"source":"emodnet_dtm_2024","level":2}},{"type":"Feature","geometry":{"type":"LineString","coordinates":[[-2.32542,47.04975],[-2.32538,47.04875],[-2.32625,47.04837],[-2.32715,47.04875],[-2.32673,47.04958],[-2.32757,47.05042],[-2.32708,47.05076],[-2.32542,47.04975]]},"properties":{"source":"emodnet_dtm_2024","level":2}},{"type":"Feature","geometry":{"type":"LineString","coordinates":[[-2.32625,47.05379],[-2.32712,47.05375],[-2.32625,47.05379]]},"properties":{"source":"emodnet_dtm_2024","level":2}},{"type":"Feature","geometry":{"type":"LineString","coordinates":[[-2.32875,47.05686],[-2.32833,47.05458],[-2.32958,47.05281],[-2.33355,47.05708],[-2.33292,47.05742],[-2.33208,47.05662],[-2.32958,47.05749],[-2.32875,47.05686]]},"properties":{"source":"emodnet_dtm_2024","level":2}},{"type":"Feature","geometry":{"type":"LineString","coordinates":[[-2.20542,47.05644],[-2.20542,47.05547],[-2.20621,47.05625],[-2.20542,47.05644]]},"properties":{"source":"emodnet_dtm_2024","level":2}},{"type":"Feature","geometry":{"type":"LineString","coordinates":[[-2.33458,47.05709],[-2.33458,47.05709]]},"properties":{"source":"emodnet_dtm_2024","level":2}},{"type":"Feature","geometry":{"type":"LineString","coordinates":[[-1.69792,47.05958],[-1.70625,47.0599],[-1.70764,47.06042],[-1.70685,47.06375],[-1.70458,47.06577],[-1.70208,47.06667],[-1.69792,47.06667],[-1.69653,47.06625],[-1.69375,47.06458],[-1.68958,47.06042],[-1.69097,47.05958],[-1.69375,47.05903],[-1.69792,47.05958]]},"properties":{"source":"emodnet_dtm_2024","level":2}},{"type":"Feature","geometry":{"type":"LineString","coordinates":[[-1.67042,47.06302],[-1.66875,47.0625],[-1.66563,47.06375],[-1.66042,47.06875],[-1.65875,47.06782],[-1.65625,47.06736],[-1.65458,47.06837],[-1.65417,47.07292],[-1.65292,47.07292],[-1.65208,47.07361],[-1.65208,47.07708],[-1.65625,47.08125],[-1.65125,47.08661],[-1.64958,47.08769],[-1.64792,47.08819],[-1.64375,47.0875],[-1.63958,47.08958],[-1.64479,47.09458],[-1.65042,47.09673],[-1.65208,47.09792],[-1.64375,47.10208],[-1.64653,47.10375],[-1.64792,47.10625],[-1.65625,47.11042],[-1.65625,47.11875],[-1.66042,47.12014],[-1.66875,47.12014],[-1.67292,47.12083],[-1.67708,47.11875],[-1.68472,47.11875],[-1.68542,47.11792],[-1.68542,47.11528],[-1.68625,47.11458],[-1.68958,47.11458],[-1.69792,47.11042],[-1.70125,47.11042],[-1.70125,47.10292],[-1.70292,47.10208],[-1.70972,47.10208],[-1.71042,47.10125],[-1.71042,47.09458],[-1.70958,47.09375],[-1.70208,47.09375],[-1.69792,47.08958],[-1.70625,47.08125],[-1.70208,47.07708],[-1.69875,47.07708],[-1.69792,47.07778],[-1.69687,47.07625],[-1.69292,47.07448],[-1.68958,47.07083],[-1.68125,47.07083],[-1.68042,47.07042],[-1.68042,47.06958],[-1.67708,47.06958],[-1.67625,47.06875],[-1.67292,47.06875],[-1.67292,47.06458],[-1.67042,47.06302]]},"properties":{"source":"emodnet_dtm_2024","level":2}},{"type":"Feature","geometry":{"type":"LineString","coordinates":[[-1.73958,47.06458],[-1.73958,47.06208],[-1.73875,47.06181],[-1.73542,47.06181],[-1.73125,47.0625],[-1.72847,47.06458],[-1.73125,47.06875],[-1.73542,47.07083],[-1.73958,47.07083],[-1.74042,47.06979],[-1.74097,47.06875],[-1.73958,47.06458]]},"properties":{"source":"emodnet_dtm_2024","level":2}},{"type":"Feature","geometry":{"type":"LineString","coordinates":[[-2.05875,47.06674],[-2.05805,47.06625],[-2.05875,47.06563],[-2.05959,47.06625],[-2.05875,47.06674]]},"properties":{"source":"emodnet_dtm_2024","level":2}},{"type":"Feature","geometry":{"type":"LineString","coordinates":[[-1.71625,47.06795],[-1.71292,47.06786],[-1.71042,47.06875],[-1.71458,47.07083],[-1.72292,47.06875],[-1.71625,47.06795]]},"properties":{"source":"emodnet_dtm_2024","level":2}},{"type":"Feature","geometry":{"type":"LineString","coordinates":[[-2.08375,47.0749],[-2.0832,47.07458],[-2.08458,47.07331],[-2.08496,47.07375],[-2.08375,47.0749]]},"properties":{"source":"emodnet_dtm_2024","level":2}},{"type":"Feature","geometry":{"type":"LineString","coordinates":[[-1.71542,47.07557],[-1.71458,47.075],[-1.71375,47.07523],[-1.71042,47.07708],[-1.71458,47.08125],[-1.71483,47.08625],[-1.71625,47.08845],[-1.71875,47.08958],[-1.71875,47.09375],[-1.72292,47.09375],[-1.72375,47.09271],[-1.72708,47.09167],[-1.72875,47.09018],[-1.73021,47.08458],[-1.73333,47.08125],[-1.73542,47.07708],[-1.73375,47.07616],[-1.73125,47.07569],[-1.72847,47.07625],[-1.72569,47.07792],[-1.72292,47.07847],[-1.71542,47.07557]]},"properties":{"source":"emodnet_dtm_2024","level":2}},{"type":"Feature","geometry":{"type":"LineString","coordinates":[[-2.10542,47.07948],[-2.10542,47.07863],[-2.10792,47.07903],[-2.10875,47.07853],[-2.1103,47.08042],[-2.11251,47.08042],[-2.11241,47.08125],[-2.11113,47.08208],[-2.10958,47.08219],[-2.10542,47.07948]]},"properties":{"source":"emodnet_dtm_2024","level":2}},{"type":"Feature","geometry":{"type":"LineString","coordinates":[[-2.08625,47.07879],[-2.08491,47.07875],[-2.08422,47.07958],[-2.08625,47.07987],[-2.08686,47.07958],[-2.08625,47.07879]]},"properties":{"source":"emodnet_dtm_2024","level":2}},{"type":"Feature","geometry":{"type":"LineString","coordinates":[[-2.10208,47.08032],[-2.10169,47.07958],[-2.10375,47.07907],[-2.1043,47.07958],[-2.10375,47.08003],[-2.10208,47.08032]]},"properties":{"source":"emodnet_dtm_2024","level":2}},{"type":"Feature","geometry":{"type":"LineString","coordinates":[[-2.09625,47.08141],[-2.09542,47.08085],[-2.09458,47.0815],[-2.09292,47.08125],[-2.09208,47.08176],[-2.09141,47.08042],[-2.09208,47.07993],[-2.09292,47.08011],[-2.09458,47.07871],[-2.09676,47.08042],[-2.09625,47.08141]]},"properties":{"source":"emodnet_dtm_2024","level":2}},{"type":"Feature","geometry":{"type":"LineString","coordinates":[[-1.65708,47.08208],[-1.65625,47.08125],[-1.66042,47.07917],[-1.66875,47.07917],[-1.67292,47.08125],[-1.66792,47.08611],[-1.66458,47.0875],[-1.66125,47.08611],[-1.65708,47.08208]]},"properties":{"source":"emodnet_dtm_2024","level":2}},{"type":"Feature","geometry":{"type":"LineString","coordinates":[[-2.10042,47.08331],[-2.09964,47.08208],[-2.10042,47.08088],[-2.10184,47.08292],[-2.10042,47.08331]]},"properties":{"source":"emodnet_dtm_2024","level":2}},{"type":"Feature","geometry":{"type":"LineString","coordinates":[[-2.13375,47.09116],[-2.1331,47.09042],[-2.13375,47.08937],[-2.13542,47.09082],[-2.13792,47.08945],[-2.13911,47.09042],[-2.13875,47.09133],[-2.13708,47.09204],[-2.13458,47.091],[-2.13375,47.09116]]},"properties":{"source":"emodnet_dtm_2024","level":2}},{"type":"Feature","geometry":{"type":"LineString","coordinates":[[-1.99458,47.11792],[-1.99792,47.11875],[-2.00208,47.12292],[-1.99792,47.125],[-1.99375,47.125],[-1.98958,47.12708],[-1.98542,47.12792],[-1.98125,47.12708],[-1.97708,47.12875],[-1.97292,47.12708],[-1.98125,47.12188],[-1.98708,47.12031],[-1.98958,47.11875],[-1.99375,47.11771],[-1.99458,47.11792]]},"properties":{"source":"emodnet_dtm_2024","level":2}},{"type":"Feature","geometry":{"type":"LineString","coordinates":[[-1.72792,47.1224],[-1.72708,47.12188],[-1.725,47.12292],[-1.72708,47.125],[-1.72847,47.12292],[-1.72792,47.1224]]},"properties":{"source":"emodnet_dtm_2024","level":2}},{"type":"Feature","geometry":{"type":"LineString","coordinates":[[-2.02208,47.13885],[-2.01875,47.13819],[-2.01726,47.13958],[-2.01875,47.14119],[-2.02292,47.1401],[-2.02361,47.13958],[-2.02208,47.13885]]},"properties":{"source":"emodnet_dtm_2024","level":2}},{"type":"Feature","geometry":{"type":"LineString","coordinates":[[-2.24208,47.14789],[-2.24139,47.14708],[-2.24292,47.14614],[-2.24365,47.14792],[-2.24208,47.14789]]},"properties":{"source":"emodnet_dtm_2024","level":2}},{"type":"Feature","geometry":{"type":"LineString","coordinates":[[-1.62375,47.16372],[-1.62292,47.16236],[-1.62014,47.16458],[-1.62292,47.16577],[-1.62411,47.16458],[-1.62375,47.16372]]},"properties":{"source":"emodnet_dtm_2024","level":2}},{"type":"Feature","geometry":{"type":"LineString","coordinates":[[-2.17708,47.17467],[-2.17848,47.17375],[-2.17875,47.17238],[-2.17958,47.17347],[-2.18115,47.17375],[-2.17968,47.17542],[-2.18046,47.17708],[-2.17958,47.17833],[-2.17826,47.17792],[-2.17788,47.17542],[-2.17708,47.17467]]},"properties":{"source":"emodnet_dtm_2024","level":2}},{"type":"Feature","geometry":{"type":"LineString","coordinates":[[-2.46208,47.18023],[-2.46136,47.17958],[-2.46208,47.1782],[-2.46273,47.17875],[-2.46208,47.18023]]},"properties":{"source":"emodnet_dtm_2024","level":2}},{"type":"Feature","geometry":{"type":"LineString","coordinates":[[-2.17875,47.18008],[-2.17806,47.17958],[-2.17875,47.17911],[-2.18124,47.18125],[-2.18042,47.18168],[-2.17875,47.18008]]},"properties":{"source":"emodnet_dtm_2024","level":2}},{"type":"Feature","geometry":{"type":"LineString","coordinates":[[-1.60458,47.18095],[-1.60208,47.17965],[-1.59792,47.18125],[-1.59958,47.18333],[-1.60208,47.18504],[-1.60428,47.18292],[-1.60458,47.18095]]},"properties":{"source":"emodnet_dtm_2024","level":2}},{"type":"Feature","geometry":{"type":"LineString","coordinates":[[-2.47542,47.18325],[-2.47542,47.18211],[-2.47542,47.18325]]},"properties":{"source":"emodnet_dtm_2024","level":2}},{"type":"Feature","geometry":{"type":"LineString","coordinates":[[-2.49625,47.18719],[-2.49709,47.18708],[-2.49625,47.18719]]},"properties":{"source":"emodnet_dtm_2024","level":2}},{"type":"Feature","geometry":{"type":"LineString","coordinates":[[-2.16875,47.18831],[-2.1683,47.18792],[-2.16958,47.18733],[-2.17085,47.18792],[-2.16958,47.18863],[-2.16875,47.18831]]},"properties":{"source":"emodnet_dtm_2024","level":2}},{"type":"Feature","geometry":{"type":"LineString","coordinates":[[-2.48958,47.18876],[-2.48875,47.18743],[-2.48792,47.1874],[-2.48625,47.18969],[-2.48458,47.19036],[-2.484,47.18958],[-2.48491,47.18708],[-2.48625,47.18661],[-2.48958,47.18725],[-2.49146,47.18708],[-2.49186,47.18792],[-2.49125,47.18907],[-2.48958,47.18876]]},"properties":{"source":"emodnet_dtm_2024","level":2}},{"type":"Feature","geometry":{"type":"LineString","coordinates":[[-2.48292,47.1914],[-2.48292,47.1914]]},"properties":{"source":"emodnet_dtm_2024","level":2}},{"type":"Feature","geometry":{"type":"LineString","coordinates":[[-2.49125,47.19368],[-2.4908,47.19292],[-2.49125,47.19259],[-2.493,47.19292],[-2.4939,47.19375],[-2.49375,47.19405],[-2.49125,47.19368]]},"properties":{"source":"emodnet_dtm_2024","level":2}},{"type":"Feature","geometry":{"type":"LineString","coordinates":[[-2.49458,47.19634],[-2.49458,47.19595],[-2.49634,47.19625],[-2.49458,47.19634]]},"properties":{"source":"emodnet_dtm_2024","level":2}},{"type":"Feature","geometry":{"type":"LineString","coordinates":[[-2.16458,47.1998],[-2.16458,47.19884],[-2.16542,47.19881],[-2.16582,47.19958],[-2.16458,47.1998]]},"properties":{"source":"emodnet_dtm_2024","level":2}},{"type":"Feature","geometry":{"type":"LineString","coordinates":[[-2.49042,47.20053],[-2.49042,47.20053]]},"properties":{"source":"emodnet_dtm_2024","level":2}},{"type":"Feature","geometry":{"type":"LineString","coordinates":[[-2.17375,47.20154],[-2.17327,47.20042],[-2.17458,47.19955],[-2.17572,47.20042],[-2.17375,47.20154]]},"properties":{"source":"emodnet_dtm_2024","level":2}},{"type":"Feature","geometry":{"type":"LineString","coordinates":[[-1.85625,47.20208],[-1.85625,47.20042],[-1.85542,47.2],[-1.85208,47.2],[-1.85,47.20208],[-1.85,47.20625],[-1.84958,47.20708],[-1.84792,47.20708],[-1.84792,47.21458],[-1.85125,47.21458],[-1.85208,47.21542],[-1.85208,47.21875],[-1.85958,47.21875],[-1.86042,47.21958],[-1.86042,47.22292],[-1.86375,47.22292],[-1.86375,47.21542],[-1.86458,47.21375],[-1.86458,47.21042],[-1.86208,47.20928],[-1.86042,47.20625],[-1.85739,47.20458],[-1.85625,47.20208]]},"properties":{"source":"emodnet_dtm_2024","level":2}},{"type":"Feature","geometry":{"type":"LineString","coordinates":[[-2.31792,47.21399],[-2.31778,47.21292],[-2.32018,47.21292],[-2.32042,47.21395],[-2.31792,47.21399]]},"properties":{"source":"emodnet_dtm_2024","level":2}},{"type":"Feature","geometry":{"type":"LineString","coordinates":[[-2.18208,47.22081],[-2.18169,47.21708],[-2.18284,47.21542],[-2.18389,47.21542],[-2.18502,47.21292],[-2.18469,47.21208],[-2.18792,47.2096],[-2.18875,47.21005],[-2.19063,47.20792],[-2.19125,47.20764],[-2.19208,47.20799],[-2.19375,47.20734],[-2.19392,47.20875],[-2.19243,47.21208],[-2.1939,47.21625],[-2.19252,47.21708],[-2.19277,47.21958],[-2.19133,47.22208],[-2.19161,47.22458],[-2.19051,47.22542],[-2.18987,47.22875],[-2.18792,47.2325],[-2.18625,47.23191],[-2.1842,47.22958],[-2.18408,47.22625],[-2.18281,47.22542],[-2.18135,47.22292],[-2.18261,47.22125],[-2.18208,47.22081]]},"properties":{"source":"emodnet_dtm_2024","level":2}},{"type":"Feature","geometry":{"type":"LineString","coordinates":[[-2.34625,47.23282],[-2.34708,47.23061],[-2.34765,47.23125],[-2.34735,47.23292],[-2.34708,47.23324],[-2.34625,47.23282]]},"properties":{"source":"emodnet_dtm_2024","level":2}},{"type":"Feature","geometry":{"type":"LineString","coordinates":[[-2.20875,47.23272],[-2.20875,47.2316],[-2.21117,47.23125],[-2.21056,47.22958],[-2.21292,47.22628],[-2.21375,47.22575],[-2.21542,47.226],[-2.21557,47.22875],[-2.21458,47.23054],[-2.21198,47.23208],[-2.21042,47.23436],[-2.20958,47.23427],[-2.20935,47.23292],[-2.20875,47.23272]]},"properties":{"source":"emodnet_dtm_2024","level":2}},{"type":"Feature","geometry":{"type":"LineString","coordinates":[[-2.36292,47.2344],[-2.36292,47.23191],[-2.36472,47.23375],[-2.36375,47.23488],[-2.36292,47.2344]]},"properties":{"source":"emodnet_dtm_2024","level":2}},{"type":"Feature","geometry":{"type":"LineString","coordinates":[[-2.34792,47.23406],[-2.34792,47.23344],[-2.3501,47.23375],[-2.34792,47.23406]]},"properties":{"source":"emodnet_dtm_2024","level":2}},{"type":"Feature","geometry":{"type":"LineString","coordinates":[[-1.77292,47.23625],[-1.77208,47.23542],[-1.77208,47.23208],[-1.76875,47.23208],[-1.76875,47.24375],[-1.77625,47.24375],[-1.77625,47.23625],[-1.77292,47.23625]]},"properties":{"source":"emodnet_dtm_2024","level":2}},{"type":"Feature","geometry":{"type":"LineString","coordinates":[[-2.36292,47.23832],[-2.36265,47.23708],[-2.36375,47.2367],[-2.36412,47.23708],[-2.36292,47.23832]]},"properties":{"source":"emodnet_dtm_2024","level":2}},{"type":"Feature","geometry":{"type":"LineString","coordinates":[[-2.38625,47.24211],[-2.38714,47.24208],[-2.38625,47.24211]]},"properties":{"source":"emodnet_dtm_2024","level":2}},{"type":"Feature","geometry":{"type":"LineString","coordinates":[[-2.22458,47.2434],[-2.22423,47.24208],[-2.22542,47.24046],[-2.22625,47.24034],[-2.22792,47.23835],[-2.23096,47.23625],[-2.23292,47.23382],[-2.23413,47.23375],[-2.23365,47.23458],[-2.23625,47.23639],[-2.23792,47.23567],[-2.23958,47.23589],[-2.24125,47.23437],[-2.24344,47.23375],[-2.24322,47.23458],[-2.24125,47.23605],[-2.23958,47.23645],[-2.23625,47.23873],[-2.23458,47.23892],[-2.22979,47.24208],[-2.22542,47.24371],[-2.22458,47.2434]]},"properties":{"source":"emodnet_dtm_2024","level":2}},{"type":"Feature","geometry":{"type":"LineString","coordinates":[[-2.39708,47.24561],[-2.39708,47.24561]]},"properties":{"source":"emodnet_dtm_2024","level":2}},{"type":"Feature","geometry":{"type":"LineString","coordinates":[[-2.38542,47.246],[-2.38496,47.24542],[-2.38792,47.24507],[-2.38958,47.2437],[-2.39125,47.24453],[-2.39292,47.24418],[-2.39401,47.24458],[-2.39125,47.24604],[-2.39036,47.24708],[-2.38983,47.24792],[-2.39042,47.2498],[-2.38942,47.24958],[-2.38792,47.24726],[-2.38625,47.24684],[-2.38542,47.246]]},"properties":{"source":"emodnet_dtm_2024","level":2}},{"type":"Feature","geometry":{"type":"LineString","coordinates":[[-1.85042,47.24549],[-1.84375,47.24514],[-1.84375,47.24792],[-1.84489,47.25042],[-1.84792,47.25208],[-1.84958,47.25446],[-1.85208,47.25625],[-1.85486,47.25958],[-1.85625,47.26042],[-1.85958,47.26042],[-1.86042,47.26125],[-1.86042,47.26458],[-1.86458,47.26458],[-1.86875,47.26042],[-1.86667,47.25625],[-1.86375,47.25417],[-1.86042,47.25069],[-1.85625,47.25069],[-1.85292,47.24635],[-1.85042,47.24549]]},"properties":{"source":"emodnet_dtm_2024","level":2}},{"type":"Feature","geometry":{"type":"LineString","coordinates":[[-2.21625,47.25005],[-2.21572,47.24958],[-2.21625,47.24898],[-2.21679,47.24958],[-2.21625,47.25005]]},"properties":{"source":"emodnet_dtm_2024","level":2}},{"type":"Feature","geometry":{"type":"LineString","coordinates":[[-2.22292,47.25714],[-2.22292,47.2568],[-2.22375,47.25686],[-2.22292,47.25714]]},"properties":{"source":"emodnet_dtm_2024","level":2}},{"type":"Feature","geometry":{"type":"LineString","coordinates":[[-2.40625,47.26396],[-2.40625,47.2635],[-2.40708,47.26339],[-2.40751,47.26458],[-2.40708,47.26476],[-2.40625,47.26396]]},"properties":{"source":"emodnet_dtm_2024","level":2}},{"type":"Feature","geometry":{"type":"LineString","coordinates":[[-1.88208,47.26625],[-1.88125,47.26458],[-1.87917,47.26875],[-1.88125,47.27292],[-1.88542,47.27542],[-1.88958,47.27639],[-1.89125,47.27619],[-1.89243,47.27458],[-1.89256,47.27292],[-1.89177,47.27125],[-1.88958,47.26994],[-1.88542,47.26979],[-1.88375,47.26917],[-1.88208,47.26625]]},"properties":{"source":"emodnet_dtm_2024","level":2}},{"type":"Feature","geometry":{"type":"LineString","coordinates":[[-2.63292,47.26976],[-2.63292,47.26917],[-2.63292,47.26976]]},"properties":{"source":"emodnet_dtm_2024","level":2}},{"type":"Feature","geometry":{"type":"LineString","coordinates":[[-2.16292,47.26969],[-2.16292,47.26928],[-2.16292,47.26969]]},"properties":{"source":"emodnet_dtm_2024","level":2}},{"type":"Feature","geometry":{"type":"LineString","coordinates":[[-2.62958,47.27475],[-2.62958,47.27475]]},"properties":{"source":"emodnet_dtm_2024","level":2}},{"type":"Feature","geometry":{"type":"LineString","coordinates":[[-2.64542,47.28059],[-2.64542,47.27942],[-2.64542,47.28059]]},"properties":{"source":"emodnet_dtm_2024","level":2}},{"type":"Feature","geometry":{"type":"LineString","coordinates":[[-2.63542,47.28293],[-2.63542,47.28293]]},"properties":{"source":"emodnet_dtm_2024","level":2}},{"type":"Feature","geometry":{"type":"LineString","coordinates":[[-2.64625,47.28402],[-2.64576,47.28375],[-2.64611,47.28292],[-2.64787,47.28292],[-2.64792,47.28401],[-2.64625,47.28402]]},"properties":{"source":"emodnet_dtm_2024","level":2}},{"type":"Feature","geometry":{"type":"LineString","coordinates":[[-2.63792,47.28495],[-2.63749,47.28208],[-2.63875,47.2817],[-2.64006,47.28208],[-2.64001,47.28292],[-2.63803,47.28375],[-2.63909,47.28458],[-2.63875,47.28505],[-2.63792,47.28495]]},"properties":{"source":"emodnet_dtm_2024","level":2}},{"type":"Feature","geometry":{"type":"LineString","coordinates":[[-3.12875,47.28687],[-3.12855,47.28625],[-3.12958,47.28594],[-3.13042,47.28678],[-3.13792,47.28647],[-3.13958,47.28681],[-3.14208,47.28767],[-3.14375,47.29011],[-3.14542,47.29062],[-3.14625,47.29009],[-3.14792,47.29259],[-3.14958,47.29259],[-3.15042,47.29201],[-3.15208,47.29259],[-3.15625,47.29236],[-3.1575,47.29375],[-3.16542,47.29562],[-3.16708,47.29742],[-3.16792,47.29673],[-3.16875,47.29928],[-3.17292,47.3001],[-3.17625,47.29857],[-3.17875,47.29809],[-3.17958,47.29688],[-3.18042,47.29795],[-3.18125,47.29792],[-3.18292,47.29514],[-3.18708,47.29408],[-3.19375,47.29385],[-3.20125,47.2963],[-3.20292,47.2957],[-3.20375,47.29671],[-3.20625,47.29694],[-3.20792,47.29534],[-3.21042,47.29433],[-3.22292,47.2959],[-3.22708,47.29554],[-3.22792,47.2968],[-3.22958,47.29679],[-3.22926,47.29958],[-3.23042,47.30134],[-3.23125,47.30222],[-3.23542,47.30331],[-3.23725,47.30458],[-3.23893,47.30708],[-3.24208,47.30956],[-3.24458,47.31273],[-3.24552,47.31458],[-3.24528,47.31625],[-3.25019,47.31708],[-3.24958,47.31807],[-3.24542,47.32051],[-3.24458,47.31844],[-3.24343,47.32042],[-3.24474,47.32125],[-3.24278,47.32458],[-3.24259,47.32708],[-3.24375,47.32821],[-3.24875,47.33008],[-3.24958,47.32997],[-3.25208,47.33277],[-3.25254,47.33375],[-3.2511,47.33458],[-3.25208,47.33958],[-3.25458,47.34017],[-3.25596,47.33958],[-3.2561,47.33792],[-3.25411,47.33708],[-3.25458,47.3361],[-3.25625,47.33667],[-3.25792,47.3365],[-3.25838,47.33708],[-3.25728,47.33792],[-3.2559,47.34125],[-3.25741,47.34208],[-3.25708,47.34338],[-3.2581,47.34292],[-3.25737,47.34458],[-3.25823,47.34792],[-3.26341,47.35375],[-3.26217,47.35458],[-3.26191,47.35708],[-3.26003,47.35792],[-3.26129,47.35875],[-3.26005,47.36042],[-3.2599,47.36458],[-3.25773,47.37375],[-3.25542,47.3739],[-3.2536,47.37292],[-3.25292,47.37167],[-3.24988,47.37208],[-3.25066,47.37792],[-3.25132,47.37875],[-3.25068,47.37958],[-3.25214,47.38125],[-3.25064,47.38208],[-3.25063,47.38292],[-3.25189,47.38375],[-3.25085,47.38458],[-3.25042,47.38655],[-3.24792,47.38782],[-3.24708,47.38914],[-3.24625,47.38826],[-3.24316,47.38792],[-3.24082,47.38542],[-3.24042,47.38368],[-3.23542,47.38238],[-3.23458,47.38054],[-3.23375,47.38032],[-3.23292,47.38085],[-3.23042,47.37953],[-3.22875,47.38097],[-3.22792,47.38012],[-3.22625,47.37971],[-3.22542,47.37865],[-3.22375,47.38031],[-3.21875,47.37917],[-3.21792,47.37985],[-3.21729,47.37958],[-3.21787,47.37875],[-3.21694,47.37792],[-3.2169,47.37542],[-3.21625,47.37441],[-3.20958,47.37428],[-3.20625,47.37203],[-3.20542,47.37358],[-3.20458,47.37203],[-3.20375,47.37329],[-3.20292,47.37202],[-3.19958,47.37182],[-3.19708,47.37081],[-3.19493,47.36875],[-3.19458,47.36764],[-3.19208,47.36616],[-3.18875,47.36596],[-3.18708,47.36524],[-3.18292,47.36563],[-3.17958,47.36524],[-3.17831,47.36458],[-3.17792,47.36355],[-3.17375,47.36288],[-3.17208,47.36308],[-3.17042,47.36255],[-3.16792,47.36323],[-3.16458,47.36276],[-3.16042,47.36487],[-3.1601,47.36375],[-3.15697,47.36042],[-3.15625,47.35625],[-3.15375,47.35651],[-3.15306,47.35458],[-3.15208,47.3539],[-3.15156,47.34958],[-3.14884,47.34375],[-3.14792,47.3428],[-3.14625,47.34232],[-3.14542,47.34424],[-3.14504,47.34375],[-3.14587,47.34208],[-3.14429,47.33792],[-3.14458,47.33425],[-3.14375,47.33431],[-3.14125,47.332],[-3.13958,47.33174],[-3.13792,47.32966],[-3.12458,47.32937],[-3.12375,47.3291],[-3.12242,47.32542],[-3.12042,47.32479],[-3.11792,47.32577],[-3.11625,47.32451],[-3.11542,47.3253],[-3.11292,47.32539],[-3.11208,47.32603],[-3.11109,47.32375],[-3.11132,47.32125],[-3.10875,47.31951],[-3.10792,47.31946],[-3.10708,47.31791],[-3.10208,47.31781],[-3.10125,47.31706],[-3.09708,47.31701],[-3.09625,47.31624],[-3.09542,47.31625],[-3.08208,47.31782],[-3.08042,47.31735],[-3.07958,47.31772],[-3.07625,47.31762],[-3.07458,47.31841],[-3.07375,47.31773],[-3.06458,47.317],[-3.06375,47.31622],[-3.06208,47.31602],[-3.05958,47.31369],[-3.05655,47.31208],[-3.05792,47.30788],[-3.05958,47.30688],[-3.06354,47.30625],[-3.06458,47.30542],[-3.06515,47.30042],[-3.06625,47.29851],[-3.06875,47.29792],[-3.07042,47.29498],[-3.0747,47.29375],[-3.07425,47.29125],[-3.0753,47.28708],[-3.08125,47.28577],[-3.08288,47.28292],[-3.08542,47.2819],[-3.08958,47.28158],[-3.09375,47.27761],[-3.09458,47.27747],[-3.09474,47.27875],[-3.09625,47.28017],[-3.09715,47.27875],[-3.09742,47.28042],[-3.09958,47.28238],[-3.10375,47.28297],[-3.10611,47.28542],[-3.10792,47.28559],[-3.10958,47.28662],[-3.11292,47.28683],[-3.11375,47.28737],[-3.11458,47.28684],[-3.11615,47.28708],[-3.11875,47.28879],[-3.11958,47.28891],[-3.12042,47.28831],[-3.12125,47.2892],[-3.12292,47.28958],[-3.12708,47.28958],[-3.12875,47.28687]]},"properties":{"source":"emodnet_dtm_2024","level":2}},{"type":"Feature","geometry":{"type":"LineString","coordinates":[[-3.12625,47.28713],[-3.12625,47.28713]]},"properties":{"source":"emodnet_dtm_2024","level":2}},{"type":"Feature","geometry":{"type":"LineString","coordinates":[[-2.64125,47.2871],[-2.64097,47.28375],[-2.64208,47.28224],[-2.64311,47.28292],[-2.64324,47.28375],[-2.64148,47.28542],[-2.64211,47.28708],[-2.64125,47.2871]]},"properties":{"source":"emodnet_dtm_2024","level":2}},{"type":"Feature","geometry":{"type":"LineString","coordinates":[[-2.45625,47.28708],[-2.46042,47.28792],[-2.46458,47.2875],[-2.46875,47.2875],[-2.46944,47.28792],[-2.47431,47.29375],[-2.47445,47.29458],[-2.47292,47.29477],[-2.47234,47.29542],[-2.47394,47.29625],[-2.47629,47.29958],[-2.47875,47.3008],[-2.47986,47.30208],[-2.47847,47.30708],[-2.47625,47.30744],[-2.47542,47.3067],[-2.47458,47.30747],[-2.47292,47.3075],[-2.47159,47.30875],[-2.47165,47.31125],[-2.47411,47.31458],[-2.47396,47.31875],[-2.47292,47.32083],[-2.46958,47.31801],[-2.46375,47.31701],[-2.46181,47.31458],[-2.45781,47.31292],[-2.45625,47.31042],[-2.45398,47.30958],[-2.45292,47.30764],[-2.45208,47.30208],[-2.45,47.30125],[-2.44861,47.29792],[-2.44549,47.29625],[-2.44491,47.29542],[-2.44444,47.29375],[-2.44542,47.29132],[-2.44896,47.28958],[-2.45042,47.28715],[-2.45208,47.28646],[-2.45625,47.28708]]},"properties":{"source":"emodnet_dtm_2024","level":2}},{"type":"Feature","geometry":{"type":"LineString","coordinates":[[-2.63458,47.28885],[-2.6339,47.28792],[-2.63458,47.28741],[-2.63513,47.28792],[-2.63458,47.28885]]},"properties":{"source":"emodnet_dtm_2024","level":2}},{"type":"Feature","geometry":{"type":"LineString","coordinates":[[-2.17875,47.28957],[-2.17875,47.28644],[-2.18042,47.28601],[-2.18258,47.28792],[-2.18103,47.28958],[-2.17958,47.28995],[-2.17875,47.28957]]},"properties":{"source":"emodnet_dtm_2024","level":2}},{"type":"Feature","geometry":{"type":"LineString","coordinates":[[-2.63792,47.28972],[-2.63792,47.28906],[-2.63875,47.28881],[-2.63943,47.28958],[-2.63875,47.29036],[-2.63792,47.28972]]},"properties":{"source":"emodnet_dtm_2024","level":2}},{"type":"Feature","geometry":{"type":"LineString","coordinates":[[-2.43292,47.29067],[-2.43125,47.28958],[-2.42125,47.28958],[-2.42083,47.29792],[-2.42153,47.30208],[-2.42292,47.30313],[-2.42708,47.30069],[-2.43208,47.30035],[-2.43469,47.29708],[-2.43798,47.29542],[-2.43875,47.29375],[-2.43792,47.29252],[-2.43292,47.29067]]},"properties":{"source":"emodnet_dtm_2024","level":2}},{"type":"Feature","geometry":{"type":"LineString","coordinates":[[-2.63458,47.29199],[-2.63403,47.29125],[-2.63542,47.2908],[-2.6361,47.29125],[-2.63458,47.29199]]},"properties":{"source":"emodnet_dtm_2024","level":2}},{"type":"Feature","geometry":{"type":"LineString","coordinates":[[-3.19708,47.29265],[-3.19659,47.29208],[-3.19708,47.2915],[-3.19812,47.29208],[-3.19708,47.29265]]},"properties":{"source":"emodnet_dtm_2024","level":2}},{"type":"Feature","geometry":{"type":"LineString","coordinates":[[-2.62958,47.29627],[-2.6314,47.29458],[-2.63292,47.29173],[-2.63375,47.29292],[-2.63458,47.2921],[-2.63542,47.29236],[-2.63582,47.29375],[-2.6352,47.29625],[-2.63691,47.29875],[-2.63608,47.29958],[-2.63375,47.30009],[-2.63292,47.29979],[-2.63125,47.29713],[-2.62958,47.29627]]},"properties":{"source":"emodnet_dtm_2024","level":2}},{"type":"Feature","geometry":{"type":"LineString","coordinates":[[-2.23208,47.30292],[-2.23125,47.30208],[-2.22708,47.30208],[-2.22292,47.30625],[-2.22708,47.31042],[-2.22292,47.3125],[-2.21875,47.3125],[-2.21792,47.31208],[-2.21792,47.31125],[-2.20625,47.31125],[-2.20625,47.31458],[-2.21875,47.31458],[-2.22411,47.32042],[-2.225,47.32292],[-2.22396,47.32375],[-2.22292,47.32431],[-2.21875,47.32431],[-2.21458,47.32083],[-2.21042,47.32083],[-2.20542,47.31875],[-2.20542,47.31542],[-2.20208,47.31542],[-2.20208,47.31875],[-2.20042,47.31875],[-2.2,47.32292],[-2.19875,47.32448],[-2.18958,47.32708],[-2.18958,47.33125],[-2.18125,47.33542],[-2.18542,47.33958],[-2.18542,47.34375],[-2.18403,47.34792],[-2.18708,47.35139],[-2.1881,47.35375],[-2.18854,47.35625],[-2.1875,47.36042],[-2.19236,47.36292],[-2.19687,47.36708],[-2.19792,47.36875],[-2.19792,47.37292],[-2.20125,47.37292],[-2.20125,47.36958],[-2.20292,47.36875],[-2.20625,47.36875],[-2.21042,47.36667],[-2.21375,47.36667],[-2.21458,47.36708],[-2.21458,47.36875],[-2.21696,47.37042],[-2.21875,47.37292],[-2.21667,47.37708],[-2.21667,47.38125],[-2.21125,47.38125],[-2.21042,47.38203],[-2.20625,47.38208],[-2.20625,47.38542],[-2.20958,47.38542],[-2.21042,47.38625],[-2.21042,47.39375],[-2.20958,47.39458],[-2.20208,47.39458],[-2.20208,47.39792],[-2.19792,47.4],[-2.19375,47.4],[-2.19292,47.39958],[-2.19292,47.39875],[-2.18958,47.39875],[-2.18958,47.40208],[-2.18875,47.40292],[-2.17708,47.40292],[-2.17708,47.40625],[-2.17875,47.40625],[-2.17917,47.41042],[-2.18292,47.41354],[-2.18333,47.41458],[-2.18125,47.41875],[-2.18403,47.42042],[-2.18542,47.42292],[-2.19375,47.41875],[-2.19708,47.41875],[-2.19792,47.41958],[-2.19792,47.42292],[-2.20125,47.42292],[-2.20208,47.42375],[-2.20208,47.43125],[-2.20625,47.43333],[-2.20958,47.43194],[-2.21458,47.42708],[-2.23042,47.42708],[-2.23042,47.42375],[-2.22708,47.42375],[-2.22708,47.41875],[-2.22292,47.41458],[-2.22208,47.41458],[-2.22208,47.41125],[-2.22458,47.40923],[-2.22958,47.40744],[-2.23125,47.40625],[-2.23458,47.40625],[-2.23542,47.40708],[-2.23542,47.41042],[-2.23875,47.41042],[-2.23958,47.41125],[-2.23958,47.41458],[-2.24708,47.41458],[-2.24792,47.41542],[-2.24792,47.41875],[-2.25958,47.41875],[-2.26042,47.41958],[-2.26042,47.42708],[-2.26792,47.42708],[-2.26792,47.42375],[-2.26458,47.42375],[-2.26375,47.42292],[-2.26375,47.41542],[-2.26458,47.41458],[-2.27208,47.41458],[-2.27208,47.40708],[-2.27292,47.40625],[-2.28125,47.40625],[-2.28458,47.40255],[-2.28542,47.40208],[-2.2875,47.40208],[-2.2875,47.39792],[-2.28958,47.39375],[-2.28958,47.38542],[-2.29292,47.38542],[-2.29292,47.38208],[-2.29792,47.37708],[-2.29917,47.37458],[-2.30125,47.37375],[-2.30625,47.37292],[-2.31458,47.36875],[-2.31273,47.36708],[-2.31181,47.36458],[-2.31292,47.35923],[-2.31597,47.35625],[-2.31667,47.34792],[-2.31597,47.34375],[-2.31292,47.34028],[-2.31042,47.33542],[-2.30625,47.33438],[-2.30208,47.33472],[-2.3,47.33542],[-2.29375,47.34792],[-2.28875,47.3476],[-2.28625,47.34554],[-2.28458,47.34236],[-2.28403,47.33958],[-2.28125,47.33681],[-2.27625,47.33542],[-2.27625,47.33208],[-2.27917,47.32708],[-2.27875,47.3267],[-2.27708,47.32569],[-2.27292,47.32708],[-2.27292,47.32774],[-2.27208,47.32708],[-2.26042,47.32708],[-2.25863,47.32458],[-2.25833,47.31875],[-2.25208,47.31736],[-2.25069,47.31792],[-2.24792,47.32083],[-2.24542,47.31994],[-2.2392,47.31625],[-2.23704,47.31208],[-2.23542,47.30625],[-2.23208,47.30292]]},"properties":{"source":"emodnet_dtm_2024","level":2}},{"type":"Feature","geometry":{"type":"LineString","coordinates":[[-3.24208,47.30484],[-3.24208,47.30434],[-3.24286,47.30458],[-3.24208,47.30484]]},"properties":{"source":"emodnet_dtm_2024","level":2}},{"type":"Feature","geometry":{"type":"LineString","coordinates":[[-3.24208,47.30758],[-3.24163,47.30708],[-3.24289,47.30625],[-3.24292,47.305],[-3.24302,47.30708],[-3.24208,47.30758]]},"properties":{"source":"emodnet_dtm_2024","level":2}},{"type":"Feature","geometry":{"type":"LineString","coordinates":[[-3.25042,47.31231],[-3.25042,47.31187],[-3.25149,47.31208],[-3.25042,47.31231]]},"properties":{"source":"emodnet_dtm_2024","level":2}},{"type":"Feature","geometry":{"type":"LineString","coordinates":[[-3.24958,47.31579],[-3.24958,47.31505],[-3.25042,47.31517],[-3.2512,47.31458],[-3.25125,47.31364],[-3.25233,47.31542],[-3.25125,47.31572],[-3.25042,47.31683],[-3.24958,47.31579]]},"properties":{"source":"emodnet_dtm_2024","level":2}},{"type":"Feature","geometry":{"type":"LineString","coordinates":[[-2.87542,47.32447],[-2.87542,47.32348],[-2.87659,47.32458],[-2.87625,47.32498],[-2.87542,47.32447]]},"properties":{"source":"emodnet_dtm_2024","level":2}},{"type":"Feature","geometry":{"type":"LineString","coordinates":[[-2.83542,47.32478],[-2.83542,47.32422],[-2.83625,47.32419],[-2.83625,47.32475],[-2.83542,47.32478]]},"properties":{"source":"emodnet_dtm_2024","level":2}},{"type":"Feature","geometry":{"type":"LineString","coordinates":[[-2.82875,47.32494],[-2.82837,47.32458],[-2.82958,47.32383],[-2.83125,47.32062],[-2.83292,47.32056],[-2.83375,47.32172],[-2.83504,47.32208],[-2.83504,47.32292],[-2.83332,47.32458],[-2.83458,47.32573],[-2.83708,47.32561],[-2.83751,47.32708],[-2.83625,47.32841],[-2.83542,47.32834],[-2.83208,47.32607],[-2.83042,47.32569],[-2.82958,47.32481],[-2.82875,47.32494]]},"properties":{"source":"emodnet_dtm_2024","level":2}},{"type":"Feature","geometry":{"type":"LineString","coordinates":[[-2.84958,47.32556],[-2.84958,47.32517],[-2.84958,47.32556]]},"properties":{"source":"emodnet_dtm_2024","level":2}},{"type":"Feature","geometry":{"type":"LineString","coordinates":[[-2.87458,47.32659],[-2.87458,47.32598],[-2.87458,47.32659]]},"properties":{"source":"emodnet_dtm_2024","level":2}},{"type":"Feature","geometry":{"type":"LineString","coordinates":[[-3.12208,47.32995],[-3.12208,47.32932],[-3.1228,47.32958],[-3.12208,47.32995]]},"properties":{"source":"emodnet_dtm_2024","level":2}},{"type":"Feature","geometry":{"type":"LineString","coordinates":[[-2.85958,47.33053],[-2.85958,47.32922],[-2.86125,47.3291],[-2.86182,47.32958],[-2.86125,47.33112],[-2.86042,47.33123],[-2.85958,47.33053]]},"properties":{"source":"emodnet_dtm_2024","level":2}},{"type":"Feature","geometry":{"type":"LineString","coordinates":[[-2.84375,47.33245],[-2.84324,47.33208],[-2.84375,47.33163],[-2.84542,47.33117],[-2.84671,47.33292],[-2.84375,47.33464],[-2.8424,47.33375],[-2.84292,47.33324],[-2.84458,47.33346],[-2.84507,47.33292],[-2.84375,47.33245]]},"properties":{"source":"emodnet_dtm_2024","level":2}},{"type":"Feature","geometry":{"type":"LineString","coordinates":[[-2.83875,47.33288],[-2.83875,47.33164],[-2.84114,47.33292],[-2.83958,47.33404],[-2.83876,47.33375],[-2.83875,47.33288]]},"properties":{"source":"emodnet_dtm_2024","level":2}},{"type":"Feature","geometry":{"type":"LineString","coordinates":[[-2.85875,47.33573],[-2.85875,47.33296],[-2.86121,47.33292],[-2.86208,47.33232],[-2.86375,47.33306],[-2.86542,47.333],[-2.86792,47.33427],[-2.8706,47.33292],[-2.87292,47.32946],[-2.87625,47.32946],[-2.8783,47.33042],[-2.87875,47.33116],[-2.87958,47.33103],[-2.88042,47.32898],[-2.88292,47.32683],[-2.88318,47.32958],[-2.88458,47.33133],[-2.88625,47.33218],[-2.88646,47.33125],[-2.88875,47.33052],[-2.89006,47.33125],[-2.88965,47.33375],[-2.89208,47.33566],[-2.89367,47.33792],[-2.89292,47.33928],[-2.89042,47.34012],[-2.88976,47.34125],[-2.89125,47.34178],[-2.8923,47.34292],[-2.89177,47.34458],[-2.89257,47.34625],[-2.89214,47.34792],[-2.89125,47.34866],[-2.89042,47.34837],[-2.88375,47.34254],[-2.88292,47.34239],[-2.88254,47.34375],[-2.88125,47.34425],[-2.8808,47.34292],[-2.88125,47.34224],[-2.88252,47.34208],[-2.87708,47.34154],[-2.87292,47.34167],[-2.86875,47.34597],[-2.86458,47.34708],[-2.86375,47.34681],[-2.86125,47.3451],[-2.85956,47.34208],[-2.86064,47.34208],[-2.86051,47.34042],[-2.86158,47.33958],[-2.86152,47.33708],[-2.85984,47.33625],[-2.85958,47.33439],[-2.85875,47.33573]]},"properties":{"source":"emodnet_dtm_2024","level":2}},{"type":"Feature","geometry":{"type":"LineString","coordinates":[[-2.90708,47.3371],[-2.90705,47.33542],[-2.90875,47.33414],[-2.90992,47.33542],[-2.9096,47.33708],[-2.90875,47.33757],[-2.90708,47.3371]]},"properties":{"source":"emodnet_dtm_2024","level":2}},{"type":"Feature","geometry":{"type":"LineString","coordinates":[[-2.10708,47.33773],[-2.10625,47.33681],[-2.10208,47.33958],[-2.10625,47.34042],[-2.10764,47.33958],[-2.10708,47.33773]]},"properties":{"source":"emodnet_dtm_2024","level":2}},{"type":"Feature","geometry":{"type":"LineString","coordinates":[[-2.91375,47.33809],[-2.91375,47.33676],[-2.91625,47.33677],[-2.91625,47.33728],[-2.91375,47.33809]]},"properties":{"source":"emodnet_dtm_2024","level":2}},{"type":"Feature","geometry":{"type":"LineString","coordinates":[[-2.90375,47.34444],[-2.90329,47.34375],[-2.90379,47.34292],[-2.90458,47.34242],[-2.90708,47.3422],[-2.90792,47.34239],[-2.91008,47.34542],[-2.90875,47.34631],[-2.90375,47.34444]]},"properties":{"source":"emodnet_dtm_2024","level":2}},{"type":"Feature","geometry":{"type":"LineString","coordinates":[[-2.87458,47.34398],[-2.87376,47.34375],[-2.87376,47.34292],[-2.87458,47.34238],[-2.87458,47.34398]]},"properties":{"source":"emodnet_dtm_2024","level":2}},{"type":"Feature","geometry":{"type":"LineString","coordinates":[[-2.88458,47.34483],[-2.88458,47.3442],[-2.88458,47.34483]]},"properties":{"source":"emodnet_dtm_2024","level":2}},{"type":"Feature","geometry":{"type":"LineString","coordinates":[[-2.94458,47.34668],[-2.94381,47.34542],[-2.94542,47.34461],[-2.94609,47.34542],[-2.94542,47.34729],[-2.94458,47.34668]]},"properties":{"source":"emodnet_dtm_2024","level":2}},{"type":"Feature","geometry":{"type":"LineString","coordinates":[[-2.87125,47.34663],[-2.87051,47.34625],[-2.87125,47.34525],[-2.87178,47.34625],[-2.87125,47.34663]]},"properties":{"source":"emodnet_dtm_2024","level":2}},{"type":"Feature","geometry":{"type":"LineString","coordinates":[[-2.84875,47.34637],[-2.84863,47.34458],[-2.84958,47.3437],[-2.85058,47.34542],[-2.84958,47.34689],[-2.84875,47.34637]]},"properties":{"source":"emodnet_dtm_2024","level":2}},{"type":"Feature","geometry":{"type":"LineString","coordinates":[[-2.94125,47.34792],[-2.94056,47.34708],[-2.94103,47.34625],[-2.94044,47.34458],[-2.94125,47.34383],[-2.94196,47.34542],[-2.94195,47.34708],[-2.94125,47.34792]]},"properties":{"source":"emodnet_dtm_2024","level":2}},{"type":"Feature","geometry":{"type":"LineString","coordinates":[[-2.03958,47.34792],[-2.03875,47.34792],[-2.03875,47.34458],[-2.03125,47.34458],[-2.03125,47.34792],[-2.03458,47.34792],[-2.03542,47.34875],[-2.03542,47.35208],[-2.03958,47.35625],[-2.04306,47.35625],[-2.04375,47.35542],[-2.04375,47.35208],[-2.03958,47.34792]]},"properties":{"source":"emodnet_dtm_2024","level":2}},{"type":"Feature","geometry":{"type":"LineString","coordinates":[[-2.89792,47.34889],[-2.89799,47.34792],[-2.89875,47.34761],[-2.89923,47.34875],[-2.89875,47.34916],[-2.89792,47.34889]]},"properties":{"source":"emodnet_dtm_2024","level":2}},{"type":"Feature","geometry":{"type":"LineString","coordinates":[[-2.90792,47.34972],[-2.90776,47.34875],[-2.90875,47.34939],[-2.90958,47.34799],[-2.91041,47.34875],[-2.90958,47.34959],[-2.90792,47.34972]]},"properties":{"source":"emodnet_dtm_2024","level":2}},{"type":"Feature","geometry":{"type":"LineString","coordinates":[[-2.86375,47.35015],[-2.86299,47.34958],[-2.86458,47.34916],[-2.86625,47.34941],[-2.86717,47.34875],[-2.86708,47.34978],[-2.86575,47.35042],[-2.86375,47.35015]]},"properties":{"source":"emodnet_dtm_2024","level":2}},{"type":"Feature","geometry":{"type":"LineString","coordinates":[[-2.91125,47.35217],[-2.91208,47.35171],[-2.91208,47.35322],[-2.91125,47.35217]]},"properties":{"source":"emodnet_dtm_2024","level":2}},{"type":"Feature","geometry":{"type":"LineString","coordinates":[[-2.96208,47.35317],[-2.96125,47.3526],[-2.96042,47.35357],[-2.95925,47.35292],[-2.95958,47.35133],[-2.96078,47.35125],[-2.96125,47.3518],[-2.96208,47.35082],[-2.96265,47.35208],[-2.96208,47.35317]]},"properties":{"source":"emodnet_dtm_2024","level":2}},{"type":"Feature","geometry":{"type":"LineString","coordinates":[[-2.96708,47.35485],[-2.96708,47.35377],[-2.96708,47.35485]]},"properties":{"source":"emodnet_dtm_2024","level":2}},{"type":"Feature","geometry":{"type":"LineString","coordinates":[[-2.07042,47.35469],[-2.06875,47.35417],[-2.06458,47.35625],[-2.06458,47.35685],[-2.06042,47.35708],[-2.06042,47.36042],[-2.06875,47.36042],[-2.07292,47.35625],[-2.07042,47.35469]]},"properties":{"source":"emodnet_dtm_2024","level":2}},{"type":"Feature","geometry":{"type":"LineString","coordinates":[[-2.97292,47.35758],[-2.97292,47.35668],[-2.97377,47.35708],[-2.97292,47.35758]]},"properties":{"source":"emodnet_dtm_2024","level":2}},{"type":"Feature","geometry":{"type":"LineString","coordinates":[[-2.97042,47.3589],[-2.97125,47.35838],[-2.97185,47.35875],[-2.97125,47.35958],[-2.97042,47.3589]]},"properties":{"source":"emodnet_dtm_2024","level":2}},{"type":"Feature","geometry":{"type":"LineString","coordinates":[[-3.26458,47.3605],[-3.26458,47.35945],[-3.26458,47.3605]]},"properties":{"source":"emodnet_dtm_2024","level":2}},{"type":"Feature","geometry":{"type":"LineString","coordinates":[[-2.16042,47.36125],[-2.15958,47.36042],[-2.15958,47.34458],[-2.14375,47.34458],[-2.14375,47.35208],[-2.15125,47.35208],[-2.15208,47.35292],[-2.15208,47.36042],[-2.15125,47.36125],[-2.14375,47.36125],[-2.14375,47.36458],[-2.14708,47.36458],[-2.14792,47.36542],[-2.14792,47.36875],[-2.15542,47.36875],[-2.15542,47.36542],[-2.15625,47.36458],[-2.16375,47.36458],[-2.16375,47.36125],[-2.16042,47.36125]]},"properties":{"source":"emodnet_dtm_2024","level":2}},{"type":"Feature","geometry":{"type":"LineString","coordinates":[[-3.26208,47.36452],[-3.26153,47.36292],[-3.26208,47.36243],[-3.26253,47.36292],[-3.26208,47.36452]]},"properties":{"source":"emodnet_dtm_2024","level":2}},{"type":"Feature","geometry":{"type":"LineString","coordinates":[[-3.26375,47.36717],[-3.26375,47.36717]]},"properties":{"source":"emodnet_dtm_2024","level":2}},{"type":"Feature","geometry":{"type":"LineString","coordinates":[[-2.92042,47.36887],[-2.92014,47.36792],[-2.92125,47.36764],[-2.92157,47.36875],[-2.92042,47.36887]]},"properties":{"source":"emodnet_dtm_2024","level":2}},{"type":"Feature","geometry":{"type":"LineString","coordinates":[[-2.92458,47.37006],[-2.92387,47.36958],[-2.92458,47.369],[-2.92458,47.37006]]},"properties":{"source":"emodnet_dtm_2024","level":2}},{"type":"Feature","geometry":{"type":"LineString","coordinates":[[-3.26292,47.37154],[-3.26292,47.371],[-3.26292,47.37154]]},"properties":{"source":"emodnet_dtm_2024","level":2}},{"type":"Feature","geometry":{"type":"LineString","coordinates":[[-2.95792,47.37206],[-2.95789,47.37125],[-2.95875,47.37117],[-2.95902,47.37208],[-2.95792,47.37316],[-2.95792,47.37206]]},"properties":{"source":"emodnet_dtm_2024","level":2}},{"type":"Feature","geometry":{"type":"LineString","coordinates":[[-2.94375,47.37152],[-2.94625,47.36887],[-2.94708,47.36877],[-2.94792,47.37022],[-2.94958,47.37049],[-2.95037,47.37125],[-2.94998,47.37375],[-2.9516,47.37458],[-2.95208,47.37554],[-2.95458,47.3759],[-2.95556,47.37542],[-2.95677,47.37708],[-2.95648,47.37792],[-2.95708,47.37804],[-2.95775,47.37542],[-2.95938,47.37625],[-2.95938,47.37792],[-2.95708,47.37948],[-2.95594,47.37958],[-2.95565,47.38125],[-2.96042,47.38319],[-2.96292,47.38229],[-2.96375,47.38323],[-2.96958,47.38349],[-2.97292,47.38663],[-2.97625,47.38756],[-2.97688,47.38708],[-2.97577,47.38625],[-2.97625,47.38571],[-2.97757,47.38708],[-2.97733,47.38792],[-2.97847,47.38958],[-2.98255,47.39208],[-2.9852,47.39458],[-2.98875,47.39413],[-2.98958,47.39268],[-2.99208,47.39276],[-2.99375,47.39337],[-2.99421,47.39375],[-2.99273,47.39542],[-2.9929,47.39792],[-2.99187,47.39958],[-2.98958,47.40055],[-2.98708,47.40008],[-2.98625,47.39944],[-2.98458,47.39941],[-2.98375,47.39988],[-2.98125,47.39673],[-2.97625,47.39679],[-2.97542,47.39774],[-2.97375,47.39531],[-2.96792,47.39436],[-2.96708,47.39288],[-2.96542,47.39352],[-2.96458,47.39301],[-2.96375,47.39352],[-2.96292,47.39288],[-2.96208,47.39523],[-2.96042,47.3952],[-2.95958,47.39449],[-2.95875,47.39451],[-2.95792,47.39289],[-2.95708,47.39375],[-2.95458,47.39255],[-2.95375,47.39132],[-2.94977,47.39125],[-2.94875,47.38958],[-2.94882,47.38792],[-2.94958,47.38663],[-2.95139,47.38542],[-2.95126,47.38208],[-2.95042,47.38141],[-2.94958,47.38198],[-2.94875,47.38034],[-2.94792,47.38031],[-2.94737,47.37958],[-2.94562,47.37625],[-2.94546,47.37375],[-2.94623,47.37208],[-2.94375,47.37152]]},"properties":{"source":"emodnet_dtm_2024","level":2}},{"type":"Feature","geometry":{"type":"LineString","coordinates":[[-2.92208,47.37244],[-2.92257,47.37125],[-2.92375,47.37057],[-2.92437,47.37125],[-2.92375,47.37282],[-2.92292,47.37311],[-2.92208,47.37244]]},"properties":{"source":"emodnet_dtm_2024","level":2}},{"type":"Feature","geometry":{"type":"LineString","coordinates":[[-3.25958,47.37395],[-3.25958,47.37348],[-3.25958,47.37395]]},"properties":{"source":"emodnet_dtm_2024","level":2}},{"type":"Feature","geometry":{"type":"LineString","coordinates":[[-3.25542,47.37717],[-3.25542,47.37616],[-3.25542,47.37717]]},"properties":{"source":"emodnet_dtm_2024","level":2}},{"type":"Feature","geometry":{"type":"LineString","coordinates":[[-2.91958,47.37881],[-2.91958,47.37881]]},"properties":{"source":"emodnet_dtm_2024","level":2}},{"type":"Feature","geometry":{"type":"LineString","coordinates":[[-2.91625,47.38028],[-2.91558,47.37958],[-2.91625,47.3791],[-2.91677,47.37958],[-2.91625,47.38028]]},"properties":{"source":"emodnet_dtm_2024","level":2}},{"type":"Feature","geometry":{"type":"LineString","coordinates":[[-2.15625,47.38208],[-2.15542,47.38125],[-2.15542,47.37792],[-2.13958,47.37792],[-2.13958,47.38125],[-2.14708,47.38125],[-2.14792,47.38208],[-2.14792,47.38542],[-2.15125,47.38542],[-2.15208,47.38625],[-2.15208,47.38958],[-2.15542,47.38958],[-2.15625,47.39042],[-2.15625,47.39375],[-2.17208,47.39375],[-2.17292,47.39458],[-2.17292,47.40208],[-2.17625,47.40208],[-2.17625,47.39042],[-2.17708,47.38958],[-2.18875,47.38958],[-2.18875,47.38625],[-2.17292,47.38625],[-2.17208,47.38542],[-2.17208,47.37792],[-2.16875,47.37792],[-2.16875,47.38125],[-2.16792,47.38208],[-2.15625,47.38208]]},"properties":{"source":"emodnet_dtm_2024","level":2}},{"type":"Feature","geometry":{"type":"LineString","coordinates":[[-2.93792,47.38836],[-2.93792,47.3875],[-2.93962,47.38875],[-2.94051,47.39042],[-2.93792,47.39083],[-2.93732,47.39042],[-2.93825,47.38958],[-2.93792,47.38836]]},"properties":{"source":"emodnet_dtm_2024","level":2}},{"type":"Feature","geometry":{"type":"LineString","coordinates":[[-2.55375,47.38878],[-2.55297,47.38792],[-2.55355,47.38708],[-2.55542,47.38663],[-2.55638,47.38792],[-2.55458,47.38935],[-2.55375,47.38878]]},"properties":{"source":"emodnet_dtm_2024","level":2}},{"type":"Feature","geometry":{"type":"LineString","coordinates":[[-3.25375,47.3899],[-3.25375,47.38854],[-3.25375,47.3899]]},"properties":{"source":"emodnet_dtm_2024","level":2}},{"type":"Feature","geometry":{"type":"LineString","coordinates":[[-3.25208,47.39219],[-3.25208,47.39219]]},"properties":{"source":"emodnet_dtm_2024","level":2}},{"type":"Feature","geometry":{"type":"LineString","coordinates":[[-2.54792,47.39231],[-2.54792,47.39161],[-2.54875,47.39136],[-2.54875,47.39247],[-2.54792,47.39231]]},"properties":{"source":"emodnet_dtm_2024","level":2}},{"type":"Feature","geometry":{"type":"LineString","coordinates":[[-2.94708,47.39294],[-2.94792,47.39162],[-2.94875,47.3915],[-2.94942,47.39208],[-2.94875,47.39321],[-2.94708,47.39294]]},"properties":{"source":"emodnet_dtm_2024","level":2}},{"type":"Feature","geometry":{"type":"LineString","coordinates":[[-3.00458,47.39472],[-3.00458,47.39399],[-3.00458,47.39472]]},"properties":{"source":"emodnet_dtm_2024","level":2}},{"type":"Feature","geometry":{"type":"LineString","coordinates":[[-2.99958,47.39471],[-2.99958,47.3934],[-3.00122,47.39375],[-3.00125,47.39465],[-2.99958,47.39471]]},"properties":{"source":"emodnet_dtm_2024","level":2}},{"type":"Feature","geometry":{"type":"LineString","coordinates":[[-2.94125,47.39701],[-2.94045,47.39625],[-2.94057,47.39542],[-2.94247,47.39458],[-2.94375,47.39219],[-2.945,47.39375],[-2.94282,47.39542],[-2.94292,47.39741],[-2.94208,47.39767],[-2.94125,47.39701]]},"properties":{"source":"emodnet_dtm_2024","level":2}},{"type":"Feature","geometry":{"type":"LineString","coordinates":[[-2.51875,47.39892],[-2.51875,47.39892]]},"properties":{"source":"emodnet_dtm_2024","level":2}},{"type":"Feature","geometry":{"type":"LineString","coordinates":[[-2.99542,47.39992],[-2.99462,47.39958],[-2.99542,47.39915],[-2.99958,47.39808],[-2.99958,47.39914],[-2.99625,47.40063],[-2.99542,47.39992]]},"properties":{"source":"emodnet_dtm_2024","level":2}},{"type":"Feature","geometry":{"type":"LineString","coordinates":[[-2.99375,47.4029],[-2.99304,47.40125],[-2.99375,47.39997],[-2.99521,47.40125],[-2.9953,47.40208],[-2.99458,47.40325],[-2.99375,47.4029]]},"properties":{"source":"emodnet_dtm_2024","level":2}},{"type":"Feature","geometry":{"type":"LineString","coordinates":[[-2.99542,47.4041],[-2.99542,47.40328],[-2.99542,47.4041]]},"properties":{"source":"emodnet_dtm_2024","level":2}},{"type":"Feature","geometry":{"type":"LineString","coordinates":[[-2.94958,47.40378],[-2.94958,47.40378]]},"properties":{"source":"emodnet_dtm_2024","level":2}},{"type":"Feature","geometry":{"type":"LineString","coordinates":[[-2.99625,47.40624],[-2.99571,47.40542],[-2.99625,47.4042],[-2.99741,47.40458],[-2.99625,47.40624]]},"properties":{"source":"emodnet_dtm_2024","level":2}},{"type":"Feature","geometry":{"type":"LineString","coordinates":[[-3.00542,47.40926],[-3.00469,47.40875],[-3.00542,47.40789],[-3.00681,47.40875],[-3.00542,47.40926]]},"properties":{"source":"emodnet_dtm_2024","level":2}},{"type":"Feature","geometry":{"type":"LineString","coordinates":[[-3.01625,47.41111],[-3.01544,47.41042],[-3.01625,47.4092],[-3.01686,47.41042],[-3.01625,47.41111]]},"properties":{"source":"emodnet_dtm_2024","level":2}},{"type":"Feature","geometry":{"type":"LineString","coordinates":[[-2.62208,47.41064],[-2.62292,47.4099],[-2.62384,47.41042],[-2.62292,47.41201],[-2.62208,47.41064]]},"properties":{"source":"emodnet_dtm_2024","level":2}},{"type":"Feature","geometry":{"type":"LineString","coordinates":[[-2.61208,47.41065],[-2.61208,47.40949],[-2.61292,47.40976],[-2.61542,47.40912],[-2.61542,47.41236],[-2.61208,47.41065]]},"properties":{"source":"emodnet_dtm_2024","level":2}},{"type":"Feature","geometry":{"type":"LineString","coordinates":[[-3.01458,47.41181],[-3.01399,47.41042],[-3.01458,47.41014],[-3.01528,47.41042],[-3.01458,47.41181]]},"properties":{"source":"emodnet_dtm_2024","level":2}},{"type":"Feature","geometry":{"type":"LineString","coordinates":[[-3.00708,47.41212],[-3.00792,47.41061],[-3.00973,47.41208],[-3.00792,47.41278],[-3.00708,47.41212]]},"properties":{"source":"emodnet_dtm_2024","level":2}},{"type":"Feature","geometry":{"type":"LineString","coordinates":[[-2.62625,47.41253],[-2.62551,47.41208],[-2.62625,47.41183],[-2.62625,47.41253]]},"properties":{"source":"emodnet_dtm_2024","level":2}},{"type":"Feature","geometry":{"type":"LineString","coordinates":[[-3.02542,47.41314],[-3.02497,47.41208],[-3.02542,47.4119],[-3.02542,47.41314]]},"properties":{"source":"emodnet_dtm_2024","level":2}},{"type":"Feature","geometry":{"type":"LineString","coordinates":[[-3.01792,47.41321],[-3.01727,47.41208],[-3.01792,47.41151],[-3.01849,47.41208],[-3.01792,47.41321]]},"properties":{"source":"emodnet_dtm_2024","level":2}},{"type":"Feature","geometry":{"type":"LineString","coordinates":[[-3.01625,47.4132],[-3.01625,47.41255],[-3.01625,47.4132]]},"properties":{"source":"emodnet_dtm_2024","level":2}},{"type":"Feature","geometry":{"type":"LineString","coordinates":[[-3.01875,47.41426],[-3.01875,47.41329],[-3.01958,47.41341],[-3.02042,47.41237],[-3.02125,47.41256],[-3.01958,47.41783],[-3.01792,47.41795],[-3.01708,47.41733],[-3.01625,47.41826],[-3.01374,47.41792],[-3.01329,47.41708],[-3.01458,47.41439],[-3.01542,47.41417],[-3.0159,47.41458],[-3.01708,47.41702],[-3.01901,47.41542],[-3.01875,47.41426]]},"properties":{"source":"emodnet_dtm_2024","level":2}},{"type":"Feature","geometry":{"type":"LineString","coordinates":[[-3.01208,47.41425],[-3.01208,47.41272],[-3.01208,47.41425]]},"properties":{"source":"emodnet_dtm_2024","level":2}},{"type":"Feature","geometry":{"type":"LineString","coordinates":[[-2.62292,47.41504],[-2.62292,47.41345],[-2.62357,47.41458],[-2.62292,47.41504]]},"properties":{"source":"emodnet_dtm_2024","level":2}},{"type":"Feature","geometry":{"type":"LineString","coordinates":[[-3.02542,47.41578],[-3.02542,47.4147],[-3.02542,47.41578]]},"properties":{"source":"emodnet_dtm_2024","level":2}},{"type":"Feature","geometry":{"type":"LineString","coordinates":[[-3.02542,47.41743],[-3.02505,47.41708],[-3.02625,47.41668],[-3.02792,47.41664],[-3.02868,47.41708],[-3.02903,47.41875],[-3.02792,47.42025],[-3.02708,47.42014],[-3.02653,47.41792],[-3.02542,47.41743]]},"properties":{"source":"emodnet_dtm_2024","level":2}},{"type":"Feature","geometry":{"type":"LineString","coordinates":[[-3.02292,47.41746],[-3.02375,47.41648],[-3.02426,47.41708],[-3.02375,47.41786],[-3.02292,47.41746]]},"properties":{"source":"emodnet_dtm_2024","level":2}},{"type":"Feature","geometry":{"type":"LineString","coordinates":[[-3.01208,47.41818],[-3.01208,47.4177],[-3.01208,47.41818]]},"properties":{"source":"emodnet_dtm_2024","level":2}},{"type":"Feature","geometry":{"type":"LineString","coordinates":[[-3.03458,47.42131],[-3.03458,47.41905],[-3.03577,47.41958],[-3.03542,47.42115],[-3.03458,47.42131]]},"properties":{"source":"emodnet_dtm_2024","level":2}},{"type":"Feature","geometry":{"type":"LineString","coordinates":[[-3.02458,47.42134],[-3.02458,47.42134]]},"properties":{"source":"emodnet_dtm_2024","level":2}},{"type":"Feature","geometry":{"type":"LineString","coordinates":[[-3.02708,47.42226],[-3.02792,47.42078],[-3.02875,47.42104],[-3.03125,47.42002],[-3.03265,47.42042],[-3.02958,47.42336],[-3.02708,47.42226]]},"properties":{"source":"emodnet_dtm_2024","level":2}},{"type":"Feature","geometry":{"type":"LineString","coordinates":[[-3.04542,47.42652],[-3.04509,47.42542],[-3.04625,47.42518],[-3.04674,47.42625],[-3.04625,47.42718],[-3.04542,47.42652]]},"properties":{"source":"emodnet_dtm_2024","level":2}},{"type":"Feature","geometry":{"type":"LineString","coordinates":[[-2.49292,47.43319],[-2.49235,47.43292],[-2.49292,47.43249],[-2.49351,47.43292],[-2.49292,47.43319]]},"properties":{"source":"emodnet_dtm_2024","level":2}},{"type":"Feature","geometry":{"type":"LineString","coordinates":[[-2.49125,47.43332],[-2.49063,47.43292],[-2.49125,47.43258],[-2.49188,47.43292],[-2.49125,47.43332]]},"properties":{"source":"emodnet_dtm_2024","level":2}},{"type":"Feature","geometry":{"type":"LineString","coordinates":[[-2.49625,47.44256],[-2.49625,47.44142],[-2.49697,47.44208],[-2.49625,47.44256]]},"properties":{"source":"emodnet_dtm_2024","level":2}},{"type":"Feature","geometry":{"type":"LineString","coordinates":[[-3.07375,47.45322],[-3.07375,47.45256],[-3.07685,47.45292],[-3.07673,47.45375],[-3.07542,47.45461],[-3.07375,47.45322]]},"properties":{"source":"emodnet_dtm_2024","level":2}},{"type":"Feature","geometry":{"type":"LineString","coordinates":[[-3.04542,47.45715],[-3.04542,47.45668],[-3.04542,47.45715]]},"properties":{"source":"emodnet_dtm_2024","level":2}},{"type":"Feature","geometry":{"type":"LineString","coordinates":[[-3.06125,47.46137],[-3.06123,47.46042],[-3.06208,47.46025],[-3.06354,47.46208],[-3.06292,47.46242],[-3.06125,47.46137]]},"properties":{"source":"emodnet_dtm_2024","level":2}},{"type":"Feature","geometry":{"type":"LineString","coordinates":[[-3.06708,47.46256],[-3.06634,47.46208],[-3.06708,47.46104],[-3.06808,47.46292],[-3.06708,47.46256]]},"properties":{"source":"emodnet_dtm_2024","level":2}},{"type":"Feature","geometry":{"type":"LineString","coordinates":[[-3.08208,47.46314],[-3.08161,47.46292],[-3.08208,47.46314]]},"properties":{"source":"emodnet_dtm_2024","level":2}},{"type":"Feature","geometry":{"type":"LineString","coordinates":[[-3.10792,47.46544],[-3.10792,47.4651],[-3.10792,47.46544]]},"properties":{"source":"emodnet_dtm_2024","level":2}},{"type":"Feature","geometry":{"type":"LineString","coordinates":[[-3.07375,47.46555],[-3.07458,47.46508],[-3.07492,47.46542],[-3.07458,47.46588],[-3.07375,47.46555]]},"properties":{"source":"emodnet_dtm_2024","level":2}},{"type":"Feature","geometry":{"type":"LineString","coordinates":[[-3.06875,47.46561],[-3.06875,47.46526],[-3.06875,47.46561]]},"properties":{"source":"emodnet_dtm_2024","level":2}},{"type":"Feature","geometry":{"type":"LineString","coordinates":[[-3.10542,47.46626],[-3.10542,47.46626]]},"properties":{"source":"emodnet_dtm_2024","level":2}},{"type":"Feature","geometry":{"type":"LineString","coordinates":[[-3.07542,47.46897],[-3.07513,47.46792],[-3.07669,47.46708],[-3.07708,47.46478],[-3.07792,47.46472],[-3.07846,47.46708],[-3.07792,47.46934],[-3.07625,47.46959],[-3.07542,47.46897]]},"properties":{"source":"emodnet_dtm_2024","level":2}},{"type":"Feature","geometry":{"type":"LineString","coordinates":[[-3.10625,47.47071],[-3.10625,47.47017],[-3.10708,47.47009],[-3.10708,47.47069],[-3.10625,47.47071]]},"properties":{"source":"emodnet_dtm_2024","level":2}},{"type":"Feature","geometry":{"type":"LineString","coordinates":[[-3.13125,47.47128],[-3.13219,47.47125],[-3.13125,47.47128]]},"properties":{"source":"emodnet_dtm_2024","level":2}},{"type":"Feature","geometry":{"type":"LineString","coordinates":[[-3.12625,47.47423],[-3.12625,47.47358],[-3.12625,47.47423]]},"properties":{"source":"emodnet_dtm_2024","level":2}},{"type":"Feature","geometry":{"type":"LineString","coordinates":[[-3.14458,47.48133],[-3.14406,47.48125],[-3.14458,47.48133]]},"properties":{"source":"emodnet_dtm_2024","level":2}},{"type":"Feature","geometry":{"type":"LineString","coordinates":[[-3.14208,47.48227],[-3.14292,47.48113],[-3.14349,47.48125],[-3.14292,47.48245],[-3.14208,47.48227]]},"properties":{"source":"emodnet_dtm_2024","level":2}},{"type":"Feature","geometry":{"type":"LineString","coordinates":[[-2.77042,47.48397],[-2.77042,47.48397]]},"properties":{"source":"emodnet_dtm_2024","level":2}},{"type":"Feature","geometry":{"type":"LineString","coordinates":[[-3.14542,47.48538],[-3.14532,47.48458],[-3.14625,47.4836],[-3.14642,47.48458],[-3.14542,47.48538]]},"properties":{"source":"emodnet_dtm_2024","level":2}},{"type":"Feature","geometry":{"type":"LineString","coordinates":[[-2.80875,47.48472],[-2.80875,47.48398],[-2.80971,47.48458],[-2.80875,47.48472]]},"properties":{"source":"emodnet_dtm_2024","level":2}},{"type":"Feature","geometry":{"type":"LineString","coordinates":[[-3.14542,47.48738],[-3.14542,47.48625],[-3.14542,47.48738]]},"properties":{"source":"emodnet_dtm_2024","level":2}},{"type":"Feature","geometry":{"type":"LineString","coordinates":[[-2.76792,47.48795],[-2.7679,47.48708],[-2.76875,47.48692],[-2.76958,47.48845],[-2.76875,47.48864],[-2.76792,47.48795]]},"properties":{"source":"emodnet_dtm_2024","level":2}},{"type":"Feature","geometry":{"type":"LineString","coordinates":[[-2.68792,47.48965],[-2.68799,47.48875],[-2.68875,47.48837],[-2.69125,47.48863],[-2.69165,47.48958],[-2.69136,47.49042],[-2.69042,47.49083],[-2.68792,47.48965]]},"properties":{"source":"emodnet_dtm_2024","level":2}},{"type":"Feature","geometry":{"type":"LineString","coordinates":[[-2.67625,47.49208],[-2.67542,47.49097],[-2.67458,47.49096],[-2.67458,47.49292],[-2.67625,47.49208]]},"properties":{"source":"emodnet_dtm_2024","level":2}},{"type":"Feature","geometry":{"type":"LineString","coordinates":[[-2.59792,47.49195],[-2.59758,47.49125],[-2.59875,47.49052],[-2.59958,47.49047],[-2.60042,47.49112],[-2.59998,47.49292],[-2.59792,47.49195]]},"properties":{"source":"emodnet_dtm_2024","level":2}},{"type":"Feature","geometry":{"type":"LineString","coordinates":[[-2.75125,47.49294],[-2.75279,47.49292],[-2.75208,47.49348],[-2.75125,47.49294]]},"properties":{"source":"emodnet_dtm_2024","level":2}},{"type":"Feature","geometry":{"type":"LineString","coordinates":[[-2.59125,47.49306],[-2.5912,47.49208],[-2.59208,47.49162],[-2.59319,47.49208],[-2.59208,47.49321],[-2.59125,47.49306]]},"properties":{"source":"emodnet_dtm_2024","level":2}},{"type":"Feature","geometry":{"type":"LineString","coordinates":[[-2.58708,47.49313],[-2.58689,47.49208],[-2.58792,47.49127],[-2.58922,47.49292],[-2.58792,47.49392],[-2.58708,47.49313]]},"properties":{"source":"emodnet_dtm_2024","level":2}},{"type":"Feature","geometry":{"type":"LineString","coordinates":[[-2.42458,47.49498],[-2.42385,47.49458],[-2.42458,47.49433],[-2.42458,47.49498]]},"properties":{"source":"emodnet_dtm_2024","level":2}},{"type":"Feature","geometry":{"type":"LineString","coordinates":[[-3.15042,47.49666],[-3.15042,47.49607],[-3.15042,47.49666]]},"properties":{"source":"emodnet_dtm_2024","level":2}},{"type":"Feature","geometry":{"type":"LineString","coordinates":[[-2.48958,47.50279],[-2.48899,47.50208],[-2.48958,47.50079],[-2.49004,47.50208],[-2.48958,47.50279]]},"properties":{"source":"emodnet_dtm_2024","level":2}},{"type":"Feature","geometry":{"type":"LineString","coordinates":[[-2.65542,47.50377],[-2.65192,47.50292],[-2.65208,47.50172],[-2.65542,47.50153],[-2.65542,47.50377]]},"properties":{"source":"emodnet_dtm_2024","level":2}},{"type":"Feature","geometry":{"type":"LineString","coordinates":[[-2.65042,47.5038],[-2.6514,47.50375],[-2.65042,47.5038]]},"properties":{"source":"emodnet_dtm_2024","level":2}},{"type":"Feature","geometry":{"type":"LineString","coordinates":[[-2.59292,47.50654],[-2.59292,47.50533],[-2.59384,47.50625],[-2.59292,47.50654]]},"properties":{"source":"emodnet_dtm_2024","level":2}},{"type":"Feature","geometry":{"type":"LineString","coordinates":[[-2.46375,47.50756],[-2.46292,47.50571],[-2.46292,47.50792],[-2.46392,47.50792],[-2.46375,47.50756]]},"properties":{"source":"emodnet_dtm_2024","level":2}},{"type":"Feature","geometry":{"type":"LineString","coordinates":[[-2.54625,47.50854],[-2.5455,47.50708],[-2.54625,47.50657],[-2.5467,47.50792],[-2.54625,47.50854]]},"properties":{"source":"emodnet_dtm_2024","level":2}},{"type":"Feature","geometry":{"type":"LineString","coordinates":[[-3.15625,47.51107],[-3.15579,47.51042],[-3.15625,47.50905],[-3.15739,47.50958],[-3.15625,47.51107]]},"properties":{"source":"emodnet_dtm_2024","level":2}},{"type":"Feature","geometry":{"type":"LineString","coordinates":[[-3.15958,47.52429],[-3.15958,47.52358],[-3.1609,47.52375],[-3.15958,47.52429]]},"properties":{"source":"emodnet_dtm_2024","level":2}},{"type":"Feature","geometry":{"type":"LineString","coordinates":[[-2.62125,47.52381],[-2.62125,47.52381]]},"properties":{"source":"emodnet_dtm_2024","level":2}},{"type":"Feature","geometry":{"type":"LineString","coordinates":[[-2.61958,47.5255],[-2.61912,47.52542],[-2.61958,47.5255]]},"properties":{"source":"emodnet_dtm_2024","level":2}},{"type":"Feature","geometry":{"type":"LineString","coordinates":[[-3.16292,47.52798],[-3.16217,47.52792],[-3.16375,47.52754],[-3.16375,47.52818],[-3.16292,47.52798]]},"properties":{"source":"emodnet_dtm_2024","level":2}},{"type":"Feature","geometry":{"type":"LineString","coordinates":[[-2.87125,47.52841],[-2.87062,47.52792],[-2.87208,47.5246],[-2.87375,47.52568],[-2.874,47.52792],[-2.87292,47.52849],[-2.87125,47.52841]]},"properties":{"source":"emodnet_dtm_2024","level":2}},{"type":"Feature","geometry":{"type":"LineString","coordinates":[[-2.95875,47.52932],[-2.95875,47.52855],[-2.95875,47.52932]]},"properties":{"source":"emodnet_dtm_2024","level":2}},{"type":"Feature","geometry":{"type":"LineString","coordinates":[[-2.94792,47.52937],[-2.94722,47.52875],[-2.94792,47.52804],[-2.94917,47.52792],[-2.94958,47.52701],[-2.95002,47.52875],[-2.94958,47.52927],[-2.94792,47.52937]]},"properties":{"source":"emodnet_dtm_2024","level":2}},{"type":"Feature","geometry":{"type":"LineString","coordinates":[[-2.94542,47.53047],[-2.94292,47.53088],[-2.94226,47.52958],[-2.94458,47.52892],[-2.94542,47.53047]]},"properties":{"source":"emodnet_dtm_2024","level":2}},{"type":"Feature","geometry":{"type":"LineString","coordinates":[[-3.16292,47.53208],[-3.16292,47.5302],[-3.1634,47.53125],[-3.16292,47.53208]]},"properties":{"source":"emodnet_dtm_2024","level":2}},{"type":"Feature","geometry":{"type":"LineString","coordinates":[[-2.95458,47.53427],[-2.95407,47.53375],[-2.95458,47.53324],[-2.95536,47.53375],[-2.95458,47.53427]]},"properties":{"source":"emodnet_dtm_2024","level":2}},{"type":"Feature","geometry":{"type":"LineString","coordinates":[[-2.95958,47.53486],[-2.95877,47.53458],[-2.95958,47.53416],[-2.96098,47.53458],[-2.96042,47.53522],[-2.95958,47.53486]]},"properties":{"source":"emodnet_dtm_2024","level":2}},{"type":"Feature","geometry":{"type":"LineString","coordinates":[[-2.95792,47.5355],[-2.95792,47.53412],[-2.95874,47.53458],[-2.95792,47.5355]]},"properties":{"source":"emodnet_dtm_2024","level":2}},{"type":"Feature","geometry":{"type":"LineString","coordinates":[[-2.97125,47.53757],[-2.97058,47.53708],[-2.97125,47.53608],[-2.97209,47.53708],[-2.97125,47.53757]]},"properties":{"source":"emodnet_dtm_2024","level":2}},{"type":"Feature","geometry":{"type":"LineString","coordinates":[[-2.93458,47.53835],[-2.93408,47.53792],[-2.93458,47.53764],[-2.93521,47.53792],[-2.93458,47.53835]]},"properties":{"source":"emodnet_dtm_2024","level":2}},{"type":"Feature","geometry":{"type":"LineString","coordinates":[[-3.15042,47.53897],[-3.14981,47.53792],[-3.15042,47.53732],[-3.15125,47.53737],[-3.15217,47.53792],[-3.15287,47.53958],[-3.15208,47.53993],[-3.15042,47.53897]]},"properties":{"source":"emodnet_dtm_2024","level":2}},{"type":"Feature","geometry":{"type":"LineString","coordinates":[[-3.14958,47.54164],[-3.14909,47.54125],[-3.14958,47.53994],[-3.15032,47.54125],[-3.14958,47.54164]]},"properties":{"source":"emodnet_dtm_2024","level":2}},{"type":"Feature","geometry":{"type":"LineString","coordinates":[[-2.94458,47.54156],[-2.94458,47.54052],[-2.94673,47.54042],[-2.94692,47.54208],[-2.94844,47.54458],[-2.94986,47.54542],[-2.94958,47.54708],[-2.94804,47.54625],[-2.94789,47.54542],[-2.94606,47.54375],[-2.94542,47.5417],[-2.94458,47.54156]]},"properties":{"source":"emodnet_dtm_2024","level":2}},{"type":"Feature","geometry":{"type":"LineString","coordinates":[[-3.15542,47.54251],[-3.15464,47.54125],[-3.15542,47.54071],[-3.15735,47.54208],[-3.15708,47.54263],[-3.15542,47.54251]]},"properties":{"source":"emodnet_dtm_2024","level":2}},{"type":"Feature","geometry":{"type":"LineString","coordinates":[[-2.96292,47.54246],[-2.96232,47.54125],[-2.96292,47.54088],[-2.96345,47.54125],[-2.96292,47.54246]]},"properties":{"source":"emodnet_dtm_2024","level":2}},{"type":"Feature","geometry":{"type":"LineString","coordinates":[[-2.85292,47.54271],[-2.85208,47.54167],[-2.85125,47.54486],[-2.85357,47.54375],[-2.85292,47.54271]]},"properties":{"source":"emodnet_dtm_2024","level":2}},{"type":"Feature","geometry":{"type":"LineString","coordinates":[[-2.97958,47.54552],[-2.97958,47.54552]]},"properties":{"source":"emodnet_dtm_2024","level":2}},{"type":"Feature","geometry":{"type":"LineString","coordinates":[[-2.91875,47.54906],[-2.91875,47.54865],[-2.91875,47.54906]]},"properties":{"source":"emodnet_dtm_2024","level":2}},{"type":"Feature","geometry":{"type":"LineString","coordinates":[[-2.97042,47.54966],[-2.96995,47.54875],[-2.97042,47.54855],[-2.97156,47.54958],[-2.97042,47.54966]]},"properties":{"source":"emodnet_dtm_2024","level":2}},{"type":"Feature","geometry":{"type":"LineString","coordinates":[[-2.95792,47.54974],[-2.95792,47.54974]]},"properties":{"source":"emodnet_dtm_2024","level":2}},{"type":"Feature","geometry":{"type":"LineString","coordinates":[[-3.17708,47.55111],[-3.17708,47.55009],[-3.17848,47.55042],[-3.17792,47.55154],[-3.17708,47.55111]]},"properties":{"source":"emodnet_dtm_2024","level":2}},{"type":"Feature","geometry":{"type":"LineString","coordinates":[[-2.85875,47.55171],[-2.85824,47.55125],[-2.85958,47.55065],[-2.85958,47.55215],[-2.85875,47.55171]]},"properties":{"source":"emodnet_dtm_2024","level":2}},{"type":"Feature","geometry":{"type":"LineString","coordinates":[[-2.97292,47.55228],[-2.97292,47.55117],[-2.97292,47.55228]]},"properties":{"source":"emodnet_dtm_2024","level":2}},{"type":"Feature","geometry":{"type":"LineString","coordinates":[[-3.16208,47.55319],[-3.16208,47.55263],[-3.16208,47.55319]]},"properties":{"source":"emodnet_dtm_2024","level":2}},{"type":"Feature","geometry":{"type":"LineString","coordinates":[[-2.92875,47.55301],[-2.92971,47.55292],[-2.92875,47.55301]]},"properties":{"source":"emodnet_dtm_2024","level":2}},{"type":"Feature","geometry":{"type":"LineString","coordinates":[[-3.16375,47.55408],[-3.16375,47.55345],[-3.16642,47.55375],[-3.16375,47.55408]]},"properties":{"source":"emodnet_dtm_2024","level":2}},{"type":"Feature","geometry":{"type":"LineString","coordinates":[[-3.16208,47.55542],[-3.16208,47.55425],[-3.16208,47.55542]]},"properties":{"source":"emodnet_dtm_2024","level":2}},{"type":"Feature","geometry":{"type":"LineString","coordinates":[[-2.97375,47.55473],[-2.97331,47.55458],[-2.97375,47.55473]]},"properties":{"source":"emodnet_dtm_2024","level":2}},{"type":"Feature","geometry":{"type":"LineString","coordinates":[[-2.91458,47.55527],[-2.91458,47.55403],[-2.91509,47.55458],[-2.91458,47.55527]]},"properties":{"source":"emodnet_dtm_2024","level":2}},{"type":"Feature","geometry":{"type":"LineString","coordinates":[[-2.98708,47.55777],[-2.98651,47.55708],[-2.98708,47.55656],[-2.98708,47.55777]]},"properties":{"source":"emodnet_dtm_2024","level":2}},{"type":"Feature","geometry":{"type":"LineString","coordinates":[[-2.84208,47.5575],[-2.84292,47.5554],[-2.84375,47.555],[-2.84754,47.55708],[-2.84558,47.55792],[-2.84601,47.56042],[-2.84458,47.5618],[-2.84375,47.56195],[-2.84328,47.56125],[-2.84375,47.56062],[-2.84458,47.56068],[-2.84458,47.55946],[-2.84292,47.55875],[-2.84208,47.5575]]},"properties":{"source":"emodnet_dtm_2024","level":2}},{"type":"Feature","geometry":{"type":"LineString","coordinates":[[-3.16708,47.55807],[-3.16656,47.55708],[-3.16708,47.55419],[-3.16807,47.55625],[-3.16708,47.55807]]},"properties":{"source":"emodnet_dtm_2024","level":2}},{"type":"Feature","geometry":{"type":"LineString","coordinates":[[-2.98792,47.55948],[-2.98759,47.55792],[-2.98875,47.55756],[-2.98875,47.55948],[-2.98792,47.55948]]},"properties":{"source":"emodnet_dtm_2024","level":2}},{"type":"Feature","geometry":{"type":"LineString","coordinates":[[-2.83292,47.56009],[-2.83244,47.55875],[-2.83292,47.55755],[-2.83344,47.55875],[-2.83292,47.56009]]},"properties":{"source":"emodnet_dtm_2024","level":2}},{"type":"Feature","geometry":{"type":"LineString","coordinates":[[-2.79875,47.56019],[-2.7985,47.55958],[-2.80125,47.55871],[-2.80375,47.56043],[-2.80419,47.56125],[-2.80134,47.56292],[-2.80208,47.56359],[-2.80375,47.5633],[-2.80415,47.56375],[-2.80292,47.56594],[-2.79875,47.56019]]},"properties":{"source":"emodnet_dtm_2024","level":2}},{"type":"Feature","geometry":{"type":"LineString","coordinates":[[-2.84708,47.56092],[-2.84698,47.55958],[-2.84792,47.55944],[-2.84861,47.56042],[-2.84792,47.56125],[-2.84708,47.56092]]},"properties":{"source":"emodnet_dtm_2024","level":2}},{"type":"Feature","geometry":{"type":"LineString","coordinates":[[-2.84208,47.56149],[-2.84208,47.56112],[-2.84208,47.56149]]},"properties":{"source":"emodnet_dtm_2024","level":2}},{"type":"Feature","geometry":{"type":"LineString","coordinates":[[-2.83042,47.56133],[-2.82996,47.56125],[-2.83042,47.56133]]},"properties":{"source":"emodnet_dtm_2024","level":2}},{"type":"Feature","geometry":{"type":"LineString","coordinates":[[-2.78792,47.56151],[-2.78792,47.5602],[-2.79208,47.5602],[-2.79458,47.56141],[-2.79589,47.56375],[-2.79609,47.56542],[-2.79538,47.56708],[-2.79375,47.56733],[-2.78681,47.56458],[-2.7855,47.56208],[-2.78625,47.56186],[-2.78708,47.56226],[-2.78792,47.56335],[-2.79018,47.56292],[-2.79072,47.56208],[-2.78792,47.56151]]},"properties":{"source":"emodnet_dtm_2024","level":2}},{"type":"Feature","geometry":{"type":"LineString","coordinates":[[-2.86042,47.56277],[-2.8598,47.56208],[-2.86022,47.56125],[-2.86125,47.56087],[-2.86196,47.56208],[-2.86042,47.56277]]},"properties":{"source":"emodnet_dtm_2024","level":2}},{"type":"Feature","geometry":{"type":"LineString","coordinates":[[-2.80625,47.56233],[-2.80625,47.56137],[-2.80708,47.56117],[-2.80816,47.56208],[-2.80625,47.56233]]},"properties":{"source":"emodnet_dtm_2024","level":2}},{"type":"Feature","geometry":{"type":"LineString","coordinates":[[-2.98375,47.5633],[-2.98293,47.56292],[-2.98375,47.56263],[-2.98375,47.5633]]},"properties":{"source":"emodnet_dtm_2024","level":2}},{"type":"Feature","geometry":{"type":"LineString","coordinates":[[-3.17292,47.56382],[-3.17292,47.5628],[-3.17375,47.56237],[-3.17458,47.56273],[-3.17509,47.56375],[-3.17458,47.56428],[-3.17292,47.56382]]},"properties":{"source":"emodnet_dtm_2024","level":2}},{"type":"Feature","geometry":{"type":"LineString","coordinates":[[-3.00125,47.56428],[-3.00125,47.56366],[-3.00125,47.56428]]},"properties":{"source":"emodnet_dtm_2024","level":2}},{"type":"Feature","geometry":{"type":"LineString","coordinates":[[-2.86042,47.56539],[-2.85981,47.56375],[-2.86042,47.56307],[-2.86182,47.56375],[-2.86183,47.56458],[-2.86042,47.56539]]},"properties":{"source":"emodnet_dtm_2024","level":2}},{"type":"Feature","geometry":{"type":"LineString","coordinates":[[-2.80875,47.5649],[-2.80875,47.5635],[-2.80952,47.56375],[-2.80875,47.5649]]},"properties":{"source":"emodnet_dtm_2024","level":2}},{"type":"Feature","geometry":{"type":"LineString","coordinates":[[-2.80625,47.56602],[-2.80625,47.565],[-2.80731,47.56542],[-2.80625,47.56602]]},"properties":{"source":"emodnet_dtm_2024","level":2}},{"type":"Feature","geometry":{"type":"LineString","coordinates":[[-3.01875,47.56686],[-3.01792,47.56554],[-3.01708,47.5657],[-3.01673,47.56708],[-3.0176,47.56958],[-3.01875,47.57052],[-3.02049,47.56708],[-3.01875,47.56686]]},"properties":{"source":"emodnet_dtm_2024","level":2}},{"type":"Feature","geometry":{"type":"LineString","coordinates":[[-2.88958,47.56711],[-2.88958,47.56565],[-2.8902,47.56625],[-2.88958,47.56711]]},"properties":{"source":"emodnet_dtm_2024","level":2}},{"type":"Feature","geometry":{"type":"LineString","coordinates":[[-2.84792,47.56798],[-2.85125,47.56758],[-2.85125,47.57007],[-2.84875,47.56893],[-2.84792,47.56798]]},"properties":{"source":"emodnet_dtm_2024","level":2}},{"type":"Feature","geometry":{"type":"LineString","coordinates":[[-2.89792,47.56875],[-2.89792,47.56791],[-2.89792,47.56875]]},"properties":{"source":"emodnet_dtm_2024","level":2}},{"type":"Feature","geometry":{"type":"LineString","coordinates":[[-3.11125,47.56962],[-3.11148,47.56792],[-3.11042,47.56727],[-3.10926,47.56875],[-3.10919,47.57042],[-3.11208,47.57183],[-3.11292,47.57499],[-3.113,47.57125],[-3.11125,47.56962]]},"properties":{"source":"emodnet_dtm_2024","level":2}},{"type":"Feature","geometry":{"type":"LineString","coordinates":[[-2.79292,47.56964],[-2.79292,47.56964]]},"properties":{"source":"emodnet_dtm_2024","level":2}},{"type":"Feature","geometry":{"type":"LineString","coordinates":[[-2.78458,47.57014],[-2.78458,47.56951],[-2.78458,47.57014]]},"properties":{"source":"emodnet_dtm_2024","level":2}},{"type":"Feature","geometry":{"type":"LineString","coordinates":[[-2.91958,47.57095],[-2.91879,47.57042],[-2.92042,47.57037],[-2.92142,47.56958],[-2.92136,47.57042],[-2.91958,47.57095]]},"properties":{"source":"emodnet_dtm_2024","level":2}},{"type":"Feature","geometry":{"type":"LineString","coordinates":[[-2.78542,47.57104],[-2.78483,47.57042],[-2.78708,47.57016],[-2.7881,47.57125],[-2.78542,47.57104]]},"properties":{"source":"emodnet_dtm_2024","level":2}},{"type":"Feature","geometry":{"type":"LineString","coordinates":[[-2.75208,47.57254],[-2.75178,47.57208],[-2.75292,47.57189],[-2.75292,47.5732],[-2.75208,47.57254]]},"properties":{"source":"emodnet_dtm_2024","level":2}},{"type":"Feature","geometry":{"type":"LineString","coordinates":[[-2.79542,47.57374],[-2.79491,47.57125],[-2.79542,47.57013],[-2.7961,47.57208],[-2.79542,47.57374]]},"properties":{"source":"emodnet_dtm_2024","level":2}},{"type":"Feature","geometry":{"type":"LineString","coordinates":[[-2.85208,47.57387],[-2.85255,47.56875],[-2.85611,47.56625],[-2.85584,47.56542],[-2.85792,47.56534],[-2.85875,47.56584],[-2.86042,47.56551],[-2.86195,47.56875],[-2.85893,47.57292],[-2.85895,47.57375],[-2.86019,47.57458],[-2.85889,47.57625],[-2.85929,47.57792],[-2.85817,47.57875],[-2.85792,47.58062],[-2.85708,47.58032],[-2.85556,47.58125],[-2.85428,47.58958],[-2.85431,47.59208],[-2.85516,47.59375],[-2.85208,47.59586],[-2.85179,47.59792],[-2.85025,47.59958],[-2.85082,47.60125],[-2.85042,47.6016],[-2.84625,47.60174],[-2.84542,47.60226],[-2.84375,47.60176],[-2.84306,47.60208],[-2.8452,47.60292],[-2.84375,47.60433],[-2.84292,47.60447],[-2.84232,47.60375],[-2.84322,47.60292],[-2.84292,47.60217],[-2.83958,47.60382],[-2.83792,47.6024],[-2.83625,47.60393],[-2.8359,47.60125],[-2.83454,47.59958],[-2.83625,47.59913],[-2.83665,47.59792],[-2.83542,47.59728],[-2.83518,47.59625],[-2.83375,47.5951],[-2.83287,47.59625],[-2.83156,47.59625],[-2.83085,47.59458],[-2.83375,47.59456],[-2.83458,47.59167],[-2.83042,47.59188],[-2.82792,47.59347],[-2.82507,47.59292],[-2.82379,47.59125],[-2.82513,47.59042],[-2.8247,47.58958],[-2.82554,47.58708],[-2.82625,47.58628],[-2.82958,47.58636],[-2.83208,47.58793],[-2.83542,47.5869],[-2.84208,47.58749],[-2.84395,47.58708],[-2.84671,47.58458],[-2.84708,47.58265],[-2.84792,47.58238],[-2.84958,47.5831],[-2.85005,47.58208],[-2.84911,47.57792],[-2.84958,47.57754],[-2.85042,47.57827],[-2.85245,47.57792],[-2.85292,47.57708],[-2.85208,47.57387]]},"properties":{"source":"emodnet_dtm_2024","level":2}},{"type":"Feature","geometry":{"type":"LineString","coordinates":[[-2.75458,47.5742],[-2.75398,47.57375],[-2.75505,47.57292],[-2.75542,47.57142],[-2.75625,47.57119],[-2.75653,47.57208],[-2.75458,47.5742]]},"properties":{"source":"emodnet_dtm_2024","level":2}},{"type":"Feature","geometry":{"type":"LineString","coordinates":[[-2.90375,47.57465],[-2.90351,47.57375],[-2.90458,47.57288],[-2.90562,47.57458],[-2.90542,47.57568],[-2.90375,47.57465]]},"properties":{"source":"emodnet_dtm_2024","level":2}},{"type":"Feature","geometry":{"type":"LineString","coordinates":[[-2.79292,47.5749],[-2.79292,47.57421],[-2.79354,47.57458],[-2.79292,47.5749]]},"properties":{"source":"emodnet_dtm_2024","level":2}},{"type":"Feature","geometry":{"type":"LineString","coordinates":[[-2.92208,47.57543],[-2.92208,47.57543]]},"properties":{"source":"emodnet_dtm_2024","level":2}},{"type":"Feature","geometry":{"type":"LineString","coordinates":[[-2.78375,47.57555],[-2.78458,47.57461],[-2.78542,47.57618],[-2.78875,47.57573],[-2.78925,47.57625],[-2.78877,47.57792],[-2.78499,47.57792],[-2.78396,47.57708],[-2.78375,47.57555]]},"properties":{"source":"emodnet_dtm_2024","level":2}},{"type":"Feature","geometry":{"type":"LineString","coordinates":[[-2.90875,47.57813],[-2.90875,47.57764],[-2.91005,47.57792],[-2.90875,47.57813]]},"properties":{"source":"emodnet_dtm_2024","level":2}},{"type":"Feature","geometry":{"type":"LineString","coordinates":[[-2.89708,47.57821],[-2.89657,47.57792],[-2.89731,47.57708],[-2.89741,47.57542],[-2.89958,47.57433],[-2.90038,47.57458],[-2.90015,47.57625],[-2.89832,47.57792],[-2.89708,47.57821]]},"properties":{"source":"emodnet_dtm_2024","level":2}},{"type":"Feature","geometry":{"type":"LineString","coordinates":[[-2.79292,47.57814],[-2.79292,47.57765],[-2.79352,47.57792],[-2.79292,47.57814]]},"properties":{"source":"emodnet_dtm_2024","level":2}},{"type":"Feature","geometry":{"type":"LineString","coordinates":[[-2.86875,47.57879],[-2.86875,47.57879]]},"properties":{"source":"emodnet_dtm_2024","level":2}},{"type":"Feature","geometry":{"type":"LineString","coordinates":[[-2.86625,47.57945],[-2.86565,47.57875],[-2.86634,47.57875],[-2.86625,47.57945]]},"properties":{"source":"emodnet_dtm_2024","level":2}},{"type":"Feature","geometry":{"type":"LineString","coordinates":[[-2.91375,47.58009],[-2.91375,47.57913],[-2.91441,47.57958],[-2.91375,47.58009]]},"properties":{"source":"emodnet_dtm_2024","level":2}},{"type":"Feature","geometry":{"type":"LineString","coordinates":[[-2.79292,47.57997],[-2.79375,47.57814],[-2.79458,47.57851],[-2.79458,47.57912],[-2.79375,47.58006],[-2.79292,47.57997]]},"properties":{"source":"emodnet_dtm_2024","level":2}},{"type":"Feature","geometry":{"type":"LineString","coordinates":[[-2.73208,47.58009],[-2.73125,47.57917],[-2.72875,47.57973],[-2.72836,47.58125],[-2.72875,47.58168],[-2.73042,47.58162],[-2.73125,47.58248],[-2.73271,47.58208],[-2.73208,47.58009]]},"properties":{"source":"emodnet_dtm_2024","level":2}},{"type":"Feature","geometry":{"type":"LineString","coordinates":[[-2.84375,47.58143],[-2.84375,47.58107],[-2.84491,47.58125],[-2.84375,47.58143]]},"properties":{"source":"emodnet_dtm_2024","level":2}},{"type":"Feature","geometry":{"type":"LineString","coordinates":[[-2.93792,47.58314],[-2.93792,47.57951],[-2.93858,47.58292],[-2.93792,47.58314]]},"properties":{"source":"emodnet_dtm_2024","level":2}},{"type":"Feature","geometry":{"type":"LineString","coordinates":[[-2.81708,47.58578],[-2.81708,47.58435],[-2.81708,47.58578]]},"properties":{"source":"emodnet_dtm_2024","level":2}},{"type":"Feature","geometry":{"type":"LineString","coordinates":[[-2.85625,47.58708],[-2.85559,47.58458],[-2.85625,47.58411],[-2.85754,47.58458],[-2.85625,47.58708]]},"properties":{"source":"emodnet_dtm_2024","level":2}},{"type":"Feature","geometry":{"type":"LineString","coordinates":[[-2.85625,47.58809],[-2.85625,47.58709],[-2.85702,47.58792],[-2.85625,47.58809]]},"properties":{"source":"emodnet_dtm_2024","level":2}},{"type":"Feature","geometry":{"type":"LineString","coordinates":[[-2.75208,47.58825],[-2.75152,47.58792],[-2.75208,47.58727],[-2.75294,47.58792],[-2.75208,47.58825]]},"properties":{"source":"emodnet_dtm_2024","level":2}},{"type":"Feature","geometry":{"type":"LineString","coordinates":[[-2.85542,47.59169],[-2.85475,47.59125],[-2.85542,47.59082],[-2.85626,47.59125],[-2.85542,47.59169]]},"properties":{"source":"emodnet_dtm_2024","level":2}},{"type":"Feature","geometry":{"type":"LineString","coordinates":[[-2.78542,47.59185],[-2.78473,47.59125],[-2.78625,47.59018],[-2.78125,47.59018],[-2.77887,47.59208],[-2.77958,47.5942],[-2.78458,47.59432],[-2.78542,47.59594],[-2.7868,47.59625],[-2.78687,47.59792],[-2.78482,47.59875],[-2.78542,47.60025],[-2.7875,47.59958],[-2.78846,47.59292],[-2.78708,47.59152],[-2.78542,47.59185]]},"properties":{"source":"emodnet_dtm_2024","level":2}},{"type":"Feature","geometry":{"type":"LineString","coordinates":[[-3.02208,47.59233],[-3.02125,47.59205],[-3.02089,47.59542],[-3.02262,47.59792],[-3.02277,47.59958],[-3.02203,47.60042],[-3.02284,47.60375],[-3.02375,47.60382],[-3.02472,47.60208],[-3.02389,47.60042],[-3.02542,47.59708],[-3.02404,47.59542],[-3.02246,47.59458],[-3.02208,47.59233]]},"properties":{"source":"emodnet_dtm_2024","level":2}},{"type":"Feature","geometry":{"type":"LineString","coordinates":[[-2.75958,47.59214],[-2.75958,47.59181],[-2.76142,47.59208],[-2.75958,47.59214]]},"properties":{"source":"emodnet_dtm_2024","level":2}},{"type":"Feature","geometry":{"type":"LineString","coordinates":[[-2.76208,47.59296],[-2.76375,47.59281],[-2.76409,47.59125],[-2.76542,47.59047],[-2.76758,47.59208],[-2.76708,47.5931],[-2.76542,47.59374],[-2.76208,47.59296]]},"properties":{"source":"emodnet_dtm_2024","level":2}},{"type":"Feature","geometry":{"type":"LineString","coordinates":[[-2.77625,47.59442],[-2.77544,47.59125],[-2.77391,47.59042],[-2.77458,47.5879],[-2.77542,47.58751],[-2.77625,47.58773],[-2.77708,47.58708],[-2.78125,47.58777],[-2.78292,47.5885],[-2.78708,47.58894],[-2.78875,47.59113],[-2.79042,47.59169],[-2.79208,47.59159],[-2.79458,47.58986],[-2.79625,47.58968],[-2.79731,47.58708],[-2.79792,47.5865],[-2.79978,47.58625],[-2.80125,47.58398],[-2.80458,47.58144],[-2.80625,47.57928],[-2.80763,47.57875],[-2.80792,47.5779],[-2.80958,47.57766],[-2.81194,47.57875],[-2.81285,47.58042],[-2.8133,47.58542],[-2.81375,47.58607],[-2.8161,47.58625],[-2.81313,47.58708],[-2.81263,47.58792],[-2.81287,47.58958],[-2.81375,47.5897],[-2.81441,47.59125],[-2.81302,47.59542],[-2.81542,47.59617],[-2.81772,47.59875],[-2.81625,47.60086],[-2.81458,47.59926],[-2.81292,47.60016],[-2.80964,47.59958],[-2.81208,47.59937],[-2.8135,47.59792],[-2.81347,47.59708],[-2.81208,47.59597],[-2.81042,47.59792],[-2.80958,47.5974],[-2.80958,47.59957],[-2.80792,47.59953],[-2.80625,47.60084],[-2.80292,47.59957],[-2.79958,47.59922],[-2.79792,47.59988],[-2.79708,47.60108],[-2.79753,47.60458],[-2.79708,47.60518],[-2.79375,47.60689],[-2.79317,47.60542],[-2.79375,47.60473],[-2.79542,47.60515],[-2.79599,47.60292],[-2.79505,47.60292],[-2.79375,47.60375],[-2.79151,47.60375],[-2.79125,47.60518],[-2.78666,47.60458],[-2.78292,47.60316],[-2.78164,47.60208],[-2.78125,47.59997],[-2.77792,47.59866],[-2.77542,47.59863],[-2.77316,47.59958],[-2.77542,47.60061],[-2.77289,47.60042],[-2.77061,47.59458],[-2.77162,47.59208],[-2.77375,47.59066],[-2.77402,47.59375],[-2.77219,47.59458],[-2.77458,47.59607],[-2.77625,47.59597],[-2.77625,47.59442]]},"properties":{"source":"emodnet_dtm_2024","level":2}},{"type":"Feature","geometry":{"type":"LineString","coordinates":[[-2.74625,47.59657],[-2.74627,47.59542],[-2.74708,47.59505],[-2.74835,47.59542],[-2.74708,47.59669],[-2.74625,47.59657]]},"properties":{"source":"emodnet_dtm_2024","level":2}},{"type":"Feature","geometry":{"type":"LineString","coordinates":[[-2.81958,47.5989],[-2.81958,47.5989]]},"properties":{"source":"emodnet_dtm_2024","level":2}},{"type":"Feature","geometry":{"type":"LineString","coordinates":[[-2.82042,47.60074],[-2.82042,47.60034],[-2.82375,47.59999],[-2.82432,47.59875],[-2.82488,47.59875],[-2.82536,47.59958],[-2.82375,47.60123],[-2.82208,47.60142],[-2.82042,47.60074]]},"properties":{"source":"emodnet_dtm_2024","level":2}},{"type":"Feature","geometry":{"type":"LineString","coordinates":[[-2.70125,47.60059],[-2.70292,47.59714],[-2.70458,47.59581],[-2.70542,47.59593],[-2.70542,47.59836],[-2.70458,47.59838],[-2.70375,47.59938],[-2.70292,47.59935],[-2.70125,47.60059]]},"properties":{"source":"emodnet_dtm_2024","level":2}},{"type":"Feature","geometry":{"type":"LineString","coordinates":[[-2.85208,47.60184],[-2.85137,47.60125],[-2.85292,47.6011],[-2.85292,47.60245],[-2.85208,47.60184]]},"properties":{"source":"emodnet_dtm_2024","level":2}},{"type":"Feature","geometry":{"type":"LineString","coordinates":[[-2.85458,47.60241],[-2.85458,47.60114],[-2.85458,47.60241]]},"properties":{"source":"emodnet_dtm_2024","level":2}},{"type":"Feature","geometry":{"type":"LineString","coordinates":[[-3.18208,47.60497],[-3.18138,47.60375],[-3.18208,47.60343],[-3.18265,47.60458],[-3.18208,47.60497]]},"properties":{"source":"emodnet_dtm_2024","level":2}},{"type":"Feature","geometry":{"type":"LineString","coordinates":[[-2.80625,47.60473],[-2.80625,47.60391],[-2.80708,47.60374],[-2.80792,47.60419],[-2.80958,47.60376],[-2.81016,47.60458],[-2.80625,47.60473]]},"properties":{"source":"emodnet_dtm_2024","level":2}},{"type":"Feature","geometry":{"type":"LineString","coordinates":[[-3.19958,47.60734],[-3.19958,47.60659],[-3.19958,47.60734]]},"properties":{"source":"emodnet_dtm_2024","level":2}},{"type":"Feature","geometry":{"type":"LineString","coordinates":[[-2.83875,47.60764],[-2.83831,47.60708],[-2.8392,47.60625],[-2.83913,47.60542],[-2.83958,47.6048],[-2.84042,47.60486],[-2.84136,47.60542],[-2.83875,47.60764]]},"properties":{"source":"emodnet_dtm_2024","level":2}},{"type":"Feature","geometry":{"type":"LineString","coordinates":[[-2.80875,47.60803],[-2.80875,47.60803]]},"properties":{"source":"emodnet_dtm_2024","level":2}},{"type":"Feature","geometry":{"type":"LineString","coordinates":[[-3.42042,47.6089],[-3.42042,47.60851],[-3.42042,47.6089]]},"properties":{"source":"emodnet_dtm_2024","level":2}},{"type":"Feature","geometry":{"type":"LineString","coordinates":[[-2.79875,47.60898],[-2.79875,47.60806],[-2.79958,47.60928],[-2.79875,47.60898]]},"properties":{"source":"emodnet_dtm_2024","level":2}},{"type":"Feature","geometry":{"type":"LineString","coordinates":[[-2.80042,47.61038],[-2.79978,47.60958],[-2.80125,47.60928],[-2.80208,47.60819],[-2.80292,47.60817],[-2.80375,47.60952],[-2.80542,47.60953],[-2.80625,47.60786],[-2.80708,47.60786],[-2.80708,47.61063],[-2.80375,47.61124],[-2.80292,47.61044],[-2.80208,47.61081],[-2.80042,47.61038]]},"properties":{"source":"emodnet_dtm_2024","level":2}},{"type":"Feature","geometry":{"type":"LineString","coordinates":[[-3.18458,47.61085],[-3.18458,47.6095],[-3.18458,47.61085]]},"properties":{"source":"emodnet_dtm_2024","level":2}},{"type":"Feature","geometry":{"type":"LineString","coordinates":[[-2.80875,47.61097],[-2.80828,47.60958],[-2.80875,47.60908],[-2.80941,47.61042],[-2.80875,47.61097]]},"properties":{"source":"emodnet_dtm_2024","level":2}},{"type":"Feature","geometry":{"type":"LineString","coordinates":[[-3.18375,47.6127],[-3.1831,47.61208],[-3.18375,47.61151],[-3.18448,47.61208],[-3.18375,47.6127]]},"properties":{"source":"emodnet_dtm_2024","level":2}},{"type":"Feature","geometry":{"type":"LineString","coordinates":[[-2.84375,47.6121],[-2.84354,47.61125],[-2.84458,47.61118],[-2.84542,47.61202],[-2.84625,47.61175],[-2.84708,47.61282],[-2.84875,47.61272],[-2.84875,47.61342],[-2.84625,47.61324],[-2.84542,47.61246],[-2.84375,47.6121]]},"properties":{"source":"emodnet_dtm_2024","level":2}},{"type":"Feature","geometry":{"type":"LineString","coordinates":[[-3.19125,47.61294],[-3.19208,47.61227],[-3.19272,47.61292],[-3.19208,47.61359],[-3.19125,47.61294]]},"properties":{"source":"emodnet_dtm_2024","level":2}},{"type":"Feature","geometry":{"type":"LineString","coordinates":[[-2.85125,47.61321],[-2.85125,47.61262],[-2.85125,47.61321]]},"properties":{"source":"emodnet_dtm_2024","level":2}},{"type":"Feature","geometry":{"type":"LineString","coordinates":[[-2.81708,47.61303],[-2.81708,47.61303]]},"properties":{"source":"emodnet_dtm_2024","level":2}},{"type":"Feature","geometry":{"type":"LineString","coordinates":[[-3.41792,47.61713],[-3.41792,47.61713]]},"properties":{"source":"emodnet_dtm_2024","level":2}},{"type":"Feature","geometry":{"type":"LineString","coordinates":[[-2.78125,47.61736],[-2.78053,47.61708],[-2.78208,47.61685],[-2.78125,47.61736]]},"properties":{"source":"emodnet_dtm_2024","level":2}},{"type":"Feature","geometry":{"type":"LineString","coordinates":[[-3.19375,47.61971],[-3.19375,47.61971]]},"properties":{"source":"emodnet_dtm_2024","level":2}},{"type":"Feature","geometry":{"type":"LineString","coordinates":[[-3.44208,47.62064],[-3.44208,47.61997],[-3.44402,47.62042],[-3.44292,47.62166],[-3.44208,47.62064]]},"properties":{"source":"emodnet_dtm_2024","level":2}},{"type":"Feature","geometry":{"type":"LineString","coordinates":[[-3.21208,47.62108],[-3.21208,47.61999],[-3.21272,47.62042],[-3.21208,47.62108]]},"properties":{"source":"emodnet_dtm_2024","level":2}},{"type":"Feature","geometry":{"type":"LineString","coordinates":[[-2.76208,47.62643],[-2.76125,47.62606],[-2.75996,47.62625],[-2.76111,47.62875],[-2.76125,47.63265],[-2.76252,47.63125],[-2.76292,47.62866],[-2.76958,47.62873],[-2.77208,47.62778],[-2.77458,47.62783],[-2.77542,47.62708],[-2.77458,47.62587],[-2.77375,47.6258],[-2.77125,47.62594],[-2.77042,47.62655],[-2.76208,47.62643]]},"properties":{"source":"emodnet_dtm_2024","level":2}},{"type":"Feature","geometry":{"type":"LineString","coordinates":[[-3.41708,47.62788],[-3.41627,47.62625],[-3.41656,47.62458],[-3.41772,47.62375],[-3.41787,47.62208],[-3.42004,47.62042],[-3.42121,47.61792],[-3.42375,47.61776],[-3.42458,47.6169],[-3.42542,47.61684],[-3.42729,47.61792],[-3.42801,47.61958],[-3.42729,47.62125],[-3.42792,47.62204],[-3.43029,47.62042],[-3.43042,47.61953],[-3.43125,47.61946],[-3.43327,47.62125],[-3.43708,47.62132],[-3.43792,47.62371],[-3.43875,47.62318],[-3.44042,47.62402],[-3.44292,47.62327],[-3.44375,47.62185],[-3.44625,47.62079],[-3.44754,47.62125],[-3.44653,47.62208],[-3.44792,47.62232],[-3.45042,47.62137],[-3.45458,47.62139],[-3.45625,47.61979],[-3.45792,47.61969],[-3.45875,47.6206],[-3.45958,47.61995],[-3.46208,47.62014],[-3.46375,47.6227],[-3.46458,47.62107],[-3.46579,47.62292],[-3.46553,47.62375],[-3.46625,47.6241],[-3.46958,47.62438],[-3.47208,47.62558],[-3.47542,47.62611],[-3.47708,47.62753],[-3.48292,47.62811],[-3.48661,47.63042],[-3.48789,47.63208],[-3.49042,47.63239],[-3.49125,47.63184],[-3.4957,47.63375],[-3.49792,47.63655],[-3.49958,47.63684],[-3.50042,47.63609],[-3.50048,47.63708],[-3.50274,47.63792],[-3.50417,47.63958],[-3.50792,47.6416],[-3.50958,47.64383],[-3.51208,47.64531],[-3.51328,47.64708],[-3.51421,47.65042],[-3.51296,47.65125],[-3.51276,47.65208],[-3.51125,47.65264],[-3.50792,47.65244],[-3.50625,47.65168],[-3.50292,47.65356],[-3.49708,47.65364],[-3.49625,47.65435],[-3.49375,47.65368],[-3.48542,47.65341],[-3.48314,47.65208],[-3.48292,47.65107],[-3.47958,47.65023],[-3.47875,47.64953],[-3.47792,47.65028],[-3.47625,47.65012],[-3.47292,47.64816],[-3.47208,47.64888],[-3.46875,47.64936],[-3.46375,47.64903],[-3.46147,47.64792],[-3.46125,47.64702],[-3.45708,47.64608],[-3.45625,47.64538],[-3.44792,47.64506],[-3.44631,47.64458],[-3.44375,47.64284],[-3.43958,47.64304],[-3.43542,47.64221],[-3.43375,47.64235],[-3.4322,47.64292],[-3.43208,47.64398],[-3.42958,47.64402],[-3.42875,47.64317],[-3.42625,47.64311],[-3.4218,47.63875],[-3.41875,47.63786],[-3.41794,47.63625],[-3.41627,47.63542],[-3.41542,47.63341],[-3.41375,47.63365],[-3.41335,47.63292],[-3.41375,47.63225],[-3.41458,47.63261],[-3.41492,47.63042],[-3.41708,47.62788]]},"properties":{"source":"emodnet_dtm_2024","level":2}},{"type":"Feature","geometry":{"type":"LineString","coordinates":[[-3.48708,47.62887],[-3.48708,47.62856],[-3.48708,47.62887]]},"properties":{"source":"emodnet_dtm_2024","level":2}},{"type":"Feature","geometry":{"type":"LineString","coordinates":[[-2.96458,47.63464],[-2.96208,47.63414],[-2.96128,47.63542],[-2.96184,47.63625],[-2.96125,47.63688],[-2.95958,47.63716],[-2.96292,47.63715],[-2.96542,47.63798],[-2.96625,47.63712],[-2.96743,47.63708],[-2.96625,47.63686],[-2.96458,47.63464]]},"properties":{"source":"emodnet_dtm_2024","level":2}},{"type":"Feature","geometry":{"type":"LineString","coordinates":[[-2.96958,47.63794],[-2.96792,47.63783],[-2.96784,47.64125],[-2.96684,47.64208],[-2.96792,47.64459],[-2.96799,47.64125],[-2.96968,47.64042],[-2.96958,47.63794]]},"properties":{"source":"emodnet_dtm_2024","level":2}},{"type":"Feature","geometry":{"type":"LineString","coordinates":[[-3.42375,47.64379],[-3.42458,47.64313],[-3.42542,47.64339],[-3.42542,47.64489],[-3.42406,47.64458],[-3.42375,47.64379]]},"properties":{"source":"emodnet_dtm_2024","level":2}},{"type":"Feature","geometry":{"type":"LineString","coordinates":[[-3.44125,47.64465],[-3.44125,47.64465]]},"properties":{"source":"emodnet_dtm_2024","level":2}},{"type":"Feature","geometry":{"type":"LineString","coordinates":[[-3.43625,47.64552],[-3.43562,47.64542],[-3.43774,47.64542],[-3.43708,47.64619],[-3.43625,47.64552]]},"properties":{"source":"emodnet_dtm_2024","level":2}},{"type":"Feature","geometry":{"type":"LineString","coordinates":[[-2.97042,47.64555],[-2.96819,47.64542],[-2.97208,47.648],[-2.97542,47.65194],[-2.97547,47.64958],[-2.97465,47.64875],[-2.97458,47.64696],[-2.97208,47.6468],[-2.97042,47.64555]]},"properties":{"source":"emodnet_dtm_2024","level":2}},{"type":"Feature","geometry":{"type":"LineString","coordinates":[[-3.20875,47.65092],[-3.20832,47.65042],[-3.20958,47.6485],[-3.21034,47.64958],[-3.20875,47.65092]]},"properties":{"source":"emodnet_dtm_2024","level":2}},{"type":"Feature","geometry":{"type":"LineString","coordinates":[[-3.26125,47.66212],[-3.26126,47.66125],[-3.26208,47.6607],[-3.26211,47.66208],[-3.26125,47.66212]]},"properties":{"source":"emodnet_dtm_2024","level":2}},{"type":"Feature","geometry":{"type":"LineString","coordinates":[[-3.20375,47.67069],[-3.20375,47.66986],[-3.20375,47.67069]]},"properties":{"source":"emodnet_dtm_2024","level":2}},{"type":"Feature","geometry":{"type":"LineString","coordinates":[[-3.20375,47.67493],[-3.20375,47.6744],[-3.20375,47.67493]]},"properties":{"source":"emodnet_dtm_2024","level":2}},{"type":"Feature","geometry":{"type":"LineString","coordinates":[[-3.19792,47.67727],[-3.19765,47.67625],[-3.19875,47.67609],[-3.19875,47.67731],[-3.19792,47.67727]]},"properties":{"source":"emodnet_dtm_2024","level":2}},{"type":"Feature","geometry":{"type":"LineString","coordinates":[[-3.17792,47.685],[-3.17708,47.68438],[-3.17708,47.68594],[-3.17847,47.68542],[-3.17792,47.685]]},"properties":{"source":"emodnet_dtm_2024","level":2}},{"type":"Feature","geometry":{"type":"LineString","coordinates":[[-3.17208,47.68603],[-3.17125,47.68454],[-3.16875,47.68472],[-3.16875,47.68681],[-3.17208,47.68711],[-3.17208,47.68603]]},"properties":{"source":"emodnet_dtm_2024","level":2}},{"type":"Feature","geometry":{"type":"LineString","coordinates":[[-3.38042,47.68641],[-3.38124,47.68542],[-3.38208,47.68541],[-3.38042,47.68641]]},"properties":{"source":"emodnet_dtm_2024","level":2}},{"type":"Feature","geometry":{"type":"LineString","coordinates":[[-3.37708,47.68666],[-3.37632,47.68542],[-3.37792,47.68466],[-3.37875,47.68489],[-3.37921,47.68625],[-3.37708,47.68666]]},"properties":{"source":"emodnet_dtm_2024","level":2}},{"type":"Feature","geometry":{"type":"LineString","coordinates":[[-3.30792,47.68734],[-3.30792,47.68695],[-3.30792,47.68734]]},"properties":{"source":"emodnet_dtm_2024","level":2}},{"type":"Feature","geometry":{"type":"LineString","coordinates":[[-3.38125,47.68803],[-3.38125,47.68765],[-3.38125,47.68803]]},"properties":{"source":"emodnet_dtm_2024","level":2}},{"type":"Feature","geometry":{"type":"LineString","coordinates":[[-3.34792,47.68967],[-3.34741,47.68875],[-3.34792,47.68867],[-3.34839,47.68875],[-3.34792,47.68967]]},"properties":{"source":"emodnet_dtm_2024","level":2}},{"type":"Feature","geometry":{"type":"LineString","coordinates":[[-3.41708,47.69185],[-3.41708,47.69119],[-3.41908,47.69208],[-3.41708,47.69321],[-3.41708,47.69185]]},"properties":{"source":"emodnet_dtm_2024","level":2}},{"type":"Feature","geometry":{"type":"LineString","coordinates":[[-3.94958,47.69549],[-3.94958,47.69549]]},"properties":{"source":"emodnet_dtm_2024","level":2}},{"type":"Feature","geometry":{"type":"LineString","coordinates":[[-3.40125,47.69888],[-3.40125,47.69771],[-3.40179,47.69792],[-3.40125,47.69888]]},"properties":{"source":"emodnet_dtm_2024","level":2}},{"type":"Feature","geometry":{"type":"LineString","coordinates":[[-3.17375,47.70144],[-3.17292,47.70069],[-3.17208,47.70122],[-3.17208,47.70256],[-3.17292,47.70292],[-3.17431,47.70208],[-3.17375,47.70144]]},"properties":{"source":"emodnet_dtm_2024","level":2}},{"type":"Feature","geometry":{"type":"LineString","coordinates":[[-3.46292,47.70214],[-3.46292,47.70121],[-3.46292,47.70214]]},"properties":{"source":"emodnet_dtm_2024","level":2}},{"type":"Feature","geometry":{"type":"LineString","coordinates":[[-3.34875,47.70212],[-3.34792,47.70173],[-3.34627,47.70375],[-3.34875,47.70381],[-3.34926,47.70292],[-3.34875,47.70212]]},"properties":{"source":"emodnet_dtm_2024","level":2}},{"type":"Feature","geometry":{"type":"LineString","coordinates":[[-4.03375,47.70299],[-4.03375,47.70299]]},"properties":{"source":"emodnet_dtm_2024","level":2}},{"type":"Feature","geometry":{"type":"LineString","coordinates":[[-4.01042,47.70367],[-4.00975,47.70292],[-4.01042,47.70206],[-4.01184,47.70292],[-4.01125,47.70369],[-4.01042,47.70367]]},"properties":{"source":"emodnet_dtm_2024","level":2}},{"type":"Feature","geometry":{"type":"LineString","coordinates":[[-3.33958,47.70424],[-3.33792,47.70351],[-3.33658,47.70375],[-3.34208,47.70542],[-3.34466,47.70458],[-3.34458,47.70422],[-3.33958,47.70424]]},"properties":{"source":"emodnet_dtm_2024","level":2}},{"type":"Feature","geometry":{"type":"LineString","coordinates":[[-4.04042,47.70478],[-4.04042,47.70431],[-4.04042,47.70478]]},"properties":{"source":"emodnet_dtm_2024","level":2}},{"type":"Feature","geometry":{"type":"LineString","coordinates":[[-3.97958,47.70491],[-3.98042,47.70326],[-3.98119,47.70375],[-3.98066,47.70458],[-3.97958,47.70491]]},"properties":{"source":"emodnet_dtm_2024","level":2}},{"type":"Feature","geometry":{"type":"LineString","coordinates":[[-4.04208,47.70559],[-4.04317,47.70542],[-4.04208,47.70559]]},"properties":{"source":"emodnet_dtm_2024","level":2}},{"type":"Feature","geometry":{"type":"LineString","coordinates":[[-3.98958,47.7065],[-3.98958,47.70525],[-3.99125,47.70432],[-3.99458,47.70397],[-3.99792,47.70026],[-3.99922,47.70208],[-3.99958,47.70451],[-4.00042,47.70106],[-4.00127,47.70292],[-3.99989,47.70708],[-3.99667,47.70875],[-3.99792,47.71111],[-3.99958,47.71086],[-4.00151,47.70708],[-4.00292,47.70637],[-4.00323,47.70792],[-4.001,47.70958],[-4.00042,47.712],[-3.99875,47.71186],[-3.99625,47.71158],[-3.99125,47.71004],[-3.99008,47.70792],[-3.99077,47.70708],[-3.98958,47.7065]]},"properties":{"source":"emodnet_dtm_2024","level":2}},{"type":"Feature","geometry":{"type":"LineString","coordinates":[[-4.02125,47.70714],[-4.02094,47.70625],[-4.02292,47.70549],[-4.02375,47.7072],[-4.02125,47.70714]]},"properties":{"source":"emodnet_dtm_2024","level":2}},{"type":"Feature","geometry":{"type":"LineString","coordinates":[[-4.01125,47.70727],[-4.01084,47.70708],[-4.01208,47.70666],[-4.01208,47.70737],[-4.01125,47.70727]]},"properties":{"source":"emodnet_dtm_2024","level":2}},{"type":"Feature","geometry":{"type":"LineString","coordinates":[[-4.04125,47.70807],[-4.04218,47.70792],[-4.04125,47.70807]]},"properties":{"source":"emodnet_dtm_2024","level":2}},{"type":"Feature","geometry":{"type":"LineString","coordinates":[[-4.01625,47.7083],[-4.01542,47.70625],[-4.01649,47.70625],[-4.01708,47.70726],[-4.01875,47.70772],[-4.01958,47.70872],[-4.01899,47.71042],[-4.01792,47.7111],[-4.01757,47.70875],[-4.01708,47.70806],[-4.01625,47.7083]]},"properties":{"source":"emodnet_dtm_2024","level":2}},{"type":"Feature","geometry":{"type":"LineString","coordinates":[[-3.96375,47.70843],[-3.96375,47.7072],[-3.9647,47.70792],[-3.96375,47.70843]]},"properties":{"source":"emodnet_dtm_2024","level":2}},{"type":"Feature","geometry":{"type":"LineString","coordinates":[[-3.94958,47.70925],[-3.9491,47.70875],[-3.94958,47.70818],[-3.94958,47.70925]]},"properties":{"source":"emodnet_dtm_2024","level":2}},{"type":"Feature","geometry":{"type":"LineString","coordinates":[[-4.02458,47.7101],[-4.02458,47.70945],[-4.02458,47.7101]]},"properties":{"source":"emodnet_dtm_2024","level":2}},{"type":"Feature","geometry":{"type":"LineString","coordinates":[[-3.98542,47.71008],[-3.98472,47.70958],[-3.98627,47.70958],[-3.98542,47.71008]]},"properties":{"source":"emodnet_dtm_2024","level":2}},{"type":"Feature","geometry":{"type":"LineString","coordinates":[[-3.96208,47.71015],[-3.96152,47.70958],[-3.96292,47.70932],[-3.96292,47.71029],[-3.96208,47.71015]]},"properties":{"source":"emodnet_dtm_2024","level":2}},{"type":"Feature","geometry":{"type":"LineString","coordinates":[[-4.01375,47.71091],[-4.01329,47.70958],[-4.01375,47.70911],[-4.01542,47.70921],[-4.01542,47.71083],[-4.01458,47.71055],[-4.01375,47.71091]]},"properties":{"source":"emodnet_dtm_2024","level":2}},{"type":"Feature","geometry":{"type":"LineString","coordinates":[[-3.95042,47.71043],[-3.94991,47.70958],[-3.95042,47.70931],[-3.95135,47.70958],[-3.95042,47.71043]]},"properties":{"source":"emodnet_dtm_2024","level":2}},{"type":"Feature","geometry":{"type":"LineString","coordinates":[[-3.47875,47.71107],[-3.47875,47.71033],[-3.47875,47.71107]]},"properties":{"source":"emodnet_dtm_2024","level":2}},{"type":"Feature","geometry":{"type":"LineString","coordinates":[[-3.36208,47.71131],[-3.36208,47.71131]]},"properties":{"source":"emodnet_dtm_2024","level":2}},{"type":"Feature","geometry":{"type":"LineString","coordinates":[[-3.96792,47.71216],[-3.96792,47.71148],[-3.96792,47.71216]]},"properties":{"source":"emodnet_dtm_2024","level":2}},{"type":"Feature","geometry":{"type":"LineString","coordinates":[[-4.00542,47.71368],[-4.00511,47.71292],[-4.00625,47.71284],[-4.00542,47.71368]]},"properties":{"source":"emodnet_dtm_2024","level":2}},{"type":"Feature","geometry":{"type":"LineString","coordinates":[[-3.94792,47.71333],[-3.94769,47.71208],[-3.94875,47.71194],[-3.95058,47.71375],[-3.94875,47.71411],[-3.94792,47.71333]]},"properties":{"source":"emodnet_dtm_2024","level":2}},{"type":"Feature","geometry":{"type":"LineString","coordinates":[[-3.36875,47.71292],[-3.37091,47.71125],[-3.37185,47.70792],[-3.37375,47.70633],[-3.37433,47.70708],[-3.37389,47.71125],[-3.37292,47.71136],[-3.37208,47.71223],[-3.37125,47.71218],[-3.37042,47.71301],[-3.36875,47.71292]]},"properties":{"source":"emodnet_dtm_2024","level":2}},{"type":"Feature","geometry":{"type":"LineString","coordinates":[[-3.97292,47.7142],[-3.97248,47.71375],[-3.97316,47.71292],[-3.97375,47.71239],[-3.97458,47.71267],[-3.97488,47.71375],[-3.97659,47.71458],[-3.97542,47.71662],[-3.97458,47.7169],[-3.97335,47.71625],[-3.97365,47.71458],[-3.97292,47.7142]]},"properties":{"source":"emodnet_dtm_2024","level":2}},{"type":"Feature","geometry":{"type":"LineString","coordinates":[[-3.97792,47.71471],[-3.97745,47.71458],[-3.97875,47.71426],[-3.97875,47.71492],[-3.97792,47.71471]]},"properties":{"source":"emodnet_dtm_2024","level":2}},{"type":"Feature","geometry":{"type":"LineString","coordinates":[[-3.96625,47.7147],[-3.96546,47.71375],[-3.96792,47.71338],[-3.96805,47.71458],[-3.96625,47.7147]]},"properties":{"source":"emodnet_dtm_2024","level":2}},{"type":"Feature","geometry":{"type":"LineString","coordinates":[[-3.36792,47.71468],[-3.36792,47.71386],[-3.36792,47.71468]]},"properties":{"source":"emodnet_dtm_2024","level":2}},{"type":"Feature","geometry":{"type":"LineString","coordinates":[[-3.99042,47.7157],[-3.99125,47.71455],[-3.99189,47.71542],[-3.99125,47.71661],[-3.99042,47.7157]]},"properties":{"source":"emodnet_dtm_2024","level":2}},{"type":"Feature","geometry":{"type":"LineString","coordinates":[[-4.00375,47.7165],[-4.00458,47.71563],[-4.00542,47.71563],[-4.00634,47.71708],[-4.00792,47.71769],[-4.00792,47.71932],[-4.00292,47.71992],[-4.00179,47.71958],[-4.00375,47.71727],[-4.00521,47.71708],[-4.00375,47.7165]]},"properties":{"source":"emodnet_dtm_2024","level":2}},{"type":"Feature","geometry":{"type":"LineString","coordinates":[[-3.95042,47.71635],[-3.95125,47.71549],[-3.95375,47.71559],[-3.95458,47.71239],[-3.95625,47.71125],[-3.95708,47.71193],[-3.95792,47.71017],[-3.95875,47.71053],[-3.95875,47.71173],[-3.95724,47.71208],[-3.95792,47.71283],[-3.95875,47.71231],[-3.95942,47.71292],[-3.95928,47.71458],[-3.9607,47.71625],[-3.95951,47.71708],[-3.95945,47.71958],[-3.95875,47.72072],[-3.95792,47.721],[-3.95708,47.72029],[-3.95625,47.72095],[-3.95542,47.72048],[-3.95208,47.72022],[-3.95116,47.71792],[-3.95317,47.71708],[-3.95292,47.71668],[-3.95042,47.71635]]},"properties":{"source":"emodnet_dtm_2024","level":2}},{"type":"Feature","geometry":{"type":"LineString","coordinates":[[-3.99375,47.71795],[-3.99458,47.71788],[-3.99542,47.71646],[-3.99705,47.71708],[-3.99542,47.71821],[-3.99375,47.71795]]},"properties":{"source":"emodnet_dtm_2024","level":2}},{"type":"Feature","geometry":{"type":"LineString","coordinates":[[-4.01292,47.71897],[-4.01292,47.71676],[-4.0136,47.71708],[-4.01292,47.71897]]},"properties":{"source":"emodnet_dtm_2024","level":2}},{"type":"Feature","geometry":{"type":"LineString","coordinates":[[-3.99792,47.72043],[-3.99875,47.71928],[-3.99914,47.72042],[-3.99792,47.72043]]},"properties":{"source":"emodnet_dtm_2024","level":2}},{"type":"Feature","geometry":{"type":"LineString","coordinates":[[-4.00542,47.72129],[-4.00461,47.72125],[-4.00542,47.72073],[-4.00916,47.72042],[-4.00949,47.71958],[-4.01193,47.71958],[-4.00995,47.72042],[-4.01565,47.72208],[-4.01224,47.72292],[-4.01256,47.72458],[-4.01208,47.725],[-4.01202,47.72375],[-4.01125,47.72322],[-4.01042,47.72324],[-4.00958,47.7242],[-4.00875,47.72155],[-4.00542,47.72129]]},"properties":{"source":"emodnet_dtm_2024","level":2}},{"type":"Feature","geometry":{"type":"LineString","coordinates":[[-3.98708,47.72167],[-3.98708,47.72101],[-3.98862,47.72125],[-3.98958,47.72292],[-3.98983,47.72208],[-3.99125,47.72136],[-3.99542,47.72154],[-3.99708,47.72209],[-3.99792,47.72173],[-4.00229,47.72208],[-4.00208,47.72292],[-3.99653,47.72458],[-3.99625,47.72582],[-3.99618,47.72458],[-3.99458,47.72384],[-3.99292,47.72431],[-3.99208,47.72584],[-3.99096,47.72542],[-3.98955,47.72375],[-3.98958,47.72292],[-3.98875,47.72302],[-3.98708,47.72167]]},"properties":{"source":"emodnet_dtm_2024","level":2}},{"type":"Feature","geometry":{"type":"LineString","coordinates":[[-4.02625,47.72419],[-4.02625,47.72351],[-4.02741,47.72375],[-4.02625,47.72419]]},"properties":{"source":"emodnet_dtm_2024","level":2}},{"type":"Feature","geometry":{"type":"LineString","coordinates":[[-3.95542,47.72404],[-3.95542,47.7217],[-3.9564,47.72292],[-3.95542,47.72404]]},"properties":{"source":"emodnet_dtm_2024","level":2}},{"type":"Feature","geometry":{"type":"LineString","coordinates":[[-4.04792,47.72472],[-4.04792,47.72472]]},"properties":{"source":"emodnet_dtm_2024","level":2}},{"type":"Feature","geometry":{"type":"LineString","coordinates":[[-4.04542,47.72464],[-4.04542,47.72464]]},"properties":{"source":"emodnet_dtm_2024","level":2}},{"type":"Feature","geometry":{"type":"LineString","coordinates":[[-3.97042,47.72469],[-3.97042,47.72373],[-3.97125,47.72325],[-3.97458,47.72393],[-3.97686,47.72708],[-3.97542,47.72731],[-3.97266,47.72542],[-3.97042,47.72469]]},"properties":{"source":"emodnet_dtm_2024","level":2}},{"type":"Feature","geometry":{"type":"LineString","coordinates":[[-4.03375,47.72568],[-4.03324,47.72542],[-4.03493,47.72542],[-4.03375,47.72568]]},"properties":{"source":"emodnet_dtm_2024","level":2}},{"type":"Feature","geometry":{"type":"LineString","coordinates":[[-4.02125,47.72546],[-4.02125,47.7245],[-4.02125,47.72546]]},"properties":{"source":"emodnet_dtm_2024","level":2}},{"type":"Feature","geometry":{"type":"LineString","coordinates":[[-4.01708,47.72566],[-4.01708,47.7251],[-4.01971,47.72542],[-4.01708,47.72566]]},"properties":{"source":"emodnet_dtm_2024","level":2}},{"type":"Feature","geometry":{"type":"LineString","coordinates":[[-3.99958,47.72665],[-3.99958,47.72604],[-4.00171,47.72625],[-4.00125,47.72675],[-3.99958,47.72665]]},"properties":{"source":"emodnet_dtm_2024","level":2}},{"type":"Feature","geometry":{"type":"LineString","coordinates":[[-4.00625,47.72838],[-4.00625,47.72735],[-4.00708,47.72697],[-4.00759,47.72792],[-4.00625,47.72838]]},"properties":{"source":"emodnet_dtm_2024","level":2}},{"type":"Feature","geometry":{"type":"LineString","coordinates":[[-4.04625,47.72894],[-4.04625,47.72853],[-4.0469,47.72875],[-4.04625,47.72894]]},"properties":{"source":"emodnet_dtm_2024","level":2}},{"type":"Feature","geometry":{"type":"LineString","coordinates":[[-4.01292,47.72925],[-4.01227,47.72792],[-4.01292,47.7273],[-4.01417,47.72792],[-4.01458,47.72999],[-4.01292,47.72925]]},"properties":{"source":"emodnet_dtm_2024","level":2}},{"type":"Feature","geometry":{"type":"LineString","coordinates":[[-4.00875,47.72954],[-4.00812,47.72875],[-4.00875,47.72796],[-4.0106,47.72875],[-4.00875,47.72954]]},"properties":{"source":"emodnet_dtm_2024","level":2}},{"type":"Feature","geometry":{"type":"LineString","coordinates":[[-3.98042,47.72878],[-3.98042,47.72878]]},"properties":{"source":"emodnet_dtm_2024","level":2}},{"type":"Feature","geometry":{"type":"LineString","coordinates":[[-4.04708,47.72962],[-4.04708,47.72897],[-4.04708,47.72962]]},"properties":{"source":"emodnet_dtm_2024","level":2}},{"type":"Feature","geometry":{"type":"LineString","coordinates":[[-4.04458,47.72997],[-4.04404,47.72958],[-4.04458,47.72921],[-4.04458,47.72997]]},"properties":{"source":"emodnet_dtm_2024","level":2}},{"type":"Feature","geometry":{"type":"LineString","coordinates":[[-4.00042,47.72979],[-4.00042,47.72841],[-4.00042,47.72979]]},"properties":{"source":"emodnet_dtm_2024","level":2}},{"type":"Feature","geometry":{"type":"LineString","coordinates":[[-3.98875,47.73125],[-3.98875,47.73039],[-3.98875,47.73125]]},"properties":{"source":"emodnet_dtm_2024","level":2}},{"type":"Feature","geometry":{"type":"LineString","coordinates":[[-4.03042,47.73216],[-4.03042,47.7317],[-4.03042,47.73216]]},"properties":{"source":"emodnet_dtm_2024","level":2}},{"type":"Feature","geometry":{"type":"LineString","coordinates":[[-3.51125,47.73311],[-3.51125,47.73311]]},"properties":{"source":"emodnet_dtm_2024","level":2}},{"type":"Feature","geometry":{"type":"LineString","coordinates":[[-3.51375,47.73502],[-3.51298,47.73458],[-3.51375,47.73307],[-3.51523,47.73292],[-3.51512,47.73458],[-3.51375,47.73502]]},"properties":{"source":"emodnet_dtm_2024","level":2}},{"type":"Feature","geometry":{"type":"LineString","coordinates":[[-3.34375,47.73582],[-3.34375,47.73424],[-3.34561,47.73458],[-3.34375,47.73582]]},"properties":{"source":"emodnet_dtm_2024","level":2}},{"type":"Feature","geometry":{"type":"LineString","coordinates":[[-3.34125,47.73599],[-3.34125,47.73416],[-3.34125,47.73599]]},"properties":{"source":"emodnet_dtm_2024","level":2}},{"type":"Feature","geometry":{"type":"LineString","coordinates":[[-3.33542,47.7413],[-3.33847,47.74042],[-3.33792,47.74153],[-3.33542,47.7413]]},"properties":{"source":"emodnet_dtm_2024","level":2}},{"type":"Feature","geometry":{"type":"LineString","coordinates":[[-3.35208,47.75419],[-3.35125,47.75322],[-3.35083,47.75625],[-3.35208,47.75829],[-3.35353,47.75792],[-3.35317,47.75458],[-3.35208,47.75419]]},"properties":{"source":"emodnet_dtm_2024","level":2}},{"type":"Feature","geometry":{"type":"LineString","coordinates":[[-3.36458,47.76184],[-3.36375,47.76101],[-3.3637,47.76625],[-3.36542,47.76734],[-3.36708,47.7674],[-3.36398,47.76542],[-3.36458,47.76467],[-3.36546,47.76458],[-3.36573,47.76208],[-3.36458,47.76184]]},"properties":{"source":"emodnet_dtm_2024","level":2}},{"type":"Feature","geometry":{"type":"LineString","coordinates":[[-3.55542,47.76301],[-3.55542,47.76205],[-3.55542,47.76301]]},"properties":{"source":"emodnet_dtm_2024","level":2}},{"type":"Feature","geometry":{"type":"LineString","coordinates":[[-3.29208,47.76969],[-3.28656,47.76958],[-3.28542,47.77002],[-3.28455,47.77125],[-3.28375,47.77571],[-3.28458,47.77574],[-3.28465,47.77208],[-3.28792,47.76985],[-3.29042,47.76995],[-3.29125,47.77042],[-3.29375,47.77368],[-3.29591,47.77375],[-3.29792,47.77263],[-3.29875,47.77295],[-3.29883,47.76958],[-3.29964,47.76875],[-3.29969,47.76708],[-3.29788,47.76708],[-3.29799,47.77042],[-3.29625,47.77184],[-3.29375,47.77123],[-3.29208,47.76969]]},"properties":{"source":"emodnet_dtm_2024","level":2}},{"type":"Feature","geometry":{"type":"LineString","coordinates":[[-3.79792,47.77042],[-3.79875,47.77042],[-3.79792,47.77042]]},"properties":{"source":"emodnet_dtm_2024","level":2}},{"type":"Feature","geometry":{"type":"LineString","coordinates":[[-4.03875,47.77148],[-4.04121,47.76875],[-4.04208,47.76875],[-4.04154,47.77042],[-4.04446,47.77292],[-4.04125,47.77377],[-4.03875,47.77148]]},"properties":{"source":"emodnet_dtm_2024","level":2}},{"type":"Feature","geometry":{"type":"LineString","coordinates":[[-3.80125,47.77335],[-3.80125,47.76946],[-3.80306,47.77042],[-3.80261,47.77208],[-3.80125,47.77335]]},"properties":{"source":"emodnet_dtm_2024","level":2}},{"type":"Feature","geometry":{"type":"LineString","coordinates":[[-4.34208,47.77437],[-4.34208,47.77152],[-4.34292,47.77216],[-4.34458,47.77221],[-4.34629,47.77375],[-4.34704,47.77542],[-4.34625,47.77678],[-4.34458,47.77678],[-4.34208,47.77437]]},"properties":{"source":"emodnet_dtm_2024","level":2}},{"type":"Feature","geometry":{"type":"LineString","coordinates":[[-4.02958,47.77394],[-4.03035,47.77375],[-4.02958,47.77394]]},"properties":{"source":"emodnet_dtm_2024","level":2}},{"type":"Feature","geometry":{"type":"LineString","coordinates":[[-3.79542,47.7744],[-3.79461,47.77292],[-3.79708,47.77136],[-3.79875,47.77186],[-3.79875,47.77343],[-3.79792,47.77347],[-3.79648,47.77458],[-3.79542,47.7744]]},"properties":{"source":"emodnet_dtm_2024","level":2}},{"type":"Feature","geometry":{"type":"LineString","coordinates":[[-4.34125,47.77559],[-4.34125,47.77559]]},"properties":{"source":"emodnet_dtm_2024","level":2}},{"type":"Feature","geometry":{"type":"LineString","coordinates":[[-4.33375,47.7759],[-4.33375,47.7743],[-4.33792,47.77263],[-4.3386,47.77292],[-4.33857,47.77625],[-4.33625,47.77648],[-4.33375,47.7759]]},"properties":{"source":"emodnet_dtm_2024","level":2}},{"type":"Feature","geometry":{"type":"LineString","coordinates":[[-4.02708,47.77782],[-4.02708,47.77584],[-4.03108,47.77625],[-4.03042,47.77795],[-4.02875,47.77731],[-4.02708,47.77782]]},"properties":{"source":"emodnet_dtm_2024","level":2}},{"type":"Feature","geometry":{"type":"LineString","coordinates":[[-4.02458,47.77729],[-4.02382,47.77625],[-4.02458,47.77609],[-4.02458,47.77729]]},"properties":{"source":"emodnet_dtm_2024","level":2}},{"type":"Feature","geometry":{"type":"LineString","coordinates":[[-4.02208,47.77731],[-4.02208,47.77605],[-4.02287,47.77625],[-4.02208,47.77731]]},"properties":{"source":"emodnet_dtm_2024","level":2}},{"type":"Feature","geometry":{"type":"LineString","coordinates":[[-3.71208,47.77843],[-3.71208,47.77782],[-3.71208,47.77843]]},"properties":{"source":"emodnet_dtm_2024","level":2}},{"type":"Feature","geometry":{"type":"LineString","coordinates":[[-4.16125,47.81373],[-4.15875,47.80981],[-4.15666,47.80875],[-4.15708,47.8077],[-4.16586,47.80875],[-4.16625,47.81003],[-4.16708,47.80988],[-4.16708,47.80873],[-4.16958,47.80998],[-4.17113,47.80958],[-4.17206,47.80875],[-4.17231,47.80708],[-4.17401,47.80625],[-4.17391,47.80458],[-4.17458,47.80364],[-4.17792,47.80193],[-4.17892,47.80208],[-4.1789,47.80042],[-4.17694,47.79875],[-4.17642,47.79708],[-4.17792,47.79656],[-4.17875,47.79775],[-4.17958,47.79609],[-4.18292,47.79572],[-4.18375,47.79493],[-4.18542,47.79595],[-4.18792,47.79515],[-4.18875,47.79394],[-4.19042,47.79313],[-4.19208,47.79295],[-4.1934,47.79375],[-4.19308,47.79458],[-4.19125,47.79493],[-4.19056,47.79542],[-4.19094,47.79625],[-4.18911,47.79708],[-4.18845,47.79875],[-4.18958,47.79931],[-4.19208,47.79625],[-4.19521,47.79542],[-4.19507,47.79458],[-4.19673,47.79292],[-4.19692,47.79042],[-4.19792,47.78954],[-4.19875,47.78954],[-4.20186,47.79208],[-4.20125,47.79318],[-4.19899,47.79458],[-4.20165,47.79792],[-4.20206,47.79875],[-4.20149,47.79958],[-4.20208,47.8],[-4.20792,47.79683],[-4.21042,47.79653],[-4.21458,47.79514],[-4.21625,47.79354],[-4.21875,47.79223],[-4.22542,47.79236],[-4.22625,47.792],[-4.22792,47.79272],[-4.23958,47.79236],[-4.24375,47.79125],[-4.24708,47.79106],[-4.24792,47.79009],[-4.25042,47.79097],[-4.24978,47.78958],[-4.25042,47.7887],[-4.25252,47.78958],[-4.25347,47.79125],[-4.25625,47.79167],[-4.25792,47.79125],[-4.25792,47.79008],[-4.25746,47.79042],[-4.25792,47.79125],[-4.26125,47.79077],[-4.26958,47.78675],[-4.27375,47.78782],[-4.27542,47.78896],[-4.27625,47.79042],[-4.27792,47.79113],[-4.27837,47.79042],[-4.27672,47.78958],[-4.27708,47.78908],[-4.27875,47.78931],[-4.28042,47.79175],[-4.28208,47.79174],[-4.28292,47.79113],[-4.28542,47.79177],[-4.28875,47.79153],[-4.28958,47.79096],[-4.29292,47.79112],[-4.29542,47.79326],[-4.29625,47.79163],[-4.29699,47.79625],[-4.30042,47.79921],[-4.31208,47.79898],[-4.31292,47.79728],[-4.31445,47.79792],[-4.31458,47.79896],[-4.31792,47.79655],[-4.31924,47.79625],[-4.32125,47.79409],[-4.32292,47.79391],[-4.32493,47.79292],[-4.3235,47.78958],[-4.32542,47.78856],[-4.32708,47.78915],[-4.32875,47.78844],[-4.32958,47.78946],[-4.33074,47.78958],[-4.33316,47.79125],[-4.33372,47.79375],[-4.33292,47.79641],[-4.33708,47.79659],[-4.34595,47.79542],[-4.34458,47.79441],[-4.34208,47.79519],[-4.33958,47.79437],[-4.33784,47.79458],[-4.33716,47.79208],[-4.33958,47.79042],[-4.33792,47.78957],[-4.33672,47.78792],[-4.33708,47.78713],[-4.33875,47.78754],[-4.34032,47.78875],[-4.34125,47.79123],[-4.34292,47.79213],[-4.34375,47.79176],[-4.34433,47.79042],[-4.3438,47.78792],[-4.34479,47.78625],[-4.34419,47.78458],[-4.34542,47.78358],[-4.34625,47.78505],[-4.34792,47.78375],[-4.34941,47.78125],[-4.34854,47.77958],[-4.35042,47.77881],[-4.34977,47.78542],[-4.34792,47.78501],[-4.34676,47.78542],[-4.3473,47.78875],[-4.34792,47.78904],[-4.34915,47.78875],[-4.34958,47.7881],[-4.35125,47.78845],[-4.35375,47.78701],[-4.35509,47.79042],[-4.35792,47.79004],[-4.35875,47.79153],[-4.35958,47.7899],[-4.36125,47.78969],[-4.36208,47.78881],[-4.36625,47.78874],[-4.36958,47.78935],[-4.37042,47.78974],[-4.37205,47.79292],[-4.37433,47.79458],[-4.37375,47.79532],[-4.37292,47.79532],[-4.37292,47.79583],[-4.37458,47.79583],[-4.37542,47.79403],[-4.37797,47.79292],[-4.37875,47.79199],[-4.37895,47.79292],[-4.38292,47.79493],[-4.38542,47.79282],[-4.38708,47.79305],[-4.38875,47.79242],[-4.3906,47.79292],[-4.39042,47.79488],[-4.38458,47.79691],[-4.38239,47.79708],[-4.38134,47.79792],[-4.38292,47.79852],[-4.38373,47.79958],[-4.38292,47.80091],[-4.38185,47.80125],[-4.38258,47.80375],[-4.38089,47.80625],[-4.37816,47.80792],[-4.37958,47.80915],[-4.38208,47.80937],[-4.3827,47.81042],[-4.37958,47.81343]]},"properties":{"source":"emodnet_dtm_2024","level":2}},{"type":"Feature","geometry":{"type":"LineString","coordinates":[[-3.79708,47.78298],[-3.79708,47.78191],[-3.79888,47.78208],[-3.79825,47.78292],[-3.79903,47.78375],[-3.79875,47.78454],[-3.79792,47.78457],[-3.79708,47.78298]]},"properties":{"source":"emodnet_dtm_2024","level":2}},{"type":"Feature","geometry":{"type":"LineString","coordinates":[[-4.28042,47.78386],[-4.28043,47.78292],[-4.28125,47.78263],[-4.28749,47.78208],[-4.28767,47.78292],[-4.28458,47.78436],[-4.28042,47.78386]]},"properties":{"source":"emodnet_dtm_2024","level":2}},{"type":"Feature","geometry":{"type":"LineString","coordinates":[[-3.80375,47.78386],[-3.80375,47.78355],[-3.80375,47.78386]]},"properties":{"source":"emodnet_dtm_2024","level":2}},{"type":"Feature","geometry":{"type":"LineString","coordinates":[[-4.36042,47.78514],[-4.36042,47.78447],[-4.36042,47.78514]]},"properties":{"source":"emodnet_dtm_2024","level":2}},{"type":"Feature","geometry":{"type":"LineString","coordinates":[[-4.34042,47.78616],[-4.33959,47.78458],[-4.34038,47.78292],[-4.34208,47.78283],[-4.34292,47.78196],[-4.34458,47.78192],[-4.34458,47.78292],[-4.34042,47.78616]]},"properties":{"source":"emodnet_dtm_2024","level":2}},{"type":"Feature","geometry":{"type":"LineString","coordinates":[[-4.27458,47.7867],[-4.27458,47.78616],[-4.27458,47.7867]]},"properties":{"source":"emodnet_dtm_2024","level":2}},{"type":"Feature","geometry":{"type":"LineString","coordinates":[[-4.36542,47.7874],[-4.36542,47.78694],[-4.3665,47.78708],[-4.36542,47.7874]]},"properties":{"source":"emodnet_dtm_2024","level":2}},{"type":"Feature","geometry":{"type":"LineString","coordinates":[[-4.34125,47.78721],[-4.34125,47.78686],[-4.34125,47.78721]]},"properties":{"source":"emodnet_dtm_2024","level":2}},{"type":"Feature","geometry":{"type":"LineString","coordinates":[[-4.37542,47.79133],[-4.37542,47.79133]]},"properties":{"source":"emodnet_dtm_2024","level":2}},{"type":"Feature","geometry":{"type":"LineString","coordinates":[[-3.85625,47.79128],[-3.85625,47.79021],[-3.85625,47.79128]]},"properties":{"source":"emodnet_dtm_2024","level":2}},{"type":"Feature","geometry":{"type":"LineString","coordinates":[[-4.18292,47.79377],[-4.18292,47.79377]]},"properties":{"source":"emodnet_dtm_2024","level":2}},{"type":"Feature","geometry":{"type":"LineString","coordinates":[[-3.85542,47.79425],[-3.85542,47.79266],[-3.85542,47.79425]]},"properties":{"source":"emodnet_dtm_2024","level":2}},{"type":"Feature","geometry":{"type":"LineString","coordinates":[[-3.85375,47.79478],[-3.85375,47.79262],[-3.85375,47.79478]]},"properties":{"source":"emodnet_dtm_2024","level":2}},{"type":"Feature","geometry":{"type":"LineString","coordinates":[[-3.38125,47.79542],[-3.38042,47.79458],[-3.37958,47.79542],[-3.37875,47.79542],[-3.38292,47.79542],[-3.38125,47.79542]]},"properties":{"source":"emodnet_dtm_2024","level":2}},{"type":"Feature","geometry":{"type":"LineString","coordinates":[[-4.17458,47.79596],[-4.1738,47.79458],[-4.17458,47.79434],[-4.17524,47.79458],[-4.17458,47.79596]]},"properties":{"source":"emodnet_dtm_2024","level":2}},{"type":"Feature","geometry":{"type":"LineString","coordinates":[[-4.16375,47.79737],[-4.16295,47.79708],[-4.16375,47.79693],[-4.16375,47.79737]]},"properties":{"source":"emodnet_dtm_2024","level":2}},{"type":"Feature","geometry":{"type":"LineString","coordinates":[[-4.38792,47.81044],[-4.38792,47.80951],[-4.38792,47.81044]]},"properties":{"source":"emodnet_dtm_2024","level":2}},{"type":"Feature","geometry":{"type":"LineString","coordinates":[[-4.38792,47.81309],[-4.38773,47.81208],[-4.38875,47.81197],[-4.38792,47.81309]]},"properties":{"source":"emodnet_dtm_2024","level":2}},{"type":"Feature","geometry":{"type":"LineString","coordinates":[[-1.23574,45.78458],[-1.23333,45.78625],[-1.23625,45.78697],[-1.23838,45.78542],[-1.23792,45.7838],[-1.23574,45.78458]]},"properties":{"source":"emodnet_dtm_2024","level":2}},{"type":"Feature","geometry":{"type":"LineString","coordinates":[[-1.21127,45.81292],[-1.21127,45.81292]]},"properties":{"source":"emodnet_dtm_2024","level":2}},{"type":"Feature","geometry":{"type":"LineString","coordinates":[[-1.19772,45.82708],[-1.19673,45.82792],[-1.19792,45.82847],[-1.2,45.82625],[-1.19792,45.82592],[-1.19772,45.82708]]},"properties":{"source":"emodnet_dtm_2024","level":2}},{"type":"Feature","geometry":{"type":"LineString","coordinates":[[-1.04375,45.86792],[-1.04292,45.86875],[-1.03125,45.86875],[-1.03125,45.87292],[-1.03875,45.87292],[-1.03875,45.86958],[-1.03958,45.86875],[-1.04708,45.86875],[-1.04708,45.86542],[-1.04792,45.86458],[-1.05542,45.86458],[-1.04375,45.86458],[-1.04375,45.86792]]},"properties":{"source":"emodnet_dtm_2024","level":2}},{"type":"Feature","geometry":{"type":"LineString","coordinates":[[-1.26806,46.15542],[-1.26667,46.15625],[-1.26875,46.15708],[-1.26944,46.15625],[-1.26875,46.15521],[-1.26806,46.15542]]},"properties":{"source":"emodnet_dtm_2024","level":2}},{"type":"Feature","geometry":{"type":"LineString","coordinates":[[-1.48308,46.22542],[-1.48292,46.22589],[-1.48123,46.22625],[-1.47993,46.22792],[-1.48042,46.22818],[-1.48125,46.22748],[-1.48375,46.22708],[-1.48516,46.22542],[-1.48458,46.22499],[-1.48308,46.22542]]},"properties":{"source":"emodnet_dtm_2024","level":2}},{"type":"Feature","geometry":{"type":"LineString","coordinates":[[-1.41042,46.22708],[-1.40958,46.22764],[-1.40938,46.22875],[-1.41042,46.22991],[-1.41354,46.22958],[-1.41375,46.22708],[-1.41042,46.22708]]},"properties":{"source":"emodnet_dtm_2024","level":2}},{"type":"Feature","geometry":{"type":"LineString","coordinates":[[-1.26528,46.27625],[-1.26458,46.27713],[-1.26542,46.2775],[-1.26576,46.27625],[-1.26528,46.27625]]},"properties":{"source":"emodnet_dtm_2024","level":2}},{"type":"Feature","geometry":{"type":"LineString","coordinates":[[-1.14599,46.29542],[-1.1442,46.29708],[-1.14625,46.29633],[-1.14832,46.29458],[-1.14792,46.29436],[-1.14599,46.29542]]},"properties":{"source":"emodnet_dtm_2024","level":2}},{"type":"Feature","geometry":{"type":"LineString","coordinates":[[-1.13365,46.30292],[-1.13269,46.30375],[-1.13292,46.3044],[-1.13381,46.30375],[-1.13415,46.30292],[-1.13365,46.30292]]},"properties":{"source":"emodnet_dtm_2024","level":2}},{"type":"Feature","geometry":{"type":"LineString","coordinates":[[-1.34236,46.33875],[-1.34167,46.33958],[-1.34375,46.34097],[-1.34792,46.33958],[-1.34792,46.33875],[-1.34708,46.33819],[-1.34375,46.33819],[-1.34236,46.33875]]},"properties":{"source":"emodnet_dtm_2024","level":2}},{"type":"Feature","geometry":{"type":"LineString","coordinates":[[-1.04792,46.34292],[-1.04708,46.34375],[-1.03958,46.34375],[-1.03958,46.34708],[-1.03875,46.34792],[-1.01458,46.34792],[-1.01458,46.35208],[-1.03458,46.35208],[-1.03458,46.34875],[-1.03542,46.34792],[-1.05125,46.34792],[-1.05125,46.34458],[-1.05208,46.34375],[-1.05542,46.34375],[-1.05542,46.33958],[-1.04792,46.33958],[-1.04792,46.34292]]},"properties":{"source":"emodnet_dtm_2024","level":2}},{"type":"Feature","geometry":{"type":"LineString","coordinates":[[-0.98542,46.35542],[-0.98458,46.35625],[-0.98125,46.35625],[-0.98875,46.35625],[-0.98875,46.34792],[-0.97708,46.34792],[-0.98458,46.34792],[-0.98542,46.34875],[-0.98542,46.35542]]},"properties":{"source":"emodnet_dtm_2024","level":2}},{"type":"Feature","geometry":{"type":"LineString","coordinates":[[-1.24792,46.39375],[-1.24306,46.39625],[-1.24167,46.39792],[-1.24306,46.39958],[-1.24792,46.40208],[-1.25208,46.39792],[-1.25208,46.39458],[-1.25125,46.39375],[-1.24792,46.39375]]},"properties":{"source":"emodnet_dtm_2024","level":2}},{"type":"Feature","geometry":{"type":"LineString","coordinates":[[-1.79375,46.55958],[-1.79292,46.56042],[-1.78958,46.56042],[-1.79708,46.56042],[-1.79708,46.55625],[-1.79375,46.55625],[-1.79375,46.55958]]},"properties":{"source":"emodnet_dtm_2024","level":2}},{"type":"Feature","geometry":{"type":"LineString","coordinates":[[-2.41218,46.72542],[-2.41208,46.72578],[-2.41157,46.72542],[-2.41218,46.72542]]},"properties":{"source":"emodnet_dtm_2024","level":2}},{"type":"Feature","geometry":{"type":"LineString","coordinates":[[-1.91042,46.72625],[-1.90958,46.72708],[-1.90625,46.72708],[-1.92208,46.72708],[-1.92208,46.72375],[-1.92292,46.72292],[-1.93042,46.72292],[-1.91042,46.72292],[-1.91042,46.72625]]},"properties":{"source":"emodnet_dtm_2024","level":2}},{"type":"Feature","geometry":{"type":"LineString","coordinates":[[-1.89375,46.73875],[-1.89292,46.73958],[-1.88958,46.73958],[-1.88958,46.74292],[-1.88875,46.74375],[-1.88125,46.74375],[-1.89292,46.74375],[-1.89292,46.74042],[-1.89375,46.73958],[-1.89708,46.73958],[-1.89708,46.73625],[-1.89792,46.73542],[-1.90125,46.73542],[-1.89375,46.73542],[-1.89375,46.73875]]},"properties":{"source":"emodnet_dtm_2024","level":2}},{"type":"Feature","geometry":{"type":"LineString","coordinates":[[-1.94792,46.83042],[-1.94708,46.83125],[-1.94375,46.83125],[-1.95542,46.83125],[-1.95542,46.82708],[-1.94792,46.82708],[-1.94792,46.83042]]},"properties":{"source":"emodnet_dtm_2024","level":2}},{"type":"Feature","geometry":{"type":"LineString","coordinates":[[-2.15625,46.93958],[-2.15125,46.94167],[-2.15179,46.94375],[-2.15292,46.94403],[-2.15375,46.94514],[-2.15625,46.94514],[-2.15833,46.94375],[-2.15833,46.94042],[-2.15875,46.93958],[-2.15958,46.93958],[-2.15958,46.93542],[-2.15625,46.93542],[-2.15625,46.93958]]},"properties":{"source":"emodnet_dtm_2024","level":2}},{"type":"Feature","geometry":{"type":"LineString","coordinates":[[-1.87708,46.95542],[-1.87625,46.95625],[-1.87292,46.95625],[-1.88458,46.95625],[-1.88458,46.95208],[-1.87708,46.95208],[-1.87708,46.95542]]},"properties":{"source":"emodnet_dtm_2024","level":2}},{"type":"Feature","geometry":{"type":"LineString","coordinates":[[-2.12827,46.96375],[-2.12792,46.96485],[-2.1288,46.96458],[-2.12875,46.96332],[-2.12827,46.96375]]},"properties":{"source":"emodnet_dtm_2024","level":2}},{"type":"Feature","geometry":{"type":"LineString","coordinates":[[-2.28885,46.98042],[-2.28875,46.98144],[-2.29125,46.98145],[-2.29125,46.98041],[-2.28885,46.98042]]},"properties":{"source":"emodnet_dtm_2024","level":2}},{"type":"Feature","geometry":{"type":"LineString","coordinates":[[-1.86354,47.19042],[-1.86042,47.19167],[-1.85875,47.19306],[-1.85833,47.19792],[-1.86042,47.19792],[-1.86615,47.19458],[-1.86875,47.19375],[-1.86875,47.19042],[-1.86792,47.18958],[-1.86458,47.18958],[-1.86354,47.19042]]},"properties":{"source":"emodnet_dtm_2024","level":2}},{"type":"Feature","geometry":{"type":"LineString","coordinates":[[-2.49752,47.19542],[-2.49677,47.19542],[-2.49708,47.19432],[-2.49752,47.19542]]},"properties":{"source":"emodnet_dtm_2024","level":2}},{"type":"Feature","geometry":{"type":"LineString","coordinates":[[-2.23598,47.23292],[-2.23456,47.23292],[-2.23542,47.23253],[-2.23598,47.23292]]},"properties":{"source":"emodnet_dtm_2024","level":2}},{"type":"Feature","geometry":{"type":"LineString","coordinates":[[-2.22632,47.25625],[-2.22451,47.25625],[-2.22625,47.25456],[-2.22632,47.25625]]},"properties":{"source":"emodnet_dtm_2024","level":2}},{"type":"Feature","geometry":{"type":"LineString","coordinates":[[-3.14328,47.28708],[-3.14254,47.28708],[-3.14328,47.28708]]},"properties":{"source":"emodnet_dtm_2024","level":2}},{"type":"Feature","geometry":{"type":"LineString","coordinates":[[-2.51019,47.30042],[-2.50946,47.30208],[-2.51042,47.30347],[-2.51146,47.30208],[-2.51125,47.29957],[-2.51016,47.29958],[-2.51019,47.30042]]},"properties":{"source":"emodnet_dtm_2024","level":2}},{"type":"Feature","geometry":{"type":"LineString","coordinates":[[-3.24375,47.30375],[-3.24292,47.30454],[-3.24292,47.30332],[-3.24375,47.30375]]},"properties":{"source":"emodnet_dtm_2024","level":2}},{"type":"Feature","geometry":{"type":"LineString","coordinates":[[-2.91719,47.33625],[-2.91719,47.33625]]},"properties":{"source":"emodnet_dtm_2024","level":2}},{"type":"Feature","geometry":{"type":"LineString","coordinates":[[-3.25465,47.38792],[-3.25465,47.38792]]},"properties":{"source":"emodnet_dtm_2024","level":2}},{"type":"Feature","geometry":{"type":"LineString","coordinates":[[-3.02388,47.41208],[-3.02182,47.41208],[-3.02208,47.41085],[-3.02388,47.41208]]},"properties":{"source":"emodnet_dtm_2024","level":2}},{"type":"Feature","geometry":{"type":"LineString","coordinates":[[-3.10887,47.46458],[-3.10875,47.46491],[-3.10825,47.46458],[-3.10887,47.46458]]},"properties":{"source":"emodnet_dtm_2024","level":2}},{"type":"Feature","geometry":{"type":"LineString","coordinates":[[-2.73921,47.49875],[-2.73875,47.49914],[-2.73875,47.49851],[-2.73921,47.49875]]},"properties":{"source":"emodnet_dtm_2024","level":2}},{"type":"Feature","geometry":{"type":"LineString","coordinates":[[-2.62243,47.52292],[-2.62208,47.52331],[-2.62138,47.52292],[-2.62208,47.52098],[-2.62243,47.52292]]},"properties":{"source":"emodnet_dtm_2024","level":2}},{"type":"Feature","geometry":{"type":"LineString","coordinates":[[-3.17902,47.54958],[-3.17875,47.55005],[-3.17875,47.54923],[-3.17902,47.54958]]},"properties":{"source":"emodnet_dtm_2024","level":2}},{"type":"Feature","geometry":{"type":"LineString","coordinates":[[-2.91179,47.57708],[-2.91042,47.57772],[-2.91042,47.57592],[-2.91179,47.57625],[-2.91179,47.57708]]},"properties":{"source":"emodnet_dtm_2024","level":2}},{"type":"Feature","geometry":{"type":"LineString","coordinates":[[-2.9305,47.58125],[-2.93042,47.58017],[-2.9305,47.58125]]},"properties":{"source":"emodnet_dtm_2024","level":2}},{"type":"Feature","geometry":{"type":"LineString","coordinates":[[-3.02502,47.58792],[-3.02458,47.58849],[-3.02292,47.58792],[-3.02231,47.58875],[-3.02187,47.59042],[-3.02292,47.59167],[-3.02516,47.59042],[-3.02568,47.58792],[-3.02502,47.58792]]},"properties":{"source":"emodnet_dtm_2024","level":2}},{"type":"Feature","geometry":{"type":"LineString","coordinates":[[-2.69383,47.60875],[-2.69293,47.61042],[-2.69458,47.61057],[-2.69458,47.60807],[-2.69383,47.60875]]},"properties":{"source":"emodnet_dtm_2024","level":2}},{"type":"Feature","geometry":{"type":"LineString","coordinates":[[-2.8526,47.61208],[-2.85187,47.61208],[-2.85208,47.61135],[-2.8526,47.61208]]},"properties":{"source":"emodnet_dtm_2024","level":2}},{"type":"Feature","geometry":{"type":"LineString","coordinates":[[-2.81823,47.61208],[-2.81823,47.61208]]},"properties":{"source":"emodnet_dtm_2024","level":2}},{"type":"Feature","geometry":{"type":"LineString","coordinates":[[-2.83561,47.61292],[-2.83542,47.61334],[-2.83561,47.61292]]},"properties":{"source":"emodnet_dtm_2024","level":2}},{"type":"Feature","geometry":{"type":"LineString","coordinates":[[-2.95925,47.63208],[-2.95875,47.6332],[-2.96125,47.63325],[-2.96125,47.63184],[-2.95925,47.63208]]},"properties":{"source":"emodnet_dtm_2024","level":2}},{"type":"Feature","geometry":{"type":"LineString","coordinates":[[-2.76008,47.63458],[-2.75897,47.63542],[-2.75989,47.63708],[-2.76125,47.6372],[-2.76125,47.6341],[-2.76008,47.63458]]},"properties":{"source":"emodnet_dtm_2024","level":2}},{"type":"Feature","geometry":{"type":"LineString","coordinates":[[-3.27646,47.67792],[-3.27599,47.67792],[-3.27646,47.67792]]},"properties":{"source":"emodnet_dtm_2024","level":2}},{"type":"Feature","geometry":{"type":"LineString","coordinates":[[-4.01712,47.70542],[-4.01712,47.70542]]},"properties":{"source":"emodnet_dtm_2024","level":2}},{"type":"Feature","geometry":{"type":"LineString","coordinates":[[-3.36077,47.71125],[-3.35708,47.71236],[-3.35577,47.71208],[-3.35625,47.71175],[-3.35708,47.712],[-3.35792,47.71113],[-3.36077,47.71125]]},"properties":{"source":"emodnet_dtm_2024","level":2}},{"type":"Feature","geometry":{"type":"LineString","coordinates":[[-3.17254,47.72208],[-3.17153,47.72292],[-3.17292,47.72344],[-3.17338,47.72292],[-3.17254,47.72208]]},"properties":{"source":"emodnet_dtm_2024","level":2}},{"type":"Feature","geometry":{"type":"LineString","coordinates":[[-4.03591,47.72458],[-4.03542,47.72485],[-4.03542,47.72442],[-4.03591,47.72458]]},"properties":{"source":"emodnet_dtm_2024","level":2}},{"type":"Feature","geometry":{"type":"LineString","coordinates":[[-4.00487,47.72458],[-4.00375,47.72511],[-4.00349,47.72458],[-4.00487,47.72458]]},"properties":{"source":"emodnet_dtm_2024","level":2}},{"type":"Feature","geometry":{"type":"LineString","coordinates":[[-4.00335,47.72542],[-4.00292,47.72579],[-4.0019,47.72542],[-4.00335,47.72542]]},"properties":{"source":"emodnet_dtm_2024","level":2}},{"type":"Feature","geometry":{"type":"LineString","coordinates":[[-3.31085,47.75875],[-3.30792,47.761],[-3.30375,47.76303],[-3.30208,47.76308],[-3.30125,47.7636],[-3.30125,47.76562],[-3.30208,47.76496],[-3.30644,47.76458],[-3.30683,47.76292],[-3.31135,47.76042],[-3.31208,47.75799],[-3.31085,47.75875]]},"properties":{"source":"emodnet_dtm_2024","level":2}},{"type":"Feature","geometry":{"type":"LineString","coordinates":[[-3.286,47.77792],[-3.28521,47.77875],[-3.28653,47.77875],[-3.286,47.77792]]},"properties":{"source":"emodnet_dtm_2024","level":2}},{"type":"Feature","geometry":{"type":"LineString","coordinates":[[-3.85323,47.79625],[-3.85292,47.79665],[-3.85149,47.79625],[-3.85208,47.7959],[-3.85323,47.79625]]},"properties":{"source":"emodnet_dtm_2024","level":2}},{"type":"Feature","geometry":{"type":"LineString","coordinates":[[-3.71287,47.80792],[-3.71204,47.80875],[-3.71208,47.81081],[-3.71217,47.80958],[-3.71375,47.80797],[-3.71792,47.80794],[-3.71792,47.80724],[-3.71708,47.80789],[-3.71375,47.80754],[-3.71287,47.80792]]},"properties":{"source":"emodnet_dtm_2024","level":2}},{"type":"Feature","geometry":{"type":"LineString","coordinates":[[-1.12208,45.70208],[-1.11875,45.70208],[-1.12208,45.70208]]},"properties":{"source":"emodnet_dtm_2024","level":2}},{"type":"Feature","geometry":{"type":"LineString","coordinates":[[-1.08875,45.70208],[-1.08542,45.70208],[-1.08875,45.70208]]},"properties":{"source":"emodnet_dtm_2024","level":2}},{"type":"Feature","geometry":{"type":"LineString","coordinates":[[-1.00292,45.71292],[-1.00208,45.71292],[-1.00292,45.71292]]},"properties":{"source":"emodnet_dtm_2024","level":2}},{"type":"Feature","geometry":{"type":"LineString","coordinates":[[-0.99875,45.71292],[-0.99542,45.71292],[-0.99875,45.71292]]},"properties":{"source":"emodnet_dtm_2024","level":2}},{"type":"Feature","geometry":{"type":"LineString","coordinates":[[-1.01792,45.71875],[-1.01708,45.71875],[-1.01792,45.71875]]},"properties":{"source":"emodnet_dtm_2024","level":2}},{"type":"Feature","geometry":{"type":"LineString","coordinates":[[-1.04708,45.73958],[-1.04375,45.73958],[-1.04708,45.73958]]},"properties":{"source":"emodnet_dtm_2024","level":2}},{"type":"Feature","geometry":{"type":"LineString","coordinates":[[-1.08875,45.76042],[-1.08708,45.76042],[-1.08875,45.76042]]},"properties":{"source":"emodnet_dtm_2024","level":2}},{"type":"Feature","geometry":{"type":"LineString","coordinates":[[-0.97208,45.81458],[-0.96875,45.81458],[-0.96875,45.81875],[-0.97208,45.81875],[-0.97208,45.81458]]},"properties":{"source":"emodnet_dtm_2024","level":2}},{"type":"Feature","geometry":{"type":"LineString","coordinates":[[-1.01792,45.82292],[-1.00208,45.82292],[-1.01792,45.82292]]},"properties":{"source":"emodnet_dtm_2024","level":2}},{"type":"Feature","geometry":{"type":"LineString","coordinates":[[-1.02625,45.84375],[-1.02292,45.84375],[-1.02625,45.84375]]},"properties":{"source":"emodnet_dtm_2024","level":2}},{"type":"Feature","geometry":{"type":"LineString","coordinates":[[-1.10125,45.86875],[-1.09375,45.86875],[-1.10125,45.86875]]},"properties":{"source":"emodnet_dtm_2024","level":2}},{"type":"Feature","geometry":{"type":"LineString","coordinates":[[-1.33958,45.90865],[-1.33865,45.90875],[-1.33958,45.90865]]},"properties":{"source":"emodnet_dtm_2024","level":2}},{"type":"Feature","geometry":{"type":"LineString","coordinates":[[-0.98208,45.91503],[-0.98077,45.91542],[-0.98125,45.91589],[-0.98208,45.91586],[-0.98208,45.91503]]},"properties":{"source":"emodnet_dtm_2024","level":2}},{"type":"Feature","geometry":{"type":"LineString","coordinates":[[-0.96958,45.91499],[-0.96757,45.91542],[-0.96958,45.9159],[-0.97006,45.91542],[-0.96958,45.91499]]},"properties":{"source":"emodnet_dtm_2024","level":2}},{"type":"Feature","geometry":{"type":"LineString","coordinates":[[-0.97625,45.91875],[-0.97292,45.91875],[-0.97625,45.91875]]},"properties":{"source":"emodnet_dtm_2024","level":2}},{"type":"Feature","geometry":{"type":"LineString","coordinates":[[-0.99875,45.92737],[-0.99792,45.92732],[-0.99729,45.92792],[-0.99792,45.92855],[-0.99928,45.92792],[-0.99875,45.92737]]},"properties":{"source":"emodnet_dtm_2024","level":2}},{"type":"Feature","geometry":{"type":"LineString","coordinates":[[-1.00292,45.92838],[-1.00164,45.92875],[-1.00208,45.92921],[-1.00292,45.92919],[-1.00292,45.92838]]},"properties":{"source":"emodnet_dtm_2024","level":2}},{"type":"Feature","geometry":{"type":"LineString","coordinates":[[-1.34708,46.00208],[-1.34375,46.00208],[-1.34708,46.00208]]},"properties":{"source":"emodnet_dtm_2024","level":2}},{"type":"Feature","geometry":{"type":"LineString","coordinates":[[-1.16375,46.14529],[-1.16292,46.14514],[-1.16292,46.14582],[-1.16375,46.14529]]},"properties":{"source":"emodnet_dtm_2024","level":2}},{"type":"Feature","geometry":{"type":"LineString","coordinates":[[-1.19792,46.14663],[-1.19625,46.14656],[-1.1962,46.14708],[-1.19792,46.14792],[-1.19792,46.14663]]},"properties":{"source":"emodnet_dtm_2024","level":2}},{"type":"Feature","geometry":{"type":"LineString","coordinates":[[-1.52208,46.21458],[-1.50625,46.21458],[-1.50958,46.21458],[-1.51042,46.21542],[-1.51042,46.21875],[-1.51458,46.22292],[-1.51875,46.21875],[-1.51875,46.21458],[-1.52208,46.21458]]},"properties":{"source":"emodnet_dtm_2024","level":2}},{"type":"Feature","geometry":{"type":"LineString","coordinates":[[-1.53042,46.22708],[-1.52708,46.22708],[-1.53042,46.22708]]},"properties":{"source":"emodnet_dtm_2024","level":2}},{"type":"Feature","geometry":{"type":"LineString","coordinates":[[-1.44375,46.23453],[-1.44266,46.23458],[-1.44292,46.23499],[-1.44375,46.23453]]},"properties":{"source":"emodnet_dtm_2024","level":2}},{"type":"Feature","geometry":{"type":"LineString","coordinates":[[-1.53458,46.23542],[-1.52708,46.23542],[-1.53458,46.23542]]},"properties":{"source":"emodnet_dtm_2024","level":2}},{"type":"Feature","geometry":{"type":"LineString","coordinates":[[-1.50125,46.23958],[-1.49792,46.23958],[-1.50125,46.23958]]},"properties":{"source":"emodnet_dtm_2024","level":2}},{"type":"Feature","geometry":{"type":"LineString","coordinates":[[-1.54458,46.24196],[-1.54375,46.24167],[-1.5434,46.24208],[-1.54458,46.24196]]},"properties":{"source":"emodnet_dtm_2024","level":2}},{"type":"Feature","geometry":{"type":"LineString","coordinates":[[-1.55542,46.24375],[-1.55208,46.24375],[-1.55458,46.24375],[-1.55542,46.24459],[-1.55625,46.24458],[-1.55542,46.24375]]},"properties":{"source":"emodnet_dtm_2024","level":2}},{"type":"Feature","geometry":{"type":"LineString","coordinates":[[-1.25125,46.29792],[-1.24792,46.29792],[-1.25125,46.29792]]},"properties":{"source":"emodnet_dtm_2024","level":2}},{"type":"Feature","geometry":{"type":"LineString","coordinates":[[-1.13792,46.30031],[-1.13706,46.30042],[-1.1364,46.30125],[-1.13708,46.30134],[-1.13792,46.30031]]},"properties":{"source":"emodnet_dtm_2024","level":2}},{"type":"Feature","geometry":{"type":"LineString","coordinates":[[-1.31542,46.30792],[-1.31458,46.30792],[-1.31542,46.30792]]},"properties":{"source":"emodnet_dtm_2024","level":2}},{"type":"Feature","geometry":{"type":"LineString","coordinates":[[-1.27208,46.32708],[-1.26875,46.32708],[-1.27208,46.32708]]},"properties":{"source":"emodnet_dtm_2024","level":2}},{"type":"Feature","geometry":{"type":"LineString","coordinates":[[-1.09708,46.32708],[-1.09375,46.32708],[-1.09708,46.32708]]},"properties":{"source":"emodnet_dtm_2024","level":2}},{"type":"Feature","geometry":{"type":"LineString","coordinates":[[-1.12625,46.33542],[-1.11875,46.33542],[-1.12625,46.33542]]},"properties":{"source":"emodnet_dtm_2024","level":2}},{"type":"Feature","geometry":{"type":"LineString","coordinates":[[-1.38042,46.34375],[-1.37458,46.34375],[-1.38042,46.34375]]},"properties":{"source":"emodnet_dtm_2024","level":2}},{"type":"Feature","geometry":{"type":"LineString","coordinates":[[-1.10125,46.34375],[-1.09375,46.34375],[-1.09708,46.34375],[-1.09792,46.34458],[-1.09792,46.34792],[-1.10125,46.34792],[-1.10125,46.34375]]},"properties":{"source":"emodnet_dtm_2024","level":2}},{"type":"Feature","geometry":{"type":"LineString","coordinates":[[-0.99292,46.34375],[-0.98958,46.34375],[-0.99292,46.34375]]},"properties":{"source":"emodnet_dtm_2024","level":2}},{"type":"Feature","geometry":{"type":"LineString","coordinates":[[-1.08042,46.35208],[-1.07708,46.35208],[-1.08042,46.35208]]},"properties":{"source":"emodnet_dtm_2024","level":2}},{"type":"Feature","geometry":{"type":"LineString","coordinates":[[-1.07208,46.35625],[-1.06875,46.35625],[-1.07208,46.35625]]},"properties":{"source":"emodnet_dtm_2024","level":2}},{"type":"Feature","geometry":{"type":"LineString","coordinates":[[-1.26375,46.36042],[-1.26042,46.36042],[-1.26375,46.36042]]},"properties":{"source":"emodnet_dtm_2024","level":2}},{"type":"Feature","geometry":{"type":"LineString","coordinates":[[-1.03458,46.36042],[-1.03125,46.36042],[-1.03458,46.36042]]},"properties":{"source":"emodnet_dtm_2024","level":2}},{"type":"Feature","geometry":{"type":"LineString","coordinates":[[-1.25958,46.36458],[-1.25625,46.36458],[-1.25958,46.36458]]},"properties":{"source":"emodnet_dtm_2024","level":2}},{"type":"Feature","geometry":{"type":"LineString","coordinates":[[-1.15542,46.36458],[-1.15208,46.36458],[-1.15542,46.36458]]},"properties":{"source":"emodnet_dtm_2024","level":2}},{"type":"Feature","geometry":{"type":"LineString","coordinates":[[-1.07208,46.36458],[-1.06875,46.36458],[-1.06875,46.36875],[-1.07208,46.36875],[-1.07208,46.36458]]},"properties":{"source":"emodnet_dtm_2024","level":2}},{"type":"Feature","geometry":{"type":"LineString","coordinates":[[-1.04708,46.36458],[-1.04375,46.36458],[-1.04708,46.36458]]},"properties":{"source":"emodnet_dtm_2024","level":2}},{"type":"Feature","geometry":{"type":"LineString","coordinates":[[-1.43042,46.36875],[-1.42708,46.36875],[-1.43042,46.36875]]},"properties":{"source":"emodnet_dtm_2024","level":2}},{"type":"Feature","geometry":{"type":"LineString","coordinates":[[-1.13875,46.36875],[-1.13542,46.36875],[-1.13875,46.36875]]},"properties":{"source":"emodnet_dtm_2024","level":2}},{"type":"Feature","geometry":{"type":"LineString","coordinates":[[-1.05125,46.36875],[-1.04792,46.36875],[-1.05125,46.36875]]},"properties":{"source":"emodnet_dtm_2024","level":2}},{"type":"Feature","geometry":{"type":"LineString","coordinates":[[-1.23042,46.37708],[-1.22292,46.37708],[-1.23042,46.37708]]},"properties":{"source":"emodnet_dtm_2024","level":2}},{"type":"Feature","geometry":{"type":"LineString","coordinates":[[-1.22208,46.38125],[-1.21042,46.38125],[-1.21792,46.38125],[-1.21875,46.38208],[-1.21875,46.38542],[-1.22208,46.38542],[-1.22208,46.38125]]},"properties":{"source":"emodnet_dtm_2024","level":2}},{"type":"Feature","geometry":{"type":"LineString","coordinates":[[-1.04708,46.38125],[-1.04375,46.38125],[-1.04708,46.38125]]},"properties":{"source":"emodnet_dtm_2024","level":2}},{"type":"Feature","geometry":{"type":"LineString","coordinates":[[-1.20958,46.38542],[-1.20208,46.38542],[-1.20958,46.38542]]},"properties":{"source":"emodnet_dtm_2024","level":2}},{"type":"Feature","geometry":{"type":"LineString","coordinates":[[-1.05542,46.38542],[-1.05208,46.38542],[-1.05208,46.38958],[-1.05542,46.38958],[-1.05542,46.38542]]},"properties":{"source":"emodnet_dtm_2024","level":2}},{"type":"Feature","geometry":{"type":"LineString","coordinates":[[-1.08042,46.38958],[-1.07708,46.38958],[-1.08042,46.38958]]},"properties":{"source":"emodnet_dtm_2024","level":2}},{"type":"Feature","geometry":{"type":"LineString","coordinates":[[-1.07625,46.39375],[-1.06875,46.39375],[-1.07208,46.39375],[-1.07292,46.39458],[-1.07292,46.39792],[-1.07625,46.39792],[-1.07625,46.39375]]},"properties":{"source":"emodnet_dtm_2024","level":2}},{"type":"Feature","geometry":{"type":"LineString","coordinates":[[-1.07208,46.41042],[-1.06458,46.41042],[-1.07208,46.41042]]},"properties":{"source":"emodnet_dtm_2024","level":2}},{"type":"Feature","geometry":{"type":"LineString","coordinates":[[-1.23458,46.41458],[-1.23125,46.41458],[-1.23458,46.41458]]},"properties":{"source":"emodnet_dtm_2024","level":2}},{"type":"Feature","geometry":{"type":"LineString","coordinates":[[-1.03042,46.41458],[-1.01875,46.41458],[-1.03042,46.41458]]},"properties":{"source":"emodnet_dtm_2024","level":2}},{"type":"Feature","geometry":{"type":"LineString","coordinates":[[-1.78458,46.54792],[-1.77708,46.54792],[-1.78458,46.54792]]},"properties":{"source":"emodnet_dtm_2024","level":2}},{"type":"Feature","geometry":{"type":"LineString","coordinates":[[-1.98208,46.70769],[-1.98088,46.70792],[-1.98125,46.70834],[-1.98277,46.70792],[-1.98208,46.70769]]},"properties":{"source":"emodnet_dtm_2024","level":2}},{"type":"Feature","geometry":{"type":"LineString","coordinates":[[-1.90542,46.73125],[-1.90208,46.73125],[-1.90542,46.73125]]},"properties":{"source":"emodnet_dtm_2024","level":2}},{"type":"Feature","geometry":{"type":"LineString","coordinates":[[-1.96792,46.75208],[-1.96458,46.75208],[-1.96792,46.75208]]},"properties":{"source":"emodnet_dtm_2024","level":2}},{"type":"Feature","geometry":{"type":"LineString","coordinates":[[-1.99708,46.75625],[-1.99375,46.75625],[-1.99708,46.75625]]},"properties":{"source":"emodnet_dtm_2024","level":2}},{"type":"Feature","geometry":{"type":"LineString","coordinates":[[-1.97208,46.76458],[-1.96875,46.76458],[-1.97208,46.76458]]},"properties":{"source":"emodnet_dtm_2024","level":2}},{"type":"Feature","geometry":{"type":"LineString","coordinates":[[-2.01792,46.79375],[-2.01042,46.79375],[-2.01792,46.79375]]},"properties":{"source":"emodnet_dtm_2024","level":2}},{"type":"Feature","geometry":{"type":"LineString","coordinates":[[-2.00542,46.79792],[-2.00208,46.79792],[-2.00542,46.79792]]},"properties":{"source":"emodnet_dtm_2024","level":2}},{"type":"Feature","geometry":{"type":"LineString","coordinates":[[-2.07208,46.80625],[-2.06875,46.80625],[-2.07208,46.80625]]},"properties":{"source":"emodnet_dtm_2024","level":2}},{"type":"Feature","geometry":{"type":"LineString","coordinates":[[-2.05958,46.80625],[-2.04792,46.80625],[-2.05958,46.80625]]},"properties":{"source":"emodnet_dtm_2024","level":2}},{"type":"Feature","geometry":{"type":"LineString","coordinates":[[-2.06792,46.81042],[-2.06458,46.81042],[-2.06792,46.81042]]},"properties":{"source":"emodnet_dtm_2024","level":2}},{"type":"Feature","geometry":{"type":"LineString","coordinates":[[-2.03875,46.81458],[-2.03125,46.81458],[-2.03875,46.81458]]},"properties":{"source":"emodnet_dtm_2024","level":2}},{"type":"Feature","geometry":{"type":"LineString","coordinates":[[-2.05125,46.81875],[-2.04792,46.81875],[-2.05125,46.81875]]},"properties":{"source":"emodnet_dtm_2024","level":2}},{"type":"Feature","geometry":{"type":"LineString","coordinates":[[-1.98042,46.81875],[-1.97708,46.81875],[-1.98042,46.81875]]},"properties":{"source":"emodnet_dtm_2024","level":2}},{"type":"Feature","geometry":{"type":"LineString","coordinates":[[-1.91375,46.82708],[-1.91042,46.82708],[-1.91375,46.82708]]},"properties":{"source":"emodnet_dtm_2024","level":2}},{"type":"Feature","geometry":{"type":"LineString","coordinates":[[-1.92208,46.83125],[-1.91875,46.83125],[-1.92208,46.83125]]},"properties":{"source":"emodnet_dtm_2024","level":2}},{"type":"Feature","geometry":{"type":"LineString","coordinates":[[-1.98875,46.86458],[-1.98542,46.86458],[-1.98875,46.86458]]},"properties":{"source":"emodnet_dtm_2024","level":2}},{"type":"Feature","geometry":{"type":"LineString","coordinates":[[-1.96375,46.86458],[-1.96042,46.86458],[-1.96375,46.86458]]},"properties":{"source":"emodnet_dtm_2024","level":2}},{"type":"Feature","geometry":{"type":"LineString","coordinates":[[-2.01375,46.87292],[-2.01042,46.87292],[-2.01375,46.87292]]},"properties":{"source":"emodnet_dtm_2024","level":2}},{"type":"Feature","geometry":{"type":"LineString","coordinates":[[-2.08875,46.88542],[-2.08125,46.88542],[-2.08875,46.88542]]},"properties":{"source":"emodnet_dtm_2024","level":2}},{"type":"Feature","geometry":{"type":"LineString","coordinates":[[-2.03875,46.88958],[-2.03125,46.88958],[-2.03875,46.88958]]},"properties":{"source":"emodnet_dtm_2024","level":2}},{"type":"Feature","geometry":{"type":"LineString","coordinates":[[-2.03042,46.89375],[-2.01458,46.89375],[-2.01458,46.89792],[-2.02208,46.89792],[-2.02208,46.89458],[-2.02292,46.89375],[-2.03042,46.89375]]},"properties":{"source":"emodnet_dtm_2024","level":2}},{"type":"Feature","geometry":{"type":"LineString","coordinates":[[-2.13708,46.89652],[-2.13612,46.89708],[-2.13611,46.89792],[-2.13773,46.89708],[-2.13708,46.89652]]},"properties":{"source":"emodnet_dtm_2024","level":2}},{"type":"Feature","geometry":{"type":"LineString","coordinates":[[-2.18542,46.90671],[-2.18458,46.90659],[-2.18412,46.90708],[-2.18458,46.90772],[-2.18586,46.90708],[-2.18542,46.90671]]},"properties":{"source":"emodnet_dtm_2024","level":2}},{"type":"Feature","geometry":{"type":"LineString","coordinates":[[-1.91375,46.93958],[-1.90208,46.93958],[-1.90542,46.93958],[-1.90625,46.94042],[-1.90625,46.94375],[-1.90958,46.94375],[-1.90958,46.94042],[-1.91042,46.93958],[-1.91375,46.93958]]},"properties":{"source":"emodnet_dtm_2024","level":2}},{"type":"Feature","geometry":{"type":"LineString","coordinates":[[-2.05958,46.94375],[-2.05625,46.94375],[-2.05625,46.94792],[-2.05958,46.94792],[-2.05958,46.94375]]},"properties":{"source":"emodnet_dtm_2024","level":2}},{"type":"Feature","geometry":{"type":"LineString","coordinates":[[-1.94708,46.94375],[-1.94375,46.94375],[-1.94708,46.94375]]},"properties":{"source":"emodnet_dtm_2024","level":2}},{"type":"Feature","geometry":{"type":"LineString","coordinates":[[-1.91375,46.94792],[-1.91042,46.94792],[-1.91375,46.94792]]},"properties":{"source":"emodnet_dtm_2024","level":2}},{"type":"Feature","geometry":{"type":"LineString","coordinates":[[-1.90958,46.95208],[-1.90625,46.95208],[-1.90958,46.95208]]},"properties":{"source":"emodnet_dtm_2024","level":2}},{"type":"Feature","geometry":{"type":"LineString","coordinates":[[-2.05125,46.95625],[-2.04375,46.95625],[-2.04375,46.96042],[-2.04708,46.96042],[-2.04708,46.95708],[-2.04792,46.95625],[-2.05125,46.95625]]},"properties":{"source":"emodnet_dtm_2024","level":2}},{"type":"Feature","geometry":{"type":"LineString","coordinates":[[-2.19708,46.96042],[-2.19375,46.96042],[-2.19708,46.96042]]},"properties":{"source":"emodnet_dtm_2024","level":2}},{"type":"Feature","geometry":{"type":"LineString","coordinates":[[-1.94292,46.96042],[-1.93958,46.96042],[-1.94292,46.96042]]},"properties":{"source":"emodnet_dtm_2024","level":2}},{"type":"Feature","geometry":{"type":"LineString","coordinates":[[-1.91375,46.96042],[-1.90625,46.96042],[-1.91375,46.96042]]},"properties":{"source":"emodnet_dtm_2024","level":2}},{"type":"Feature","geometry":{"type":"LineString","coordinates":[[-2.20542,46.96458],[-2.20208,46.96458],[-2.20542,46.96458]]},"properties":{"source":"emodnet_dtm_2024","level":2}},{"type":"Feature","geometry":{"type":"LineString","coordinates":[[-1.90125,46.96458],[-1.89792,46.96458],[-1.90125,46.96458]]},"properties":{"source":"emodnet_dtm_2024","level":2}},{"type":"Feature","geometry":{"type":"LineString","coordinates":[[-1.98042,46.96875],[-1.97708,46.96875],[-1.97708,46.97292],[-1.98042,46.97292],[-1.98042,46.96875]]},"properties":{"source":"emodnet_dtm_2024","level":2}},{"type":"Feature","geometry":{"type":"LineString","coordinates":[[-2.22208,46.97292],[-2.21875,46.97292],[-2.22208,46.97292]]},"properties":{"source":"emodnet_dtm_2024","level":2}},{"type":"Feature","geometry":{"type":"LineString","coordinates":[[-1.83875,46.97292],[-1.83542,46.97292],[-1.83875,46.97292]]},"properties":{"source":"emodnet_dtm_2024","level":2}},{"type":"Feature","geometry":{"type":"LineString","coordinates":[[-2.15042,46.97526],[-2.14958,46.97484],[-2.14806,46.97625],[-2.14958,46.97739],[-2.15072,46.97625],[-2.15042,46.97526]]},"properties":{"source":"emodnet_dtm_2024","level":2}},{"type":"Feature","geometry":{"type":"LineString","coordinates":[[-1.97208,46.97708],[-1.94375,46.97708],[-1.94375,46.98125],[-1.95542,46.98125],[-1.95542,46.97792],[-1.95625,46.97708],[-1.97208,46.97708]]},"properties":{"source":"emodnet_dtm_2024","level":2}},{"type":"Feature","geometry":{"type":"LineString","coordinates":[[-2.25125,46.98125],[-2.24792,46.98125],[-2.25125,46.98125]]},"properties":{"source":"emodnet_dtm_2024","level":2}},{"type":"Feature","geometry":{"type":"LineString","coordinates":[[-2.01375,46.98125],[-2.01042,46.98125],[-2.01375,46.98125]]},"properties":{"source":"emodnet_dtm_2024","level":2}},{"type":"Feature","geometry":{"type":"LineString","coordinates":[[-1.89708,46.98125],[-1.89375,46.98125],[-1.89708,46.98125]]},"properties":{"source":"emodnet_dtm_2024","level":2}},{"type":"Feature","geometry":{"type":"LineString","coordinates":[[-1.86792,46.98125],[-1.86042,46.98125],[-1.86792,46.98125]]},"properties":{"source":"emodnet_dtm_2024","level":2}},{"type":"Feature","geometry":{"type":"LineString","coordinates":[[-2.33292,46.98642],[-2.33201,46.98708],[-2.33292,46.98741],[-2.33292,46.98642]]},"properties":{"source":"emodnet_dtm_2024","level":2}},{"type":"Feature","geometry":{"type":"LineString","coordinates":[[-1.89708,46.98958],[-1.89375,46.98958],[-1.89708,46.98958]]},"properties":{"source":"emodnet_dtm_2024","level":2}},{"type":"Feature","geometry":{"type":"LineString","coordinates":[[-1.88458,46.98958],[-1.87292,46.98958],[-1.88458,46.98958]]},"properties":{"source":"emodnet_dtm_2024","level":2}},{"type":"Feature","geometry":{"type":"LineString","coordinates":[[-2.23875,46.99375],[-2.23542,46.99375],[-2.23875,46.99375]]},"properties":{"source":"emodnet_dtm_2024","level":2}},{"type":"Feature","geometry":{"type":"LineString","coordinates":[[-1.97625,46.99375],[-1.97292,46.99375],[-1.97625,46.99375]]},"properties":{"source":"emodnet_dtm_2024","level":2}},{"type":"Feature","geometry":{"type":"LineString","coordinates":[[-1.88875,46.99375],[-1.88542,46.99375],[-1.88875,46.99375]]},"properties":{"source":"emodnet_dtm_2024","level":2}},{"type":"Feature","geometry":{"type":"LineString","coordinates":[[-1.90125,46.99792],[-1.89375,46.99792],[-1.90125,46.99792]]},"properties":{"source":"emodnet_dtm_2024","level":2}},{"type":"Feature","geometry":{"type":"LineString","coordinates":[[-2.06125,46.99868],[-2.06003,46.99875],[-2.06125,46.99974],[-2.06125,46.99868]]},"properties":{"source":"emodnet_dtm_2024","level":2}},{"type":"Feature","geometry":{"type":"LineString","coordinates":[[-2.26375,47.00625],[-2.26042,47.00625],[-2.26375,47.00625]]},"properties":{"source":"emodnet_dtm_2024","level":2}},{"type":"Feature","geometry":{"type":"LineString","coordinates":[[-1.94708,47.01458],[-1.93542,47.01458],[-1.94708,47.01458]]},"properties":{"source":"emodnet_dtm_2024","level":2}},{"type":"Feature","geometry":{"type":"LineString","coordinates":[[-1.92208,47.01458],[-1.91458,47.01458],[-1.91792,47.01458],[-1.91875,47.01542],[-1.91875,47.01875],[-1.92208,47.01875],[-1.92208,47.01458]]},"properties":{"source":"emodnet_dtm_2024","level":2}},{"type":"Feature","geometry":{"type":"LineString","coordinates":[[-1.93458,47.02292],[-1.92708,47.02292],[-1.93458,47.02292]]},"properties":{"source":"emodnet_dtm_2024","level":2}},{"type":"Feature","geometry":{"type":"LineString","coordinates":[[-1.95958,47.03125],[-1.94792,47.03125],[-1.95125,47.03125],[-1.95208,47.03208],[-1.95208,47.03542],[-1.95542,47.03542],[-1.95542,47.03208],[-1.95625,47.03125],[-1.95958,47.03125]]},"properties":{"source":"emodnet_dtm_2024","level":2}},{"type":"Feature","geometry":{"type":"LineString","coordinates":[[-1.96792,47.04375],[-1.96458,47.04375],[-1.96792,47.04375]]},"properties":{"source":"emodnet_dtm_2024","level":2}},{"type":"Feature","geometry":{"type":"LineString","coordinates":[[-1.65542,47.04792],[-1.65208,47.04792],[-1.65542,47.04792]]},"properties":{"source":"emodnet_dtm_2024","level":2}},{"type":"Feature","geometry":{"type":"LineString","coordinates":[[-1.67625,47.05208],[-1.67292,47.05208],[-1.66875,47.05125],[-1.66458,47.05208],[-1.66458,47.05625],[-1.66792,47.0581],[-1.67014,47.05792],[-1.67292,47.05625],[-1.67292,47.05208],[-1.67625,47.05208]]},"properties":{"source":"emodnet_dtm_2024","level":2}},{"type":"Feature","geometry":{"type":"LineString","coordinates":[[-2.07875,47.07784],[-2.07728,47.07792],[-2.07792,47.07827],[-2.07875,47.07784]]},"properties":{"source":"emodnet_dtm_2024","level":2}},{"type":"Feature","geometry":{"type":"LineString","coordinates":[[-1.75375,47.10597],[-1.75208,47.10542],[-1.75069,47.10625],[-1.75208,47.10729],[-1.75417,47.10625],[-1.75375,47.10597]]},"properties":{"source":"emodnet_dtm_2024","level":2}},{"type":"Feature","geometry":{"type":"LineString","coordinates":[[-2.11542,47.10753],[-2.11398,47.10792],[-2.11542,47.10802],[-2.11542,47.10753]]},"properties":{"source":"emodnet_dtm_2024","level":2}},{"type":"Feature","geometry":{"type":"LineString","coordinates":[[-2.11292,47.10749],[-2.11208,47.10731],[-2.11208,47.10859],[-2.11343,47.10792],[-2.11292,47.10749]]},"properties":{"source":"emodnet_dtm_2024","level":2}},{"type":"Feature","geometry":{"type":"LineString","coordinates":[[-1.43208,47.15602],[-1.43125,47.15558],[-1.43032,47.15625],[-1.43125,47.15713],[-1.43244,47.15625],[-1.43208,47.15602]]},"properties":{"source":"emodnet_dtm_2024","level":2}},{"type":"Feature","geometry":{"type":"LineString","coordinates":[[-1.74125,47.16446],[-1.73958,47.16417],[-1.73819,47.16458],[-1.73958,47.1651],[-1.74167,47.16458],[-1.74125,47.16446]]},"properties":{"source":"emodnet_dtm_2024","level":2}},{"type":"Feature","geometry":{"type":"LineString","coordinates":[[-1.79458,47.16848],[-1.79375,47.16806],[-1.79236,47.16875],[-1.79375,47.17083],[-1.79489,47.16958],[-1.79514,47.16875],[-1.79458,47.16848]]},"properties":{"source":"emodnet_dtm_2024","level":2}},{"type":"Feature","geometry":{"type":"LineString","coordinates":[[-1.84708,47.18625],[-1.84375,47.18625],[-1.84375,47.18958],[-1.84708,47.18958],[-1.84708,47.18625]]},"properties":{"source":"emodnet_dtm_2024","level":2}},{"type":"Feature","geometry":{"type":"LineString","coordinates":[[-1.39292,47.21125],[-1.38958,47.21125],[-1.38958,47.21458],[-1.39292,47.21458],[-1.39292,47.21125]]},"properties":{"source":"emodnet_dtm_2024","level":2}},{"type":"Feature","geometry":{"type":"LineString","coordinates":[[-1.90125,47.27792],[-1.89792,47.27792],[-1.89792,47.28125],[-1.90125,47.28125],[-1.90125,47.27792]]},"properties":{"source":"emodnet_dtm_2024","level":2}},{"type":"Feature","geometry":{"type":"LineString","coordinates":[[-1.94292,47.28208],[-1.91042,47.28208],[-1.91042,47.28542],[-1.94292,47.28542],[-1.94292,47.28208]]},"properties":{"source":"emodnet_dtm_2024","level":2}},{"type":"Feature","geometry":{"type":"LineString","coordinates":[[-2.54042,47.3],[-2.53958,47.3],[-2.53958,47.30072],[-2.54042,47.30071],[-2.54042,47.3]]},"properties":{"source":"emodnet_dtm_2024","level":2}},{"type":"Feature","geometry":{"type":"LineString","coordinates":[[-2.94708,47.37039],[-2.94612,47.37042],[-2.94625,47.37204],[-2.94708,47.37039]]},"properties":{"source":"emodnet_dtm_2024","level":2}},{"type":"Feature","geometry":{"type":"LineString","coordinates":[[-2.17625,47.37375],[-2.17292,47.37375],[-2.17292,47.37708],[-2.17625,47.37708],[-2.17625,47.37375]]},"properties":{"source":"emodnet_dtm_2024","level":2}},{"type":"Feature","geometry":{"type":"LineString","coordinates":[[-2.23875,47.43208],[-2.23542,47.43208],[-2.23542,47.43542],[-2.23875,47.43542],[-2.23875,47.43208]]},"properties":{"source":"emodnet_dtm_2024","level":2}},{"type":"Feature","geometry":{"type":"LineString","coordinates":[[-2.50125,47.45771],[-2.49977,47.45792],[-2.49963,47.45875],[-2.50125,47.45894],[-2.50125,47.45771]]},"properties":{"source":"emodnet_dtm_2024","level":2}},{"type":"Feature","geometry":{"type":"LineString","coordinates":[[-3.07625,47.46468],[-3.07542,47.46495],[-3.07506,47.46458],[-3.07542,47.46284],[-3.07685,47.46375],[-3.07625,47.46468]]},"properties":{"source":"emodnet_dtm_2024","level":2}},{"type":"Feature","geometry":{"type":"LineString","coordinates":[[-3.08958,47.46688],[-3.08875,47.46637],[-3.08875,47.46791],[-3.08958,47.46752],[-3.08958,47.46688]]},"properties":{"source":"emodnet_dtm_2024","level":2}},{"type":"Feature","geometry":{"type":"LineString","coordinates":[[-2.63208,47.499],[-2.63125,47.49893],[-2.63125,47.49982],[-2.63276,47.49958],[-2.63208,47.499]]},"properties":{"source":"emodnet_dtm_2024","level":2}},{"type":"Feature","geometry":{"type":"LineString","coordinates":[[-2.45375,47.4994],[-2.45292,47.49941],[-2.45292,47.49982],[-2.45375,47.4994]]},"properties":{"source":"emodnet_dtm_2024","level":2}},{"type":"Feature","geometry":{"type":"LineString","coordinates":[[-2.28958,47.50592],[-2.28542,47.50589],[-2.285,47.50625],[-2.28542,47.50661],[-2.28958,47.50654],[-2.28958,47.50592]]},"properties":{"source":"emodnet_dtm_2024","level":2}},{"type":"Feature","geometry":{"type":"LineString","coordinates":[[-2.90375,47.54002],[-2.90208,47.54074],[-2.90375,47.54081],[-2.90375,47.54002]]},"properties":{"source":"emodnet_dtm_2024","level":2}},{"type":"Feature","geometry":{"type":"LineString","coordinates":[[-2.89458,47.54422],[-2.89289,47.54458],[-2.89458,47.54485],[-2.89458,47.54422]]},"properties":{"source":"emodnet_dtm_2024","level":2}},{"type":"Feature","geometry":{"type":"LineString","coordinates":[[-2.78625,47.55278],[-2.78542,47.55208],[-2.78542,47.55301],[-2.78625,47.55278]]},"properties":{"source":"emodnet_dtm_2024","level":2}},{"type":"Feature","geometry":{"type":"LineString","coordinates":[[-2.93708,47.56778],[-2.93491,47.56792],[-2.93708,47.56841],[-2.93708,47.56778]]},"properties":{"source":"emodnet_dtm_2024","level":2}},{"type":"Feature","geometry":{"type":"LineString","coordinates":[[-2.92375,47.59356],[-2.92292,47.59306],[-2.92208,47.59375],[-2.92292,47.59583],[-2.92375,47.59356]]},"properties":{"source":"emodnet_dtm_2024","level":2}},{"type":"Feature","geometry":{"type":"LineString","coordinates":[[-2.83958,47.59375],[-2.83818,47.59458],[-2.83958,47.59593],[-2.83958,47.59375]]},"properties":{"source":"emodnet_dtm_2024","level":2}},{"type":"Feature","geometry":{"type":"LineString","coordinates":[[-3.16625,47.6087],[-3.16394,47.60875],[-3.16458,47.61042],[-3.16625,47.6087]]},"properties":{"source":"emodnet_dtm_2024","level":2}},{"type":"Feature","geometry":{"type":"LineString","coordinates":[[-3.18625,47.61755],[-3.18525,47.61792],[-3.18542,47.61875],[-3.18661,47.61875],[-3.18625,47.61755]]},"properties":{"source":"emodnet_dtm_2024","level":2}},{"type":"Feature","geometry":{"type":"LineString","coordinates":[[-2.70125,47.61958],[-2.69792,47.61958],[-2.69792,47.62708],[-2.70125,47.62708],[-2.70125,47.61958]]},"properties":{"source":"emodnet_dtm_2024","level":2}},{"type":"Feature","geometry":{"type":"LineString","coordinates":[[-2.75875,47.62521],[-2.75726,47.62542],[-2.75875,47.62596],[-2.75939,47.62542],[-2.75875,47.62521]]},"properties":{"source":"emodnet_dtm_2024","level":2}},{"type":"Feature","geometry":{"type":"LineString","coordinates":[[-2.77792,47.62603],[-2.77676,47.62625],[-2.77653,47.62708],[-2.77708,47.62748],[-2.77813,47.62708],[-2.77792,47.62603]]},"properties":{"source":"emodnet_dtm_2024","level":2}},{"type":"Feature","geometry":{"type":"LineString","coordinates":[[-3.26125,47.67104],[-3.26022,47.67125],[-3.26125,47.67228],[-3.26125,47.67104]]},"properties":{"source":"emodnet_dtm_2024","level":2}},{"type":"Feature","geometry":{"type":"LineString","coordinates":[[-3.19875,47.67949],[-3.19704,47.67958],[-3.19792,47.68065],[-3.19875,47.67949]]},"properties":{"source":"emodnet_dtm_2024","level":2}},{"type":"Feature","geometry":{"type":"LineString","coordinates":[[-3.17542,47.68451],[-3.17449,47.68458],[-3.17458,47.68661],[-3.17569,47.68625],[-3.17542,47.68451]]},"properties":{"source":"emodnet_dtm_2024","level":2}},{"type":"Feature","geometry":{"type":"LineString","coordinates":[[-3.35625,47.68595],[-3.35542,47.68595],[-3.35542,47.68668],[-3.35701,47.68625],[-3.35625,47.68595]]},"properties":{"source":"emodnet_dtm_2024","level":2}},{"type":"Feature","geometry":{"type":"LineString","coordinates":[[-3.35292,47.70122],[-3.35125,47.70076],[-3.34992,47.70125],[-3.34962,47.70208],[-3.35125,47.70251],[-3.35292,47.7021],[-3.35292,47.70122]]},"properties":{"source":"emodnet_dtm_2024","level":2}},{"type":"Feature","geometry":{"type":"LineString","coordinates":[[-3.16875,47.7099],[-3.16792,47.71056],[-3.16944,47.71042],[-3.16875,47.7099]]},"properties":{"source":"emodnet_dtm_2024","level":2}},{"type":"Feature","geometry":{"type":"LineString","coordinates":[[-3.14458,47.7103],[-3.14375,47.70958],[-3.14292,47.70996],[-3.14271,47.71125],[-3.14375,47.71208],[-3.14458,47.7103]]},"properties":{"source":"emodnet_dtm_2024","level":2}},{"type":"Feature","geometry":{"type":"LineString","coordinates":[[-3.37458,47.72822],[-3.37292,47.72806],[-3.37208,47.72734],[-3.3717,47.72792],[-3.37292,47.72902],[-3.3753,47.72875],[-3.37458,47.72822]]},"properties":{"source":"emodnet_dtm_2024","level":2}},{"type":"Feature","geometry":{"type":"LineString","coordinates":[[-3.36958,47.76792],[-3.3678,47.76792],[-3.36875,47.76792],[-3.36958,47.76875],[-3.36958,47.76792]]},"properties":{"source":"emodnet_dtm_2024","level":2}},{"type":"Feature","geometry":{"type":"LineString","coordinates":[[-4.02375,47.77619],[-4.02292,47.77619],[-4.02292,47.77526],[-4.02395,47.77542],[-4.02375,47.77619]]},"properties":{"source":"emodnet_dtm_2024","level":2}},{"type":"Feature","geometry":{"type":"LineString","coordinates":[[-3.29375,47.78291],[-3.29211,47.78292],[-3.29375,47.78291]]},"properties":{"source":"emodnet_dtm_2024","level":2}},{"type":"Feature","geometry":{"type":"LineString","coordinates":[[-3.37792,47.78458],[-3.37625,47.78458],[-3.37708,47.78792],[-3.37792,47.78792],[-3.37792,47.78458]]},"properties":{"source":"emodnet_dtm_2024","level":2}},{"type":"Feature","geometry":{"type":"LineString","coordinates":[[-4.35125,47.79418],[-4.35042,47.79463],[-4.35175,47.79458],[-4.35125,47.79418]]},"properties":{"source":"emodnet_dtm_2024","level":2}},{"type":"Feature","geometry":{"type":"LineString","coordinates":[[-3.72125,47.80478],[-3.72031,47.80542],[-3.72031,47.80625],[-3.72128,47.80625],[-3.72125,47.80478]]},"properties":{"source":"emodnet_dtm_2024","level":2}},{"type":"Feature","geometry":{"type":"LineString","coordinates":[[-3.71958,47.80683],[-3.71813,47.80708],[-3.71958,47.80683]]},"properties":{"source":"emodnet_dtm_2024","level":2}},{"type":"Feature","geometry":{"type":"LineString","coordinates":[[-3.70375,47.81301],[-3.70205,47.81292]]},"properties":{"source":"emodnet_dtm_2024","level":2}},{"type":"Feature","geometry":{"type":"LineString","coordinates":[[-1.24958,45.80454],[-1.24958,45.80553],[-1.24958,45.80454]]},"properties":{"source":"emodnet_dtm_2024","level":2}},{"type":"Feature","geometry":{"type":"LineString","coordinates":[[-4.38375,47.81342],[-4.38458,47.81269],[-4.38542,47.81363]]},"properties":{"source":"emodnet_dtm_2024","level":2}},{"type":"Feature","geometry":{"type":"LineString","coordinates":[[-1.18767,45.79375],[-1.18792,45.79471],[-1.18829,45.79375],[-1.18767,45.79375]]},"properties":{"source":"emodnet_dtm_2024","level":2}},{"type":"Feature","geometry":{"type":"LineString","coordinates":[[-1.14906,45.89875],[-1.14958,45.89978],[-1.14997,45.89875],[-1.14906,45.89875]]},"properties":{"source":"emodnet_dtm_2024","level":2}},{"type":"Feature","geometry":{"type":"LineString","coordinates":[[-1.1503,45.90125],[-1.1508,45.90208],[-1.15123,45.90125],[-1.1503,45.90125]]},"properties":{"source":"emodnet_dtm_2024","level":2}},{"type":"Feature","geometry":{"type":"LineString","coordinates":[[-0.99563,45.92625],[-0.99625,45.92774],[-0.99682,45.92625],[-0.99625,45.9257],[-0.99563,45.92625]]},"properties":{"source":"emodnet_dtm_2024","level":2}},{"type":"Feature","geometry":{"type":"LineString","coordinates":[[-1.12031,45.93458],[-1.12042,45.93554],[-1.12031,45.93458]]},"properties":{"source":"emodnet_dtm_2024","level":2}},{"type":"Feature","geometry":{"type":"LineString","coordinates":[[-1.16363,46.14208],[-1.16375,46.14426],[-1.16418,46.14375],[-1.16363,46.14208]]},"properties":{"source":"emodnet_dtm_2024","level":2}},{"type":"Feature","geometry":{"type":"LineString","coordinates":[[-1.17153,46.14375],[-1.17208,46.14514],[-1.17208,46.14311],[-1.17153,46.14375]]},"properties":{"source":"emodnet_dtm_2024","level":2}},{"type":"Feature","geometry":{"type":"LineString","coordinates":[[-2.19438,46.97375],[-2.19458,46.97475],[-2.19438,46.97375]]},"properties":{"source":"emodnet_dtm_2024","level":2}},{"type":"Feature","geometry":{"type":"LineString","coordinates":[[-2.15784,46.97375],[-2.15792,46.97469],[-2.15784,46.97375]]},"properties":{"source":"emodnet_dtm_2024","level":2}},{"type":"Feature","geometry":{"type":"LineString","coordinates":[[-2.54949,47.29542],[-2.54958,47.29638],[-2.54949,47.29542]]},"properties":{"source":"emodnet_dtm_2024","level":2}},{"type":"Feature","geometry":{"type":"LineString","coordinates":[[-3.25705,47.34708],[-3.25708,47.34797],[-3.25708,47.34653],[-3.25705,47.34708]]},"properties":{"source":"emodnet_dtm_2024","level":2}},{"type":"Feature","geometry":{"type":"LineString","coordinates":[[-2.48773,47.41042],[-2.48792,47.4116],[-2.48792,47.41005],[-2.48773,47.41042]]},"properties":{"source":"emodnet_dtm_2024","level":2}},{"type":"Feature","geometry":{"type":"LineString","coordinates":[[-2.49957,47.45958],[-2.49958,47.46046],[-2.49958,47.45903],[-2.49957,47.45958]]},"properties":{"source":"emodnet_dtm_2024","level":2}},{"type":"Feature","geometry":{"type":"LineString","coordinates":[[-2.44947,47.49958],[-2.44958,47.5005],[-2.44947,47.49958]]},"properties":{"source":"emodnet_dtm_2024","level":2}},{"type":"Feature","geometry":{"type":"LineString","coordinates":[[-2.45869,47.50542],[-2.45875,47.50634],[-2.45869,47.50542]]},"properties":{"source":"emodnet_dtm_2024","level":2}},{"type":"Feature","geometry":{"type":"LineString","coordinates":[[-2.99125,47.57625],[-2.99125,47.57708],[-2.99125,47.57625]]},"properties":{"source":"emodnet_dtm_2024","level":2}},{"type":"Feature","geometry":{"type":"LineString","coordinates":[[-2.96027,47.60958],[-2.96042,47.61066],[-2.96042,47.60903],[-2.96027,47.60958]]},"properties":{"source":"emodnet_dtm_2024","level":2}},{"type":"Feature","geometry":{"type":"LineString","coordinates":[[-2.69257,47.61125],[-2.69219,47.61208],[-2.69292,47.6122],[-2.69292,47.61044],[-2.69257,47.61125]]},"properties":{"source":"emodnet_dtm_2024","level":2}},{"type":"Feature","geometry":{"type":"LineString","coordinates":[[-2.69179,47.61292],[-2.69208,47.61648],[-2.69208,47.6122],[-2.69179,47.61292]]},"properties":{"source":"emodnet_dtm_2024","level":2}},{"type":"Feature","geometry":{"type":"LineString","coordinates":[[-2.95844,47.63042],[-2.95875,47.63159],[-2.95907,47.63042],[-2.95875,47.6301],[-2.95844,47.63042]]},"properties":{"source":"emodnet_dtm_2024","level":2}},{"type":"Feature","geometry":{"type":"LineString","coordinates":[[-2.97616,47.65375],[-2.97625,47.655],[-2.97616,47.65375]]},"properties":{"source":"emodnet_dtm_2024","level":2}},{"type":"Feature","geometry":{"type":"LineString","coordinates":[[-2.97602,47.65625],[-2.97625,47.65713],[-2.97625,47.65547],[-2.97602,47.65625]]},"properties":{"source":"emodnet_dtm_2024","level":2}},{"type":"Feature","geometry":{"type":"LineString","coordinates":[[-3.14708,47.74625],[-3.14708,47.74792],[-3.14708,47.74625]]},"properties":{"source":"emodnet_dtm_2024","level":2}},{"type":"Feature","geometry":{"type":"LineString","coordinates":[[-3.2879,47.78042],[-3.28821,47.78125],[-3.2879,47.78042]]},"properties":{"source":"emodnet_dtm_2024","level":2}},{"type":"Feature","geometry":{"type":"LineString","coordinates":[[-3.29529,47.78458],[-3.29542,47.78543],[-3.29529,47.78458]]},"properties":{"source":"emodnet_dtm_2024","level":2}},{"type":"Feature","geometry":{"type":"LineString","coordinates":[[-3.28042,47.80958],[-3.28042,47.81042],[-3.28042,47.80958]]},"properties":{"source":"emodnet_dtm_2024","level":2}},{"type":"Feature","geometry":{"type":"LineString","coordinates":[[-1.18042,45.68093],[-1.17986,45.68125],[-1.18042,45.68191],[-1.18042,45.68093]]},"properties":{"source":"emodnet_dtm_2024","level":2}},{"type":"Feature","geometry":{"type":"LineString","coordinates":[[-1.19625,45.68951],[-1.19625,45.68951]]},"properties":{"source":"emodnet_dtm_2024","level":2}},{"type":"Feature","geometry":{"type":"LineString","coordinates":[[-0.98792,45.71292],[-0.98792,45.71292]]},"properties":{"source":"emodnet_dtm_2024","level":2}},{"type":"Feature","geometry":{"type":"LineString","coordinates":[[-0.98292,45.71292],[-0.98292,45.71292]]},"properties":{"source":"emodnet_dtm_2024","level":2}},{"type":"Feature","geometry":{"type":"LineString","coordinates":[[-1.01542,45.71792],[-1.01542,45.71792]]},"properties":{"source":"emodnet_dtm_2024","level":2}},{"type":"Feature","geometry":{"type":"LineString","coordinates":[[-1.01458,45.71875],[-1.01458,45.71875]]},"properties":{"source":"emodnet_dtm_2024","level":2}},{"type":"Feature","geometry":{"type":"LineString","coordinates":[[-1.03458,45.72792],[-1.03458,45.72792]]},"properties":{"source":"emodnet_dtm_2024","level":2}},{"type":"Feature","geometry":{"type":"LineString","coordinates":[[-1.03708,45.72958],[-1.03708,45.72958]]},"properties":{"source":"emodnet_dtm_2024","level":2}},{"type":"Feature","geometry":{"type":"LineString","coordinates":[[-1.03792,45.73125],[-1.03792,45.73125]]},"properties":{"source":"emodnet_dtm_2024","level":2}},{"type":"Feature","geometry":{"type":"LineString","coordinates":[[-1.04125,45.73375],[-1.04125,45.73375]]},"properties":{"source":"emodnet_dtm_2024","level":2}},{"type":"Feature","geometry":{"type":"LineString","coordinates":[[-1.04292,45.73542],[-1.04292,45.73542]]},"properties":{"source":"emodnet_dtm_2024","level":2}},{"type":"Feature","geometry":{"type":"LineString","coordinates":[[-1.05208,45.74125],[-1.05208,45.74125]]},"properties":{"source":"emodnet_dtm_2024","level":2}},{"type":"Feature","geometry":{"type":"LineString","coordinates":[[-1.05375,45.74208],[-1.05375,45.74208]]},"properties":{"source":"emodnet_dtm_2024","level":2}},{"type":"Feature","geometry":{"type":"LineString","coordinates":[[-1.05625,45.74458],[-1.05625,45.74458]]},"properties":{"source":"emodnet_dtm_2024","level":2}},{"type":"Feature","geometry":{"type":"LineString","coordinates":[[-1.06125,45.74708],[-1.06125,45.74708]]},"properties":{"source":"emodnet_dtm_2024","level":2}},{"type":"Feature","geometry":{"type":"LineString","coordinates":[[-1.05958,45.74792],[-1.05958,45.74792]]},"properties":{"source":"emodnet_dtm_2024","level":2}},{"type":"Feature","geometry":{"type":"LineString","coordinates":[[-1.06292,45.74958],[-1.06292,45.74958]]},"properties":{"source":"emodnet_dtm_2024","level":2}},{"type":"Feature","geometry":{"type":"LineString","coordinates":[[-1.06792,45.75292],[-1.06792,45.75292]]},"properties":{"source":"emodnet_dtm_2024","level":2}},{"type":"Feature","geometry":{"type":"LineString","coordinates":[[-1.07458,45.75542],[-1.07458,45.75542]]},"properties":{"source":"emodnet_dtm_2024","level":2}},{"type":"Feature","geometry":{"type":"LineString","coordinates":[[-1.07292,45.75625],[-1.07292,45.75625]]},"properties":{"source":"emodnet_dtm_2024","level":2}},{"type":"Feature","geometry":{"type":"LineString","coordinates":[[-1.07542,45.75708],[-1.07542,45.75708]]},"properties":{"source":"emodnet_dtm_2024","level":2}},{"type":"Feature","geometry":{"type":"LineString","coordinates":[[-1.08542,45.76125],[-1.08542,45.76125]]},"properties":{"source":"emodnet_dtm_2024","level":2}},{"type":"Feature","geometry":{"type":"LineString","coordinates":[[-1.09542,45.76375],[-1.09542,45.76375]]},"properties":{"source":"emodnet_dtm_2024","level":2}},{"type":"Feature","geometry":{"type":"LineString","coordinates":[[-1.09375,45.76458],[-1.09375,45.76458]]},"properties":{"source":"emodnet_dtm_2024","level":2}},{"type":"Feature","geometry":{"type":"LineString","coordinates":[[-1.24042,45.78287],[-1.24042,45.78287]]},"properties":{"source":"emodnet_dtm_2024","level":2}},{"type":"Feature","geometry":{"type":"LineString","coordinates":[[-1.23875,45.78355],[-1.23807,45.78375],[-1.23875,45.78355]]},"properties":{"source":"emodnet_dtm_2024","level":2}},{"type":"Feature","geometry":{"type":"LineString","coordinates":[[-1.23458,45.78542],[-1.23458,45.78542]]},"properties":{"source":"emodnet_dtm_2024","level":2}},{"type":"Feature","geometry":{"type":"LineString","coordinates":[[-1.23292,45.78654],[-1.23218,45.78708],[-1.23292,45.78722],[-1.23292,45.78654]]},"properties":{"source":"emodnet_dtm_2024","level":2}},{"type":"Feature","geometry":{"type":"LineString","coordinates":[[-1.20042,45.79428],[-1.20042,45.79497],[-1.20042,45.79428]]},"properties":{"source":"emodnet_dtm_2024","level":2}},{"type":"Feature","geometry":{"type":"LineString","coordinates":[[-1.18458,45.79381],[-1.18435,45.79458],[-1.18537,45.79458],[-1.18458,45.79381]]},"properties":{"source":"emodnet_dtm_2024","level":2}},{"type":"Feature","geometry":{"type":"LineString","coordinates":[[-1.18042,45.79583],[-1.18042,45.79655],[-1.181,45.79625],[-1.18042,45.79583]]},"properties":{"source":"emodnet_dtm_2024","level":2}},{"type":"Feature","geometry":{"type":"LineString","coordinates":[[-1.23375,45.80208],[-1.23375,45.80208]]},"properties":{"source":"emodnet_dtm_2024","level":2}},{"type":"Feature","geometry":{"type":"LineString","coordinates":[[-1.23875,45.80625],[-1.23875,45.80625]]},"properties":{"source":"emodnet_dtm_2024","level":2}},{"type":"Feature","geometry":{"type":"LineString","coordinates":[[-1.23958,45.80792],[-1.23958,45.80792]]},"properties":{"source":"emodnet_dtm_2024","level":2}},{"type":"Feature","geometry":{"type":"LineString","coordinates":[[-1.25375,45.81101],[-1.25375,45.81193],[-1.25434,45.81125],[-1.25375,45.81101]]},"properties":{"source":"emodnet_dtm_2024","level":2}},{"type":"Feature","geometry":{"type":"LineString","coordinates":[[-1.24208,45.81125],[-1.24208,45.81125]]},"properties":{"source":"emodnet_dtm_2024","level":2}},{"type":"Feature","geometry":{"type":"LineString","coordinates":[[-0.96875,45.81458],[-0.96875,45.81458]]},"properties":{"source":"emodnet_dtm_2024","level":2}},{"type":"Feature","geometry":{"type":"LineString","coordinates":[[-1.24375,45.81625],[-1.24375,45.81625]]},"properties":{"source":"emodnet_dtm_2024","level":2}},{"type":"Feature","geometry":{"type":"LineString","coordinates":[[-1.24625,45.82042],[-1.24625,45.82042]]},"properties":{"source":"emodnet_dtm_2024","level":2}},{"type":"Feature","geometry":{"type":"LineString","coordinates":[[-1.24792,45.83125],[-1.24792,45.83125]]},"properties":{"source":"emodnet_dtm_2024","level":2}},{"type":"Feature","geometry":{"type":"LineString","coordinates":[[-1.25125,45.84792],[-1.25125,45.84792]]},"properties":{"source":"emodnet_dtm_2024","level":2}},{"type":"Feature","geometry":{"type":"LineString","coordinates":[[-1.25458,45.85708],[-1.25458,45.85708]]},"properties":{"source":"emodnet_dtm_2024","level":2}},{"type":"Feature","geometry":{"type":"LineString","coordinates":[[-1.17458,45.85697],[-1.17458,45.85697]]},"properties":{"source":"emodnet_dtm_2024","level":2}},{"type":"Feature","geometry":{"type":"LineString","coordinates":[[-1.25542,45.86042],[-1.25542,45.86042]]},"properties":{"source":"emodnet_dtm_2024","level":2}},{"type":"Feature","geometry":{"type":"LineString","coordinates":[[-1.04375,45.86458],[-1.04375,45.86458]]},"properties":{"source":"emodnet_dtm_2024","level":2}},{"type":"Feature","geometry":{"type":"LineString","coordinates":[[-1.03125,45.86875],[-1.03125,45.86875]]},"properties":{"source":"emodnet_dtm_2024","level":2}},{"type":"Feature","geometry":{"type":"LineString","coordinates":[[-1.17542,45.87201],[-1.17542,45.87201]]},"properties":{"source":"emodnet_dtm_2024","level":2}},{"type":"Feature","geometry":{"type":"LineString","coordinates":[[-1.06458,45.87292],[-1.06458,45.87292]]},"properties":{"source":"emodnet_dtm_2024","level":2}},{"type":"Feature","geometry":{"type":"LineString","coordinates":[[-1.26292,45.87375],[-1.26292,45.87375]]},"properties":{"source":"emodnet_dtm_2024","level":2}},{"type":"Feature","geometry":{"type":"LineString","coordinates":[[-1.12542,45.91195],[-1.12542,45.91195]]},"properties":{"source":"emodnet_dtm_2024","level":2}},{"type":"Feature","geometry":{"type":"LineString","coordinates":[[-0.98375,45.91591],[-0.98375,45.91666],[-0.98375,45.91591]]},"properties":{"source":"emodnet_dtm_2024","level":2}},{"type":"Feature","geometry":{"type":"LineString","coordinates":[[-0.98875,45.91927],[-0.98875,45.92012],[-0.98875,45.91927]]},"properties":{"source":"emodnet_dtm_2024","level":2}},{"type":"Feature","geometry":{"type":"LineString","coordinates":[[-0.98875,45.92125],[-0.98875,45.92125]]},"properties":{"source":"emodnet_dtm_2024","level":2}},{"type":"Feature","geometry":{"type":"LineString","coordinates":[[-1.00542,45.92931],[-1.00542,45.92997],[-1.00542,45.92931]]},"properties":{"source":"emodnet_dtm_2024","level":2}},{"type":"Feature","geometry":{"type":"LineString","coordinates":[[-0.99625,45.94722],[-0.99583,45.94792],[-0.99625,45.94722]]},"properties":{"source":"emodnet_dtm_2024","level":2}},{"type":"Feature","geometry":{"type":"LineString","coordinates":[[-1.05625,45.94958],[-1.05625,45.94958]]},"properties":{"source":"emodnet_dtm_2024","level":2}},{"type":"Feature","geometry":{"type":"LineString","coordinates":[[-1.05208,45.95208],[-1.05208,45.95208]]},"properties":{"source":"emodnet_dtm_2024","level":2}},{"type":"Feature","geometry":{"type":"LineString","coordinates":[[-1.00792,45.97125],[-1.00792,45.97125]]},"properties":{"source":"emodnet_dtm_2024","level":2}},{"type":"Feature","geometry":{"type":"LineString","coordinates":[[-1.10875,46.01624],[-1.10875,46.01624]]},"properties":{"source":"emodnet_dtm_2024","level":2}},{"type":"Feature","geometry":{"type":"LineString","coordinates":[[-1.38625,46.04788],[-1.38625,46.04788]]},"properties":{"source":"emodnet_dtm_2024","level":2}},{"type":"Feature","geometry":{"type":"LineString","coordinates":[[-1.38708,46.05157],[-1.38708,46.05237],[-1.38708,46.05157]]},"properties":{"source":"emodnet_dtm_2024","level":2}},{"type":"Feature","geometry":{"type":"LineString","coordinates":[[-1.49708,46.19708],[-1.49708,46.19708]]},"properties":{"source":"emodnet_dtm_2024","level":2}},{"type":"Feature","geometry":{"type":"LineString","coordinates":[[-1.49375,46.19792],[-1.49375,46.19792]]},"properties":{"source":"emodnet_dtm_2024","level":2}},{"type":"Feature","geometry":{"type":"LineString","coordinates":[[-1.49375,46.20958],[-1.49375,46.20958]]},"properties":{"source":"emodnet_dtm_2024","level":2}},{"type":"Feature","geometry":{"type":"LineString","coordinates":[[-1.48958,46.23542],[-1.48958,46.23542]]},"properties":{"source":"emodnet_dtm_2024","level":2}},{"type":"Feature","geometry":{"type":"LineString","coordinates":[[-1.54292,46.24306],[-1.54292,46.24397],[-1.54292,46.24306]]},"properties":{"source":"emodnet_dtm_2024","level":2}},{"type":"Feature","geometry":{"type":"LineString","coordinates":[[-1.49292,46.25587],[-1.49292,46.25631],[-1.49375,46.25625],[-1.49292,46.25587]]},"properties":{"source":"emodnet_dtm_2024","level":2}},{"type":"Feature","geometry":{"type":"LineString","coordinates":[[-1.49625,46.25688],[-1.49708,46.25708],[-1.49625,46.25688]]},"properties":{"source":"emodnet_dtm_2024","level":2}},{"type":"Feature","geometry":{"type":"LineString","coordinates":[[-1.26625,46.27505],[-1.26625,46.27604],[-1.26671,46.27542],[-1.26625,46.27505]]},"properties":{"source":"emodnet_dtm_2024","level":2}},{"type":"Feature","geometry":{"type":"LineString","coordinates":[[-1.21042,46.27708],[-1.21042,46.27708]]},"properties":{"source":"emodnet_dtm_2024","level":2}},{"type":"Feature","geometry":{"type":"LineString","coordinates":[[-1.26375,46.27777],[-1.26433,46.27792],[-1.26375,46.27777]]},"properties":{"source":"emodnet_dtm_2024","level":2}},{"type":"Feature","geometry":{"type":"LineString","coordinates":[[-1.26125,46.28361],[-1.26125,46.28361]]},"properties":{"source":"emodnet_dtm_2024","level":2}},{"type":"Feature","geometry":{"type":"LineString","coordinates":[[-1.28375,46.28542],[-1.28375,46.28542]]},"properties":{"source":"emodnet_dtm_2024","level":2}},{"type":"Feature","geometry":{"type":"LineString","coordinates":[[-1.26958,46.29125],[-1.26958,46.29125]]},"properties":{"source":"emodnet_dtm_2024","level":2}},{"type":"Feature","geometry":{"type":"LineString","coordinates":[[-1.27542,46.29208],[-1.27542,46.29208]]},"properties":{"source":"emodnet_dtm_2024","level":2}},{"type":"Feature","geometry":{"type":"LineString","coordinates":[[-1.26458,46.29181],[-1.26458,46.29219],[-1.26458,46.29181]]},"properties":{"source":"emodnet_dtm_2024","level":2}},{"type":"Feature","geometry":{"type":"LineString","coordinates":[[-1.27792,46.29292],[-1.27792,46.29292]]},"properties":{"source":"emodnet_dtm_2024","level":2}},{"type":"Feature","geometry":{"type":"LineString","coordinates":[[-1.26958,46.29292],[-1.26958,46.29292]]},"properties":{"source":"emodnet_dtm_2024","level":2}},{"type":"Feature","geometry":{"type":"LineString","coordinates":[[-1.20625,46.29375],[-1.20625,46.29375]]},"properties":{"source":"emodnet_dtm_2024","level":2}},{"type":"Feature","geometry":{"type":"LineString","coordinates":[[-1.27458,46.29775],[-1.27458,46.29828],[-1.27458,46.29775]]},"properties":{"source":"emodnet_dtm_2024","level":2}},{"type":"Feature","geometry":{"type":"LineString","coordinates":[[-1.26375,46.29792],[-1.26375,46.29792]]},"properties":{"source":"emodnet_dtm_2024","level":2}},{"type":"Feature","geometry":{"type":"LineString","coordinates":[[-1.20208,46.29792],[-1.20208,46.29792]]},"properties":{"source":"emodnet_dtm_2024","level":2}},{"type":"Feature","geometry":{"type":"LineString","coordinates":[[-1.26708,46.29958],[-1.26708,46.29958]]},"properties":{"source":"emodnet_dtm_2024","level":2}},{"type":"Feature","geometry":{"type":"LineString","coordinates":[[-1.27125,46.30208],[-1.27125,46.30208]]},"properties":{"source":"emodnet_dtm_2024","level":2}},{"type":"Feature","geometry":{"type":"LineString","coordinates":[[-1.25625,46.30208],[-1.25625,46.30208]]},"properties":{"source":"emodnet_dtm_2024","level":2}},{"type":"Feature","geometry":{"type":"LineString","coordinates":[[-1.28708,46.30369],[-1.28708,46.30369]]},"properties":{"source":"emodnet_dtm_2024","level":2}},{"type":"Feature","geometry":{"type":"LineString","coordinates":[[-1.28958,46.30417],[-1.28958,46.30461],[-1.29042,46.30458],[-1.28958,46.30417]]},"properties":{"source":"emodnet_dtm_2024","level":2}},{"type":"Feature","geometry":{"type":"LineString","coordinates":[[-1.28625,46.30458],[-1.28625,46.30458]]},"properties":{"source":"emodnet_dtm_2024","level":2}},{"type":"Feature","geometry":{"type":"LineString","coordinates":[[-1.27625,46.30625],[-1.27625,46.30625]]},"properties":{"source":"emodnet_dtm_2024","level":2}},{"type":"Feature","geometry":{"type":"LineString","coordinates":[[-1.29208,46.30776],[-1.29208,46.30776]]},"properties":{"source":"emodnet_dtm_2024","level":2}},{"type":"Feature","geometry":{"type":"LineString","coordinates":[[-1.28042,46.30792],[-1.28042,46.30792]]},"properties":{"source":"emodnet_dtm_2024","level":2}},{"type":"Feature","geometry":{"type":"LineString","coordinates":[[-1.29542,46.30958],[-1.29542,46.30958]]},"properties":{"source":"emodnet_dtm_2024","level":2}},{"type":"Feature","geometry":{"type":"LineString","coordinates":[[-1.29625,46.31125],[-1.29625,46.31125]]},"properties":{"source":"emodnet_dtm_2024","level":2}},{"type":"Feature","geometry":{"type":"LineString","coordinates":[[-1.14292,46.31542],[-1.14292,46.31542]]},"properties":{"source":"emodnet_dtm_2024","level":2}},{"type":"Feature","geometry":{"type":"LineString","coordinates":[[-1.31875,46.31625],[-1.31875,46.31625]]},"properties":{"source":"emodnet_dtm_2024","level":2}},{"type":"Feature","geometry":{"type":"LineString","coordinates":[[-1.14208,46.31625],[-1.14208,46.31625]]},"properties":{"source":"emodnet_dtm_2024","level":2}},{"type":"Feature","geometry":{"type":"LineString","coordinates":[[-1.14125,46.31708],[-1.14125,46.31708]]},"properties":{"source":"emodnet_dtm_2024","level":2}},{"type":"Feature","geometry":{"type":"LineString","coordinates":[[-1.14042,46.31792],[-1.14042,46.31792]]},"properties":{"source":"emodnet_dtm_2024","level":2}},{"type":"Feature","geometry":{"type":"LineString","coordinates":[[-1.18125,46.31875],[-1.18125,46.31875]]},"properties":{"source":"emodnet_dtm_2024","level":2}},{"type":"Feature","geometry":{"type":"LineString","coordinates":[[-1.16875,46.31875],[-1.16875,46.31875]]},"properties":{"source":"emodnet_dtm_2024","level":2}},{"type":"Feature","geometry":{"type":"LineString","coordinates":[[-1.13958,46.31875],[-1.13958,46.31875]]},"properties":{"source":"emodnet_dtm_2024","level":2}},{"type":"Feature","geometry":{"type":"LineString","coordinates":[[-1.11042,46.31875],[-1.11042,46.31875]]},"properties":{"source":"emodnet_dtm_2024","level":2}},{"type":"Feature","geometry":{"type":"LineString","coordinates":[[-1.16792,46.31958],[-1.16792,46.31958]]},"properties":{"source":"emodnet_dtm_2024","level":2}},{"type":"Feature","geometry":{"type":"LineString","coordinates":[[-1.16708,46.32042],[-1.16708,46.32042]]},"properties":{"source":"emodnet_dtm_2024","level":2}},{"type":"Feature","geometry":{"type":"LineString","coordinates":[[-1.16625,46.32125],[-1.16625,46.32125]]},"properties":{"source":"emodnet_dtm_2024","level":2}},{"type":"Feature","geometry":{"type":"LineString","coordinates":[[-1.30458,46.32208],[-1.30458,46.32208]]},"properties":{"source":"emodnet_dtm_2024","level":2}},{"type":"Feature","geometry":{"type":"LineString","coordinates":[[-1.16542,46.32208],[-1.16542,46.32208]]},"properties":{"source":"emodnet_dtm_2024","level":2}},{"type":"Feature","geometry":{"type":"LineString","coordinates":[[-1.30208,46.32292],[-1.30208,46.32292]]},"properties":{"source":"emodnet_dtm_2024","level":2}},{"type":"Feature","geometry":{"type":"LineString","coordinates":[[-1.30958,46.32958],[-1.30958,46.32958]]},"properties":{"source":"emodnet_dtm_2024","level":2}},{"type":"Feature","geometry":{"type":"LineString","coordinates":[[-1.33792,46.33125],[-1.33792,46.33125]]},"properties":{"source":"emodnet_dtm_2024","level":2}},{"type":"Feature","geometry":{"type":"LineString","coordinates":[[-1.00625,46.33542],[-1.00625,46.33542]]},"properties":{"source":"emodnet_dtm_2024","level":2}},{"type":"Feature","geometry":{"type":"LineString","coordinates":[[-1.04792,46.33958],[-1.04792,46.33958]]},"properties":{"source":"emodnet_dtm_2024","level":2}},{"type":"Feature","geometry":{"type":"LineString","coordinates":[[-1.11875,46.34375],[-1.11875,46.34375]]},"properties":{"source":"emodnet_dtm_2024","level":2}},{"type":"Feature","geometry":{"type":"LineString","coordinates":[[-1.03958,46.34375],[-1.03958,46.34375]]},"properties":{"source":"emodnet_dtm_2024","level":2}},{"type":"Feature","geometry":{"type":"LineString","coordinates":[[-1.01458,46.34792],[-1.01458,46.34792]]},"properties":{"source":"emodnet_dtm_2024","level":2}},{"type":"Feature","geometry":{"type":"LineString","coordinates":[[-1.10625,46.35625],[-1.10625,46.35625]]},"properties":{"source":"emodnet_dtm_2024","level":2}},{"type":"Feature","geometry":{"type":"LineString","coordinates":[[-1.05625,46.35625],[-1.05625,46.35625]]},"properties":{"source":"emodnet_dtm_2024","level":2}},{"type":"Feature","geometry":{"type":"LineString","coordinates":[[-1.06875,46.36458],[-1.06875,46.36458]]},"properties":{"source":"emodnet_dtm_2024","level":2}},{"type":"Feature","geometry":{"type":"LineString","coordinates":[[-1.05208,46.38542],[-1.05208,46.38542]]},"properties":{"source":"emodnet_dtm_2024","level":2}},{"type":"Feature","geometry":{"type":"LineString","coordinates":[[-1.50042,46.39292],[-1.50042,46.39292]]},"properties":{"source":"emodnet_dtm_2024","level":2}},{"type":"Feature","geometry":{"type":"LineString","coordinates":[[-1.04792,46.39375],[-1.04792,46.39375]]},"properties":{"source":"emodnet_dtm_2024","level":2}},{"type":"Feature","geometry":{"type":"LineString","coordinates":[[-1.06042,46.40208],[-1.06042,46.40208]]},"properties":{"source":"emodnet_dtm_2024","level":2}},{"type":"Feature","geometry":{"type":"LineString","coordinates":[[-1.03958,46.40625],[-1.03958,46.40625]]},"properties":{"source":"emodnet_dtm_2024","level":2}},{"type":"Feature","geometry":{"type":"LineString","coordinates":[[-1.68125,46.43951],[-1.68125,46.43951]]},"properties":{"source":"emodnet_dtm_2024","level":2}},{"type":"Feature","geometry":{"type":"LineString","coordinates":[[-1.70292,46.44633],[-1.7023,46.44708],[-1.70292,46.4477],[-1.70292,46.44633]]},"properties":{"source":"emodnet_dtm_2024","level":2}},{"type":"Feature","geometry":{"type":"LineString","coordinates":[[-1.79375,46.55625],[-1.79375,46.55625]]},"properties":{"source":"emodnet_dtm_2024","level":2}},{"type":"Feature","geometry":{"type":"LineString","coordinates":[[-1.85208,46.59455],[-1.85264,46.59458],[-1.85208,46.59455]]},"properties":{"source":"emodnet_dtm_2024","level":2}},{"type":"Feature","geometry":{"type":"LineString","coordinates":[[-1.88042,46.62792],[-1.88042,46.62792]]},"properties":{"source":"emodnet_dtm_2024","level":2}},{"type":"Feature","geometry":{"type":"LineString","coordinates":[[-1.88875,46.63265],[-1.88875,46.63303],[-1.88943,46.63292],[-1.88875,46.63265]]},"properties":{"source":"emodnet_dtm_2024","level":2}},{"type":"Feature","geometry":{"type":"LineString","coordinates":[[-1.90958,46.65604],[-1.90958,46.65604]]},"properties":{"source":"emodnet_dtm_2024","level":2}},{"type":"Feature","geometry":{"type":"LineString","coordinates":[[-1.91042,46.72292],[-1.91042,46.72292]]},"properties":{"source":"emodnet_dtm_2024","level":2}},{"type":"Feature","geometry":{"type":"LineString","coordinates":[[-2.39875,46.72375],[-2.39875,46.72375]]},"properties":{"source":"emodnet_dtm_2024","level":2}},{"type":"Feature","geometry":{"type":"LineString","coordinates":[[-2.35625,46.7294],[-2.35677,46.72958],[-2.35625,46.7294]]},"properties":{"source":"emodnet_dtm_2024","level":2}},{"type":"Feature","geometry":{"type":"LineString","coordinates":[[-1.99792,46.73125],[-1.99792,46.73125]]},"properties":{"source":"emodnet_dtm_2024","level":2}},{"type":"Feature","geometry":{"type":"LineString","coordinates":[[-2.38208,46.73284],[-2.38208,46.73284]]},"properties":{"source":"emodnet_dtm_2024","level":2}},{"type":"Feature","geometry":{"type":"LineString","coordinates":[[-1.89375,46.73542],[-1.89375,46.73542]]},"properties":{"source":"emodnet_dtm_2024","level":2}},{"type":"Feature","geometry":{"type":"LineString","coordinates":[[-2.01042,46.73958],[-2.01042,46.73958]]},"properties":{"source":"emodnet_dtm_2024","level":2}},{"type":"Feature","geometry":{"type":"LineString","coordinates":[[-1.88958,46.73958],[-1.88958,46.73958]]},"properties":{"source":"emodnet_dtm_2024","level":2}},{"type":"Feature","geometry":{"type":"LineString","coordinates":[[-1.91458,46.74792],[-1.91458,46.74792]]},"properties":{"source":"emodnet_dtm_2024","level":2}},{"type":"Feature","geometry":{"type":"LineString","coordinates":[[-1.93958,46.75208],[-1.93958,46.75208]]},"properties":{"source":"emodnet_dtm_2024","level":2}},{"type":"Feature","geometry":{"type":"LineString","coordinates":[[-1.91042,46.75208],[-1.91042,46.75208]]},"properties":{"source":"emodnet_dtm_2024","level":2}},{"type":"Feature","geometry":{"type":"LineString","coordinates":[[-1.90958,46.75292],[-1.90958,46.75292]]},"properties":{"source":"emodnet_dtm_2024","level":2}},{"type":"Feature","geometry":{"type":"LineString","coordinates":[[-1.90875,46.75375],[-1.90875,46.75375]]},"properties":{"source":"emodnet_dtm_2024","level":2}},{"type":"Feature","geometry":{"type":"LineString","coordinates":[[-1.90792,46.75458],[-1.90792,46.75458]]},"properties":{"source":"emodnet_dtm_2024","level":2}},{"type":"Feature","geometry":{"type":"LineString","coordinates":[[-1.90708,46.75542],[-1.90708,46.75542]]},"properties":{"source":"emodnet_dtm_2024","level":2}},{"type":"Feature","geometry":{"type":"LineString","coordinates":[[-2.03458,46.75625],[-2.03458,46.75625]]},"properties":{"source":"emodnet_dtm_2024","level":2}},{"type":"Feature","geometry":{"type":"LineString","coordinates":[[-1.93542,46.75625],[-1.93542,46.75625]]},"properties":{"source":"emodnet_dtm_2024","level":2}},{"type":"Feature","geometry":{"type":"LineString","coordinates":[[-1.90625,46.75625],[-1.90625,46.75625]]},"properties":{"source":"emodnet_dtm_2024","level":2}},{"type":"Feature","geometry":{"type":"LineString","coordinates":[[-1.97708,46.76875],[-1.97708,46.76875]]},"properties":{"source":"emodnet_dtm_2024","level":2}},{"type":"Feature","geometry":{"type":"LineString","coordinates":[[-1.92292,46.77292],[-1.92292,46.77292]]},"properties":{"source":"emodnet_dtm_2024","level":2}},{"type":"Feature","geometry":{"type":"LineString","coordinates":[[-1.91875,46.77708],[-1.91875,46.77708]]},"properties":{"source":"emodnet_dtm_2024","level":2}},{"type":"Feature","geometry":{"type":"LineString","coordinates":[[-1.91042,46.78125],[-1.91042,46.78125]]},"properties":{"source":"emodnet_dtm_2024","level":2}},{"type":"Feature","geometry":{"type":"LineString","coordinates":[[-2.00625,46.78542],[-2.00625,46.78542]]},"properties":{"source":"emodnet_dtm_2024","level":2}},{"type":"Feature","geometry":{"type":"LineString","coordinates":[[-1.90625,46.78542],[-1.90625,46.78542]]},"properties":{"source":"emodnet_dtm_2024","level":2}},{"type":"Feature","geometry":{"type":"LineString","coordinates":[[-1.98125,46.78958],[-1.98125,46.78958]]},"properties":{"source":"emodnet_dtm_2024","level":2}},{"type":"Feature","geometry":{"type":"LineString","coordinates":[[-1.92708,46.80625],[-1.92708,46.80625]]},"properties":{"source":"emodnet_dtm_2024","level":2}},{"type":"Feature","geometry":{"type":"LineString","coordinates":[[-2.07708,46.81042],[-2.07708,46.81042]]},"properties":{"source":"emodnet_dtm_2024","level":2}},{"type":"Feature","geometry":{"type":"LineString","coordinates":[[-2.06875,46.81458],[-2.06875,46.81458]]},"properties":{"source":"emodnet_dtm_2024","level":2}},{"type":"Feature","geometry":{"type":"LineString","coordinates":[[-2.00208,46.81458],[-2.00208,46.81458]]},"properties":{"source":"emodnet_dtm_2024","level":2}},{"type":"Feature","geometry":{"type":"LineString","coordinates":[[-2.06458,46.81875],[-2.06458,46.81875]]},"properties":{"source":"emodnet_dtm_2024","level":2}},{"type":"Feature","geometry":{"type":"LineString","coordinates":[[-1.92292,46.81875],[-1.92292,46.81875]]},"properties":{"source":"emodnet_dtm_2024","level":2}},{"type":"Feature","geometry":{"type":"LineString","coordinates":[[-2.11458,46.82292],[-2.11458,46.82292]]},"properties":{"source":"emodnet_dtm_2024","level":2}},{"type":"Feature","geometry":{"type":"LineString","coordinates":[[-2.06042,46.82292],[-2.06042,46.82292]]},"properties":{"source":"emodnet_dtm_2024","level":2}},{"type":"Feature","geometry":{"type":"LineString","coordinates":[[-2.05625,46.82708],[-2.05625,46.82708]]},"properties":{"source":"emodnet_dtm_2024","level":2}},{"type":"Feature","geometry":{"type":"LineString","coordinates":[[-2.03125,46.82708],[-2.03125,46.82708]]},"properties":{"source":"emodnet_dtm_2024","level":2}},{"type":"Feature","geometry":{"type":"LineString","coordinates":[[-1.96875,46.82708],[-1.96875,46.82708]]},"properties":{"source":"emodnet_dtm_2024","level":2}},{"type":"Feature","geometry":{"type":"LineString","coordinates":[[-1.94792,46.82708],[-1.94792,46.82708]]},"properties":{"source":"emodnet_dtm_2024","level":2}},{"type":"Feature","geometry":{"type":"LineString","coordinates":[[-2.05208,46.83125],[-2.05208,46.83125]]},"properties":{"source":"emodnet_dtm_2024","level":2}},{"type":"Feature","geometry":{"type":"LineString","coordinates":[[-2.02292,46.83125],[-2.02292,46.83125]]},"properties":{"source":"emodnet_dtm_2024","level":2}},{"type":"Feature","geometry":{"type":"LineString","coordinates":[[-1.95625,46.83542],[-1.95625,46.83542]]},"properties":{"source":"emodnet_dtm_2024","level":2}},{"type":"Feature","geometry":{"type":"LineString","coordinates":[[-1.92292,46.83542],[-1.92292,46.83542]]},"properties":{"source":"emodnet_dtm_2024","level":2}},{"type":"Feature","geometry":{"type":"LineString","coordinates":[[-1.99375,46.83958],[-1.99375,46.83958]]},"properties":{"source":"emodnet_dtm_2024","level":2}},{"type":"Feature","geometry":{"type":"LineString","coordinates":[[-1.91458,46.83958],[-1.91458,46.83958]]},"properties":{"source":"emodnet_dtm_2024","level":2}},{"type":"Feature","geometry":{"type":"LineString","coordinates":[[-2.01042,46.84375],[-2.01042,46.84375]]},"properties":{"source":"emodnet_dtm_2024","level":2}},{"type":"Feature","geometry":{"type":"LineString","coordinates":[[-1.98958,46.84792],[-1.98958,46.84792]]},"properties":{"source":"emodnet_dtm_2024","level":2}},{"type":"Feature","geometry":{"type":"LineString","coordinates":[[-2.00625,46.85208],[-2.00625,46.85208]]},"properties":{"source":"emodnet_dtm_2024","level":2}},{"type":"Feature","geometry":{"type":"LineString","coordinates":[[-1.98125,46.85208],[-1.98125,46.85208]]},"properties":{"source":"emodnet_dtm_2024","level":2}},{"type":"Feature","geometry":{"type":"LineString","coordinates":[[-1.99792,46.85625],[-1.99792,46.85625]]},"properties":{"source":"emodnet_dtm_2024","level":2}},{"type":"Feature","geometry":{"type":"LineString","coordinates":[[-2.14375,46.88958],[-2.14375,46.88958]]},"properties":{"source":"emodnet_dtm_2024","level":2}},{"type":"Feature","geometry":{"type":"LineString","coordinates":[[-2.10625,46.89375],[-2.10625,46.89375]]},"properties":{"source":"emodnet_dtm_2024","level":2}},{"type":"Feature","geometry":{"type":"LineString","coordinates":[[-2.01458,46.89375],[-2.01458,46.89375]]},"properties":{"source":"emodnet_dtm_2024","level":2}},{"type":"Feature","geometry":{"type":"LineString","coordinates":[[-2.10208,46.89792],[-2.10208,46.89792]]},"properties":{"source":"emodnet_dtm_2024","level":2}},{"type":"Feature","geometry":{"type":"LineString","coordinates":[[-2.18458,46.90823],[-2.18395,46.90875],[-2.18458,46.90915],[-2.18458,46.90823]]},"properties":{"source":"emodnet_dtm_2024","level":2}},{"type":"Feature","geometry":{"type":"LineString","coordinates":[[-2.15625,46.93542],[-2.15625,46.93542]]},"properties":{"source":"emodnet_dtm_2024","level":2}},{"type":"Feature","geometry":{"type":"LineString","coordinates":[[-2.05625,46.94375],[-2.05625,46.94375]]},"properties":{"source":"emodnet_dtm_2024","level":2}},{"type":"Feature","geometry":{"type":"LineString","coordinates":[[-1.87708,46.95208],[-1.87708,46.95208]]},"properties":{"source":"emodnet_dtm_2024","level":2}},{"type":"Feature","geometry":{"type":"LineString","coordinates":[[-2.04375,46.95625],[-2.04375,46.95625]]},"properties":{"source":"emodnet_dtm_2024","level":2}},{"type":"Feature","geometry":{"type":"LineString","coordinates":[[-2.21542,46.95788],[-2.21542,46.95788]]},"properties":{"source":"emodnet_dtm_2024","level":2}},{"type":"Feature","geometry":{"type":"LineString","coordinates":[[-2.28125,46.96207],[-2.28125,46.96207]]},"properties":{"source":"emodnet_dtm_2024","level":2}},{"type":"Feature","geometry":{"type":"LineString","coordinates":[[-2.28458,46.96616],[-2.28458,46.9666],[-2.2852,46.96625],[-2.28458,46.96616]]},"properties":{"source":"emodnet_dtm_2024","level":2}},{"type":"Feature","geometry":{"type":"LineString","coordinates":[[-1.97708,46.96875],[-1.97708,46.96875]]},"properties":{"source":"emodnet_dtm_2024","level":2}},{"type":"Feature","geometry":{"type":"LineString","coordinates":[[-2.27708,46.97225],[-2.2766,46.97292],[-2.27708,46.9734],[-2.27777,46.97292],[-2.27708,46.97225]]},"properties":{"source":"emodnet_dtm_2024","level":2}},{"type":"Feature","geometry":{"type":"LineString","coordinates":[[-2.15292,46.97443],[-2.15229,46.97458],[-2.15292,46.97443]]},"properties":{"source":"emodnet_dtm_2024","level":2}},{"type":"Feature","geometry":{"type":"LineString","coordinates":[[-2.19542,46.97682],[-2.19542,46.97682]]},"properties":{"source":"emodnet_dtm_2024","level":2}},{"type":"Feature","geometry":{"type":"LineString","coordinates":[[-1.94375,46.97708],[-1.94375,46.97708]]},"properties":{"source":"emodnet_dtm_2024","level":2}},{"type":"Feature","geometry":{"type":"LineString","coordinates":[[-2.29708,46.98055],[-2.29657,46.98125],[-2.29708,46.98199],[-2.29708,46.98055]]},"properties":{"source":"emodnet_dtm_2024","level":2}},{"type":"Feature","geometry":{"type":"LineString","coordinates":[[-2.29875,46.98272],[-2.29807,46.98292],[-2.29875,46.98313],[-2.29875,46.98272]]},"properties":{"source":"emodnet_dtm_2024","level":2}},{"type":"Feature","geometry":{"type":"LineString","coordinates":[[-1.93542,46.98542],[-1.93542,46.98542]]},"properties":{"source":"emodnet_dtm_2024","level":2}},{"type":"Feature","geometry":{"type":"LineString","coordinates":[[-2.20292,46.98702],[-2.20292,46.98702]]},"properties":{"source":"emodnet_dtm_2024","level":2}},{"type":"Feature","geometry":{"type":"LineString","coordinates":[[-2.18375,46.99115],[-2.18375,46.99115]]},"properties":{"source":"emodnet_dtm_2024","level":2}},{"type":"Feature","geometry":{"type":"LineString","coordinates":[[-2.03292,46.99792],[-2.03292,46.99792]]},"properties":{"source":"emodnet_dtm_2024","level":2}},{"type":"Feature","geometry":{"type":"LineString","coordinates":[[-2.06208,47.00079],[-2.06208,47.0014],[-2.06208,47.00079]]},"properties":{"source":"emodnet_dtm_2024","level":2}},{"type":"Feature","geometry":{"type":"LineString","coordinates":[[-1.96458,47.00208],[-1.96458,47.00208]]},"properties":{"source":"emodnet_dtm_2024","level":2}},{"type":"Feature","geometry":{"type":"LineString","coordinates":[[-2.29375,47.00874],[-2.29375,47.00874]]},"properties":{"source":"emodnet_dtm_2024","level":2}},{"type":"Feature","geometry":{"type":"LineString","coordinates":[[-2.05792,47.01266],[-2.05792,47.01317],[-2.05792,47.01266]]},"properties":{"source":"emodnet_dtm_2024","level":2}},{"type":"Feature","geometry":{"type":"LineString","coordinates":[[-1.66458,47.05208],[-1.66458,47.05208]]},"properties":{"source":"emodnet_dtm_2024","level":2}},{"type":"Feature","geometry":{"type":"LineString","coordinates":[[-1.66375,47.06542],[-1.66375,47.06542]]},"properties":{"source":"emodnet_dtm_2024","level":2}},{"type":"Feature","geometry":{"type":"LineString","coordinates":[[-1.66292,47.06625],[-1.66292,47.06625]]},"properties":{"source":"emodnet_dtm_2024","level":2}},{"type":"Feature","geometry":{"type":"LineString","coordinates":[[-1.66208,47.06708],[-1.66208,47.06708]]},"properties":{"source":"emodnet_dtm_2024","level":2}},{"type":"Feature","geometry":{"type":"LineString","coordinates":[[-1.66125,47.06792],[-1.66125,47.06792]]},"properties":{"source":"emodnet_dtm_2024","level":2}},{"type":"Feature","geometry":{"type":"LineString","coordinates":[[-1.67208,47.08208],[-1.67208,47.08208]]},"properties":{"source":"emodnet_dtm_2024","level":2}},{"type":"Feature","geometry":{"type":"LineString","coordinates":[[-1.65542,47.08208],[-1.65542,47.08208]]},"properties":{"source":"emodnet_dtm_2024","level":2}},{"type":"Feature","geometry":{"type":"LineString","coordinates":[[-1.67125,47.08292],[-1.67125,47.08292]]},"properties":{"source":"emodnet_dtm_2024","level":2}},{"type":"Feature","geometry":{"type":"LineString","coordinates":[[-1.65458,47.08292],[-1.65458,47.08292]]},"properties":{"source":"emodnet_dtm_2024","level":2}},{"type":"Feature","geometry":{"type":"LineString","coordinates":[[-1.67042,47.08375],[-1.67042,47.08375]]},"properties":{"source":"emodnet_dtm_2024","level":2}},{"type":"Feature","geometry":{"type":"LineString","coordinates":[[-1.65375,47.08375],[-1.65375,47.08375]]},"properties":{"source":"emodnet_dtm_2024","level":2}},{"type":"Feature","geometry":{"type":"LineString","coordinates":[[-1.66958,47.08458],[-1.66958,47.08458]]},"properties":{"source":"emodnet_dtm_2024","level":2}},{"type":"Feature","geometry":{"type":"LineString","coordinates":[[-1.65292,47.08458],[-1.65292,47.08458]]},"properties":{"source":"emodnet_dtm_2024","level":2}},{"type":"Feature","geometry":{"type":"LineString","coordinates":[[-1.66875,47.08542],[-1.66875,47.08542]]},"properties":{"source":"emodnet_dtm_2024","level":2}},{"type":"Feature","geometry":{"type":"LineString","coordinates":[[-1.65208,47.08542],[-1.65208,47.08542]]},"properties":{"source":"emodnet_dtm_2024","level":2}},{"type":"Feature","geometry":{"type":"LineString","coordinates":[[-1.62208,47.16292],[-1.62208,47.16292]]},"properties":{"source":"emodnet_dtm_2024","level":2}},{"type":"Feature","geometry":{"type":"LineString","coordinates":[[-1.84375,47.18625],[-1.84375,47.18625]]},"properties":{"source":"emodnet_dtm_2024","level":2}},{"type":"Feature","geometry":{"type":"LineString","coordinates":[[-1.84792,47.20708],[-1.84792,47.20708]]},"properties":{"source":"emodnet_dtm_2024","level":2}},{"type":"Feature","geometry":{"type":"LineString","coordinates":[[-1.38958,47.21125],[-1.38958,47.21125]]},"properties":{"source":"emodnet_dtm_2024","level":2}},{"type":"Feature","geometry":{"type":"LineString","coordinates":[[-2.18708,47.21615],[-2.18708,47.21615]]},"properties":{"source":"emodnet_dtm_2024","level":2}},{"type":"Feature","geometry":{"type":"LineString","coordinates":[[-1.76875,47.23208],[-1.76875,47.23208]]},"properties":{"source":"emodnet_dtm_2024","level":2}},{"type":"Feature","geometry":{"type":"LineString","coordinates":[[-2.16042,47.27042],[-2.16042,47.27042]]},"properties":{"source":"emodnet_dtm_2024","level":2}},{"type":"Feature","geometry":{"type":"LineString","coordinates":[[-2.12042,47.27458],[-2.12042,47.27458]]},"properties":{"source":"emodnet_dtm_2024","level":2}},{"type":"Feature","geometry":{"type":"LineString","coordinates":[[-1.89792,47.27792],[-1.89792,47.27792]]},"properties":{"source":"emodnet_dtm_2024","level":2}},{"type":"Feature","geometry":{"type":"LineString","coordinates":[[-2.09708,47.27958],[-2.09708,47.27958]]},"properties":{"source":"emodnet_dtm_2024","level":2}},{"type":"Feature","geometry":{"type":"LineString","coordinates":[[-1.91042,47.28208],[-1.91042,47.28208]]},"properties":{"source":"emodnet_dtm_2024","level":2}},{"type":"Feature","geometry":{"type":"LineString","coordinates":[[-2.08125,47.28542],[-2.08125,47.28542]]},"properties":{"source":"emodnet_dtm_2024","level":2}},{"type":"Feature","geometry":{"type":"LineString","coordinates":[[-1.94792,47.28625],[-1.94792,47.28625]]},"properties":{"source":"emodnet_dtm_2024","level":2}},{"type":"Feature","geometry":{"type":"LineString","coordinates":[[-2.51625,47.2992],[-2.51565,47.29958],[-2.51625,47.29988],[-2.51669,47.29958],[-2.51625,47.2992]]},"properties":{"source":"emodnet_dtm_2024","level":2}},{"type":"Feature","geometry":{"type":"LineString","coordinates":[[-2.22625,47.30292],[-2.22625,47.30292]]},"properties":{"source":"emodnet_dtm_2024","level":2}},{"type":"Feature","geometry":{"type":"LineString","coordinates":[[-2.22542,47.30375],[-2.22542,47.30375]]},"properties":{"source":"emodnet_dtm_2024","level":2}},{"type":"Feature","geometry":{"type":"LineString","coordinates":[[-2.49375,47.30417],[-2.49319,47.30458],[-2.49419,47.30458],[-2.49375,47.30417]]},"properties":{"source":"emodnet_dtm_2024","level":2}},{"type":"Feature","geometry":{"type":"LineString","coordinates":[[-2.22458,47.30458],[-2.22458,47.30458]]},"properties":{"source":"emodnet_dtm_2024","level":2}},{"type":"Feature","geometry":{"type":"LineString","coordinates":[[-2.22375,47.30542],[-2.22375,47.30542]]},"properties":{"source":"emodnet_dtm_2024","level":2}},{"type":"Feature","geometry":{"type":"LineString","coordinates":[[-2.52292,47.30625],[-2.52292,47.30625]]},"properties":{"source":"emodnet_dtm_2024","level":2}},{"type":"Feature","geometry":{"type":"LineString","coordinates":[[-2.22292,47.30625],[-2.22292,47.30625]]},"properties":{"source":"emodnet_dtm_2024","level":2}},{"type":"Feature","geometry":{"type":"LineString","coordinates":[[-2.20625,47.31125],[-2.20625,47.31125]]},"properties":{"source":"emodnet_dtm_2024","level":2}},{"type":"Feature","geometry":{"type":"LineString","coordinates":[[-2.22375,47.31208],[-2.22375,47.31208]]},"properties":{"source":"emodnet_dtm_2024","level":2}},{"type":"Feature","geometry":{"type":"LineString","coordinates":[[-3.24542,47.31542],[-3.24542,47.31542]]},"properties":{"source":"emodnet_dtm_2024","level":2}},{"type":"Feature","geometry":{"type":"LineString","coordinates":[[-2.20208,47.31542],[-2.20208,47.31542]]},"properties":{"source":"emodnet_dtm_2024","level":2}},{"type":"Feature","geometry":{"type":"LineString","coordinates":[[-3.24208,47.32232],[-3.24208,47.32313],[-3.24208,47.32232]]},"properties":{"source":"emodnet_dtm_2024","level":2}},{"type":"Feature","geometry":{"type":"LineString","coordinates":[[-2.87375,47.33274],[-2.87375,47.33323],[-2.87375,47.33274]]},"properties":{"source":"emodnet_dtm_2024","level":2}},{"type":"Feature","geometry":{"type":"LineString","coordinates":[[-2.18458,47.33375],[-2.18458,47.33375]]},"properties":{"source":"emodnet_dtm_2024","level":2}},{"type":"Feature","geometry":{"type":"LineString","coordinates":[[-2.29958,47.33625],[-2.29958,47.33625]]},"properties":{"source":"emodnet_dtm_2024","level":2}},{"type":"Feature","geometry":{"type":"LineString","coordinates":[[-2.29875,47.33792],[-2.29875,47.33792]]},"properties":{"source":"emodnet_dtm_2024","level":2}},{"type":"Feature","geometry":{"type":"LineString","coordinates":[[-2.10458,47.33792],[-2.10458,47.33792]]},"properties":{"source":"emodnet_dtm_2024","level":2}},{"type":"Feature","geometry":{"type":"LineString","coordinates":[[-2.29792,47.33958],[-2.29792,47.33958]]},"properties":{"source":"emodnet_dtm_2024","level":2}},{"type":"Feature","geometry":{"type":"LineString","coordinates":[[-2.14375,47.34458],[-2.14375,47.34458]]},"properties":{"source":"emodnet_dtm_2024","level":2}},{"type":"Feature","geometry":{"type":"LineString","coordinates":[[-2.03125,47.34458],[-2.03125,47.34458]]},"properties":{"source":"emodnet_dtm_2024","level":2}},{"type":"Feature","geometry":{"type":"LineString","coordinates":[[-2.18458,47.34625],[-2.18458,47.34625]]},"properties":{"source":"emodnet_dtm_2024","level":2}},{"type":"Feature","geometry":{"type":"LineString","coordinates":[[-2.29375,47.34792],[-2.29375,47.34792]]},"properties":{"source":"emodnet_dtm_2024","level":2}},{"type":"Feature","geometry":{"type":"LineString","coordinates":[[-2.06042,47.35708],[-2.06042,47.35708]]},"properties":{"source":"emodnet_dtm_2024","level":2}},{"type":"Feature","geometry":{"type":"LineString","coordinates":[[-2.14375,47.36125],[-2.14375,47.36125]]},"properties":{"source":"emodnet_dtm_2024","level":2}},{"type":"Feature","geometry":{"type":"LineString","coordinates":[[-3.21708,47.37374],[-3.21708,47.37374]]},"properties":{"source":"emodnet_dtm_2024","level":2}},{"type":"Feature","geometry":{"type":"LineString","coordinates":[[-2.17292,47.37375],[-2.17292,47.37375]]},"properties":{"source":"emodnet_dtm_2024","level":2}},{"type":"Feature","geometry":{"type":"LineString","coordinates":[[-2.21792,47.37458],[-2.21792,47.37458]]},"properties":{"source":"emodnet_dtm_2024","level":2}},{"type":"Feature","geometry":{"type":"LineString","coordinates":[[-2.21708,47.37625],[-2.21708,47.37625]]},"properties":{"source":"emodnet_dtm_2024","level":2}},{"type":"Feature","geometry":{"type":"LineString","coordinates":[[-2.16875,47.37792],[-2.16875,47.37792]]},"properties":{"source":"emodnet_dtm_2024","level":2}},{"type":"Feature","geometry":{"type":"LineString","coordinates":[[-2.13958,47.37792],[-2.13958,47.37792]]},"properties":{"source":"emodnet_dtm_2024","level":2}},{"type":"Feature","geometry":{"type":"LineString","coordinates":[[-2.20625,47.38208],[-2.20625,47.38208]]},"properties":{"source":"emodnet_dtm_2024","level":2}},{"type":"Feature","geometry":{"type":"LineString","coordinates":[[-2.99375,47.39458],[-2.99375,47.39458]]},"properties":{"source":"emodnet_dtm_2024","level":2}},{"type":"Feature","geometry":{"type":"LineString","coordinates":[[-2.20208,47.39458],[-2.20208,47.39458]]},"properties":{"source":"emodnet_dtm_2024","level":2}},{"type":"Feature","geometry":{"type":"LineString","coordinates":[[-2.18958,47.39875],[-2.18958,47.39875]]},"properties":{"source":"emodnet_dtm_2024","level":2}},{"type":"Feature","geometry":{"type":"LineString","coordinates":[[-2.48958,47.40875],[-2.48958,47.40875]]},"properties":{"source":"emodnet_dtm_2024","level":2}},{"type":"Feature","geometry":{"type":"LineString","coordinates":[[-2.23542,47.43208],[-2.23542,47.43208]]},"properties":{"source":"emodnet_dtm_2024","level":2}},{"type":"Feature","geometry":{"type":"LineString","coordinates":[[-2.49125,47.43825],[-2.49125,47.43917],[-2.49125,47.43825]]},"properties":{"source":"emodnet_dtm_2024","level":2}},{"type":"Feature","geometry":{"type":"LineString","coordinates":[[-2.49208,47.44583],[-2.49208,47.44634],[-2.49273,47.44625],[-2.49208,47.44583]]},"properties":{"source":"emodnet_dtm_2024","level":2}},{"type":"Feature","geometry":{"type":"LineString","coordinates":[[-2.49542,47.46611],[-2.49587,47.46625],[-2.49542,47.46611]]},"properties":{"source":"emodnet_dtm_2024","level":2}},{"type":"Feature","geometry":{"type":"LineString","coordinates":[[-3.08875,47.46792],[-3.08875,47.46898],[-3.08875,47.46792]]},"properties":{"source":"emodnet_dtm_2024","level":2}},{"type":"Feature","geometry":{"type":"LineString","coordinates":[[-3.09125,47.47789],[-3.09047,47.47792],[-3.09125,47.47833],[-3.09125,47.47789]]},"properties":{"source":"emodnet_dtm_2024","level":2}},{"type":"Feature","geometry":{"type":"LineString","coordinates":[[-2.49208,47.49708],[-2.49208,47.49708]]},"properties":{"source":"emodnet_dtm_2024","level":2}},{"type":"Feature","geometry":{"type":"LineString","coordinates":[[-2.69292,47.49775],[-2.69292,47.49775]]},"properties":{"source":"emodnet_dtm_2024","level":2}},{"type":"Feature","geometry":{"type":"LineString","coordinates":[[-2.45708,47.49917],[-2.45638,47.49958],[-2.45708,47.4998],[-2.45708,47.49917]]},"properties":{"source":"emodnet_dtm_2024","level":2}},{"type":"Feature","geometry":{"type":"LineString","coordinates":[[-2.46042,47.50028],[-2.45979,47.50042],[-2.46042,47.50028]]},"properties":{"source":"emodnet_dtm_2024","level":2}},{"type":"Feature","geometry":{"type":"LineString","coordinates":[[-2.45375,47.50195],[-2.45375,47.5023],[-2.45375,47.50195]]},"properties":{"source":"emodnet_dtm_2024","level":2}},{"type":"Feature","geometry":{"type":"LineString","coordinates":[[-2.46042,47.50372],[-2.46042,47.50372]]},"properties":{"source":"emodnet_dtm_2024","level":2}},{"type":"Feature","geometry":{"type":"LineString","coordinates":[[-2.46458,47.50446],[-2.46458,47.50446]]},"properties":{"source":"emodnet_dtm_2024","level":2}},{"type":"Feature","geometry":{"type":"LineString","coordinates":[[-2.45958,47.50421],[-2.45958,47.50467],[-2.45958,47.50421]]},"properties":{"source":"emodnet_dtm_2024","level":2}},{"type":"Feature","geometry":{"type":"LineString","coordinates":[[-2.62625,47.51042],[-2.62625,47.51042]]},"properties":{"source":"emodnet_dtm_2024","level":2}},{"type":"Feature","geometry":{"type":"LineString","coordinates":[[-2.49208,47.51458],[-2.49208,47.51458]]},"properties":{"source":"emodnet_dtm_2024","level":2}},{"type":"Feature","geometry":{"type":"LineString","coordinates":[[-2.50542,47.51597],[-2.50586,47.51625],[-2.50542,47.51597]]},"properties":{"source":"emodnet_dtm_2024","level":2}},{"type":"Feature","geometry":{"type":"LineString","coordinates":[[-3.15125,47.52958],[-3.15125,47.52958]]},"properties":{"source":"emodnet_dtm_2024","level":2}},{"type":"Feature","geometry":{"type":"LineString","coordinates":[[-2.86875,47.53042],[-2.86875,47.53042]]},"properties":{"source":"emodnet_dtm_2024","level":2}},{"type":"Feature","geometry":{"type":"LineString","coordinates":[[-2.61875,47.53037],[-2.61875,47.53125],[-2.61935,47.53042],[-2.61875,47.53037]]},"properties":{"source":"emodnet_dtm_2024","level":2}},{"type":"Feature","geometry":{"type":"LineString","coordinates":[[-3.12875,47.53871],[-3.12875,47.53871]]},"properties":{"source":"emodnet_dtm_2024","level":2}},{"type":"Feature","geometry":{"type":"LineString","coordinates":[[-2.85625,47.54479],[-2.85574,47.54542],[-2.85625,47.54587],[-2.85625,47.54479]]},"properties":{"source":"emodnet_dtm_2024","level":2}},{"type":"Feature","geometry":{"type":"LineString","coordinates":[[-2.85292,47.54533],[-2.85292,47.54563],[-2.85292,47.54533]]},"properties":{"source":"emodnet_dtm_2024","level":2}},{"type":"Feature","geometry":{"type":"LineString","coordinates":[[-2.82958,47.54858],[-2.82958,47.549],[-2.83025,47.54875],[-2.82958,47.54858]]},"properties":{"source":"emodnet_dtm_2024","level":2}},{"type":"Feature","geometry":{"type":"LineString","coordinates":[[-2.88375,47.56252],[-2.88322,47.56292],[-2.88375,47.5631],[-2.88375,47.56252]]},"properties":{"source":"emodnet_dtm_2024","level":2}},{"type":"Feature","geometry":{"type":"LineString","coordinates":[[-2.73292,47.56617],[-2.73292,47.56617]]},"properties":{"source":"emodnet_dtm_2024","level":2}},{"type":"Feature","geometry":{"type":"LineString","coordinates":[[-3.10875,47.56764],[-3.10875,47.56813],[-3.10875,47.56764]]},"properties":{"source":"emodnet_dtm_2024","level":2}},{"type":"Feature","geometry":{"type":"LineString","coordinates":[[-2.83958,47.59826],[-2.83898,47.59875],[-2.83958,47.59911],[-2.83958,47.59826]]},"properties":{"source":"emodnet_dtm_2024","level":2}},{"type":"Feature","geometry":{"type":"LineString","coordinates":[[-2.83875,47.5992],[-2.83826,47.59958],[-2.83875,47.59975],[-2.83875,47.5992]]},"properties":{"source":"emodnet_dtm_2024","level":2}},{"type":"Feature","geometry":{"type":"LineString","coordinates":[[-2.83792,47.59974],[-2.83713,47.60042],[-2.83792,47.60125],[-2.83792,47.59974]]},"properties":{"source":"emodnet_dtm_2024","level":2}},{"type":"Feature","geometry":{"type":"LineString","coordinates":[[-3.16375,47.60762],[-3.16375,47.60833],[-3.16375,47.60762]]},"properties":{"source":"emodnet_dtm_2024","level":2}},{"type":"Feature","geometry":{"type":"LineString","coordinates":[[-2.85875,47.61204],[-2.85875,47.61204]]},"properties":{"source":"emodnet_dtm_2024","level":2}},{"type":"Feature","geometry":{"type":"LineString","coordinates":[[-2.77542,47.6162],[-2.77591,47.61625],[-2.77542,47.6162]]},"properties":{"source":"emodnet_dtm_2024","level":2}},{"type":"Feature","geometry":{"type":"LineString","coordinates":[[-2.94875,47.61702],[-2.94815,47.61708],[-2.94875,47.61746],[-2.94875,47.61702]]},"properties":{"source":"emodnet_dtm_2024","level":2}},{"type":"Feature","geometry":{"type":"LineString","coordinates":[[-3.42292,47.61838],[-3.42292,47.61876],[-3.42292,47.61838]]},"properties":{"source":"emodnet_dtm_2024","level":2}},{"type":"Feature","geometry":{"type":"LineString","coordinates":[[-2.69792,47.61958],[-2.69792,47.61958]]},"properties":{"source":"emodnet_dtm_2024","level":2}},{"type":"Feature","geometry":{"type":"LineString","coordinates":[[-2.77958,47.62404],[-2.77958,47.62484],[-2.77958,47.62404]]},"properties":{"source":"emodnet_dtm_2024","level":2}},{"type":"Feature","geometry":{"type":"LineString","coordinates":[[-2.95958,47.62923],[-2.95958,47.62994],[-2.95958,47.62923]]},"properties":{"source":"emodnet_dtm_2024","level":2}},{"type":"Feature","geometry":{"type":"LineString","coordinates":[[-2.96042,47.63512],[-2.96042,47.63569],[-2.96111,47.63542],[-2.96042,47.63512]]},"properties":{"source":"emodnet_dtm_2024","level":2}},{"type":"Feature","geometry":{"type":"LineString","coordinates":[[-3.20542,47.64778],[-3.20542,47.64778]]},"properties":{"source":"emodnet_dtm_2024","level":2}},{"type":"Feature","geometry":{"type":"LineString","coordinates":[[-3.20542,47.64958],[-3.20542,47.64958]]},"properties":{"source":"emodnet_dtm_2024","level":2}},{"type":"Feature","geometry":{"type":"LineString","coordinates":[[-3.19625,47.67708],[-3.19625,47.67708]]},"properties":{"source":"emodnet_dtm_2024","level":2}},{"type":"Feature","geometry":{"type":"LineString","coordinates":[[-3.32292,47.69258],[-3.32228,47.69292],[-3.32292,47.69375],[-3.32361,47.69292],[-3.32292,47.69258]]},"properties":{"source":"emodnet_dtm_2024","level":2}},{"type":"Feature","geometry":{"type":"LineString","coordinates":[[-3.34792,47.6945],[-3.34792,47.6945]]},"properties":{"source":"emodnet_dtm_2024","level":2}},{"type":"Feature","geometry":{"type":"LineString","coordinates":[[-3.18875,47.70292],[-3.18875,47.70292]]},"properties":{"source":"emodnet_dtm_2024","level":2}},{"type":"Feature","geometry":{"type":"LineString","coordinates":[[-3.48458,47.7179],[-3.48458,47.7179]]},"properties":{"source":"emodnet_dtm_2024","level":2}},{"type":"Feature","geometry":{"type":"LineString","coordinates":[[-3.12125,47.71958],[-3.12125,47.71958]]},"properties":{"source":"emodnet_dtm_2024","level":2}},{"type":"Feature","geometry":{"type":"LineString","coordinates":[[-3.19208,47.73625],[-3.19208,47.73625]]},"properties":{"source":"emodnet_dtm_2024","level":2}},{"type":"Feature","geometry":{"type":"LineString","coordinates":[[-3.19125,47.73792],[-3.19125,47.73792]]},"properties":{"source":"emodnet_dtm_2024","level":2}},{"type":"Feature","geometry":{"type":"LineString","coordinates":[[-3.30042,47.76602],[-3.30042,47.76645],[-3.30042,47.76602]]},"properties":{"source":"emodnet_dtm_2024","level":2}},{"type":"Feature","geometry":{"type":"LineString","coordinates":[[-3.36792,47.77495],[-3.36792,47.77546],[-3.36792,47.77495]]},"properties":{"source":"emodnet_dtm_2024","level":2}},{"type":"Feature","geometry":{"type":"LineString","coordinates":[[-3.37458,47.78208],[-3.37458,47.78208]]},"properties":{"source":"emodnet_dtm_2024","level":2}},{"type":"Feature","geometry":{"type":"LineString","coordinates":[[-3.37625,47.78458],[-3.37625,47.78458]]},"properties":{"source":"emodnet_dtm_2024","level":2}},{"type":"Feature","geometry":{"type":"LineString","coordinates":[[-3.28792,47.79208],[-3.28792,47.79208]]},"properties":{"source":"emodnet_dtm_2024","level":2}},{"type":"Feature","geometry":{"type":"LineString","coordinates":[[-3.38042,47.79458],[-3.38042,47.79458]]},"properties":{"source":"emodnet_dtm_2024","level":2}},{"type":"Feature","geometry":{"type":"LineString","coordinates":[[-3.71042,47.81029],[-3.71042,47.81066],[-3.71042,47.81029]]},"properties":{"source":"emodnet_dtm_2024","level":2}},{"type":"Feature","geometry":{"type":"LineString","coordinates":[[-3.70042,47.81125],[-3.70042,47.81125]]},"properties":{"source":"emodnet_dtm_2024","level":2}},{"type":"Feature","geometry":{"type":"LineString","coordinates":[[-4.37958,47.81181],[-4.37898,47.81208],[-4.37958,47.81181]]},"properties":{"source":"emodnet_dtm_2024","level":2}},{"type":"Feature","geometry":{"type":"LineString","coordinates":[[-3.70958,47.81188],[-3.70958,47.81222],[-3.70958,47.81188]]},"properties":{"source":"emodnet_dtm_2024","level":2}},{"type":"Feature","geometry":{"type":"LineString","coordinates":[[-3.28292,47.81208],[-3.28292,47.81208]]},"properties":{"source":"emodnet_dtm_2024","level":2}},{"type":"Feature","geometry":{"type":"LineString","coordinates":[[-4.37875,47.81224],[-4.37818,47.81292],[-4.37875,47.81334],[-4.37875,47.81224]]},"properties":{"source":"emodnet_dtm_2024","level":2}},{"type":"Feature","geometry":{"type":"LineString","coordinates":[[-1.09708,45.68958],[-1.09708,45.68958]]},"properties":{"source":"emodnet_dtm_2024","level":2}},{"type":"Feature","geometry":{"type":"LineString","coordinates":[[-1.10125,45.69792],[-1.10125,45.69792]]},"properties":{"source":"emodnet_dtm_2024","level":2}},{"type":"Feature","geometry":{"type":"LineString","coordinates":[[-1.03542,45.72875],[-1.03542,45.72875]]},"properties":{"source":"emodnet_dtm_2024","level":2}},{"type":"Feature","geometry":{"type":"LineString","coordinates":[[-1.03875,45.73208],[-1.03875,45.73208]]},"properties":{"source":"emodnet_dtm_2024","level":2}},{"type":"Feature","geometry":{"type":"LineString","coordinates":[[-1.03958,45.73292],[-1.03958,45.73292]]},"properties":{"source":"emodnet_dtm_2024","level":2}},{"type":"Feature","geometry":{"type":"LineString","coordinates":[[-1.06042,45.74875],[-1.06042,45.74875]]},"properties":{"source":"emodnet_dtm_2024","level":2}},{"type":"Feature","geometry":{"type":"LineString","coordinates":[[-1.10125,45.76458],[-1.10125,45.76458]]},"properties":{"source":"emodnet_dtm_2024","level":2}},{"type":"Feature","geometry":{"type":"LineString","coordinates":[[-1.25154,45.79208],[-1.25058,45.79208],[-1.25154,45.79208]]},"properties":{"source":"emodnet_dtm_2024","level":2}},{"type":"Feature","geometry":{"type":"LineString","coordinates":[[-1.23458,45.80292],[-1.23458,45.80292]]},"properties":{"source":"emodnet_dtm_2024","level":2}},{"type":"Feature","geometry":{"type":"LineString","coordinates":[[-1.23542,45.80375],[-1.23542,45.80375]]},"properties":{"source":"emodnet_dtm_2024","level":2}},{"type":"Feature","geometry":{"type":"LineString","coordinates":[[-1.00958,45.83542],[-1.00958,45.83542]]},"properties":{"source":"emodnet_dtm_2024","level":2}},{"type":"Feature","geometry":{"type":"LineString","coordinates":[[-1.04292,45.85208],[-1.04292,45.85208]]},"properties":{"source":"emodnet_dtm_2024","level":2}},{"type":"Feature","geometry":{"type":"LineString","coordinates":[[-1.06792,45.87292],[-1.06792,45.87292]]},"properties":{"source":"emodnet_dtm_2024","level":2}},{"type":"Feature","geometry":{"type":"LineString","coordinates":[[-1.26375,45.87458],[-1.26375,45.87458]]},"properties":{"source":"emodnet_dtm_2024","level":2}},{"type":"Feature","geometry":{"type":"LineString","coordinates":[[-1.08458,45.87708],[-1.08458,45.87708]]},"properties":{"source":"emodnet_dtm_2024","level":2}},{"type":"Feature","geometry":{"type":"LineString","coordinates":[[-1.08875,45.88125],[-1.08875,45.88125]]},"properties":{"source":"emodnet_dtm_2024","level":2}},{"type":"Feature","geometry":{"type":"LineString","coordinates":[[-1.04792,45.95458],[-1.04792,45.95458]]},"properties":{"source":"emodnet_dtm_2024","level":2}},{"type":"Feature","geometry":{"type":"LineString","coordinates":[[-1.38745,46.04875],[-1.38708,46.04815],[-1.38661,46.04875],[-1.38708,46.04906],[-1.38745,46.04875]]},"properties":{"source":"emodnet_dtm_2024","level":2}},{"type":"Feature","geometry":{"type":"LineString","coordinates":[[-1.29208,46.18792],[-1.29208,46.18792]]},"properties":{"source":"emodnet_dtm_2024","level":2}},{"type":"Feature","geometry":{"type":"LineString","coordinates":[[-1.41375,46.22708],[-1.41375,46.22708]]},"properties":{"source":"emodnet_dtm_2024","level":2}},{"type":"Feature","geometry":{"type":"LineString","coordinates":[[-1.49458,46.23458],[-1.49458,46.23458]]},"properties":{"source":"emodnet_dtm_2024","level":2}},{"type":"Feature","geometry":{"type":"LineString","coordinates":[[-1.21375,46.27708],[-1.21375,46.27708]]},"properties":{"source":"emodnet_dtm_2024","level":2}},{"type":"Feature","geometry":{"type":"LineString","coordinates":[[-1.23042,46.28125],[-1.23042,46.28125]]},"properties":{"source":"emodnet_dtm_2024","level":2}},{"type":"Feature","geometry":{"type":"LineString","coordinates":[[-1.23458,46.28958],[-1.23458,46.28958]]},"properties":{"source":"emodnet_dtm_2024","level":2}},{"type":"Feature","geometry":{"type":"LineString","coordinates":[[-1.26554,46.29292],[-1.26554,46.29292]]},"properties":{"source":"emodnet_dtm_2024","level":2}},{"type":"Feature","geometry":{"type":"LineString","coordinates":[[-1.24708,46.29375],[-1.24708,46.29375]]},"properties":{"source":"emodnet_dtm_2024","level":2}},{"type":"Feature","geometry":{"type":"LineString","coordinates":[[-1.26792,46.30208],[-1.26792,46.30208]]},"properties":{"source":"emodnet_dtm_2024","level":2}},{"type":"Feature","geometry":{"type":"LineString","coordinates":[[-1.27208,46.30292],[-1.27208,46.30292]]},"properties":{"source":"emodnet_dtm_2024","level":2}},{"type":"Feature","geometry":{"type":"LineString","coordinates":[[-1.27292,46.30375],[-1.27292,46.30375]]},"properties":{"source":"emodnet_dtm_2024","level":2}},{"type":"Feature","geometry":{"type":"LineString","coordinates":[[-1.27208,46.31042],[-1.27208,46.31042]]},"properties":{"source":"emodnet_dtm_2024","level":2}},{"type":"Feature","geometry":{"type":"LineString","coordinates":[[-1.27625,46.31458],[-1.27625,46.31458]]},"properties":{"source":"emodnet_dtm_2024","level":2}},{"type":"Feature","geometry":{"type":"LineString","coordinates":[[-1.17208,46.31875],[-1.17208,46.31875]]},"properties":{"source":"emodnet_dtm_2024","level":2}},{"type":"Feature","geometry":{"type":"LineString","coordinates":[[-1.26792,46.32292],[-1.26792,46.32292]]},"properties":{"source":"emodnet_dtm_2024","level":2}},{"type":"Feature","geometry":{"type":"LineString","coordinates":[[-1.30708,46.32458],[-1.30708,46.32458]]},"properties":{"source":"emodnet_dtm_2024","level":2}},{"type":"Feature","geometry":{"type":"LineString","coordinates":[[-1.30792,46.32625],[-1.30792,46.32625]]},"properties":{"source":"emodnet_dtm_2024","level":2}},{"type":"Feature","geometry":{"type":"LineString","coordinates":[[-1.30958,46.32708],[-1.30958,46.32708]]},"properties":{"source":"emodnet_dtm_2024","level":2}},{"type":"Feature","geometry":{"type":"LineString","coordinates":[[-1.31125,46.33042],[-1.31125,46.33042]]},"properties":{"source":"emodnet_dtm_2024","level":2}},{"type":"Feature","geometry":{"type":"LineString","coordinates":[[-1.11792,46.33125],[-1.11792,46.33125]]},"properties":{"source":"emodnet_dtm_2024","level":2}},{"type":"Feature","geometry":{"type":"LineString","coordinates":[[-1.31292,46.33292],[-1.31292,46.33292]]},"properties":{"source":"emodnet_dtm_2024","level":2}},{"type":"Feature","geometry":{"type":"LineString","coordinates":[[-1.00958,46.33542],[-1.00958,46.33542]]},"properties":{"source":"emodnet_dtm_2024","level":2}},{"type":"Feature","geometry":{"type":"LineString","coordinates":[[-1.05542,46.33958],[-1.05542,46.33958]]},"properties":{"source":"emodnet_dtm_2024","level":2}},{"type":"Feature","geometry":{"type":"LineString","coordinates":[[-1.12208,46.34375],[-1.12208,46.34375]]},"properties":{"source":"emodnet_dtm_2024","level":2}},{"type":"Feature","geometry":{"type":"LineString","coordinates":[[-1.19292,46.34792],[-1.19292,46.34792]]},"properties":{"source":"emodnet_dtm_2024","level":2}},{"type":"Feature","geometry":{"type":"LineString","coordinates":[[-1.14708,46.34792],[-1.14708,46.34792]]},"properties":{"source":"emodnet_dtm_2024","level":2}},{"type":"Feature","geometry":{"type":"LineString","coordinates":[[-0.98875,46.34792],[-0.98875,46.34792]]},"properties":{"source":"emodnet_dtm_2024","level":2}},{"type":"Feature","geometry":{"type":"LineString","coordinates":[[-1.10958,46.35625],[-1.10958,46.35625]]},"properties":{"source":"emodnet_dtm_2024","level":2}},{"type":"Feature","geometry":{"type":"LineString","coordinates":[[-1.05958,46.35625],[-1.05958,46.35625]]},"properties":{"source":"emodnet_dtm_2024","level":2}},{"type":"Feature","geometry":{"type":"LineString","coordinates":[[-1.03458,46.38958],[-1.03458,46.38958]]},"properties":{"source":"emodnet_dtm_2024","level":2}},{"type":"Feature","geometry":{"type":"LineString","coordinates":[[-1.25125,46.39375],[-1.25125,46.39375]]},"properties":{"source":"emodnet_dtm_2024","level":2}},{"type":"Feature","geometry":{"type":"LineString","coordinates":[[-1.05125,46.39375],[-1.05125,46.39375]]},"properties":{"source":"emodnet_dtm_2024","level":2}},{"type":"Feature","geometry":{"type":"LineString","coordinates":[[-1.03875,46.39375],[-1.03875,46.39375]]},"properties":{"source":"emodnet_dtm_2024","level":2}},{"type":"Feature","geometry":{"type":"LineString","coordinates":[[-1.06375,46.40208],[-1.06375,46.40208]]},"properties":{"source":"emodnet_dtm_2024","level":2}},{"type":"Feature","geometry":{"type":"LineString","coordinates":[[-1.79708,46.55625],[-1.79708,46.55625]]},"properties":{"source":"emodnet_dtm_2024","level":2}},{"type":"Feature","geometry":{"type":"LineString","coordinates":[[-2.29958,46.70792],[-2.29958,46.70792]]},"properties":{"source":"emodnet_dtm_2024","level":2}},{"type":"Feature","geometry":{"type":"LineString","coordinates":[[-1.96375,46.73542],[-1.96375,46.73542]]},"properties":{"source":"emodnet_dtm_2024","level":2}},{"type":"Feature","geometry":{"type":"LineString","coordinates":[[-1.96792,46.73958],[-1.96792,46.73958]]},"properties":{"source":"emodnet_dtm_2024","level":2}},{"type":"Feature","geometry":{"type":"LineString","coordinates":[[-1.91792,46.74792],[-1.91792,46.74792]]},"properties":{"source":"emodnet_dtm_2024","level":2}},{"type":"Feature","geometry":{"type":"LineString","coordinates":[[-1.94292,46.75208],[-1.94292,46.75208]]},"properties":{"source":"emodnet_dtm_2024","level":2}},{"type":"Feature","geometry":{"type":"LineString","coordinates":[[-1.94708,46.76042],[-1.94708,46.76042]]},"properties":{"source":"emodnet_dtm_2024","level":2}},{"type":"Feature","geometry":{"type":"LineString","coordinates":[[-1.98458,46.76875],[-1.98458,46.76875]]},"properties":{"source":"emodnet_dtm_2024","level":2}},{"type":"Feature","geometry":{"type":"LineString","coordinates":[[-1.95125,46.76875],[-1.95125,46.76875]]},"properties":{"source":"emodnet_dtm_2024","level":2}},{"type":"Feature","geometry":{"type":"LineString","coordinates":[[-1.99292,46.77292],[-1.99292,46.77292]]},"properties":{"source":"emodnet_dtm_2024","level":2}},{"type":"Feature","geometry":{"type":"LineString","coordinates":[[-1.95542,46.77292],[-1.95542,46.77292]]},"properties":{"source":"emodnet_dtm_2024","level":2}},{"type":"Feature","geometry":{"type":"LineString","coordinates":[[-1.95958,46.78125],[-1.95958,46.78125]]},"properties":{"source":"emodnet_dtm_2024","level":2}},{"type":"Feature","geometry":{"type":"LineString","coordinates":[[-2.00958,46.78542],[-2.00958,46.78542]]},"properties":{"source":"emodnet_dtm_2024","level":2}},{"type":"Feature","geometry":{"type":"LineString","coordinates":[[-1.96375,46.78958],[-1.96375,46.78958]]},"properties":{"source":"emodnet_dtm_2024","level":2}},{"type":"Feature","geometry":{"type":"LineString","coordinates":[[-1.95542,46.80208],[-1.95542,46.80208]]},"properties":{"source":"emodnet_dtm_2024","level":2}},{"type":"Feature","geometry":{"type":"LineString","coordinates":[[-1.96792,46.80625],[-1.96792,46.80625]]},"properties":{"source":"emodnet_dtm_2024","level":2}},{"type":"Feature","geometry":{"type":"LineString","coordinates":[[-1.93042,46.80625],[-1.93042,46.80625]]},"properties":{"source":"emodnet_dtm_2024","level":2}},{"type":"Feature","geometry":{"type":"LineString","coordinates":[[-2.00542,46.81458],[-2.00542,46.81458]]},"properties":{"source":"emodnet_dtm_2024","level":2}},{"type":"Feature","geometry":{"type":"LineString","coordinates":[[-2.12208,46.82292],[-2.12208,46.82292]]},"properties":{"source":"emodnet_dtm_2024","level":2}},{"type":"Feature","geometry":{"type":"LineString","coordinates":[[-2.10542,46.82292],[-2.10542,46.82292]]},"properties":{"source":"emodnet_dtm_2024","level":2}},{"type":"Feature","geometry":{"type":"LineString","coordinates":[[-2.00958,46.82292],[-2.00958,46.82292]]},"properties":{"source":"emodnet_dtm_2024","level":2}},{"type":"Feature","geometry":{"type":"LineString","coordinates":[[-2.04292,46.82708],[-2.04292,46.82708]]},"properties":{"source":"emodnet_dtm_2024","level":2}},{"type":"Feature","geometry":{"type":"LineString","coordinates":[[-1.95542,46.82708],[-1.95542,46.82708]]},"properties":{"source":"emodnet_dtm_2024","level":2}},{"type":"Feature","geometry":{"type":"LineString","coordinates":[[-1.92625,46.83542],[-1.92625,46.83542]]},"properties":{"source":"emodnet_dtm_2024","level":2}},{"type":"Feature","geometry":{"type":"LineString","coordinates":[[-1.98042,46.83958],[-1.98042,46.83958]]},"properties":{"source":"emodnet_dtm_2024","level":2}},{"type":"Feature","geometry":{"type":"LineString","coordinates":[[-2.11792,46.84375],[-2.11792,46.84375]]},"properties":{"source":"emodnet_dtm_2024","level":2}},{"type":"Feature","geometry":{"type":"LineString","coordinates":[[-2.11375,46.86458],[-2.11375,46.86458]]},"properties":{"source":"emodnet_dtm_2024","level":2}},{"type":"Feature","geometry":{"type":"LineString","coordinates":[[-2.04708,46.87708],[-2.04708,46.87708]]},"properties":{"source":"emodnet_dtm_2024","level":2}},{"type":"Feature","geometry":{"type":"LineString","coordinates":[[-2.05542,46.88125],[-2.05542,46.88125]]},"properties":{"source":"emodnet_dtm_2024","level":2}},{"type":"Feature","geometry":{"type":"LineString","coordinates":[[-2.06375,46.88542],[-2.06375,46.88542]]},"properties":{"source":"emodnet_dtm_2024","level":2}},{"type":"Feature","geometry":{"type":"LineString","coordinates":[[-2.11792,46.89375],[-2.11792,46.89375]]},"properties":{"source":"emodnet_dtm_2024","level":2}},{"type":"Feature","geometry":{"type":"LineString","coordinates":[[-2.15958,46.93542],[-2.15958,46.93542]]},"properties":{"source":"emodnet_dtm_2024","level":2}},{"type":"Feature","geometry":{"type":"LineString","coordinates":[[-1.93042,46.93542],[-1.93042,46.93542]]},"properties":{"source":"emodnet_dtm_2024","level":2}},{"type":"Feature","geometry":{"type":"LineString","coordinates":[[-1.88458,46.95208],[-1.88458,46.95208]]},"properties":{"source":"emodnet_dtm_2024","level":2}},{"type":"Feature","geometry":{"type":"LineString","coordinates":[[-1.89708,46.96875],[-1.89708,46.96875]]},"properties":{"source":"emodnet_dtm_2024","level":2}},{"type":"Feature","geometry":{"type":"LineString","coordinates":[[-1.94292,46.98542],[-1.94292,46.98542]]},"properties":{"source":"emodnet_dtm_2024","level":2}},{"type":"Feature","geometry":{"type":"LineString","coordinates":[[-1.91375,46.98542],[-1.91375,46.98542]]},"properties":{"source":"emodnet_dtm_2024","level":2}},{"type":"Feature","geometry":{"type":"LineString","coordinates":[[-1.91792,46.98958],[-1.91792,46.98958]]},"properties":{"source":"emodnet_dtm_2024","level":2}},{"type":"Feature","geometry":{"type":"LineString","coordinates":[[-1.96792,47.00208],[-1.96792,47.00208]]},"properties":{"source":"emodnet_dtm_2024","level":2}},{"type":"Feature","geometry":{"type":"LineString","coordinates":[[-1.95125,47.00208],[-1.95125,47.00208]]},"properties":{"source":"emodnet_dtm_2024","level":2}},{"type":"Feature","geometry":{"type":"LineString","coordinates":[[-1.97208,47.00625],[-1.97208,47.00625]]},"properties":{"source":"emodnet_dtm_2024","level":2}},{"type":"Feature","geometry":{"type":"LineString","coordinates":[[-1.98458,47.01042],[-1.98458,47.01042]]},"properties":{"source":"emodnet_dtm_2024","level":2}},{"type":"Feature","geometry":{"type":"LineString","coordinates":[[-1.99708,47.01458],[-1.99708,47.01458]]},"properties":{"source":"emodnet_dtm_2024","level":2}},{"type":"Feature","geometry":{"type":"LineString","coordinates":[[-1.68042,47.06958],[-1.68042,47.06958]]},"properties":{"source":"emodnet_dtm_2024","level":2}},{"type":"Feature","geometry":{"type":"LineString","coordinates":[[-1.77208,47.23208],[-1.77208,47.23208]]},"properties":{"source":"emodnet_dtm_2024","level":2}},{"type":"Feature","geometry":{"type":"LineString","coordinates":[[-1.77625,47.23625],[-1.77625,47.23625]]},"properties":{"source":"emodnet_dtm_2024","level":2}},{"type":"Feature","geometry":{"type":"LineString","coordinates":[[-2.21792,47.31125],[-2.21792,47.31125]]},"properties":{"source":"emodnet_dtm_2024","level":2}},{"type":"Feature","geometry":{"type":"LineString","coordinates":[[-2.15958,47.34458],[-2.15958,47.34458]]},"properties":{"source":"emodnet_dtm_2024","level":2}},{"type":"Feature","geometry":{"type":"LineString","coordinates":[[-2.03875,47.34458],[-2.03875,47.34458]]},"properties":{"source":"emodnet_dtm_2024","level":2}},{"type":"Feature","geometry":{"type":"LineString","coordinates":[[-2.16375,47.36125],[-2.16375,47.36125]]},"properties":{"source":"emodnet_dtm_2024","level":2}},{"type":"Feature","geometry":{"type":"LineString","coordinates":[[-2.15542,47.37792],[-2.15542,47.37792]]},"properties":{"source":"emodnet_dtm_2024","level":2}},{"type":"Feature","geometry":{"type":"LineString","coordinates":[[-2.18875,47.38625],[-2.18875,47.38625]]},"properties":{"source":"emodnet_dtm_2024","level":2}},{"type":"Feature","geometry":{"type":"LineString","coordinates":[[-2.19292,47.39875],[-2.19292,47.39875]]},"properties":{"source":"emodnet_dtm_2024","level":2}},{"type":"Feature","geometry":{"type":"LineString","coordinates":[[-2.26792,47.42375],[-2.26792,47.42375]]},"properties":{"source":"emodnet_dtm_2024","level":2}},{"type":"Feature","geometry":{"type":"LineString","coordinates":[[-2.23042,47.42375],[-2.23042,47.42375]]},"properties":{"source":"emodnet_dtm_2024","level":2}},{"type":"Feature","geometry":{"type":"LineString","coordinates":[[-2.62465,47.51792],[-2.62465,47.51792]]},"properties":{"source":"emodnet_dtm_2024","level":2}},{"type":"Feature","geometry":{"type":"LineString","coordinates":[[-2.82565,47.59125],[-2.82542,47.5909],[-2.82542,47.59172],[-2.82565,47.59125]]},"properties":{"source":"emodnet_dtm_2024","level":2}},{"type":"Feature","geometry":{"type":"LineString","coordinates":[[-3.19543,47.62208],[-3.19543,47.62208]]},"properties":{"source":"emodnet_dtm_2024","level":2}},{"type":"Feature","geometry":{"type":"LineString","coordinates":[[-3.37565,47.72958],[-3.37542,47.72905],[-3.37565,47.72958]]},"properties":{"source":"emodnet_dtm_2024","level":2}},{"type":"Feature","geometry":{"type":"LineString","coordinates":[[-3.28709,47.77958],[-3.28709,47.77958]]},"properties":{"source":"emodnet_dtm_2024","level":2}},{"type":"Feature","geometry":{"type":"LineString","coordinates":[[-3.28879,47.78208],[-3.28875,47.78159],[-3.28879,47.78208]]},"properties":{"source":"emodnet_dtm_2024","level":2}},{"type":"Feature","geometry":{"type":"LineString","coordinates":[[-1.10125,45.70208],[-1.10125,45.70208]]},"properties":{"source":"emodnet_dtm_2024","level":2}},{"type":"Feature","geometry":{"type":"LineString","coordinates":[[-0.97208,45.81875],[-0.97208,45.81875]]},"properties":{"source":"emodnet_dtm_2024","level":2}},{"type":"Feature","geometry":{"type":"LineString","coordinates":[[-1.01375,45.83958],[-1.01375,45.83958]]},"properties":{"source":"emodnet_dtm_2024","level":2}},{"type":"Feature","geometry":{"type":"LineString","coordinates":[[-1.00958,45.84375],[-1.00958,45.84375]]},"properties":{"source":"emodnet_dtm_2024","level":2}},{"type":"Feature","geometry":{"type":"LineString","coordinates":[[-1.04292,45.86042],[-1.04292,45.86042]]},"properties":{"source":"emodnet_dtm_2024","level":2}},{"type":"Feature","geometry":{"type":"LineString","coordinates":[[-1.25625,45.86125],[-1.25625,45.86125]]},"properties":{"source":"emodnet_dtm_2024","level":2}},{"type":"Feature","geometry":{"type":"LineString","coordinates":[[-1.05542,45.86458],[-1.05542,45.86458]]},"properties":{"source":"emodnet_dtm_2024","level":2}},{"type":"Feature","geometry":{"type":"LineString","coordinates":[[-1.03042,45.86458],[-1.03042,45.86458]]},"properties":{"source":"emodnet_dtm_2024","level":2}},{"type":"Feature","geometry":{"type":"LineString","coordinates":[[-1.04708,45.86875],[-1.04708,45.86875]]},"properties":{"source":"emodnet_dtm_2024","level":2}},{"type":"Feature","geometry":{"type":"LineString","coordinates":[[-1.03875,45.87292],[-1.03875,45.87292]]},"properties":{"source":"emodnet_dtm_2024","level":2}},{"type":"Feature","geometry":{"type":"LineString","coordinates":[[-1.08875,45.88542],[-1.08875,45.88542]]},"properties":{"source":"emodnet_dtm_2024","level":2}},{"type":"Feature","geometry":{"type":"LineString","coordinates":[[-1.07625,45.88542],[-1.07625,45.88542]]},"properties":{"source":"emodnet_dtm_2024","level":2}},{"type":"Feature","geometry":{"type":"LineString","coordinates":[[-1.07208,45.89375],[-1.07208,45.89375]]},"properties":{"source":"emodnet_dtm_2024","level":2}},{"type":"Feature","geometry":{"type":"LineString","coordinates":[[-1.00542,45.94792],[-1.00542,45.94792]]},"properties":{"source":"emodnet_dtm_2024","level":2}},{"type":"Feature","geometry":{"type":"LineString","coordinates":[[-1.01875,45.97125],[-1.01875,45.97125]]},"properties":{"source":"emodnet_dtm_2024","level":2}},{"type":"Feature","geometry":{"type":"LineString","coordinates":[[-1.50125,46.21042],[-1.50125,46.21042]]},"properties":{"source":"emodnet_dtm_2024","level":2}},{"type":"Feature","geometry":{"type":"LineString","coordinates":[[-1.48375,46.22708],[-1.48375,46.22708]]},"properties":{"source":"emodnet_dtm_2024","level":2}},{"type":"Feature","geometry":{"type":"LineString","coordinates":[[-1.52625,46.23125],[-1.52625,46.23125]]},"properties":{"source":"emodnet_dtm_2024","level":2}},{"type":"Feature","geometry":{"type":"LineString","coordinates":[[-1.51792,46.23542],[-1.51792,46.23542]]},"properties":{"source":"emodnet_dtm_2024","level":2}},{"type":"Feature","geometry":{"type":"LineString","coordinates":[[-1.27125,46.28125],[-1.27125,46.28125]]},"properties":{"source":"emodnet_dtm_2024","level":2}},{"type":"Feature","geometry":{"type":"LineString","coordinates":[[-1.24458,46.29958],[-1.24458,46.29958]]},"properties":{"source":"emodnet_dtm_2024","level":2}},{"type":"Feature","geometry":{"type":"LineString","coordinates":[[-1.23875,46.30208],[-1.23875,46.30208]]},"properties":{"source":"emodnet_dtm_2024","level":2}},{"type":"Feature","geometry":{"type":"LineString","coordinates":[[-1.27625,46.31875],[-1.27625,46.31875]]},"properties":{"source":"emodnet_dtm_2024","level":2}},{"type":"Feature","geometry":{"type":"LineString","coordinates":[[-1.30875,46.32792],[-1.30875,46.32792]]},"properties":{"source":"emodnet_dtm_2024","level":2}},{"type":"Feature","geometry":{"type":"LineString","coordinates":[[-1.33458,46.32958],[-1.33458,46.32958]]},"properties":{"source":"emodnet_dtm_2024","level":2}},{"type":"Feature","geometry":{"type":"LineString","coordinates":[[-1.31375,46.33125],[-1.31375,46.33125]]},"properties":{"source":"emodnet_dtm_2024","level":2}},{"type":"Feature","geometry":{"type":"LineString","coordinates":[[-1.25958,46.33125],[-1.25958,46.33125]]},"properties":{"source":"emodnet_dtm_2024","level":2}},{"type":"Feature","geometry":{"type":"LineString","coordinates":[[-1.25542,46.33542],[-1.25542,46.33542]]},"properties":{"source":"emodnet_dtm_2024","level":2}},{"type":"Feature","geometry":{"type":"LineString","coordinates":[[-1.23458,46.33958],[-1.23458,46.33958]]},"properties":{"source":"emodnet_dtm_2024","level":2}},{"type":"Feature","geometry":{"type":"LineString","coordinates":[[-1.23042,46.34375],[-1.23042,46.34375]]},"properties":{"source":"emodnet_dtm_2024","level":2}},{"type":"Feature","geometry":{"type":"LineString","coordinates":[[-1.20125,46.34375],[-1.20125,46.34375]]},"properties":{"source":"emodnet_dtm_2024","level":2}},{"type":"Feature","geometry":{"type":"LineString","coordinates":[[-1.05542,46.34375],[-1.05542,46.34375]]},"properties":{"source":"emodnet_dtm_2024","level":2}},{"type":"Feature","geometry":{"type":"LineString","coordinates":[[-1.01375,46.34375],[-1.01375,46.34375]]},"properties":{"source":"emodnet_dtm_2024","level":2}},{"type":"Feature","geometry":{"type":"LineString","coordinates":[[-1.22208,46.34792],[-1.22208,46.34792]]},"properties":{"source":"emodnet_dtm_2024","level":2}},{"type":"Feature","geometry":{"type":"LineString","coordinates":[[-1.12625,46.34792],[-1.12625,46.34792]]},"properties":{"source":"emodnet_dtm_2024","level":2}},{"type":"Feature","geometry":{"type":"LineString","coordinates":[[-1.10125,46.34792],[-1.10125,46.34792]]},"properties":{"source":"emodnet_dtm_2024","level":2}},{"type":"Feature","geometry":{"type":"LineString","coordinates":[[-1.05125,46.34792],[-1.05125,46.34792]]},"properties":{"source":"emodnet_dtm_2024","level":2}},{"type":"Feature","geometry":{"type":"LineString","coordinates":[[-1.19292,46.35208],[-1.19292,46.35208]]},"properties":{"source":"emodnet_dtm_2024","level":2}},{"type":"Feature","geometry":{"type":"LineString","coordinates":[[-1.15958,46.35208],[-1.15958,46.35208]]},"properties":{"source":"emodnet_dtm_2024","level":2}},{"type":"Feature","geometry":{"type":"LineString","coordinates":[[-1.03458,46.35208],[-1.03458,46.35208]]},"properties":{"source":"emodnet_dtm_2024","level":2}},{"type":"Feature","geometry":{"type":"LineString","coordinates":[[-0.98875,46.35625],[-0.98875,46.35625]]},"properties":{"source":"emodnet_dtm_2024","level":2}},{"type":"Feature","geometry":{"type":"LineString","coordinates":[[-1.15125,46.36042],[-1.15125,46.36042]]},"properties":{"source":"emodnet_dtm_2024","level":2}},{"type":"Feature","geometry":{"type":"LineString","coordinates":[[-1.11375,46.36042],[-1.11375,46.36042]]},"properties":{"source":"emodnet_dtm_2024","level":2}},{"type":"Feature","geometry":{"type":"LineString","coordinates":[[-1.06792,46.36042],[-1.06792,46.36042]]},"properties":{"source":"emodnet_dtm_2024","level":2}},{"type":"Feature","geometry":{"type":"LineString","coordinates":[[-1.10958,46.36875],[-1.10958,46.36875]]},"properties":{"source":"emodnet_dtm_2024","level":2}},{"type":"Feature","geometry":{"type":"LineString","coordinates":[[-1.07208,46.36875],[-1.07208,46.36875]]},"properties":{"source":"emodnet_dtm_2024","level":2}},{"type":"Feature","geometry":{"type":"LineString","coordinates":[[-1.22208,46.38542],[-1.22208,46.38542]]},"properties":{"source":"emodnet_dtm_2024","level":2}},{"type":"Feature","geometry":{"type":"LineString","coordinates":[[-1.05542,46.38958],[-1.05542,46.38958]]},"properties":{"source":"emodnet_dtm_2024","level":2}},{"type":"Feature","geometry":{"type":"LineString","coordinates":[[-1.07625,46.39792],[-1.07625,46.39792]]},"properties":{"source":"emodnet_dtm_2024","level":2}},{"type":"Feature","geometry":{"type":"LineString","coordinates":[[-1.51458,46.40208],[-1.51458,46.40208]]},"properties":{"source":"emodnet_dtm_2024","level":2}},{"type":"Feature","geometry":{"type":"LineString","coordinates":[[-1.05542,46.42708],[-1.05542,46.42708]]},"properties":{"source":"emodnet_dtm_2024","level":2}},{"type":"Feature","geometry":{"type":"LineString","coordinates":[[-1.05125,46.43125],[-1.05125,46.43125]]},"properties":{"source":"emodnet_dtm_2024","level":2}},{"type":"Feature","geometry":{"type":"LineString","coordinates":[[-1.68542,46.44042],[-1.68542,46.44042]]},"properties":{"source":"emodnet_dtm_2024","level":2}},{"type":"Feature","geometry":{"type":"LineString","coordinates":[[-1.79708,46.56042],[-1.79708,46.56042]]},"properties":{"source":"emodnet_dtm_2024","level":2}},{"type":"Feature","geometry":{"type":"LineString","coordinates":[[-1.87125,46.61542],[-1.87125,46.61542]]},"properties":{"source":"emodnet_dtm_2024","level":2}},{"type":"Feature","geometry":{"type":"LineString","coordinates":[[-2.39292,46.71042],[-2.39292,46.71042]]},"properties":{"source":"emodnet_dtm_2024","level":2}},{"type":"Feature","geometry":{"type":"LineString","coordinates":[[-1.93042,46.72292],[-1.93042,46.72292]]},"properties":{"source":"emodnet_dtm_2024","level":2}},{"type":"Feature","geometry":{"type":"LineString","coordinates":[[-1.92208,46.72708],[-1.92208,46.72708]]},"properties":{"source":"emodnet_dtm_2024","level":2}},{"type":"Feature","geometry":{"type":"LineString","coordinates":[[-1.90125,46.73542],[-1.90125,46.73542]]},"properties":{"source":"emodnet_dtm_2024","level":2}},{"type":"Feature","geometry":{"type":"LineString","coordinates":[[-1.89708,46.73958],[-1.89708,46.73958]]},"properties":{"source":"emodnet_dtm_2024","level":2}},{"type":"Feature","geometry":{"type":"LineString","coordinates":[[-1.96792,46.74375],[-1.96792,46.74375]]},"properties":{"source":"emodnet_dtm_2024","level":2}},{"type":"Feature","geometry":{"type":"LineString","coordinates":[[-1.89292,46.74375],[-1.89292,46.74375]]},"properties":{"source":"emodnet_dtm_2024","level":2}},{"type":"Feature","geometry":{"type":"LineString","coordinates":[[-1.93042,46.75208],[-1.93042,46.75208]]},"properties":{"source":"emodnet_dtm_2024","level":2}},{"type":"Feature","geometry":{"type":"LineString","coordinates":[[-2.03042,46.75375],[-2.03042,46.75375]]},"properties":{"source":"emodnet_dtm_2024","level":2}},{"type":"Feature","geometry":{"type":"LineString","coordinates":[[-2.00542,46.78125],[-2.00542,46.78125]]},"properties":{"source":"emodnet_dtm_2024","level":2}},{"type":"Feature","geometry":{"type":"LineString","coordinates":[[-2.00958,46.78958],[-2.00958,46.78958]]},"properties":{"source":"emodnet_dtm_2024","level":2}},{"type":"Feature","geometry":{"type":"LineString","coordinates":[[-2.00958,46.80625],[-2.00958,46.80625]]},"properties":{"source":"emodnet_dtm_2024","level":2}},{"type":"Feature","geometry":{"type":"LineString","coordinates":[[-2.08875,46.81042],[-2.08875,46.81042]]},"properties":{"source":"emodnet_dtm_2024","level":2}},{"type":"Feature","geometry":{"type":"LineString","coordinates":[[-2.00125,46.81042],[-2.00125,46.81042]]},"properties":{"source":"emodnet_dtm_2024","level":2}},{"type":"Feature","geometry":{"type":"LineString","coordinates":[[-1.98458,46.81042],[-1.98458,46.81042]]},"properties":{"source":"emodnet_dtm_2024","level":2}},{"type":"Feature","geometry":{"type":"LineString","coordinates":[[-2.08458,46.81458],[-2.08458,46.81458]]},"properties":{"source":"emodnet_dtm_2024","level":2}},{"type":"Feature","geometry":{"type":"LineString","coordinates":[[-1.95958,46.82292],[-1.95958,46.82292]]},"properties":{"source":"emodnet_dtm_2024","level":2}},{"type":"Feature","geometry":{"type":"LineString","coordinates":[[-1.94708,46.82292],[-1.94708,46.82292]]},"properties":{"source":"emodnet_dtm_2024","level":2}},{"type":"Feature","geometry":{"type":"LineString","coordinates":[[-2.12208,46.82708],[-2.12208,46.82708]]},"properties":{"source":"emodnet_dtm_2024","level":2}},{"type":"Feature","geometry":{"type":"LineString","coordinates":[[-1.99292,46.82708],[-1.99292,46.82708]]},"properties":{"source":"emodnet_dtm_2024","level":2}},{"type":"Feature","geometry":{"type":"LineString","coordinates":[[-1.92625,46.82708],[-1.92625,46.82708]]},"properties":{"source":"emodnet_dtm_2024","level":2}},{"type":"Feature","geometry":{"type":"LineString","coordinates":[[-2.11792,46.83125],[-2.11792,46.83125]]},"properties":{"source":"emodnet_dtm_2024","level":2}},{"type":"Feature","geometry":{"type":"LineString","coordinates":[[-1.98875,46.83125],[-1.98875,46.83125]]},"properties":{"source":"emodnet_dtm_2024","level":2}},{"type":"Feature","geometry":{"type":"LineString","coordinates":[[-1.95542,46.83125],[-1.95542,46.83125]]},"properties":{"source":"emodnet_dtm_2024","level":2}},{"type":"Feature","geometry":{"type":"LineString","coordinates":[[-2.10958,46.83542],[-2.10958,46.83542]]},"properties":{"source":"emodnet_dtm_2024","level":2}},{"type":"Feature","geometry":{"type":"LineString","coordinates":[[-2.00125,46.83958],[-2.00125,46.83958]]},"properties":{"source":"emodnet_dtm_2024","level":2}},{"type":"Feature","geometry":{"type":"LineString","coordinates":[[-1.98042,46.84375],[-1.98042,46.84375]]},"properties":{"source":"emodnet_dtm_2024","level":2}},{"type":"Feature","geometry":{"type":"LineString","coordinates":[[-2.11792,46.84792],[-2.11792,46.84792]]},"properties":{"source":"emodnet_dtm_2024","level":2}},{"type":"Feature","geometry":{"type":"LineString","coordinates":[[-2.00125,46.84792],[-2.00125,46.84792]]},"properties":{"source":"emodnet_dtm_2024","level":2}},{"type":"Feature","geometry":{"type":"LineString","coordinates":[[-1.96375,46.84792],[-1.96375,46.84792]]},"properties":{"source":"emodnet_dtm_2024","level":2}},{"type":"Feature","geometry":{"type":"LineString","coordinates":[[-1.93708,46.85042],[-1.93708,46.85042]]},"properties":{"source":"emodnet_dtm_2024","level":2}},{"type":"Feature","geometry":{"type":"LineString","coordinates":[[-1.93625,46.85125],[-1.93625,46.85125]]},"properties":{"source":"emodnet_dtm_2024","level":2}},{"type":"Feature","geometry":{"type":"LineString","coordinates":[[-2.11375,46.85208],[-2.11375,46.85208]]},"properties":{"source":"emodnet_dtm_2024","level":2}},{"type":"Feature","geometry":{"type":"LineString","coordinates":[[-1.99708,46.85208],[-1.99708,46.85208]]},"properties":{"source":"emodnet_dtm_2024","level":2}},{"type":"Feature","geometry":{"type":"LineString","coordinates":[[-1.95542,46.85208],[-1.95542,46.85208]]},"properties":{"source":"emodnet_dtm_2024","level":2}},{"type":"Feature","geometry":{"type":"LineString","coordinates":[[-1.98875,46.85625],[-1.98875,46.85625]]},"properties":{"source":"emodnet_dtm_2024","level":2}},{"type":"Feature","geometry":{"type":"LineString","coordinates":[[-2.04708,46.86875],[-2.04708,46.86875]]},"properties":{"source":"emodnet_dtm_2024","level":2}},{"type":"Feature","geometry":{"type":"LineString","coordinates":[[-2.10125,46.87292],[-2.10125,46.87292]]},"properties":{"source":"emodnet_dtm_2024","level":2}},{"type":"Feature","geometry":{"type":"LineString","coordinates":[[-2.11375,46.87708],[-2.11375,46.87708]]},"properties":{"source":"emodnet_dtm_2024","level":2}},{"type":"Feature","geometry":{"type":"LineString","coordinates":[[-2.08875,46.87708],[-2.08875,46.87708]]},"properties":{"source":"emodnet_dtm_2024","level":2}},{"type":"Feature","geometry":{"type":"LineString","coordinates":[[-2.06375,46.87708],[-2.06375,46.87708]]},"properties":{"source":"emodnet_dtm_2024","level":2}},{"type":"Feature","geometry":{"type":"LineString","coordinates":[[-2.06375,46.89375],[-2.06375,46.89375]]},"properties":{"source":"emodnet_dtm_2024","level":2}},{"type":"Feature","geometry":{"type":"LineString","coordinates":[[-2.02208,46.89792],[-2.02208,46.89792]]},"properties":{"source":"emodnet_dtm_2024","level":2}},{"type":"Feature","geometry":{"type":"LineString","coordinates":[[-2.11792,46.90208],[-2.11792,46.90208]]},"properties":{"source":"emodnet_dtm_2024","level":2}},{"type":"Feature","geometry":{"type":"LineString","coordinates":[[-2.10958,46.90625],[-2.10958,46.90625]]},"properties":{"source":"emodnet_dtm_2024","level":2}},{"type":"Feature","geometry":{"type":"LineString","coordinates":[[-2.10542,46.91042],[-2.10542,46.91042]]},"properties":{"source":"emodnet_dtm_2024","level":2}},{"type":"Feature","geometry":{"type":"LineString","coordinates":[[-2.15958,46.93958],[-2.15958,46.93958]]},"properties":{"source":"emodnet_dtm_2024","level":2}},{"type":"Feature","geometry":{"type":"LineString","coordinates":[[-1.90958,46.94375],[-1.90958,46.94375]]},"properties":{"source":"emodnet_dtm_2024","level":2}},{"type":"Feature","geometry":{"type":"LineString","coordinates":[[-2.05958,46.94792],[-2.05958,46.94792]]},"properties":{"source":"emodnet_dtm_2024","level":2}},{"type":"Feature","geometry":{"type":"LineString","coordinates":[[-1.93458,46.94792],[-1.93458,46.94792]]},"properties":{"source":"emodnet_dtm_2024","level":2}},{"type":"Feature","geometry":{"type":"LineString","coordinates":[[-1.88458,46.95625],[-1.88458,46.95625]]},"properties":{"source":"emodnet_dtm_2024","level":2}},{"type":"Feature","geometry":{"type":"LineString","coordinates":[[-2.04708,46.96042],[-2.04708,46.96042]]},"properties":{"source":"emodnet_dtm_2024","level":2}},{"type":"Feature","geometry":{"type":"LineString","coordinates":[[-2.21208,46.96958],[-2.21208,46.96958]]},"properties":{"source":"emodnet_dtm_2024","level":2}},{"type":"Feature","geometry":{"type":"LineString","coordinates":[[-1.98042,46.97292],[-1.98042,46.97292]]},"properties":{"source":"emodnet_dtm_2024","level":2}},{"type":"Feature","geometry":{"type":"LineString","coordinates":[[-1.92625,46.97292],[-1.92625,46.97292]]},"properties":{"source":"emodnet_dtm_2024","level":2}},{"type":"Feature","geometry":{"type":"LineString","coordinates":[[-1.87625,46.97708],[-1.87625,46.97708]]},"properties":{"source":"emodnet_dtm_2024","level":2}},{"type":"Feature","geometry":{"type":"LineString","coordinates":[[-2.09375,46.98125],[-2.09375,46.98125]]},"properties":{"source":"emodnet_dtm_2024","level":2}},{"type":"Feature","geometry":{"type":"LineString","coordinates":[[-1.95542,46.98125],[-1.95542,46.98125]]},"properties":{"source":"emodnet_dtm_2024","level":2}},{"type":"Feature","geometry":{"type":"LineString","coordinates":[[-1.94708,46.98958],[-1.94708,46.98958]]},"properties":{"source":"emodnet_dtm_2024","level":2}},{"type":"Feature","geometry":{"type":"LineString","coordinates":[[-2.03375,46.99875],[-2.03375,46.99875]]},"properties":{"source":"emodnet_dtm_2024","level":2}},{"type":"Feature","geometry":{"type":"LineString","coordinates":[[-1.92625,47.00208],[-1.92625,47.00208]]},"properties":{"source":"emodnet_dtm_2024","level":2}},{"type":"Feature","geometry":{"type":"LineString","coordinates":[[-1.91375,47.01042],[-1.91375,47.01042]]},"properties":{"source":"emodnet_dtm_2024","level":2}},{"type":"Feature","geometry":{"type":"LineString","coordinates":[[-1.99708,47.01875],[-1.99708,47.01875]]},"properties":{"source":"emodnet_dtm_2024","level":2}},{"type":"Feature","geometry":{"type":"LineString","coordinates":[[-1.92208,47.01875],[-1.92208,47.01875]]},"properties":{"source":"emodnet_dtm_2024","level":2}},{"type":"Feature","geometry":{"type":"LineString","coordinates":[[-1.97625,47.03125],[-1.97625,47.03125]]},"properties":{"source":"emodnet_dtm_2024","level":2}},{"type":"Feature","geometry":{"type":"LineString","coordinates":[[-1.95542,47.03542],[-1.95542,47.03542]]},"properties":{"source":"emodnet_dtm_2024","level":2}},{"type":"Feature","geometry":{"type":"LineString","coordinates":[[-1.70292,47.08458],[-1.70292,47.08458]]},"properties":{"source":"emodnet_dtm_2024","level":2}},{"type":"Feature","geometry":{"type":"LineString","coordinates":[[-1.70208,47.08542],[-1.70208,47.08542]]},"properties":{"source":"emodnet_dtm_2024","level":2}},{"type":"Feature","geometry":{"type":"LineString","coordinates":[[-1.69875,47.08875],[-1.69875,47.08875]]},"properties":{"source":"emodnet_dtm_2024","level":2}},{"type":"Feature","geometry":{"type":"LineString","coordinates":[[-1.70125,47.11042],[-1.70125,47.11042]]},"properties":{"source":"emodnet_dtm_2024","level":2}},{"type":"Feature","geometry":{"type":"LineString","coordinates":[[-1.68958,47.11458],[-1.68958,47.11458]]},"properties":{"source":"emodnet_dtm_2024","level":2}},{"type":"Feature","geometry":{"type":"LineString","coordinates":[[-2.00042,47.12375],[-2.00042,47.12375]]},"properties":{"source":"emodnet_dtm_2024","level":2}},{"type":"Feature","geometry":{"type":"LineString","coordinates":[[-1.99875,47.12458],[-1.99875,47.12458]]},"properties":{"source":"emodnet_dtm_2024","level":2}},{"type":"Feature","geometry":{"type":"LineString","coordinates":[[-1.98958,47.12708],[-1.98958,47.12708]]},"properties":{"source":"emodnet_dtm_2024","level":2}},{"type":"Feature","geometry":{"type":"LineString","coordinates":[[-1.98542,47.12792],[-1.98542,47.12792]]},"properties":{"source":"emodnet_dtm_2024","level":2}},{"type":"Feature","geometry":{"type":"LineString","coordinates":[[-1.97708,47.12875],[-1.97708,47.12875]]},"properties":{"source":"emodnet_dtm_2024","level":2}},{"type":"Feature","geometry":{"type":"LineString","coordinates":[[-2.02208,47.14042],[-2.02208,47.14042]]},"properties":{"source":"emodnet_dtm_2024","level":2}},{"type":"Feature","geometry":{"type":"LineString","coordinates":[[-1.84708,47.18958],[-1.84708,47.18958]]},"properties":{"source":"emodnet_dtm_2024","level":2}},{"type":"Feature","geometry":{"type":"LineString","coordinates":[[-1.86042,47.19792],[-1.86042,47.19792]]},"properties":{"source":"emodnet_dtm_2024","level":2}},{"type":"Feature","geometry":{"type":"LineString","coordinates":[[-1.39292,47.21458],[-1.39292,47.21458]]},"properties":{"source":"emodnet_dtm_2024","level":2}},{"type":"Feature","geometry":{"type":"LineString","coordinates":[[-1.86375,47.22292],[-1.86375,47.22292]]},"properties":{"source":"emodnet_dtm_2024","level":2}},{"type":"Feature","geometry":{"type":"LineString","coordinates":[[-1.77625,47.24375],[-1.77625,47.24375]]},"properties":{"source":"emodnet_dtm_2024","level":2}},{"type":"Feature","geometry":{"type":"LineString","coordinates":[[-2.43042,47.25792],[-2.43042,47.25792]]},"properties":{"source":"emodnet_dtm_2024","level":2}},{"type":"Feature","geometry":{"type":"LineString","coordinates":[[-1.86625,47.26292],[-1.86625,47.26292]]},"properties":{"source":"emodnet_dtm_2024","level":2}},{"type":"Feature","geometry":{"type":"LineString","coordinates":[[-1.86542,47.26375],[-1.86542,47.26375]]},"properties":{"source":"emodnet_dtm_2024","level":2}},{"type":"Feature","geometry":{"type":"LineString","coordinates":[[-1.86458,47.26458],[-1.86458,47.26458]]},"properties":{"source":"emodnet_dtm_2024","level":2}},{"type":"Feature","geometry":{"type":"LineString","coordinates":[[-2.19625,47.27708],[-2.19625,47.27708]]},"properties":{"source":"emodnet_dtm_2024","level":2}},{"type":"Feature","geometry":{"type":"LineString","coordinates":[[-1.90125,47.28125],[-1.90125,47.28125]]},"properties":{"source":"emodnet_dtm_2024","level":2}},{"type":"Feature","geometry":{"type":"LineString","coordinates":[[-2.51458,47.28375],[-2.51458,47.28375]]},"properties":{"source":"emodnet_dtm_2024","level":2}},{"type":"Feature","geometry":{"type":"LineString","coordinates":[[-1.94292,47.28542],[-1.94292,47.28542]]},"properties":{"source":"emodnet_dtm_2024","level":2}},{"type":"Feature","geometry":{"type":"LineString","coordinates":[[-2.15625,47.29792],[-2.15625,47.29792]]},"properties":{"source":"emodnet_dtm_2024","level":2}},{"type":"Feature","geometry":{"type":"LineString","coordinates":[[-2.00625,47.30208],[-2.00625,47.30208]]},"properties":{"source":"emodnet_dtm_2024","level":2}},{"type":"Feature","geometry":{"type":"LineString","coordinates":[[-2.11875,47.30542],[-2.11875,47.30542]]},"properties":{"source":"emodnet_dtm_2024","level":2}},{"type":"Feature","geometry":{"type":"LineString","coordinates":[[-2.08542,47.30625],[-2.08542,47.30625]]},"properties":{"source":"emodnet_dtm_2024","level":2}},{"type":"Feature","geometry":{"type":"LineString","coordinates":[[-2.07458,47.30708],[-2.07458,47.30708]]},"properties":{"source":"emodnet_dtm_2024","level":2}},{"type":"Feature","geometry":{"type":"LineString","coordinates":[[-2.50542,47.33958],[-2.50542,47.33958]]},"properties":{"source":"emodnet_dtm_2024","level":2}},{"type":"Feature","geometry":{"type":"LineString","coordinates":[[-2.10625,47.34042],[-2.10625,47.34042]]},"properties":{"source":"emodnet_dtm_2024","level":2}},{"type":"Feature","geometry":{"type":"LineString","coordinates":[[-2.07042,47.35875],[-2.07042,47.35875]]},"properties":{"source":"emodnet_dtm_2024","level":2}},{"type":"Feature","geometry":{"type":"LineString","coordinates":[[-2.06958,47.35958],[-2.06958,47.35958]]},"properties":{"source":"emodnet_dtm_2024","level":2}},{"type":"Feature","geometry":{"type":"LineString","coordinates":[[-2.06875,47.36042],[-2.06875,47.36042]]},"properties":{"source":"emodnet_dtm_2024","level":2}},{"type":"Feature","geometry":{"type":"LineString","coordinates":[[-2.16375,47.36458],[-2.16375,47.36458]]},"properties":{"source":"emodnet_dtm_2024","level":2}},{"type":"Feature","geometry":{"type":"LineString","coordinates":[[-2.20625,47.36875],[-2.20625,47.36875]]},"properties":{"source":"emodnet_dtm_2024","level":2}},{"type":"Feature","geometry":{"type":"LineString","coordinates":[[-2.15542,47.36875],[-2.15542,47.36875]]},"properties":{"source":"emodnet_dtm_2024","level":2}},{"type":"Feature","geometry":{"type":"LineString","coordinates":[[-2.31292,47.36958],[-2.31292,47.36958]]},"properties":{"source":"emodnet_dtm_2024","level":2}},{"type":"Feature","geometry":{"type":"LineString","coordinates":[[-2.31125,47.37042],[-2.31125,47.37042]]},"properties":{"source":"emodnet_dtm_2024","level":2}},{"type":"Feature","geometry":{"type":"LineString","coordinates":[[-2.30625,47.37292],[-2.30625,47.37292]]},"properties":{"source":"emodnet_dtm_2024","level":2}},{"type":"Feature","geometry":{"type":"LineString","coordinates":[[-2.20125,47.37292],[-2.20125,47.37292]]},"properties":{"source":"emodnet_dtm_2024","level":2}},{"type":"Feature","geometry":{"type":"LineString","coordinates":[[-2.30125,47.37375],[-2.30125,47.37375]]},"properties":{"source":"emodnet_dtm_2024","level":2}},{"type":"Feature","geometry":{"type":"LineString","coordinates":[[-2.17625,47.37708],[-2.17625,47.37708]]},"properties":{"source":"emodnet_dtm_2024","level":2}},{"type":"Feature","geometry":{"type":"LineString","coordinates":[[-2.29542,47.37958],[-2.29542,47.37958]]},"properties":{"source":"emodnet_dtm_2024","level":2}},{"type":"Feature","geometry":{"type":"LineString","coordinates":[[-2.29458,47.38042],[-2.29458,47.38042]]},"properties":{"source":"emodnet_dtm_2024","level":2}},{"type":"Feature","geometry":{"type":"LineString","coordinates":[[-2.29375,47.38125],[-2.29375,47.38125]]},"properties":{"source":"emodnet_dtm_2024","level":2}},{"type":"Feature","geometry":{"type":"LineString","coordinates":[[-2.29292,47.38542],[-2.29292,47.38542]]},"properties":{"source":"emodnet_dtm_2024","level":2}},{"type":"Feature","geometry":{"type":"LineString","coordinates":[[-2.18875,47.38958],[-2.18875,47.38958]]},"properties":{"source":"emodnet_dtm_2024","level":2}},{"type":"Feature","geometry":{"type":"LineString","coordinates":[[-2.22292,47.41042],[-2.22292,47.41042]]},"properties":{"source":"emodnet_dtm_2024","level":2}},{"type":"Feature","geometry":{"type":"LineString","coordinates":[[-2.27208,47.41458],[-2.27208,47.41458]]},"properties":{"source":"emodnet_dtm_2024","level":2}},{"type":"Feature","geometry":{"type":"LineString","coordinates":[[-2.18542,47.42292],[-2.18542,47.42292]]},"properties":{"source":"emodnet_dtm_2024","level":2}},{"type":"Feature","geometry":{"type":"LineString","coordinates":[[-2.26792,47.42708],[-2.26792,47.42708]]},"properties":{"source":"emodnet_dtm_2024","level":2}},{"type":"Feature","geometry":{"type":"LineString","coordinates":[[-2.23042,47.42708],[-2.23042,47.42708]]},"properties":{"source":"emodnet_dtm_2024","level":2}},{"type":"Feature","geometry":{"type":"LineString","coordinates":[[-2.21208,47.42958],[-2.21208,47.42958]]},"properties":{"source":"emodnet_dtm_2024","level":2}},{"type":"Feature","geometry":{"type":"LineString","coordinates":[[-2.21125,47.43042],[-2.21125,47.43042]]},"properties":{"source":"emodnet_dtm_2024","level":2}},{"type":"Feature","geometry":{"type":"LineString","coordinates":[[-2.21042,47.43125],[-2.21042,47.43125]]},"properties":{"source":"emodnet_dtm_2024","level":2}},{"type":"Feature","geometry":{"type":"LineString","coordinates":[[-2.23875,47.43542],[-2.23875,47.43542]]},"properties":{"source":"emodnet_dtm_2024","level":2}},{"type":"Feature","geometry":{"type":"LineString","coordinates":[[-2.50458,47.46458],[-2.50458,47.46458]]},"properties":{"source":"emodnet_dtm_2024","level":2}},{"type":"Feature","geometry":{"type":"LineString","coordinates":[[-2.67458,47.49292],[-2.67458,47.49292]]},"properties":{"source":"emodnet_dtm_2024","level":2}},{"type":"Feature","geometry":{"type":"LineString","coordinates":[[-2.41042,47.49792],[-2.41042,47.49792]]},"properties":{"source":"emodnet_dtm_2024","level":2}},{"type":"Feature","geometry":{"type":"LineString","coordinates":[[-2.69708,47.49958],[-2.69708,47.49958]]},"properties":{"source":"emodnet_dtm_2024","level":2}},{"type":"Feature","geometry":{"type":"LineString","coordinates":[[-2.62458,47.52792],[-2.62458,47.52792]]},"properties":{"source":"emodnet_dtm_2024","level":2}},{"type":"Feature","geometry":{"type":"LineString","coordinates":[[-2.94708,47.54875],[-2.94708,47.54875]]},"properties":{"source":"emodnet_dtm_2024","level":2}},{"type":"Feature","geometry":{"type":"LineString","coordinates":[[-2.94625,47.54958],[-2.94625,47.54958]]},"properties":{"source":"emodnet_dtm_2024","level":2}},{"type":"Feature","geometry":{"type":"LineString","coordinates":[[-2.96458,47.55292],[-2.96458,47.55292]]},"properties":{"source":"emodnet_dtm_2024","level":2}},{"type":"Feature","geometry":{"type":"LineString","coordinates":[[-2.87708,47.56208],[-2.87708,47.56208]]},"properties":{"source":"emodnet_dtm_2024","level":2}},{"type":"Feature","geometry":{"type":"LineString","coordinates":[[-3.09375,47.56458],[-3.09375,47.56458]]},"properties":{"source":"emodnet_dtm_2024","level":2}},{"type":"Feature","geometry":{"type":"LineString","coordinates":[[-2.85458,47.56708],[-2.85458,47.56708]]},"properties":{"source":"emodnet_dtm_2024","level":2}},{"type":"Feature","geometry":{"type":"LineString","coordinates":[[-3.06458,47.56875],[-3.06458,47.56875]]},"properties":{"source":"emodnet_dtm_2024","level":2}},{"type":"Feature","geometry":{"type":"LineString","coordinates":[[-2.99125,47.57708],[-2.99125,47.57708]]},"properties":{"source":"emodnet_dtm_2024","level":2}},{"type":"Feature","geometry":{"type":"LineString","coordinates":[[-2.71458,47.59208],[-2.71458,47.59208]]},"properties":{"source":"emodnet_dtm_2024","level":2}},{"type":"Feature","geometry":{"type":"LineString","coordinates":[[-2.71042,47.59625],[-2.71042,47.59625]]},"properties":{"source":"emodnet_dtm_2024","level":2}},{"type":"Feature","geometry":{"type":"LineString","coordinates":[[-2.70625,47.60125],[-2.70625,47.60125]]},"properties":{"source":"emodnet_dtm_2024","level":2}},{"type":"Feature","geometry":{"type":"LineString","coordinates":[[-2.70125,47.60458],[-2.70125,47.60458]]},"properties":{"source":"emodnet_dtm_2024","level":2}},{"type":"Feature","geometry":{"type":"LineString","coordinates":[[-2.69958,47.60542],[-2.69958,47.60542]]},"properties":{"source":"emodnet_dtm_2024","level":2}},{"type":"Feature","geometry":{"type":"LineString","coordinates":[[-2.69792,47.60625],[-2.69792,47.60625]]},"properties":{"source":"emodnet_dtm_2024","level":2}},{"type":"Feature","geometry":{"type":"LineString","coordinates":[[-3.16458,47.61042],[-3.16458,47.61042]]},"properties":{"source":"emodnet_dtm_2024","level":2}},{"type":"Feature","geometry":{"type":"LineString","coordinates":[[-2.70125,47.62708],[-2.70125,47.62708]]},"properties":{"source":"emodnet_dtm_2024","level":2}},{"type":"Feature","geometry":{"type":"LineString","coordinates":[[-3.23875,47.65792],[-3.23875,47.65792]]},"properties":{"source":"emodnet_dtm_2024","level":2}},{"type":"Feature","geometry":{"type":"LineString","coordinates":[[-3.20708,47.65958],[-3.20708,47.65958]]},"properties":{"source":"emodnet_dtm_2024","level":2}},{"type":"Feature","geometry":{"type":"LineString","coordinates":[[-3.21042,47.67292],[-3.21042,47.67292]]},"properties":{"source":"emodnet_dtm_2024","level":2}},{"type":"Feature","geometry":{"type":"LineString","coordinates":[[-3.20208,47.67708],[-3.20208,47.67708]]},"properties":{"source":"emodnet_dtm_2024","level":2}},{"type":"Feature","geometry":{"type":"LineString","coordinates":[[-3.44375,47.69958],[-3.44375,47.69958]]},"properties":{"source":"emodnet_dtm_2024","level":2}},{"type":"Feature","geometry":{"type":"LineString","coordinates":[[-3.17292,47.70292],[-3.17292,47.70292]]},"properties":{"source":"emodnet_dtm_2024","level":2}},{"type":"Feature","geometry":{"type":"LineString","coordinates":[[-3.14375,47.71208],[-3.14375,47.71208]]},"properties":{"source":"emodnet_dtm_2024","level":2}},{"type":"Feature","geometry":{"type":"LineString","coordinates":[[-3.34208,47.74375],[-3.34208,47.74375]]},"properties":{"source":"emodnet_dtm_2024","level":2}},{"type":"Feature","geometry":{"type":"LineString","coordinates":[[-3.14708,47.74792],[-3.14708,47.74792]]},"properties":{"source":"emodnet_dtm_2024","level":2}},{"type":"Feature","geometry":{"type":"LineString","coordinates":[[-3.36958,47.76875],[-3.36958,47.76875]]},"properties":{"source":"emodnet_dtm_2024","level":2}},{"type":"Feature","geometry":{"type":"LineString","coordinates":[[-3.64958,47.78125],[-3.64958,47.78125]]},"properties":{"source":"emodnet_dtm_2024","level":2}},{"type":"Feature","geometry":{"type":"LineString","coordinates":[[-3.79958,47.78458],[-3.79958,47.78458]]},"properties":{"source":"emodnet_dtm_2024","level":2}},{"type":"Feature","geometry":{"type":"LineString","coordinates":[[-3.37792,47.78792],[-3.37792,47.78792]]},"properties":{"source":"emodnet_dtm_2024","level":2}},{"type":"Feature","geometry":{"type":"LineString","coordinates":[[-3.80708,47.78958],[-3.80708,47.78958]]},"properties":{"source":"emodnet_dtm_2024","level":2}},{"type":"Feature","geometry":{"type":"LineString","coordinates":[[-4.29208,47.79125],[-4.29208,47.79125]]},"properties":{"source":"emodnet_dtm_2024","level":2}},{"type":"Feature","geometry":{"type":"LineString","coordinates":[[-4.25792,47.79125],[-4.25792,47.79125]]},"properties":{"source":"emodnet_dtm_2024","level":2}},{"type":"Feature","geometry":{"type":"LineString","coordinates":[[-4.24375,47.79125],[-4.24375,47.79125]]},"properties":{"source":"emodnet_dtm_2024","level":2}},{"type":"Feature","geometry":{"type":"LineString","coordinates":[[-3.38292,47.79542],[-3.38292,47.79542]]},"properties":{"source":"emodnet_dtm_2024","level":2}},{"type":"Feature","geometry":{"type":"LineString","coordinates":[[-4.19208,47.79625],[-4.19208,47.79625]]},"properties":{"source":"emodnet_dtm_2024","level":2}},{"type":"Feature","geometry":{"type":"LineString","coordinates":[[-3.73708,47.80125],[-3.73708,47.80125]]},"properties":{"source":"emodnet_dtm_2024","level":2}},{"type":"Feature","geometry":{"type":"LineString","coordinates":[[-3.28042,47.81042],[-3.28042,47.81042]]},"properties":{"source":"emodnet_dtm_2024","level":2}},{"type":"Feature","geometry":{"type":"LineString","coordinates":[[-1.08958,45.68958],[-1.08958,45.68958]]},"properties":{"source":"emodnet_dtm_2024","level":2}},{"type":"Feature","geometry":{"type":"LineString","coordinates":[[-1.09375,45.69792],[-1.09375,45.69792]]},"properties":{"source":"emodnet_dtm_2024","level":2}},{"type":"Feature","geometry":{"type":"LineString","coordinates":[[-1.11875,45.70208],[-1.11875,45.70208]]},"properties":{"source":"emodnet_dtm_2024","level":2}},{"type":"Feature","geometry":{"type":"LineString","coordinates":[[-1.09792,45.70208],[-1.09792,45.70208]]},"properties":{"source":"emodnet_dtm_2024","level":2}},{"type":"Feature","geometry":{"type":"LineString","coordinates":[[-1.08542,45.70208],[-1.08542,45.70208]]},"properties":{"source":"emodnet_dtm_2024","level":2}},{"type":"Feature","geometry":{"type":"LineString","coordinates":[[-1.00208,45.71292],[-1.00208,45.71292]]},"properties":{"source":"emodnet_dtm_2024","level":2}},{"type":"Feature","geometry":{"type":"LineString","coordinates":[[-0.99542,45.71292],[-0.99542,45.71292]]},"properties":{"source":"emodnet_dtm_2024","level":2}},{"type":"Feature","geometry":{"type":"LineString","coordinates":[[-1.01708,45.71875],[-1.01708,45.71875]]},"properties":{"source":"emodnet_dtm_2024","level":2}},{"type":"Feature","geometry":{"type":"LineString","coordinates":[[-1.04375,45.73958],[-1.04375,45.73958]]},"properties":{"source":"emodnet_dtm_2024","level":2}},{"type":"Feature","geometry":{"type":"LineString","coordinates":[[-1.08708,45.76042],[-1.08708,45.76042]]},"properties":{"source":"emodnet_dtm_2024","level":2}},{"type":"Feature","geometry":{"type":"LineString","coordinates":[[-1.10625,45.78125],[-1.10625,45.78125]]},"properties":{"source":"emodnet_dtm_2024","level":2}},{"type":"Feature","geometry":{"type":"LineString","coordinates":[[-1.11458,45.78542],[-1.11458,45.78542]]},"properties":{"source":"emodnet_dtm_2024","level":2}},{"type":"Feature","geometry":{"type":"LineString","coordinates":[[-1.12125,45.78875],[-1.12125,45.78875]]},"properties":{"source":"emodnet_dtm_2024","level":2}},{"type":"Feature","geometry":{"type":"LineString","coordinates":[[-0.96875,45.81875],[-0.96875,45.81875]]},"properties":{"source":"emodnet_dtm_2024","level":2}},{"type":"Feature","geometry":{"type":"LineString","coordinates":[[-1.00208,45.82292],[-1.00208,45.82292]]},"properties":{"source":"emodnet_dtm_2024","level":2}},{"type":"Feature","geometry":{"type":"LineString","coordinates":[[-1.00208,45.83542],[-1.00208,45.83542]]},"properties":{"source":"emodnet_dtm_2024","level":2}},{"type":"Feature","geometry":{"type":"LineString","coordinates":[[-1.02292,45.84375],[-1.02292,45.84375]]},"properties":{"source":"emodnet_dtm_2024","level":2}},{"type":"Feature","geometry":{"type":"LineString","coordinates":[[-0.99792,45.84375],[-0.99792,45.84375]]},"properties":{"source":"emodnet_dtm_2024","level":2}},{"type":"Feature","geometry":{"type":"LineString","coordinates":[[-1.01875,45.85208],[-1.01875,45.85208]]},"properties":{"source":"emodnet_dtm_2024","level":2}},{"type":"Feature","geometry":{"type":"LineString","coordinates":[[-1.02292,45.85625],[-1.02292,45.85625]]},"properties":{"source":"emodnet_dtm_2024","level":2}},{"type":"Feature","geometry":{"type":"LineString","coordinates":[[-1.01875,45.86458],[-1.01875,45.86458]]},"properties":{"source":"emodnet_dtm_2024","level":2}},{"type":"Feature","geometry":{"type":"LineString","coordinates":[[-1.09375,45.86875],[-1.09375,45.86875]]},"properties":{"source":"emodnet_dtm_2024","level":2}},{"type":"Feature","geometry":{"type":"LineString","coordinates":[[-1.03125,45.87292],[-1.03125,45.87292]]},"properties":{"source":"emodnet_dtm_2024","level":2}},{"type":"Feature","geometry":{"type":"LineString","coordinates":[[-1.08125,45.88125],[-1.08125,45.88125]]},"properties":{"source":"emodnet_dtm_2024","level":2}},{"type":"Feature","geometry":{"type":"LineString","coordinates":[[-1.08542,45.88542],[-1.08542,45.88542]]},"properties":{"source":"emodnet_dtm_2024","level":2}},{"type":"Feature","geometry":{"type":"LineString","coordinates":[[-1.06042,45.88542],[-1.06042,45.88542]]},"properties":{"source":"emodnet_dtm_2024","level":2}},{"type":"Feature","geometry":{"type":"LineString","coordinates":[[-1.06875,45.89375],[-1.06875,45.89375]]},"properties":{"source":"emodnet_dtm_2024","level":2}},{"type":"Feature","geometry":{"type":"LineString","coordinates":[[-1.32625,45.91125],[-1.32625,45.91125]]},"properties":{"source":"emodnet_dtm_2024","level":2}},{"type":"Feature","geometry":{"type":"LineString","coordinates":[[-0.97292,45.91875],[-0.97292,45.91875]]},"properties":{"source":"emodnet_dtm_2024","level":2}},{"type":"Feature","geometry":{"type":"LineString","coordinates":[[-1.34375,46.00208],[-1.34375,46.00208]]},"properties":{"source":"emodnet_dtm_2024","level":2}},{"type":"Feature","geometry":{"type":"LineString","coordinates":[[-1.17958,46.01208],[-1.17958,46.01208]]},"properties":{"source":"emodnet_dtm_2024","level":2}},{"type":"Feature","geometry":{"type":"LineString","coordinates":[[-1.21458,46.14792],[-1.21458,46.14792]]},"properties":{"source":"emodnet_dtm_2024","level":2}},{"type":"Feature","geometry":{"type":"LineString","coordinates":[[-1.22125,46.17292],[-1.22125,46.17292]]},"properties":{"source":"emodnet_dtm_2024","level":2}},{"type":"Feature","geometry":{"type":"LineString","coordinates":[[-1.48958,46.20625],[-1.48958,46.20625]]},"properties":{"source":"emodnet_dtm_2024","level":2}},{"type":"Feature","geometry":{"type":"LineString","coordinates":[[-1.49375,46.20792],[-1.49375,46.20792]]},"properties":{"source":"emodnet_dtm_2024","level":2}},{"type":"Feature","geometry":{"type":"LineString","coordinates":[[-1.49375,46.21042],[-1.49375,46.21042]]},"properties":{"source":"emodnet_dtm_2024","level":2}},{"type":"Feature","geometry":{"type":"LineString","coordinates":[[-1.50625,46.21458],[-1.50625,46.21458]]},"properties":{"source":"emodnet_dtm_2024","level":2}},{"type":"Feature","geometry":{"type":"LineString","coordinates":[[-1.51042,46.21875],[-1.51042,46.21875]]},"properties":{"source":"emodnet_dtm_2024","level":2}},{"type":"Feature","geometry":{"type":"LineString","coordinates":[[-1.51125,46.21958],[-1.51125,46.21958]]},"properties":{"source":"emodnet_dtm_2024","level":2}},{"type":"Feature","geometry":{"type":"LineString","coordinates":[[-1.51208,46.22042],[-1.51208,46.22042]]},"properties":{"source":"emodnet_dtm_2024","level":2}},{"type":"Feature","geometry":{"type":"LineString","coordinates":[[-1.51292,46.22125],[-1.51292,46.22125]]},"properties":{"source":"emodnet_dtm_2024","level":2}},{"type":"Feature","geometry":{"type":"LineString","coordinates":[[-1.51375,46.22208],[-1.51375,46.22208]]},"properties":{"source":"emodnet_dtm_2024","level":2}},{"type":"Feature","geometry":{"type":"LineString","coordinates":[[-1.52708,46.22708],[-1.52708,46.22708]]},"properties":{"source":"emodnet_dtm_2024","level":2}},{"type":"Feature","geometry":{"type":"LineString","coordinates":[[-1.50625,46.23125],[-1.50625,46.23125]]},"properties":{"source":"emodnet_dtm_2024","level":2}},{"type":"Feature","geometry":{"type":"LineString","coordinates":[[-1.52708,46.23542],[-1.52708,46.23542]]},"properties":{"source":"emodnet_dtm_2024","level":2}},{"type":"Feature","geometry":{"type":"LineString","coordinates":[[-1.51042,46.23542],[-1.51042,46.23542]]},"properties":{"source":"emodnet_dtm_2024","level":2}},{"type":"Feature","geometry":{"type":"LineString","coordinates":[[-1.48958,46.23958],[-1.48958,46.23958]]},"properties":{"source":"emodnet_dtm_2024","level":2}},{"type":"Feature","geometry":{"type":"LineString","coordinates":[[-1.55208,46.24375],[-1.55208,46.24375]]},"properties":{"source":"emodnet_dtm_2024","level":2}},{"type":"Feature","geometry":{"type":"LineString","coordinates":[[-1.20625,46.28542],[-1.20625,46.28542]]},"properties":{"source":"emodnet_dtm_2024","level":2}},{"type":"Feature","geometry":{"type":"LineString","coordinates":[[-1.31458,46.30792],[-1.31458,46.30792]]},"properties":{"source":"emodnet_dtm_2024","level":2}},{"type":"Feature","geometry":{"type":"LineString","coordinates":[[-1.28542,46.31292],[-1.28542,46.31292]]},"properties":{"source":"emodnet_dtm_2024","level":2}},{"type":"Feature","geometry":{"type":"LineString","coordinates":[[-1.31875,46.31875],[-1.31875,46.31875]]},"properties":{"source":"emodnet_dtm_2024","level":2}},{"type":"Feature","geometry":{"type":"LineString","coordinates":[[-1.27292,46.31875],[-1.27292,46.31875]]},"properties":{"source":"emodnet_dtm_2024","level":2}},{"type":"Feature","geometry":{"type":"LineString","coordinates":[[-1.32292,46.32292],[-1.32292,46.32292]]},"properties":{"source":"emodnet_dtm_2024","level":2}},{"type":"Feature","geometry":{"type":"LineString","coordinates":[[-1.10208,46.32292],[-1.10208,46.32292]]},"properties":{"source":"emodnet_dtm_2024","level":2}},{"type":"Feature","geometry":{"type":"LineString","coordinates":[[-1.30208,46.32708],[-1.30208,46.32708]]},"properties":{"source":"emodnet_dtm_2024","level":2}},{"type":"Feature","geometry":{"type":"LineString","coordinates":[[-1.12292,46.32708],[-1.12292,46.32708]]},"properties":{"source":"emodnet_dtm_2024","level":2}},{"type":"Feature","geometry":{"type":"LineString","coordinates":[[-1.09375,46.32708],[-1.09375,46.32708]]},"properties":{"source":"emodnet_dtm_2024","level":2}},{"type":"Feature","geometry":{"type":"LineString","coordinates":[[-1.31042,46.33125],[-1.31042,46.33125]]},"properties":{"source":"emodnet_dtm_2024","level":2}},{"type":"Feature","geometry":{"type":"LineString","coordinates":[[-1.12708,46.33125],[-1.12708,46.33125]]},"properties":{"source":"emodnet_dtm_2024","level":2}},{"type":"Feature","geometry":{"type":"LineString","coordinates":[[-1.10208,46.33125],[-1.10208,46.33125]]},"properties":{"source":"emodnet_dtm_2024","level":2}},{"type":"Feature","geometry":{"type":"LineString","coordinates":[[-1.31208,46.33208],[-1.31208,46.33208]]},"properties":{"source":"emodnet_dtm_2024","level":2}},{"type":"Feature","geometry":{"type":"LineString","coordinates":[[-1.25208,46.33542],[-1.25208,46.33542]]},"properties":{"source":"emodnet_dtm_2024","level":2}},{"type":"Feature","geometry":{"type":"LineString","coordinates":[[-1.10625,46.33542],[-1.10625,46.33542]]},"properties":{"source":"emodnet_dtm_2024","level":2}},{"type":"Feature","geometry":{"type":"LineString","coordinates":[[-1.12708,46.33958],[-1.12708,46.33958]]},"properties":{"source":"emodnet_dtm_2024","level":2}},{"type":"Feature","geometry":{"type":"LineString","coordinates":[[-1.00208,46.33958],[-1.00208,46.33958]]},"properties":{"source":"emodnet_dtm_2024","level":2}},{"type":"Feature","geometry":{"type":"LineString","coordinates":[[-1.37458,46.34375],[-1.37458,46.34375]]},"properties":{"source":"emodnet_dtm_2024","level":2}},{"type":"Feature","geometry":{"type":"LineString","coordinates":[[-1.19375,46.34375],[-1.19375,46.34375]]},"properties":{"source":"emodnet_dtm_2024","level":2}},{"type":"Feature","geometry":{"type":"LineString","coordinates":[[-1.14792,46.34375],[-1.14792,46.34375]]},"properties":{"source":"emodnet_dtm_2024","level":2}},{"type":"Feature","geometry":{"type":"LineString","coordinates":[[-1.09375,46.34375],[-1.09375,46.34375]]},"properties":{"source":"emodnet_dtm_2024","level":2}},{"type":"Feature","geometry":{"type":"LineString","coordinates":[[-1.00625,46.34375],[-1.00625,46.34375]]},"properties":{"source":"emodnet_dtm_2024","level":2}},{"type":"Feature","geometry":{"type":"LineString","coordinates":[[-0.98958,46.34375],[-0.98958,46.34375]]},"properties":{"source":"emodnet_dtm_2024","level":2}},{"type":"Feature","geometry":{"type":"LineString","coordinates":[[-1.21458,46.34792],[-1.21458,46.34792]]},"properties":{"source":"emodnet_dtm_2024","level":2}},{"type":"Feature","geometry":{"type":"LineString","coordinates":[[-1.16875,46.34792],[-1.16875,46.34792]]},"properties":{"source":"emodnet_dtm_2024","level":2}},{"type":"Feature","geometry":{"type":"LineString","coordinates":[[-1.13958,46.34792],[-1.13958,46.34792]]},"properties":{"source":"emodnet_dtm_2024","level":2}},{"type":"Feature","geometry":{"type":"LineString","coordinates":[[-1.11875,46.34792],[-1.11875,46.34792]]},"properties":{"source":"emodnet_dtm_2024","level":2}},{"type":"Feature","geometry":{"type":"LineString","coordinates":[[-1.09792,46.34792],[-1.09792,46.34792]]},"properties":{"source":"emodnet_dtm_2024","level":2}},{"type":"Feature","geometry":{"type":"LineString","coordinates":[[-0.97708,46.34792],[-0.97708,46.34792]]},"properties":{"source":"emodnet_dtm_2024","level":2}},{"type":"Feature","geometry":{"type":"LineString","coordinates":[[-1.18125,46.35208],[-1.18125,46.35208]]},"properties":{"source":"emodnet_dtm_2024","level":2}},{"type":"Feature","geometry":{"type":"LineString","coordinates":[[-1.07708,46.35208],[-1.07708,46.35208]]},"properties":{"source":"emodnet_dtm_2024","level":2}},{"type":"Feature","geometry":{"type":"LineString","coordinates":[[-1.01458,46.35208],[-1.01458,46.35208]]},"properties":{"source":"emodnet_dtm_2024","level":2}},{"type":"Feature","geometry":{"type":"LineString","coordinates":[[-1.06875,46.35625],[-1.06875,46.35625]]},"properties":{"source":"emodnet_dtm_2024","level":2}},{"type":"Feature","geometry":{"type":"LineString","coordinates":[[-0.98125,46.35625],[-0.98125,46.35625]]},"properties":{"source":"emodnet_dtm_2024","level":2}},{"type":"Feature","geometry":{"type":"LineString","coordinates":[[-1.26042,46.36042],[-1.26042,46.36042]]},"properties":{"source":"emodnet_dtm_2024","level":2}},{"type":"Feature","geometry":{"type":"LineString","coordinates":[[-1.14375,46.36042],[-1.14375,46.36042]]},"properties":{"source":"emodnet_dtm_2024","level":2}},{"type":"Feature","geometry":{"type":"LineString","coordinates":[[-1.08542,46.36042],[-1.08542,46.36042]]},"properties":{"source":"emodnet_dtm_2024","level":2}},{"type":"Feature","geometry":{"type":"LineString","coordinates":[[-1.05208,46.36042],[-1.05208,46.36042]]},"properties":{"source":"emodnet_dtm_2024","level":2}},{"type":"Feature","geometry":{"type":"LineString","coordinates":[[-1.03125,46.36042],[-1.03125,46.36042]]},"properties":{"source":"emodnet_dtm_2024","level":2}},{"type":"Feature","geometry":{"type":"LineString","coordinates":[[-1.25625,46.36458],[-1.25625,46.36458]]},"properties":{"source":"emodnet_dtm_2024","level":2}},{"type":"Feature","geometry":{"type":"LineString","coordinates":[[-1.15208,46.36458],[-1.15208,46.36458]]},"properties":{"source":"emodnet_dtm_2024","level":2}},{"type":"Feature","geometry":{"type":"LineString","coordinates":[[-1.04375,46.36458],[-1.04375,46.36458]]},"properties":{"source":"emodnet_dtm_2024","level":2}},{"type":"Feature","geometry":{"type":"LineString","coordinates":[[-1.42708,46.36875],[-1.42708,46.36875]]},"properties":{"source":"emodnet_dtm_2024","level":2}},{"type":"Feature","geometry":{"type":"LineString","coordinates":[[-1.13542,46.36875],[-1.13542,46.36875]]},"properties":{"source":"emodnet_dtm_2024","level":2}},{"type":"Feature","geometry":{"type":"LineString","coordinates":[[-1.08542,46.36875],[-1.08542,46.36875]]},"properties":{"source":"emodnet_dtm_2024","level":2}},{"type":"Feature","geometry":{"type":"LineString","coordinates":[[-1.06875,46.36875],[-1.06875,46.36875]]},"properties":{"source":"emodnet_dtm_2024","level":2}},{"type":"Feature","geometry":{"type":"LineString","coordinates":[[-1.04792,46.36875],[-1.04792,46.36875]]},"properties":{"source":"emodnet_dtm_2024","level":2}},{"type":"Feature","geometry":{"type":"LineString","coordinates":[[-1.22292,46.37708],[-1.22292,46.37708]]},"properties":{"source":"emodnet_dtm_2024","level":2}},{"type":"Feature","geometry":{"type":"LineString","coordinates":[[-1.21042,46.38125],[-1.21042,46.38125]]},"properties":{"source":"emodnet_dtm_2024","level":2}},{"type":"Feature","geometry":{"type":"LineString","coordinates":[[-1.04375,46.38125],[-1.04375,46.38125]]},"properties":{"source":"emodnet_dtm_2024","level":2}},{"type":"Feature","geometry":{"type":"LineString","coordinates":[[-1.21875,46.38542],[-1.21875,46.38542]]},"properties":{"source":"emodnet_dtm_2024","level":2}},{"type":"Feature","geometry":{"type":"LineString","coordinates":[[-1.20208,46.38542],[-1.20208,46.38542]]},"properties":{"source":"emodnet_dtm_2024","level":2}},{"type":"Feature","geometry":{"type":"LineString","coordinates":[[-1.07708,46.38958],[-1.07708,46.38958]]},"properties":{"source":"emodnet_dtm_2024","level":2}},{"type":"Feature","geometry":{"type":"LineString","coordinates":[[-1.05208,46.38958],[-1.05208,46.38958]]},"properties":{"source":"emodnet_dtm_2024","level":2}},{"type":"Feature","geometry":{"type":"LineString","coordinates":[[-1.02708,46.38958],[-1.02708,46.38958]]},"properties":{"source":"emodnet_dtm_2024","level":2}},{"type":"Feature","geometry":{"type":"LineString","coordinates":[[-1.49792,46.39042],[-1.49792,46.39042]]},"properties":{"source":"emodnet_dtm_2024","level":2}},{"type":"Feature","geometry":{"type":"LineString","coordinates":[[-1.50042,46.39375],[-1.50042,46.39375]]},"properties":{"source":"emodnet_dtm_2024","level":2}},{"type":"Feature","geometry":{"type":"LineString","coordinates":[[-1.06875,46.39375],[-1.06875,46.39375]]},"properties":{"source":"emodnet_dtm_2024","level":2}},{"type":"Feature","geometry":{"type":"LineString","coordinates":[[-1.03125,46.39375],[-1.03125,46.39375]]},"properties":{"source":"emodnet_dtm_2024","level":2}},{"type":"Feature","geometry":{"type":"LineString","coordinates":[[-1.50208,46.39542],[-1.50208,46.39542]]},"properties":{"source":"emodnet_dtm_2024","level":2}},{"type":"Feature","geometry":{"type":"LineString","coordinates":[[-1.07292,46.39792],[-1.07292,46.39792]]},"properties":{"source":"emodnet_dtm_2024","level":2}},{"type":"Feature","geometry":{"type":"LineString","coordinates":[[-1.03542,46.39792],[-1.03542,46.39792]]},"properties":{"source":"emodnet_dtm_2024","level":2}},{"type":"Feature","geometry":{"type":"LineString","coordinates":[[-1.03958,46.41042],[-1.03958,46.41042]]},"properties":{"source":"emodnet_dtm_2024","level":2}},{"type":"Feature","geometry":{"type":"LineString","coordinates":[[-1.23125,46.41458],[-1.23125,46.41458]]},"properties":{"source":"emodnet_dtm_2024","level":2}},{"type":"Feature","geometry":{"type":"LineString","coordinates":[[-1.01875,46.41458],[-1.01875,46.41458]]},"properties":{"source":"emodnet_dtm_2024","level":2}},{"type":"Feature","geometry":{"type":"LineString","coordinates":[[-1.63708,46.41792],[-1.63708,46.41792]]},"properties":{"source":"emodnet_dtm_2024","level":2}},{"type":"Feature","geometry":{"type":"LineString","coordinates":[[-1.04375,46.41875],[-1.04375,46.41875]]},"properties":{"source":"emodnet_dtm_2024","level":2}},{"type":"Feature","geometry":{"type":"LineString","coordinates":[[-1.18125,46.42708],[-1.18125,46.42708]]},"properties":{"source":"emodnet_dtm_2024","level":2}},{"type":"Feature","geometry":{"type":"LineString","coordinates":[[-1.04792,46.43125],[-1.04792,46.43125]]},"properties":{"source":"emodnet_dtm_2024","level":2}},{"type":"Feature","geometry":{"type":"LineString","coordinates":[[-1.74375,46.46958],[-1.74375,46.46958]]},"properties":{"source":"emodnet_dtm_2024","level":2}},{"type":"Feature","geometry":{"type":"LineString","coordinates":[[-1.79375,46.51042],[-1.79375,46.51042]]},"properties":{"source":"emodnet_dtm_2024","level":2}},{"type":"Feature","geometry":{"type":"LineString","coordinates":[[-1.77708,46.54792],[-1.77708,46.54792]]},"properties":{"source":"emodnet_dtm_2024","level":2}},{"type":"Feature","geometry":{"type":"LineString","coordinates":[[-1.78958,46.56042],[-1.78958,46.56042]]},"properties":{"source":"emodnet_dtm_2024","level":2}},{"type":"Feature","geometry":{"type":"LineString","coordinates":[[-2.30458,46.69375],[-2.30458,46.69375]]},"properties":{"source":"emodnet_dtm_2024","level":2}},{"type":"Feature","geometry":{"type":"LineString","coordinates":[[-2.39208,46.70958],[-2.39208,46.70958]]},"properties":{"source":"emodnet_dtm_2024","level":2}},{"type":"Feature","geometry":{"type":"LineString","coordinates":[[-1.90625,46.72708],[-1.90625,46.72708]]},"properties":{"source":"emodnet_dtm_2024","level":2}},{"type":"Feature","geometry":{"type":"LineString","coordinates":[[-1.90208,46.73125],[-1.90208,46.73125]]},"properties":{"source":"emodnet_dtm_2024","level":2}},{"type":"Feature","geometry":{"type":"LineString","coordinates":[[-1.99792,46.73208],[-1.99792,46.73208]]},"properties":{"source":"emodnet_dtm_2024","level":2}},{"type":"Feature","geometry":{"type":"LineString","coordinates":[[-1.95625,46.73542],[-1.95625,46.73542]]},"properties":{"source":"emodnet_dtm_2024","level":2}},{"type":"Feature","geometry":{"type":"LineString","coordinates":[[-2.01042,46.74042],[-2.01042,46.74042]]},"properties":{"source":"emodnet_dtm_2024","level":2}},{"type":"Feature","geometry":{"type":"LineString","coordinates":[[-1.88125,46.74375],[-1.88125,46.74375]]},"properties":{"source":"emodnet_dtm_2024","level":2}},{"type":"Feature","geometry":{"type":"LineString","coordinates":[[-1.96042,46.75208],[-1.96042,46.75208]]},"properties":{"source":"emodnet_dtm_2024","level":2}},{"type":"Feature","geometry":{"type":"LineString","coordinates":[[-1.99375,46.75625],[-1.99375,46.75625]]},"properties":{"source":"emodnet_dtm_2024","level":2}},{"type":"Feature","geometry":{"type":"LineString","coordinates":[[-1.90208,46.76042],[-1.90208,46.76042]]},"properties":{"source":"emodnet_dtm_2024","level":2}},{"type":"Feature","geometry":{"type":"LineString","coordinates":[[-1.96875,46.76458],[-1.96875,46.76458]]},"properties":{"source":"emodnet_dtm_2024","level":2}},{"type":"Feature","geometry":{"type":"LineString","coordinates":[[-1.97708,46.77292],[-1.97708,46.77292]]},"properties":{"source":"emodnet_dtm_2024","level":2}},{"type":"Feature","geometry":{"type":"LineString","coordinates":[[-1.98125,46.77708],[-1.98125,46.77708]]},"properties":{"source":"emodnet_dtm_2024","level":2}},{"type":"Feature","geometry":{"type":"LineString","coordinates":[[-1.90208,46.78958],[-1.90208,46.78958]]},"properties":{"source":"emodnet_dtm_2024","level":2}},{"type":"Feature","geometry":{"type":"LineString","coordinates":[[-2.01042,46.79375],[-2.01042,46.79375]]},"properties":{"source":"emodnet_dtm_2024","level":2}},{"type":"Feature","geometry":{"type":"LineString","coordinates":[[-1.91042,46.79375],[-1.91042,46.79375]]},"properties":{"source":"emodnet_dtm_2024","level":2}},{"type":"Feature","geometry":{"type":"LineString","coordinates":[[-1.96042,46.79792],[-1.96042,46.79792]]},"properties":{"source":"emodnet_dtm_2024","level":2}},{"type":"Feature","geometry":{"type":"LineString","coordinates":[[-1.91875,46.79792],[-1.91875,46.79792]]},"properties":{"source":"emodnet_dtm_2024","level":2}},{"type":"Feature","geometry":{"type":"LineString","coordinates":[[-1.96875,46.80208],[-1.96875,46.80208]]},"properties":{"source":"emodnet_dtm_2024","level":2}},{"type":"Feature","geometry":{"type":"LineString","coordinates":[[-1.93125,46.80208],[-1.93125,46.80208]]},"properties":{"source":"emodnet_dtm_2024","level":2}},{"type":"Feature","geometry":{"type":"LineString","coordinates":[[-2.06875,46.80625],[-2.06875,46.80625]]},"properties":{"source":"emodnet_dtm_2024","level":2}},{"type":"Feature","geometry":{"type":"LineString","coordinates":[[-2.04792,46.80625],[-2.04792,46.80625]]},"properties":{"source":"emodnet_dtm_2024","level":2}},{"type":"Feature","geometry":{"type":"LineString","coordinates":[[-2.06458,46.81042],[-2.06458,46.81042]]},"properties":{"source":"emodnet_dtm_2024","level":2}},{"type":"Feature","geometry":{"type":"LineString","coordinates":[[-1.99375,46.81042],[-1.99375,46.81042]]},"properties":{"source":"emodnet_dtm_2024","level":2}},{"type":"Feature","geometry":{"type":"LineString","coordinates":[[-1.92708,46.81042],[-1.92708,46.81042]]},"properties":{"source":"emodnet_dtm_2024","level":2}},{"type":"Feature","geometry":{"type":"LineString","coordinates":[[-2.03125,46.81458],[-2.03125,46.81458]]},"properties":{"source":"emodnet_dtm_2024","level":2}},{"type":"Feature","geometry":{"type":"LineString","coordinates":[[-2.04792,46.81875],[-2.04792,46.81875]]},"properties":{"source":"emodnet_dtm_2024","level":2}},{"type":"Feature","geometry":{"type":"LineString","coordinates":[[-1.99792,46.82292],[-1.99792,46.82292]]},"properties":{"source":"emodnet_dtm_2024","level":2}},{"type":"Feature","geometry":{"type":"LineString","coordinates":[[-1.95625,46.82292],[-1.95625,46.82292]]},"properties":{"source":"emodnet_dtm_2024","level":2}},{"type":"Feature","geometry":{"type":"LineString","coordinates":[[-1.91458,46.82292],[-1.91458,46.82292]]},"properties":{"source":"emodnet_dtm_2024","level":2}},{"type":"Feature","geometry":{"type":"LineString","coordinates":[[-1.92292,46.82708],[-1.92292,46.82708]]},"properties":{"source":"emodnet_dtm_2024","level":2}},{"type":"Feature","geometry":{"type":"LineString","coordinates":[[-1.91042,46.82708],[-1.91042,46.82708]]},"properties":{"source":"emodnet_dtm_2024","level":2}},{"type":"Feature","geometry":{"type":"LineString","coordinates":[[-2.00208,46.83125],[-2.00208,46.83125]]},"properties":{"source":"emodnet_dtm_2024","level":2}},{"type":"Feature","geometry":{"type":"LineString","coordinates":[[-1.94375,46.83125],[-1.94375,46.83125]]},"properties":{"source":"emodnet_dtm_2024","level":2}},{"type":"Feature","geometry":{"type":"LineString","coordinates":[[-1.91875,46.83125],[-1.91875,46.83125]]},"properties":{"source":"emodnet_dtm_2024","level":2}},{"type":"Feature","geometry":{"type":"LineString","coordinates":[[-2.00625,46.83542],[-2.00625,46.83542]]},"properties":{"source":"emodnet_dtm_2024","level":2}},{"type":"Feature","geometry":{"type":"LineString","coordinates":[[-1.97292,46.84375],[-1.97292,46.84375]]},"properties":{"source":"emodnet_dtm_2024","level":2}},{"type":"Feature","geometry":{"type":"LineString","coordinates":[[-1.90458,46.84458],[-1.90458,46.84458]]},"properties":{"source":"emodnet_dtm_2024","level":2}},{"type":"Feature","geometry":{"type":"LineString","coordinates":[[-1.90542,46.84625],[-1.90542,46.84625]]},"properties":{"source":"emodnet_dtm_2024","level":2}},{"type":"Feature","geometry":{"type":"LineString","coordinates":[[-1.90625,46.84792],[-1.90625,46.84792]]},"properties":{"source":"emodnet_dtm_2024","level":2}},{"type":"Feature","geometry":{"type":"LineString","coordinates":[[-1.94375,46.85208],[-1.94375,46.85208]]},"properties":{"source":"emodnet_dtm_2024","level":2}},{"type":"Feature","geometry":{"type":"LineString","coordinates":[[-1.92292,46.85208],[-1.92292,46.85208]]},"properties":{"source":"emodnet_dtm_2024","level":2}},{"type":"Feature","geometry":{"type":"LineString","coordinates":[[-1.92375,46.85292],[-1.92375,46.85292]]},"properties":{"source":"emodnet_dtm_2024","level":2}},{"type":"Feature","geometry":{"type":"LineString","coordinates":[[-1.92458,46.85375],[-1.92458,46.85375]]},"properties":{"source":"emodnet_dtm_2024","level":2}},{"type":"Feature","geometry":{"type":"LineString","coordinates":[[-1.92542,46.85458],[-1.92542,46.85458]]},"properties":{"source":"emodnet_dtm_2024","level":2}},{"type":"Feature","geometry":{"type":"LineString","coordinates":[[-1.92625,46.85542],[-1.92625,46.85542]]},"properties":{"source":"emodnet_dtm_2024","level":2}},{"type":"Feature","geometry":{"type":"LineString","coordinates":[[-1.97708,46.85625],[-1.97708,46.85625]]},"properties":{"source":"emodnet_dtm_2024","level":2}},{"type":"Feature","geometry":{"type":"LineString","coordinates":[[-1.92708,46.85625],[-1.92708,46.85625]]},"properties":{"source":"emodnet_dtm_2024","level":2}},{"type":"Feature","geometry":{"type":"LineString","coordinates":[[-1.93542,46.86125],[-1.93542,46.86125]]},"properties":{"source":"emodnet_dtm_2024","level":2}},{"type":"Feature","geometry":{"type":"LineString","coordinates":[[-1.98542,46.86458],[-1.98542,46.86458]]},"properties":{"source":"emodnet_dtm_2024","level":2}},{"type":"Feature","geometry":{"type":"LineString","coordinates":[[-1.96042,46.86458],[-1.96042,46.86458]]},"properties":{"source":"emodnet_dtm_2024","level":2}},{"type":"Feature","geometry":{"type":"LineString","coordinates":[[-2.01875,46.86875],[-2.01875,46.86875]]},"properties":{"source":"emodnet_dtm_2024","level":2}},{"type":"Feature","geometry":{"type":"LineString","coordinates":[[-1.99375,46.86875],[-1.99375,46.86875]]},"properties":{"source":"emodnet_dtm_2024","level":2}},{"type":"Feature","geometry":{"type":"LineString","coordinates":[[-2.02292,46.87292],[-2.02292,46.87292]]},"properties":{"source":"emodnet_dtm_2024","level":2}},{"type":"Feature","geometry":{"type":"LineString","coordinates":[[-2.00208,46.87292],[-2.00208,46.87292]]},"properties":{"source":"emodnet_dtm_2024","level":2}},{"type":"Feature","geometry":{"type":"LineString","coordinates":[[-2.10625,46.87708],[-2.10625,46.87708]]},"properties":{"source":"emodnet_dtm_2024","level":2}},{"type":"Feature","geometry":{"type":"LineString","coordinates":[[-2.08542,46.87708],[-2.08542,46.87708]]},"properties":{"source":"emodnet_dtm_2024","level":2}},{"type":"Feature","geometry":{"type":"LineString","coordinates":[[-2.06042,46.87708],[-2.06042,46.87708]]},"properties":{"source":"emodnet_dtm_2024","level":2}},{"type":"Feature","geometry":{"type":"LineString","coordinates":[[-2.03542,46.87708],[-2.03542,46.87708]]},"properties":{"source":"emodnet_dtm_2024","level":2}},{"type":"Feature","geometry":{"type":"LineString","coordinates":[[-2.03958,46.88125],[-2.03958,46.88125]]},"properties":{"source":"emodnet_dtm_2024","level":2}},{"type":"Feature","geometry":{"type":"LineString","coordinates":[[-2.08125,46.88542],[-2.08125,46.88542]]},"properties":{"source":"emodnet_dtm_2024","level":2}},{"type":"Feature","geometry":{"type":"LineString","coordinates":[[-2.04792,46.88958],[-2.04792,46.88958]]},"properties":{"source":"emodnet_dtm_2024","level":2}},{"type":"Feature","geometry":{"type":"LineString","coordinates":[[-2.03125,46.88958],[-2.03125,46.88958]]},"properties":{"source":"emodnet_dtm_2024","level":2}},{"type":"Feature","geometry":{"type":"LineString","coordinates":[[-2.05208,46.89375],[-2.05208,46.89375]]},"properties":{"source":"emodnet_dtm_2024","level":2}},{"type":"Feature","geometry":{"type":"LineString","coordinates":[[-2.01458,46.89792],[-2.01458,46.89792]]},"properties":{"source":"emodnet_dtm_2024","level":2}},{"type":"Feature","geometry":{"type":"LineString","coordinates":[[-2.09792,46.90625],[-2.09792,46.90625]]},"properties":{"source":"emodnet_dtm_2024","level":2}},{"type":"Feature","geometry":{"type":"LineString","coordinates":[[-2.10208,46.91042],[-2.10208,46.91042]]},"properties":{"source":"emodnet_dtm_2024","level":2}},{"type":"Feature","geometry":{"type":"LineString","coordinates":[[-1.91458,46.93542],[-1.91458,46.93542]]},"properties":{"source":"emodnet_dtm_2024","level":2}},{"type":"Feature","geometry":{"type":"LineString","coordinates":[[-1.90208,46.93958],[-1.90208,46.93958]]},"properties":{"source":"emodnet_dtm_2024","level":2}},{"type":"Feature","geometry":{"type":"LineString","coordinates":[[-1.94375,46.94375],[-1.94375,46.94375]]},"properties":{"source":"emodnet_dtm_2024","level":2}},{"type":"Feature","geometry":{"type":"LineString","coordinates":[[-1.91875,46.94375],[-1.91875,46.94375]]},"properties":{"source":"emodnet_dtm_2024","level":2}},{"type":"Feature","geometry":{"type":"LineString","coordinates":[[-1.90625,46.94375],[-1.90625,46.94375]]},"properties":{"source":"emodnet_dtm_2024","level":2}},{"type":"Feature","geometry":{"type":"LineString","coordinates":[[-2.05625,46.94792],[-2.05625,46.94792]]},"properties":{"source":"emodnet_dtm_2024","level":2}},{"type":"Feature","geometry":{"type":"LineString","coordinates":[[-1.92708,46.94792],[-1.92708,46.94792]]},"properties":{"source":"emodnet_dtm_2024","level":2}},{"type":"Feature","geometry":{"type":"LineString","coordinates":[[-1.91042,46.94792],[-1.91042,46.94792]]},"properties":{"source":"emodnet_dtm_2024","level":2}},{"type":"Feature","geometry":{"type":"LineString","coordinates":[[-1.90625,46.95208],[-1.90625,46.95208]]},"properties":{"source":"emodnet_dtm_2024","level":2}},{"type":"Feature","geometry":{"type":"LineString","coordinates":[[-1.87292,46.95625],[-1.87292,46.95625]]},"properties":{"source":"emodnet_dtm_2024","level":2}},{"type":"Feature","geometry":{"type":"LineString","coordinates":[[-2.19375,46.96042],[-2.19375,46.96042]]},"properties":{"source":"emodnet_dtm_2024","level":2}},{"type":"Feature","geometry":{"type":"LineString","coordinates":[[-2.04375,46.96042],[-2.04375,46.96042]]},"properties":{"source":"emodnet_dtm_2024","level":2}},{"type":"Feature","geometry":{"type":"LineString","coordinates":[[-1.93958,46.96042],[-1.93958,46.96042]]},"properties":{"source":"emodnet_dtm_2024","level":2}},{"type":"Feature","geometry":{"type":"LineString","coordinates":[[-1.90625,46.96042],[-1.90625,46.96042]]},"properties":{"source":"emodnet_dtm_2024","level":2}},{"type":"Feature","geometry":{"type":"LineString","coordinates":[[-2.20208,46.96458],[-2.20208,46.96458]]},"properties":{"source":"emodnet_dtm_2024","level":2}},{"type":"Feature","geometry":{"type":"LineString","coordinates":[[-1.89792,46.96458],[-1.89792,46.96458]]},"properties":{"source":"emodnet_dtm_2024","level":2}},{"type":"Feature","geometry":{"type":"LineString","coordinates":[[-2.20625,46.96875],[-2.20625,46.96875]]},"properties":{"source":"emodnet_dtm_2024","level":2}},{"type":"Feature","geometry":{"type":"LineString","coordinates":[[-1.85208,46.96875],[-1.85208,46.96875]]},"properties":{"source":"emodnet_dtm_2024","level":2}},{"type":"Feature","geometry":{"type":"LineString","coordinates":[[-2.21875,46.97292],[-2.21875,46.97292]]},"properties":{"source":"emodnet_dtm_2024","level":2}},{"type":"Feature","geometry":{"type":"LineString","coordinates":[[-1.97708,46.97292],[-1.97708,46.97292]]},"properties":{"source":"emodnet_dtm_2024","level":2}},{"type":"Feature","geometry":{"type":"LineString","coordinates":[[-1.83542,46.97292],[-1.83542,46.97292]]},"properties":{"source":"emodnet_dtm_2024","level":2}},{"type":"Feature","geometry":{"type":"LineString","coordinates":[[-1.87292,46.97708],[-1.87292,46.97708]]},"properties":{"source":"emodnet_dtm_2024","level":2}},{"type":"Feature","geometry":{"type":"LineString","coordinates":[[-2.24792,46.98125],[-2.24792,46.98125]]},"properties":{"source":"emodnet_dtm_2024","level":2}},{"type":"Feature","geometry":{"type":"LineString","coordinates":[[-2.01042,46.98125],[-2.01042,46.98125]]},"properties":{"source":"emodnet_dtm_2024","level":2}},{"type":"Feature","geometry":{"type":"LineString","coordinates":[[-1.94375,46.98125],[-1.94375,46.98125]]},"properties":{"source":"emodnet_dtm_2024","level":2}},{"type":"Feature","geometry":{"type":"LineString","coordinates":[[-1.88542,46.98125],[-1.88542,46.98125]]},"properties":{"source":"emodnet_dtm_2024","level":2}},{"type":"Feature","geometry":{"type":"LineString","coordinates":[[-1.86042,46.98125],[-1.86042,46.98125]]},"properties":{"source":"emodnet_dtm_2024","level":2}},{"type":"Feature","geometry":{"type":"LineString","coordinates":[[-1.93542,46.98958],[-1.93542,46.98958]]},"properties":{"source":"emodnet_dtm_2024","level":2}},{"type":"Feature","geometry":{"type":"LineString","coordinates":[[-1.89375,46.98958],[-1.89375,46.98958]]},"properties":{"source":"emodnet_dtm_2024","level":2}},{"type":"Feature","geometry":{"type":"LineString","coordinates":[[-1.87292,46.98958],[-1.87292,46.98958]]},"properties":{"source":"emodnet_dtm_2024","level":2}},{"type":"Feature","geometry":{"type":"LineString","coordinates":[[-2.23542,46.99375],[-2.23542,46.99375]]},"properties":{"source":"emodnet_dtm_2024","level":2}},{"type":"Feature","geometry":{"type":"LineString","coordinates":[[-1.97292,46.99375],[-1.97292,46.99375]]},"properties":{"source":"emodnet_dtm_2024","level":2}},{"type":"Feature","geometry":{"type":"LineString","coordinates":[[-1.88542,46.99375],[-1.88542,46.99375]]},"properties":{"source":"emodnet_dtm_2024","level":2}},{"type":"Feature","geometry":{"type":"LineString","coordinates":[[-2.22625,46.99458],[-2.22625,46.99458]]},"properties":{"source":"emodnet_dtm_2024","level":2}},{"type":"Feature","geometry":{"type":"LineString","coordinates":[[-1.89375,46.99792],[-1.89375,46.99792]]},"properties":{"source":"emodnet_dtm_2024","level":2}},{"type":"Feature","geometry":{"type":"LineString","coordinates":[[-1.93542,47.00208],[-1.93542,47.00208]]},"properties":{"source":"emodnet_dtm_2024","level":2}},{"type":"Feature","geometry":{"type":"LineString","coordinates":[[-1.92292,47.00208],[-1.92292,47.00208]]},"properties":{"source":"emodnet_dtm_2024","level":2}},{"type":"Feature","geometry":{"type":"LineString","coordinates":[[-1.90208,47.00208],[-1.90208,47.00208]]},"properties":{"source":"emodnet_dtm_2024","level":2}},{"type":"Feature","geometry":{"type":"LineString","coordinates":[[-2.26042,47.00625],[-2.26042,47.00625]]},"properties":{"source":"emodnet_dtm_2024","level":2}},{"type":"Feature","geometry":{"type":"LineString","coordinates":[[-1.94375,47.00625],[-1.94375,47.00625]]},"properties":{"source":"emodnet_dtm_2024","level":2}},{"type":"Feature","geometry":{"type":"LineString","coordinates":[[-1.95208,47.01042],[-1.95208,47.01042]]},"properties":{"source":"emodnet_dtm_2024","level":2}},{"type":"Feature","geometry":{"type":"LineString","coordinates":[[-1.91042,47.01042],[-1.91042,47.01042]]},"properties":{"source":"emodnet_dtm_2024","level":2}},{"type":"Feature","geometry":{"type":"LineString","coordinates":[[-1.93542,47.01458],[-1.93542,47.01458]]},"properties":{"source":"emodnet_dtm_2024","level":2}},{"type":"Feature","geometry":{"type":"LineString","coordinates":[[-1.91458,47.01458],[-1.91458,47.01458]]},"properties":{"source":"emodnet_dtm_2024","level":2}},{"type":"Feature","geometry":{"type":"LineString","coordinates":[[-1.91875,47.01875],[-1.91875,47.01875]]},"properties":{"source":"emodnet_dtm_2024","level":2}},{"type":"Feature","geometry":{"type":"LineString","coordinates":[[-1.95625,47.02292],[-1.95625,47.02292]]},"properties":{"source":"emodnet_dtm_2024","level":2}},{"type":"Feature","geometry":{"type":"LineString","coordinates":[[-1.92708,47.02292],[-1.92708,47.02292]]},"properties":{"source":"emodnet_dtm_2024","level":2}},{"type":"Feature","geometry":{"type":"LineString","coordinates":[[-1.94792,47.03125],[-1.94792,47.03125]]},"properties":{"source":"emodnet_dtm_2024","level":2}},{"type":"Feature","geometry":{"type":"LineString","coordinates":[[-1.95208,47.03542],[-1.95208,47.03542]]},"properties":{"source":"emodnet_dtm_2024","level":2}},{"type":"Feature","geometry":{"type":"LineString","coordinates":[[-1.96458,47.04375],[-1.96458,47.04375]]},"properties":{"source":"emodnet_dtm_2024","level":2}},{"type":"Feature","geometry":{"type":"LineString","coordinates":[[-1.65208,47.04792],[-1.65208,47.04792]]},"properties":{"source":"emodnet_dtm_2024","level":2}},{"type":"Feature","geometry":{"type":"LineString","coordinates":[[-1.66458,47.05625],[-1.66458,47.05625]]},"properties":{"source":"emodnet_dtm_2024","level":2}},{"type":"Feature","geometry":{"type":"LineString","coordinates":[[-1.69042,47.06125],[-1.69042,47.06125]]},"properties":{"source":"emodnet_dtm_2024","level":2}},{"type":"Feature","geometry":{"type":"LineString","coordinates":[[-1.69125,47.06208],[-1.69125,47.06208]]},"properties":{"source":"emodnet_dtm_2024","level":2}},{"type":"Feature","geometry":{"type":"LineString","coordinates":[[-1.69208,47.06292],[-1.69208,47.06292]]},"properties":{"source":"emodnet_dtm_2024","level":2}},{"type":"Feature","geometry":{"type":"LineString","coordinates":[[-1.69292,47.06375],[-1.69292,47.06375]]},"properties":{"source":"emodnet_dtm_2024","level":2}},{"type":"Feature","geometry":{"type":"LineString","coordinates":[[-1.69375,47.06458],[-1.69375,47.06458]]},"properties":{"source":"emodnet_dtm_2024","level":2}},{"type":"Feature","geometry":{"type":"LineString","coordinates":[[-1.73125,47.06875],[-1.73125,47.06875]]},"properties":{"source":"emodnet_dtm_2024","level":2}},{"type":"Feature","geometry":{"type":"LineString","coordinates":[[-1.73292,47.06958],[-1.73292,47.06958]]},"properties":{"source":"emodnet_dtm_2024","level":2}},{"type":"Feature","geometry":{"type":"LineString","coordinates":[[-1.73458,47.07042],[-1.73458,47.07042]]},"properties":{"source":"emodnet_dtm_2024","level":2}},{"type":"Feature","geometry":{"type":"LineString","coordinates":[[-1.65208,47.07708],[-1.65208,47.07708]]},"properties":{"source":"emodnet_dtm_2024","level":2}},{"type":"Feature","geometry":{"type":"LineString","coordinates":[[-1.71125,47.07792],[-1.71125,47.07792]]},"properties":{"source":"emodnet_dtm_2024","level":2}},{"type":"Feature","geometry":{"type":"LineString","coordinates":[[-1.65292,47.07792],[-1.65292,47.07792]]},"properties":{"source":"emodnet_dtm_2024","level":2}},{"type":"Feature","geometry":{"type":"LineString","coordinates":[[-1.71208,47.07875],[-1.71208,47.07875]]},"properties":{"source":"emodnet_dtm_2024","level":2}},{"type":"Feature","geometry":{"type":"LineString","coordinates":[[-1.65375,47.07875],[-1.65375,47.07875]]},"properties":{"source":"emodnet_dtm_2024","level":2}},{"type":"Feature","geometry":{"type":"LineString","coordinates":[[-1.71292,47.07958],[-1.71292,47.07958]]},"properties":{"source":"emodnet_dtm_2024","level":2}},{"type":"Feature","geometry":{"type":"LineString","coordinates":[[-1.65458,47.07958],[-1.65458,47.07958]]},"properties":{"source":"emodnet_dtm_2024","level":2}},{"type":"Feature","geometry":{"type":"LineString","coordinates":[[-1.71375,47.08042],[-1.71375,47.08042]]},"properties":{"source":"emodnet_dtm_2024","level":2}},{"type":"Feature","geometry":{"type":"LineString","coordinates":[[-1.65542,47.08042],[-1.65542,47.08042]]},"properties":{"source":"emodnet_dtm_2024","level":2}},{"type":"Feature","geometry":{"type":"LineString","coordinates":[[-1.71458,47.08542],[-1.71458,47.08542]]},"properties":{"source":"emodnet_dtm_2024","level":2}},{"type":"Feature","geometry":{"type":"LineString","coordinates":[[-1.64042,47.09042],[-1.64042,47.09042]]},"properties":{"source":"emodnet_dtm_2024","level":2}},{"type":"Feature","geometry":{"type":"LineString","coordinates":[[-1.64125,47.09125],[-1.64125,47.09125]]},"properties":{"source":"emodnet_dtm_2024","level":2}},{"type":"Feature","geometry":{"type":"LineString","coordinates":[[-1.64208,47.09208],[-1.64208,47.09208]]},"properties":{"source":"emodnet_dtm_2024","level":2}},{"type":"Feature","geometry":{"type":"LineString","coordinates":[[-1.64292,47.09292],[-1.64292,47.09292]]},"properties":{"source":"emodnet_dtm_2024","level":2}},{"type":"Feature","geometry":{"type":"LineString","coordinates":[[-1.71875,47.09375],[-1.71875,47.09375]]},"properties":{"source":"emodnet_dtm_2024","level":2}},{"type":"Feature","geometry":{"type":"LineString","coordinates":[[-1.64375,47.09375],[-1.64375,47.09375]]},"properties":{"source":"emodnet_dtm_2024","level":2}},{"type":"Feature","geometry":{"type":"LineString","coordinates":[[-1.64792,47.10625],[-1.64792,47.10625]]},"properties":{"source":"emodnet_dtm_2024","level":2}},{"type":"Feature","geometry":{"type":"LineString","coordinates":[[-1.64958,47.10708],[-1.64958,47.10708]]},"properties":{"source":"emodnet_dtm_2024","level":2}},{"type":"Feature","geometry":{"type":"LineString","coordinates":[[-1.65125,47.10792],[-1.65125,47.10792]]},"properties":{"source":"emodnet_dtm_2024","level":2}},{"type":"Feature","geometry":{"type":"LineString","coordinates":[[-1.65625,47.11875],[-1.65625,47.11875]]},"properties":{"source":"emodnet_dtm_2024","level":2}},{"type":"Feature","geometry":{"type":"LineString","coordinates":[[-2.23708,47.12958],[-2.23708,47.12958]]},"properties":{"source":"emodnet_dtm_2024","level":2}},{"type":"Feature","geometry":{"type":"LineString","coordinates":[[-1.60125,47.18458],[-1.60125,47.18458]]},"properties":{"source":"emodnet_dtm_2024","level":2}},{"type":"Feature","geometry":{"type":"LineString","coordinates":[[-1.84375,47.18958],[-1.84375,47.18958]]},"properties":{"source":"emodnet_dtm_2024","level":2}},{"type":"Feature","geometry":{"type":"LineString","coordinates":[[-1.84792,47.21458],[-1.84792,47.21458]]},"properties":{"source":"emodnet_dtm_2024","level":2}},{"type":"Feature","geometry":{"type":"LineString","coordinates":[[-1.38958,47.21458],[-1.38958,47.21458]]},"properties":{"source":"emodnet_dtm_2024","level":2}},{"type":"Feature","geometry":{"type":"LineString","coordinates":[[-1.85208,47.21875],[-1.85208,47.21875]]},"properties":{"source":"emodnet_dtm_2024","level":2}},{"type":"Feature","geometry":{"type":"LineString","coordinates":[[-1.86042,47.22292],[-1.86042,47.22292]]},"properties":{"source":"emodnet_dtm_2024","level":2}},{"type":"Feature","geometry":{"type":"LineString","coordinates":[[-2.17542,47.22458],[-2.17542,47.22458]]},"properties":{"source":"emodnet_dtm_2024","level":2}},{"type":"Feature","geometry":{"type":"LineString","coordinates":[[-1.76875,47.24375],[-1.76875,47.24375]]},"properties":{"source":"emodnet_dtm_2024","level":2}},{"type":"Feature","geometry":{"type":"LineString","coordinates":[[-1.84375,47.24792],[-1.84375,47.24792]]},"properties":{"source":"emodnet_dtm_2024","level":2}},{"type":"Feature","geometry":{"type":"LineString","coordinates":[[-1.84792,47.25208],[-1.84792,47.25208]]},"properties":{"source":"emodnet_dtm_2024","level":2}},{"type":"Feature","geometry":{"type":"LineString","coordinates":[[-1.85208,47.25625],[-1.85208,47.25625]]},"properties":{"source":"emodnet_dtm_2024","level":2}},{"type":"Feature","geometry":{"type":"LineString","coordinates":[[-1.85625,47.26042],[-1.85625,47.26042]]},"properties":{"source":"emodnet_dtm_2024","level":2}},{"type":"Feature","geometry":{"type":"LineString","coordinates":[[-2.44375,47.26208],[-2.44375,47.26208]]},"properties":{"source":"emodnet_dtm_2024","level":2}},{"type":"Feature","geometry":{"type":"LineString","coordinates":[[-1.86042,47.26458],[-1.86042,47.26458]]},"properties":{"source":"emodnet_dtm_2024","level":2}},{"type":"Feature","geometry":{"type":"LineString","coordinates":[[-2.35208,47.26708],[-2.35208,47.26708]]},"properties":{"source":"emodnet_dtm_2024","level":2}},{"type":"Feature","geometry":{"type":"LineString","coordinates":[[-1.87958,47.26958],[-1.87958,47.26958]]},"properties":{"source":"emodnet_dtm_2024","level":2}},{"type":"Feature","geometry":{"type":"LineString","coordinates":[[-2.46875,47.27042],[-2.46875,47.27042]]},"properties":{"source":"emodnet_dtm_2024","level":2}},{"type":"Feature","geometry":{"type":"LineString","coordinates":[[-1.88042,47.27125],[-1.88042,47.27125]]},"properties":{"source":"emodnet_dtm_2024","level":2}},{"type":"Feature","geometry":{"type":"LineString","coordinates":[[-1.88125,47.27292],[-1.88125,47.27292]]},"properties":{"source":"emodnet_dtm_2024","level":2}},{"type":"Feature","geometry":{"type":"LineString","coordinates":[[-1.88542,47.27542],[-1.88542,47.27542]]},"properties":{"source":"emodnet_dtm_2024","level":2}},{"type":"Feature","geometry":{"type":"LineString","coordinates":[[-2.37958,47.27792],[-2.37958,47.27792]]},"properties":{"source":"emodnet_dtm_2024","level":2}},{"type":"Feature","geometry":{"type":"LineString","coordinates":[[-2.50292,47.27958],[-2.50292,47.27958]]},"properties":{"source":"emodnet_dtm_2024","level":2}},{"type":"Feature","geometry":{"type":"LineString","coordinates":[[-1.89792,47.28125],[-1.89792,47.28125]]},"properties":{"source":"emodnet_dtm_2024","level":2}},{"type":"Feature","geometry":{"type":"LineString","coordinates":[[-1.91042,47.28542],[-1.91042,47.28542]]},"properties":{"source":"emodnet_dtm_2024","level":2}},{"type":"Feature","geometry":{"type":"LineString","coordinates":[[-3.12292,47.28958],[-3.12292,47.28958]]},"properties":{"source":"emodnet_dtm_2024","level":2}},{"type":"Feature","geometry":{"type":"LineString","coordinates":[[-1.94792,47.28958],[-1.94792,47.28958]]},"properties":{"source":"emodnet_dtm_2024","level":2}},{"type":"Feature","geometry":{"type":"LineString","coordinates":[[-1.95708,47.29042],[-1.95708,47.29042]]},"properties":{"source":"emodnet_dtm_2024","level":2}},{"type":"Feature","geometry":{"type":"LineString","coordinates":[[-1.95792,47.29125],[-1.95792,47.29125]]},"properties":{"source":"emodnet_dtm_2024","level":2}},{"type":"Feature","geometry":{"type":"LineString","coordinates":[[-1.95875,47.29208],[-1.95875,47.29208]]},"properties":{"source":"emodnet_dtm_2024","level":2}},{"type":"Feature","geometry":{"type":"LineString","coordinates":[[-1.95958,47.29292],[-1.95958,47.29292]]},"properties":{"source":"emodnet_dtm_2024","level":2}},{"type":"Feature","geometry":{"type":"LineString","coordinates":[[-1.96042,47.29375],[-1.96042,47.29375]]},"properties":{"source":"emodnet_dtm_2024","level":2}},{"type":"Feature","geometry":{"type":"LineString","coordinates":[[-1.96458,47.29792],[-1.96458,47.29792]]},"properties":{"source":"emodnet_dtm_2024","level":2}},{"type":"Feature","geometry":{"type":"LineString","coordinates":[[-2.44875,47.29875],[-2.44875,47.29875]]},"properties":{"source":"emodnet_dtm_2024","level":2}},{"type":"Feature","geometry":{"type":"LineString","coordinates":[[-2.45208,47.30208],[-2.45208,47.30208]]},"properties":{"source":"emodnet_dtm_2024","level":2}},{"type":"Feature","geometry":{"type":"LineString","coordinates":[[-2.01458,47.30208],[-2.01458,47.30208]]},"properties":{"source":"emodnet_dtm_2024","level":2}},{"type":"Feature","geometry":{"type":"LineString","coordinates":[[-1.98542,47.30208],[-1.98542,47.30208]]},"properties":{"source":"emodnet_dtm_2024","level":2}},{"type":"Feature","geometry":{"type":"LineString","coordinates":[[-2.02792,47.30292],[-2.02792,47.30292]]},"properties":{"source":"emodnet_dtm_2024","level":2}},{"type":"Feature","geometry":{"type":"LineString","coordinates":[[-2.02875,47.30375],[-2.02875,47.30375]]},"properties":{"source":"emodnet_dtm_2024","level":2}},{"type":"Feature","geometry":{"type":"LineString","coordinates":[[-2.02958,47.30458],[-2.02958,47.30458]]},"properties":{"source":"emodnet_dtm_2024","level":2}},{"type":"Feature","geometry":{"type":"LineString","coordinates":[[-2.03042,47.30542],[-2.03042,47.30542]]},"properties":{"source":"emodnet_dtm_2024","level":2}},{"type":"Feature","geometry":{"type":"LineString","coordinates":[[-2.03125,47.30625],[-2.03125,47.30625]]},"properties":{"source":"emodnet_dtm_2024","level":2}},{"type":"Feature","geometry":{"type":"LineString","coordinates":[[-2.22375,47.30708],[-2.22375,47.30708]]},"properties":{"source":"emodnet_dtm_2024","level":2}},{"type":"Feature","geometry":{"type":"LineString","coordinates":[[-2.22458,47.30792],[-2.22458,47.30792]]},"properties":{"source":"emodnet_dtm_2024","level":2}},{"type":"Feature","geometry":{"type":"LineString","coordinates":[[-2.22542,47.30875],[-2.22542,47.30875]]},"properties":{"source":"emodnet_dtm_2024","level":2}},{"type":"Feature","geometry":{"type":"LineString","coordinates":[[-2.22625,47.30958],[-2.22625,47.30958]]},"properties":{"source":"emodnet_dtm_2024","level":2}},{"type":"Feature","geometry":{"type":"LineString","coordinates":[[-2.45625,47.31042],[-2.45625,47.31042]]},"properties":{"source":"emodnet_dtm_2024","level":2}},{"type":"Feature","geometry":{"type":"LineString","coordinates":[[-2.03958,47.31042],[-2.03958,47.31042]]},"properties":{"source":"emodnet_dtm_2024","level":2}},{"type":"Feature","geometry":{"type":"LineString","coordinates":[[-2.46042,47.31375],[-2.46042,47.31375]]},"properties":{"source":"emodnet_dtm_2024","level":2}},{"type":"Feature","geometry":{"type":"LineString","coordinates":[[-2.21958,47.31542],[-2.21958,47.31542]]},"properties":{"source":"emodnet_dtm_2024","level":2}},{"type":"Feature","geometry":{"type":"LineString","coordinates":[[-2.22042,47.31625],[-2.22042,47.31625]]},"properties":{"source":"emodnet_dtm_2024","level":2}},{"type":"Feature","geometry":{"type":"LineString","coordinates":[[-2.22125,47.31708],[-2.22125,47.31708]]},"properties":{"source":"emodnet_dtm_2024","level":2}},{"type":"Feature","geometry":{"type":"LineString","coordinates":[[-2.22208,47.31792],[-2.22208,47.31792]]},"properties":{"source":"emodnet_dtm_2024","level":2}},{"type":"Feature","geometry":{"type":"LineString","coordinates":[[-2.22292,47.31875],[-2.22292,47.31875]]},"properties":{"source":"emodnet_dtm_2024","level":2}},{"type":"Feature","geometry":{"type":"LineString","coordinates":[[-3.25125,47.33542],[-3.25125,47.33542]]},"properties":{"source":"emodnet_dtm_2024","level":2}},{"type":"Feature","geometry":{"type":"LineString","coordinates":[[-2.50458,47.33542],[-2.50458,47.33542]]},"properties":{"source":"emodnet_dtm_2024","level":2}},{"type":"Feature","geometry":{"type":"LineString","coordinates":[[-2.18208,47.33625],[-2.18208,47.33625]]},"properties":{"source":"emodnet_dtm_2024","level":2}},{"type":"Feature","geometry":{"type":"LineString","coordinates":[[-2.18292,47.33708],[-2.18292,47.33708]]},"properties":{"source":"emodnet_dtm_2024","level":2}},{"type":"Feature","geometry":{"type":"LineString","coordinates":[[-2.18375,47.33792],[-2.18375,47.33792]]},"properties":{"source":"emodnet_dtm_2024","level":2}},{"type":"Feature","geometry":{"type":"LineString","coordinates":[[-2.18458,47.33875],[-2.18458,47.33875]]},"properties":{"source":"emodnet_dtm_2024","level":2}},{"type":"Feature","geometry":{"type":"LineString","coordinates":[[-3.25208,47.33958],[-3.25208,47.33958]]},"properties":{"source":"emodnet_dtm_2024","level":2}},{"type":"Feature","geometry":{"type":"LineString","coordinates":[[-2.03125,47.34792],[-2.03125,47.34792]]},"properties":{"source":"emodnet_dtm_2024","level":2}},{"type":"Feature","geometry":{"type":"LineString","coordinates":[[-2.14375,47.35208],[-2.14375,47.35208]]},"properties":{"source":"emodnet_dtm_2024","level":2}},{"type":"Feature","geometry":{"type":"LineString","coordinates":[[-2.03542,47.35208],[-2.03542,47.35208]]},"properties":{"source":"emodnet_dtm_2024","level":2}},{"type":"Feature","geometry":{"type":"LineString","coordinates":[[-2.03625,47.35292],[-2.03625,47.35292]]},"properties":{"source":"emodnet_dtm_2024","level":2}},{"type":"Feature","geometry":{"type":"LineString","coordinates":[[-2.03708,47.35375],[-2.03708,47.35375]]},"properties":{"source":"emodnet_dtm_2024","level":2}},{"type":"Feature","geometry":{"type":"LineString","coordinates":[[-2.03792,47.35458],[-2.03792,47.35458]]},"properties":{"source":"emodnet_dtm_2024","level":2}},{"type":"Feature","geometry":{"type":"LineString","coordinates":[[-2.03875,47.35542],[-2.03875,47.35542]]},"properties":{"source":"emodnet_dtm_2024","level":2}},{"type":"Feature","geometry":{"type":"LineString","coordinates":[[-2.03958,47.35625],[-2.03958,47.35625]]},"properties":{"source":"emodnet_dtm_2024","level":2}},{"type":"Feature","geometry":{"type":"LineString","coordinates":[[-2.52625,47.36042],[-2.52625,47.36042]]},"properties":{"source":"emodnet_dtm_2024","level":2}},{"type":"Feature","geometry":{"type":"LineString","coordinates":[[-2.06042,47.36042],[-2.06042,47.36042]]},"properties":{"source":"emodnet_dtm_2024","level":2}},{"type":"Feature","geometry":{"type":"LineString","coordinates":[[-2.19375,47.36458],[-2.19375,47.36458]]},"properties":{"source":"emodnet_dtm_2024","level":2}},{"type":"Feature","geometry":{"type":"LineString","coordinates":[[-2.14375,47.36458],[-2.14375,47.36458]]},"properties":{"source":"emodnet_dtm_2024","level":2}},{"type":"Feature","geometry":{"type":"LineString","coordinates":[[-2.54458,47.36542],[-2.54458,47.36542]]},"properties":{"source":"emodnet_dtm_2024","level":2}},{"type":"Feature","geometry":{"type":"LineString","coordinates":[[-2.21458,47.36875],[-2.21458,47.36875]]},"properties":{"source":"emodnet_dtm_2024","level":2}},{"type":"Feature","geometry":{"type":"LineString","coordinates":[[-2.14792,47.36875],[-2.14792,47.36875]]},"properties":{"source":"emodnet_dtm_2024","level":2}},{"type":"Feature","geometry":{"type":"LineString","coordinates":[[-2.19792,47.37292],[-2.19792,47.37292]]},"properties":{"source":"emodnet_dtm_2024","level":2}},{"type":"Feature","geometry":{"type":"LineString","coordinates":[[-2.13958,47.38125],[-2.13958,47.38125]]},"properties":{"source":"emodnet_dtm_2024","level":2}},{"type":"Feature","geometry":{"type":"LineString","coordinates":[[-2.20625,47.38542],[-2.20625,47.38542]]},"properties":{"source":"emodnet_dtm_2024","level":2}},{"type":"Feature","geometry":{"type":"LineString","coordinates":[[-2.14792,47.38542],[-2.14792,47.38542]]},"properties":{"source":"emodnet_dtm_2024","level":2}},{"type":"Feature","geometry":{"type":"LineString","coordinates":[[-2.15208,47.38958],[-2.15208,47.38958]]},"properties":{"source":"emodnet_dtm_2024","level":2}},{"type":"Feature","geometry":{"type":"LineString","coordinates":[[-2.15625,47.39375],[-2.15625,47.39375]]},"properties":{"source":"emodnet_dtm_2024","level":2}},{"type":"Feature","geometry":{"type":"LineString","coordinates":[[-2.17292,47.40208],[-2.17292,47.40208]]},"properties":{"source":"emodnet_dtm_2024","level":2}},{"type":"Feature","geometry":{"type":"LineString","coordinates":[[-2.17708,47.40625],[-2.17708,47.40625]]},"properties":{"source":"emodnet_dtm_2024","level":2}},{"type":"Feature","geometry":{"type":"LineString","coordinates":[[-2.23542,47.41042],[-2.23542,47.41042]]},"properties":{"source":"emodnet_dtm_2024","level":2}},{"type":"Feature","geometry":{"type":"LineString","coordinates":[[-2.23958,47.41458],[-2.23958,47.41458]]},"properties":{"source":"emodnet_dtm_2024","level":2}},{"type":"Feature","geometry":{"type":"LineString","coordinates":[[-2.24792,47.41875],[-2.24792,47.41875]]},"properties":{"source":"emodnet_dtm_2024","level":2}},{"type":"Feature","geometry":{"type":"LineString","coordinates":[[-2.18125,47.41875],[-2.18125,47.41875]]},"properties":{"source":"emodnet_dtm_2024","level":2}},{"type":"Feature","geometry":{"type":"LineString","coordinates":[[-2.19792,47.42292],[-2.19792,47.42292]]},"properties":{"source":"emodnet_dtm_2024","level":2}},{"type":"Feature","geometry":{"type":"LineString","coordinates":[[-2.26042,47.42708],[-2.26042,47.42708]]},"properties":{"source":"emodnet_dtm_2024","level":2}},{"type":"Feature","geometry":{"type":"LineString","coordinates":[[-2.20208,47.43125],[-2.20208,47.43125]]},"properties":{"source":"emodnet_dtm_2024","level":2}},{"type":"Feature","geometry":{"type":"LineString","coordinates":[[-2.23542,47.43542],[-2.23542,47.43542]]},"properties":{"source":"emodnet_dtm_2024","level":2}},{"type":"Feature","geometry":{"type":"LineString","coordinates":[[-3.10208,47.47292],[-3.10208,47.47292]]},"properties":{"source":"emodnet_dtm_2024","level":2}},{"type":"Feature","geometry":{"type":"LineString","coordinates":[[-3.13792,47.48125],[-3.13792,47.48125]]},"properties":{"source":"emodnet_dtm_2024","level":2}},{"type":"Feature","geometry":{"type":"LineString","coordinates":[[-3.15125,47.50625],[-3.15125,47.50625]]},"properties":{"source":"emodnet_dtm_2024","level":2}},{"type":"Feature","geometry":{"type":"LineString","coordinates":[[-2.46292,47.50792],[-2.46292,47.50792]]},"properties":{"source":"emodnet_dtm_2024","level":2}},{"type":"Feature","geometry":{"type":"LineString","coordinates":[[-2.86875,47.53125],[-2.86875,47.53125]]},"properties":{"source":"emodnet_dtm_2024","level":2}},{"type":"Feature","geometry":{"type":"LineString","coordinates":[[-2.84625,47.55625],[-2.84625,47.55625]]},"properties":{"source":"emodnet_dtm_2024","level":2}},{"type":"Feature","geometry":{"type":"LineString","coordinates":[[-3.01375,47.58292],[-3.01375,47.58292]]},"properties":{"source":"emodnet_dtm_2024","level":2}},{"type":"Feature","geometry":{"type":"LineString","coordinates":[[-2.90208,47.58375],[-2.90208,47.58375]]},"properties":{"source":"emodnet_dtm_2024","level":2}},{"type":"Feature","geometry":{"type":"LineString","coordinates":[[-2.78542,47.58875],[-2.78542,47.58875]]},"properties":{"source":"emodnet_dtm_2024","level":2}},{"type":"Feature","geometry":{"type":"LineString","coordinates":[[-2.93542,47.59125],[-2.93542,47.59125]]},"properties":{"source":"emodnet_dtm_2024","level":2}},{"type":"Feature","geometry":{"type":"LineString","coordinates":[[-2.93792,47.59375],[-2.93792,47.59375]]},"properties":{"source":"emodnet_dtm_2024","level":2}},{"type":"Feature","geometry":{"type":"LineString","coordinates":[[-2.86708,47.59792],[-2.86708,47.59792]]},"properties":{"source":"emodnet_dtm_2024","level":2}},{"type":"Feature","geometry":{"type":"LineString","coordinates":[[-2.94792,47.61125],[-2.94792,47.61125]]},"properties":{"source":"emodnet_dtm_2024","level":2}},{"type":"Feature","geometry":{"type":"LineString","coordinates":[[-3.18542,47.61875],[-3.18542,47.61875]]},"properties":{"source":"emodnet_dtm_2024","level":2}},{"type":"Feature","geometry":{"type":"LineString","coordinates":[[-3.19792,47.62292],[-3.19792,47.62292]]},"properties":{"source":"emodnet_dtm_2024","level":2}},{"type":"Feature","geometry":{"type":"LineString","coordinates":[[-2.69792,47.62708],[-2.69792,47.62708]]},"properties":{"source":"emodnet_dtm_2024","level":2}},{"type":"Feature","geometry":{"type":"LineString","coordinates":[[-3.50542,47.64042],[-3.50542,47.64042]]},"properties":{"source":"emodnet_dtm_2024","level":2}},{"type":"Feature","geometry":{"type":"LineString","coordinates":[[-3.20458,47.65625],[-3.20458,47.65625]]},"properties":{"source":"emodnet_dtm_2024","level":2}},{"type":"Feature","geometry":{"type":"LineString","coordinates":[[-3.20625,47.65958],[-3.20625,47.65958]]},"properties":{"source":"emodnet_dtm_2024","level":2}},{"type":"Feature","geometry":{"type":"LineString","coordinates":[[-3.47292,47.70875],[-3.47292,47.70875]]},"properties":{"source":"emodnet_dtm_2024","level":2}},{"type":"Feature","geometry":{"type":"LineString","coordinates":[[-3.36792,47.72708],[-3.36792,47.72708]]},"properties":{"source":"emodnet_dtm_2024","level":2}},{"type":"Feature","geometry":{"type":"LineString","coordinates":[[-3.34458,47.74375],[-3.34458,47.74375]]},"properties":{"source":"emodnet_dtm_2024","level":2}},{"type":"Feature","geometry":{"type":"LineString","coordinates":[[-3.35125,47.75708],[-3.35125,47.75708]]},"properties":{"source":"emodnet_dtm_2024","level":2}},{"type":"Feature","geometry":{"type":"LineString","coordinates":[[-3.37625,47.78542],[-3.37625,47.78542]]},"properties":{"source":"emodnet_dtm_2024","level":2}},{"type":"Feature","geometry":{"type":"LineString","coordinates":[[-3.37708,47.78792],[-3.37708,47.78792]]},"properties":{"source":"emodnet_dtm_2024","level":2}},{"type":"Feature","geometry":{"type":"LineString","coordinates":[[-4.27625,47.79042],[-4.27625,47.79042]]},"properties":{"source":"emodnet_dtm_2024","level":2}},{"type":"Feature","geometry":{"type":"LineString","coordinates":[[-3.84958,47.79208],[-3.84958,47.79208]]},"properties":{"source":"emodnet_dtm_2024","level":2}},{"type":"Feature","geometry":{"type":"LineString","coordinates":[[-3.82792,47.79375],[-3.82792,47.79375]]},"properties":{"source":"emodnet_dtm_2024","level":2}},{"type":"Feature","geometry":{"type":"LineString","coordinates":[[-3.37875,47.79542],[-3.37875,47.79542]]},"properties":{"source":"emodnet_dtm_2024","level":2}},{"type":"Feature","geometry":{"type":"LineString","coordinates":[[-1.31042,46.33042],[-1.31042,46.33042]]},"properties":{"source":"emodnet_dtm_2024","level":2}},{"type":"Feature","geometry":{"type":"LineString","coordinates":[[-2.17708,47.40292],[-2.17708,47.40292]]},"properties":{"source":"emodnet_dtm_2024","level":2}},{"type":"Feature","geometry":{"type":"LineString","coordinates":[[-1.30708,46.32542],[-1.30708,46.32542]]},"properties":{"source":"emodnet_dtm_2024","level":2}},{"type":"Feature","geometry":{"type":"LineString","coordinates":[[-2.17625,47.40208],[-2.17625,47.40208]]},"properties":{"source":"emodnet_dtm_2024","level":2}},{"type":"Feature","geometry":{"type":"LineString","coordinates":[[-2.88542,47.34375],[-2.88542,47.34375]]},"properties":{"source":"emodnet_dtm_2024","level":2}},{"type":"Feature","geometry":{"type":"LineString","coordinates":[[-2.20625,47.31458],[-2.20625,47.31458]]},"properties":{"source":"emodnet_dtm_2024","level":2}},{"type":"Feature","geometry":{"type":"LineString","coordinates":[[-2.17292,47.37708],[-2.17292,47.37708]]},"properties":{"source":"emodnet_dtm_2024","level":2}},{"type":"Feature","geometry":{"type":"LineString","coordinates":[[-2.97708,47.38625],[-2.97708,47.38625]]},"properties":{"source":"emodnet_dtm_2024","level":2}},{"type":"Feature","geometry":{"type":"LineString","coordinates":[[-2.20542,47.31542],[-2.20542,47.31542]]},"properties":{"source":"emodnet_dtm_2024","level":2}},{"type":"Feature","geometry":{"type":"LineString","coordinates":[[-2.17208,47.37792],[-2.17208,47.37792]]},"properties":{"source":"emodnet_dtm_2024","level":2}},{"type":"Feature","geometry":{"type":"LineString","coordinates":[[-2.16208,47.26875],[-2.16208,47.26875]]},"properties":{"source":"emodnet_dtm_2024","level":2}}]}