{"type":"FeatureCollection","features":[{"type":"Feature","geometry":{"type":"LineString","coordinates":[[-8.86373,42.26625],[-8.86368,42.27375],[-8.86436,42.27458],[-8.86443,42.27792],[-8.86286,42.28042],[-8.86283,42.28208],[-8.86187,42.28375],[-8.86023,42.28458],[-8.86016,42.29042],[-8.85872,42.29292],[-8.85951,42.29542],[-8.85869,42.29625],[-8.85867,42.29875],[-8.85785,42.29958],[-8.85942,42.30292],[-8.8594,42.30458],[-8.85859,42.30542],[-8.85804,42.30792],[-8.85625,42.30906],[-8.85375,42.30816],[-8.85344,42.30708],[-8.85071,42.30458],[-8.84975,42.30292],[-8.84971,42.30125],[-8.84625,42.29717],[-8.84599,42.29542],[-8.84665,42.29458],[-8.84542,42.29172],[-8.84292,42.29168],[-8.84208,42.29092],[-8.83875,42.29086],[-8.83792,42.29155],[-8.83681,42.29042],[-8.83648,42.28708],[-8.83292,42.28648],[-8.83316,42.28375],[-8.83016,42.28292],[-8.83075,42.28042],[-8.82875,42.27761],[-8.82625,42.27746],[-8.82542,42.27801],[-8.82409,42.27542],[-8.82292,42.27492],[-8.81861,42.27625],[-8.81875,42.27862],[-8.82153,42.28292],[-8.82217,42.28542],[-8.8217,42.28708],[-8.81843,42.28958],[-8.81875,42.2903],[-8.82048,42.29125],[-8.82106,42.29458],[-8.82216,42.29542],[-8.82241,42.29792],[-8.82203,42.30292],[-8.81875,42.30354],[-8.81849,42.30458],[-8.81938,42.30542],[-8.81761,42.30708],[-8.81821,42.31292],[-8.81875,42.31356],[-8.8201,42.31375],[-8.82162,42.31542],[-8.82292,42.31914],[-8.82593,42.32042],[-8.82603,42.32292],[-8.8267,42.32375],[-8.82611,42.32458],[-8.82679,42.32542],[-8.82603,42.32958],[-8.82675,42.33208],[-8.83125,42.33271],[-8.83292,42.33353],[-8.83432,42.33625],[-8.83698,42.33875],[-8.8373,42.33958],[-8.83625,42.34059],[-8.83458,42.34145],[-8.83208,42.34176],[-8.82958,42.34184],[-8.82875,42.34111],[-8.82625,42.34113],[-8.82542,42.34179],[-8.82458,42.34172],[-8.82277,42.34042],[-8.82241,42.33875],[-8.82125,42.33769],[-8.81458,42.33738],[-8.80792,42.33978],[-8.80708,42.33857],[-8.80458,42.33857],[-8.80375,42.33993],[-8.80208,42.33981],[-8.80125,42.33857],[-8.79868,42.33792],[-8.79748,42.33458],[-8.79661,42.33375],[-8.79708,42.33234],[-8.79875,42.33196],[-8.79708,42.33191],[-8.79625,42.33026],[-8.79542,42.33027],[-8.79292,42.32855],[-8.79208,42.3285],[-8.78958,42.32658],[-8.78542,42.32627],[-8.78375,42.32885],[-8.78292,42.32828],[-8.78125,42.32842],[-8.77792,42.33077],[-8.77625,42.33084],[-8.77542,42.33015],[-8.77458,42.33088],[-8.77292,42.33091],[-8.77042,42.33325],[-8.76851,42.33375],[-8.76792,42.33523],[-8.76375,42.33663],[-8.76251,42.33792],[-8.76208,42.33982],[-8.75792,42.34017],[-8.75708,42.34092],[-8.75375,42.34114],[-8.75292,42.34278],[-8.75198,42.34292],[-8.75138,42.35042],[-8.7503,42.35125],[-8.74875,42.35494],[-8.74698,42.35542],[-8.7469,42.36042],[-8.74611,42.36125],[-8.74605,42.36542],[-8.74509,42.36708],[-8.74292,42.36832],[-8.74125,42.36778],[-8.73922,42.36875],[-8.73816,42.37375],[-8.73625,42.37607],[-8.73542,42.37636],[-8.73375,42.37451],[-8.73125,42.37452],[-8.72947,42.37625],[-8.72852,42.37958],[-8.72698,42.38042],[-8.72668,42.38292],[-8.72542,42.3857],[-8.72458,42.38589],[-8.72387,42.38458],[-8.72292,42.38453],[-8.72208,42.38608],[-8.72125,42.38457],[-8.71981,42.38792],[-8.71458,42.38911],[-8.71324,42.39208],[-8.70914,42.39375],[-8.70792,42.39535],[-8.70625,42.39623],[-8.69792,42.39417],[-8.69625,42.39554],[-8.69375,42.39628],[-8.69177,42.39958],[-8.69293,42.40042],[-8.69288,42.40208],[-8.69036,42.40625],[-8.68875,42.40635],[-8.68708,42.40426],[-8.68542,42.40429],[-8.68415,42.40708],[-8.68125,42.40757],[-8.67958,42.40925],[-8.67674,42.41042],[-8.67458,42.41333],[-8.67292,42.41346],[-8.67042,42.41669],[-8.66875,42.41749],[-8.66792,42.41893],[-8.66708,42.4191],[-8.66542,42.42081],[-8.66375,42.42096],[-8.66292,42.42177],[-8.65875,42.42193],[-8.65792,42.42346],[-8.65625,42.42356],[-8.65519,42.42458],[-8.65708,42.42486],[-8.65792,42.42403],[-8.65875,42.42486],[-8.65958,42.42332],[-8.66208,42.42337],[-8.66292,42.42403],[-8.66458,42.4233],[-8.66625,42.42401],[-8.66708,42.42334],[-8.66792,42.42404],[-8.67125,42.42393],[-8.67161,42.42208],[-8.67018,42.42125],[-8.67125,42.42019],[-8.67792,42.41981],[-8.67875,42.42057],[-8.67958,42.41978],[-8.68042,42.41977],[-8.68437,42.42208],[-8.68515,42.42375],[-8.68527,42.42792],[-8.68708,42.42823],[-8.68844,42.42958],[-8.68856,42.43292],[-8.68778,42.43375],[-8.68779,42.43625],[-8.68875,42.43653],[-8.68958,42.43758],[-8.69042,42.43753],[-8.69125,42.43676],[-8.69458,42.43655],[-8.69667,42.43542],[-8.69708,42.43424],[-8.70125,42.43392],[-8.70208,42.43305],[-8.70375,42.43301],[-8.70302,42.43208],[-8.70306,42.42958],[-8.70146,42.42875],[-8.70208,42.42814],[-8.70375,42.42809],[-8.70458,42.42889],[-8.70473,42.42792],[-8.70208,42.4276],[-8.70164,42.42625],[-8.70208,42.42581],[-8.70708,42.42557],[-8.70875,42.4239],[-8.70972,42.42375],[-8.71042,42.42146],[-8.71208,42.42144],[-8.71292,42.42065],[-8.71458,42.42063],[-8.71708,42.42064],[-8.71792,42.4214],[-8.72042,42.41978],[-8.72208,42.41971],[-8.72292,42.41734],[-8.72458,42.41734],[-8.72542,42.41662],[-8.72958,42.41643],[-8.73042,42.41481],[-8.73208,42.41478],[-8.73375,42.41259],[-8.74042,42.41239],[-8.74231,42.41042],[-8.7433,42.40708],[-8.74458,42.40648],[-8.74487,42.40542],[-8.74708,42.40336],[-8.74958,42.40241],[-8.75292,42.40225],[-8.75375,42.40069],[-8.75708,42.40052],[-8.75738,42.39625],[-8.76164,42.39375],[-8.76208,42.39252],[-8.76708,42.3924],[-8.76792,42.39393],[-8.76958,42.39391],[-8.77129,42.38792],[-8.77458,42.38744],[-8.77708,42.39071],[-8.77862,42.39125],[-8.77822,42.39208],[-8.77958,42.39414],[-8.78375,42.3945],[-8.78708,42.39652],[-8.78958,42.39568],[-8.79125,42.39597],[-8.79299,42.39708],[-8.79318,42.39792],[-8.79625,42.39817],[-8.79708,42.39885],[-8.80375,42.39898],[-8.80375,42.39726],[-8.80875,42.39902],[-8.80958,42.39973],[-8.81375,42.39973],[-8.81405,42.39875],[-8.81598,42.39792],[-8.81625,42.39722],[-8.82042,42.39824],[-8.82292,42.39807],[-8.82327,42.39292],[-8.82625,42.38871],[-8.82875,42.38748],[-8.82958,42.38817],[-8.83292,42.38809],[-8.83375,42.38675],[-8.83542,42.38609],[-8.84125,42.38723],[-8.84208,42.38984],[-8.84292,42.3907],[-8.84542,42.39096],[-8.84649,42.39208],[-8.84674,42.39458],[-8.84792,42.3958],[-8.85042,42.39673],[-8.85125,42.39815],[-8.85375,42.39809],[-8.85403,42.39708],[-8.85542,42.39595],[-8.85741,42.39625],[-8.85914,42.39958],[-8.85847,42.40042],[-8.85864,42.40292],[-8.86016,42.40458],[-8.86042,42.40637],[-8.86125,42.40651],[-8.86458,42.41091],[-8.86542,42.41094],[-8.86708,42.41231],[-8.87125,42.41238],[-8.87208,42.41309],[-8.87458,42.41315],[-8.87542,42.4147],[-8.87625,42.41324],[-8.8791,42.41375],[-8.87976,42.41458],[-8.8803,42.41542],[-8.87938,42.41708],[-8.8801,42.41792],[-8.88007,42.41958],[-8.87931,42.42042],[-8.87976,42.42125],[-8.87625,42.42335],[-8.87655,42.42458],[-8.87527,42.42542],[-8.8752,42.42792],[-8.87623,42.42875],[-8.87596,42.42958],[-8.87265,42.43042],[-8.87282,42.43208],[-8.87103,42.43375],[-8.87101,42.43542],[-8.87178,42.43625],[-8.87212,42.44375],[-8.87458,42.44545],[-8.87559,42.44792],[-8.8796,42.45125],[-8.8798,42.45292],[-8.88042,42.45353],[-8.88208,42.45377],[-8.88373,42.45542],[-8.88384,42.45625],[-8.88458,42.4566],[-8.89208,42.45678],[-8.89375,42.45822],[-8.89625,42.45935],[-8.89659,42.46042],[-8.89792,42.46103],[-8.90042,42.46077],[-8.90125,42.45919],[-8.90208,42.45914],[-8.90458,42.45956],[-8.90542,42.46096],[-8.90792,42.46167],[-8.91375,42.46156],[-8.91375,42.46012],[-8.91679,42.45792],[-8.91792,42.45539],[-8.92042,42.45486],[-8.92208,42.45247],[-8.92375,42.45238],[-8.92542,42.45029],[-8.92708,42.45026],[-8.92875,42.45075],[-8.93042,42.45382],[-8.93067,42.45292],[-8.93299,42.45208],[-8.9375,42.45792],[-8.93945,42.46458],[-8.93875,42.46744],[-8.93532,42.46792],[-8.93542,42.47304],[-8.93708,42.47361],[-8.93857,42.47542],[-8.93761,42.47625],[-8.93708,42.47913],[-8.93458,42.47938],[-8.93375,42.47863],[-8.92625,42.47857],[-8.92458,42.47929],[-8.92375,42.47854],[-8.92125,42.4785],[-8.92042,42.47767],[-8.91875,42.47763],[-8.91792,42.47838],[-8.91685,42.47792],[-8.91625,42.47584],[-8.91375,42.47564],[-8.91292,42.47492],[-8.90625,42.47474],[-8.89958,42.47972],[-8.89708,42.48003],[-8.89625,42.47942],[-8.89458,42.48091],[-8.89298,42.48125],[-8.89208,42.48401],[-8.89063,42.48542],[-8.89109,42.48625],[-8.88875,42.48676],[-8.88792,42.48362],[-8.88779,42.48542],[-8.88448,42.48792],[-8.88435,42.48958],[-8.88542,42.49087],[-8.88625,42.49084],[-8.88756,42.48958],[-8.88792,42.4883],[-8.89042,42.48843],[-8.89125,42.48776],[-8.89158,42.49042],[-8.89084,42.49125],[-8.89159,42.49208],[-8.89154,42.49375],[-8.89042,42.49484],[-8.88708,42.49585],[-8.88625,42.49663],[-8.88375,42.49685],[-8.88292,42.49886],[-8.88125,42.49909],[-8.88042,42.49841],[-8.87708,42.49809],[-8.87208,42.49969],[-8.86875,42.49826],[-8.86625,42.4989],[-8.86542,42.49829],[-8.86292,42.49881],[-8.86208,42.49794],[-8.85858,42.49708],[-8.85919,42.49625],[-8.85875,42.49588],[-8.85605,42.49542],[-8.85741,42.49458],[-8.85728,42.49208],[-8.85576,42.49125],[-8.85603,42.48708],[-8.85816,42.48542],[-8.8582,42.48375],[-8.85898,42.48292],[-8.85825,42.48208],[-8.85821,42.47958],[-8.85625,42.47899],[-8.8551,42.47708],[-8.85511,42.47625],[-8.85736,42.47458],[-8.85442,42.47292],[-8.85542,42.4697],[-8.86208,42.46891],[-8.86236,42.46625],[-8.86405,42.46542],[-8.86458,42.4636],[-8.86542,42.4632],[-8.86598,42.46458],[-8.86708,42.46469],[-8.86719,42.46375],[-8.86875,42.46219],[-8.87135,42.46125],[-8.87154,42.45458],[-8.87091,42.45375],[-8.87222,42.45208],[-8.87135,42.45125],[-8.86875,42.44986],[-8.86792,42.44858],[-8.86458,42.44867],[-8.86208,42.45029],[-8.85792,42.45032],[-8.85607,42.45125],[-8.85596,42.45208],[-8.8543,42.45375],[-8.85502,42.45458],[-8.85458,42.45731],[-8.85208,42.45739],[-8.85125,42.45814],[-8.84958,42.45805],[-8.84875,42.45917],[-8.84792,42.45833],[-8.84625,42.45947],[-8.84526,42.45875],[-8.84514,42.45792],[-8.84331,42.45708],[-8.84292,42.45519],[-8.84173,42.45542],[-8.84042,42.45713],[-8.8401,42.45625],[-8.83929,42.45625],[-8.83921,42.45708],[-8.83818,42.45792],[-8.83875,42.45893],[-8.83708,42.459],[-8.83491,42.45792],[-8.83542,42.4565],[-8.83656,42.45625],[-8.83625,42.45521],[-8.83441,42.45542],[-8.8343,42.45792],[-8.83375,42.45845],[-8.83042,42.45848],[-8.82958,42.4577],[-8.82708,42.45763],[-8.82568,42.45625],[-8.82542,42.45444],[-8.82458,42.45443],[-8.82375,42.45362],[-8.82208,42.45359],[-8.82125,42.45278],[-8.82019,42.45292],[-8.82091,42.45458],[-8.82093,42.45792],[-8.82173,42.45875],[-8.8218,42.46125],[-8.82249,42.46208],[-8.82181,42.46292],[-8.82248,42.46375],[-8.82247,42.46542],[-8.82099,42.46708],[-8.82237,42.46792],[-8.82292,42.46925],[-8.82542,42.46957],[-8.82614,42.47042],[-8.82667,42.47292],[-8.82588,42.47458],[-8.82652,42.47542],[-8.82668,42.47792],[-8.82958,42.4794],[-8.8304,42.48042],[-8.8298,42.48625],[-8.82875,42.48802],[-8.82708,42.48822],[-8.82657,42.48875],[-8.82604,42.49125],[-8.82458,42.49291],[-8.82125,42.49325],[-8.82042,42.49247],[-8.81875,42.49246],[-8.81792,42.49174],[-8.81708,42.49176],[-8.81625,42.49249],[-8.81458,42.49251],[-8.81208,42.49483],[-8.81042,42.49509],[-8.80958,42.49427],[-8.80851,42.49542],[-8.80934,42.49625],[-8.80935,42.49792],[-8.80766,42.49875],[-8.80958,42.49898],[-8.81042,42.49813],[-8.81154,42.49792],[-8.81208,42.49657],[-8.81415,42.49625],[-8.81333,42.49875],[-8.81384,42.50042],[-8.81333,42.50208],[-8.81458,42.50278],[-8.81708,42.50286],[-8.81679,42.50625],[-8.8197,42.50792],[-8.81958,42.50911],[-8.81683,42.50958],[-8.81708,42.51075],[-8.81856,42.51125],[-8.81857,42.51208],[-8.8176,42.51292],[-8.81857,42.51375],[-8.81858,42.51458],[-8.81708,42.5151],[-8.81606,42.51625],[-8.8176,42.51792],[-8.81792,42.51912],[-8.81875,42.51768],[-8.82066,42.51792],[-8.82083,42.51875],[-8.82292,42.52014],[-8.82458,42.52027],[-8.82556,42.52125],[-8.82627,42.52292],[-8.82583,42.52792],[-8.82681,42.52958],[-8.82593,42.53042],[-8.82596,42.53208],[-8.82697,42.53375],[-8.82708,42.53568],[-8.82958,42.53621],[-8.82976,42.53708],[-8.82915,42.53792],[-8.82927,42.53958],[-8.82875,42.54011],[-8.82708,42.54021],[-8.82694,42.54125],[-8.82875,42.54148],[-8.82958,42.54232],[-8.83042,42.54079],[-8.83208,42.54096],[-8.83247,42.54208],[-8.83097,42.54292],[-8.83125,42.54482],[-8.83245,42.54458],[-8.83292,42.54253],[-8.83402,42.54292],[-8.83409,42.54458],[-8.83262,42.54542],[-8.83339,42.54625],[-8.83415,42.55042],[-8.83488,42.55125],[-8.83447,42.55792],[-8.83292,42.55931],[-8.83125,42.55972],[-8.82958,42.5598],[-8.82875,42.55843],[-8.82708,42.55835],[-8.82668,42.55875],[-8.82708,42.55942],[-8.82807,42.55958],[-8.82674,42.56042],[-8.82708,42.56068],[-8.83198,42.56208],[-8.83285,42.56292],[-8.83354,42.56458],[-8.83324,42.56542],[-8.83292,42.56615],[-8.83276,42.56542],[-8.83125,42.56512],[-8.83125,42.56583],[-8.83286,42.56625],[-8.83017,42.56708],[-8.82958,42.57413],[-8.82792,42.57571],[-8.82625,42.57599],[-8.82559,42.57792],[-8.82458,42.57813],[-8.82375,42.57927],[-8.82292,42.57959],[-8.82208,42.57822],[-8.81875,42.57811],[-8.81792,42.57738],[-8.81625,42.57742],[-8.81542,42.57576],[-8.81292,42.57564],[-8.81208,42.57623],[-8.81042,42.57528],[-8.80875,42.57588],[-8.80625,42.57589],[-8.80427,42.57958],[-8.80208,42.58014],[-8.80042,42.58234],[-8.79792,42.58189],[-8.79708,42.58342],[-8.79593,42.58375],[-8.79542,42.58644],[-8.79375,42.58666],[-8.79292,42.58594],[-8.79098,42.58625],[-8.79174,42.58708],[-8.79125,42.59045],[-8.78875,42.5908],[-8.78792,42.59009],[-8.78708,42.59228],[-8.78375,42.59271],[-8.77292,42.59228],[-8.77059,42.59375],[-8.76993,42.59625],[-8.76818,42.59792],[-8.77042,42.59957],[-8.76986,42.60042],[-8.77151,42.60125],[-8.77176,42.60208],[-8.77125,42.60301],[-8.77042,42.60241],[-8.76792,42.6026],[-8.76749,42.60625],[-8.76875,42.60818],[-8.77125,42.60917],[-8.77292,42.61161],[-8.77375,42.61163],[-8.77458,42.61238],[-8.77542,42.61168],[-8.77625,42.61171],[-8.77708,42.61246],[-8.77875,42.61261],[-8.77922,42.61458],[-8.77875,42.61506],[-8.77708,42.61518],[-8.77607,42.61625],[-8.77608,42.61875],[-8.77375,42.62189],[-8.77208,42.62193],[-8.77125,42.62285],[-8.76875,42.62286],[-8.76875,42.625],[-8.76944,42.62542],[-8.76792,42.62523],[-8.76776,42.62708],[-8.76542,42.62865],[-8.76458,42.62867],[-8.76358,42.63208],[-8.76125,42.63444],[-8.76026,42.63458],[-8.75875,42.63686],[-8.75625,42.63778],[-8.75603,42.63958],[-8.75458,42.64026],[-8.75375,42.64194],[-8.74958,42.64203],[-8.74875,42.64286],[-8.74792,42.64286],[-8.74708,42.64452],[-8.74625,42.64455],[-8.74291,42.64708],[-8.74291,42.64792],[-8.74124,42.64958],[-8.74208,42.65042],[-8.74125,42.65542],[-8.74208,42.65542],[-8.74292,42.65625],[-8.74292,42.66042],[-8.74292,42.65958],[-8.74375,42.65875],[-8.74458,42.65875],[-8.74459,42.65542],[-8.74542,42.65458],[-8.74544,42.64958],[-8.74625,42.64877],[-8.74708,42.64878],[-8.74792,42.64962],[-8.75042,42.64961],[-8.75208,42.64796],[-8.75298,42.64792],[-8.75375,42.64633],[-8.75458,42.64634],[-8.75542,42.64552],[-8.75625,42.64633],[-8.75875,42.64642],[-8.75943,42.64792],[-8.76292,42.65048],[-8.76375,42.64967],[-8.76458,42.6505],[-8.76958,42.65049],[-8.76966,42.64708],[-8.77042,42.64633],[-8.77134,42.64625],[-8.77292,42.64398],[-8.77542,42.64383],[-8.77708,42.64057],[-8.77958,42.64057],[-8.78042,42.63983],[-8.78708,42.63973],[-8.78875,42.63734],[-8.79125,42.63728],[-8.79208,42.63651],[-8.79292,42.63726],[-8.79375,42.63584],[-8.79542,42.63589],[-8.79625,42.63655],[-8.79792,42.63597],[-8.79958,42.63604],[-8.80042,42.63741],[-8.80125,42.63674],[-8.80375,42.63697],[-8.80548,42.63958],[-8.81016,42.64208],[-8.81042,42.6438],[-8.81542,42.64409],[-8.81625,42.6448],[-8.81792,42.64418],[-8.82125,42.64443],[-8.82259,42.64542],[-8.8227,42.64958],[-8.82125,42.65079],[-8.82042,42.65014],[-8.82012,42.65042],[-8.82071,42.65125],[-8.82042,42.65187],[-8.81875,42.65195],[-8.81708,42.65608],[-8.81453,42.65625],[-8.81429,42.65875],[-8.81355,42.65958],[-8.81428,42.66208],[-8.81625,42.66341],[-8.81708,42.66493],[-8.81958,42.665],[-8.82042,42.66567],[-8.82875,42.66577],[-8.83042,42.66904],[-8.83229,42.66958],[-8.83262,42.67125],[-8.83346,42.67208],[-8.83355,42.67458],[-8.83501,42.67625],[-8.83504,42.67708],[-8.83834,42.67958],[-8.83847,42.68125],[-8.83933,42.68208],[-8.83939,42.68542],[-8.84015,42.68542],[-8.83998,42.68208],[-8.84042,42.68182],[-8.84055,42.68542],[-8.84208,42.68567],[-8.84234,42.68458],[-8.84155,42.68375],[-8.8423,42.68292],[-8.84074,42.67958],[-8.84144,42.67625],[-8.83956,42.67542],[-8.83925,42.67292],[-8.83967,42.67042],[-8.84068,42.66958],[-8.84077,42.66708],[-8.84375,42.66486],[-8.84792,42.66511],[-8.85042,42.66473],[-8.84975,42.65875],[-8.85139,42.65542],[-8.85307,42.65458],[-8.85395,42.65292],[-8.85399,42.65042],[-8.85558,42.64875],[-8.85566,42.64625],[-8.85708,42.64565],[-8.85792,42.64644],[-8.85977,42.64625],[-8.85819,42.64458],[-8.85792,42.64262],[-8.85375,42.64014],[-8.85208,42.64011],[-8.85125,42.64094],[-8.85042,42.64098],[-8.84958,42.64022],[-8.84792,42.64026],[-8.84708,42.64104],[-8.84542,42.64095],[-8.84458,42.63854],[-8.84375,42.63852],[-8.84042,42.63607],[-8.83792,42.63593],[-8.83695,42.63292],[-8.83861,42.63125],[-8.83875,42.62992],[-8.83987,42.62875],[-8.84292,42.62839],[-8.84375,42.62907],[-8.85375,42.62912],[-8.85458,42.62527],[-8.85542,42.62589],[-8.85708,42.62567],[-8.85813,42.62125],[-8.85896,42.62042],[-8.85865,42.61708],[-8.86147,42.61542],[-8.86125,42.61349],[-8.86042,42.61341],[-8.85756,42.61125],[-8.85742,42.61042],[-8.85875,42.60862],[-8.86375,42.60648],[-8.86458,42.60715],[-8.86625,42.6072],[-8.86701,42.60542],[-8.8675,42.60542],[-8.86823,42.60708],[-8.86958,42.60759],[-8.87091,42.61042],[-8.87208,42.6115],[-8.87458,42.61164],[-8.87625,42.6124],[-8.88042,42.61153],[-8.88125,42.6126],[-8.88292,42.61266],[-8.88375,42.61327],[-8.88542,42.6125],[-8.88973,42.61292],[-8.89042,42.61346],[-8.89135,42.61458],[-8.88958,42.61488],[-8.88875,42.61301],[-8.88836,42.61542],[-8.88691,42.61625],[-8.88836,42.61792],[-8.88768,42.62042],[-8.88625,42.62162],[-8.88427,42.62208],[-8.88275,42.62542],[-8.88125,42.62589],[-8.88042,42.62696],[-8.87708,42.62728],[-8.87625,42.62838],[-8.87458,42.62858],[-8.87378,42.63125],[-8.87708,42.63594],[-8.87875,42.63621],[-8.88125,42.63761],[-8.88375,42.63774],[-8.88458,42.63851],[-8.88776,42.63875],[-8.88875,42.64011],[-8.89271,42.64042],[-8.89354,42.64375],[-8.8941,42.64375],[-8.89491,42.64125],[-8.89971,42.63958],[-8.89974,42.63792],[-8.89897,42.63708],[-8.89958,42.63413],[-8.90087,42.63375],[-8.90208,42.63207],[-8.90542,42.63145],[-8.90625,42.62908],[-8.90875,42.62891],[-8.90958,42.62724],[-8.91125,42.62719],[-8.9114,42.62625],[-8.91292,42.62473],[-8.91375,42.62471],[-8.91458,42.62394],[-8.91708,42.62382],[-8.91875,42.62138],[-8.91958,42.62135],[-8.92052,42.62042],[-8.91991,42.61792],[-8.92125,42.61664],[-8.92208,42.6159],[-8.92375,42.61573],[-8.92495,42.61375],[-8.92708,42.61218],[-8.92958,42.61223],[-8.93042,42.61073],[-8.93208,42.61067],[-8.93236,42.60958],[-8.931,42.60875],[-8.93292,42.60751],[-8.93491,42.60708],[-8.93342,42.60625],[-8.93275,42.60458],[-8.9349,42.60375],[-8.93424,42.60042],[-8.93208,42.59817],[-8.93125,42.59812],[-8.93085,42.59708],[-8.93042,42.59674],[-8.92542,42.59666],[-8.92458,42.59593],[-8.92375,42.59675],[-8.92208,42.59665],[-8.92178,42.59625],[-8.92167,42.59542],[-8.92001,42.59375],[-8.91941,42.59125],[-8.92042,42.58682],[-8.92137,42.58625],[-8.92458,42.58593],[-8.92625,42.58587],[-8.92708,42.58645],[-8.93042,42.58638],[-8.93125,42.58329],[-8.93708,42.58332],[-8.93958,42.58216],[-8.94125,42.58208],[-8.94154,42.58292],[-8.94375,42.58397],[-8.95125,42.58406],[-8.95208,42.58332],[-8.95458,42.58313],[-8.9556,42.58208],[-8.9552,42.57875],[-8.95625,42.57774],[-8.95792,42.5773],[-8.95821,42.57542],[-8.96172,42.57292],[-8.96172,42.57042],[-8.96458,42.56722],[-8.96708,42.56698],[-8.96792,42.56753],[-8.97958,42.56763],[-8.98042,42.56691],[-8.98375,42.56684],[-8.98458,42.56619],[-8.98625,42.56591],[-8.98777,42.56375],[-8.98931,42.56292],[-8.99079,42.56042],[-8.99107,42.55625],[-8.99031,42.55208],[-8.98759,42.54958],[-8.98688,42.54625],[-8.98718,42.53792],[-8.98875,42.53406],[-8.99042,42.53393],[-8.99292,42.53156],[-8.99542,42.53137],[-8.99498,42.52958],[-8.99542,42.52867],[-8.99625,42.52924],[-8.99708,42.52828],[-9.00208,42.52878],[-9.00375,42.52857],[-9.00458,42.52777],[-9.00708,42.52755],[-9.0102,42.52292],[-9.01042,42.52118],[-9.01125,42.52068],[-9.01208,42.52187],[-9.01542,42.52167],[-9.01661,42.52042],[-9.01542,42.519],[-9.01439,42.51875],[-9.01458,42.51797],[-9.01708,42.51782],[-9.01792,42.5173],[-9.01958,42.51766],[-9.02125,42.51703],[-9.02405,42.51708],[-9.02542,42.51914],[-9.02875,42.51921],[-9.02958,42.51979],[-9.03292,42.51973],[-9.03375,42.52046],[-9.03458,42.51772],[-9.03708,42.51771],[-9.03745,42.51875],[-9.03875,42.5191],[-9.03943,42.51875],[-9.03958,42.51771],[-9.04208,42.5201],[-9.0428,42.52208],[-9.04292,42.52312],[-9.04187,42.52375],[-9.04165,42.52542],[-9.04224,42.52625],[-9.04211,42.52875],[-9.0394,42.52958],[-9.04064,42.53042],[-9.03949,42.53125],[-9.03882,42.53625],[-9.03773,42.53875],[-9.03576,42.54042],[-9.03458,42.54067],[-9.03208,42.5424],[-9.03007,42.54292],[-9.03014,42.54958],[-9.03094,42.55125],[-9.03125,42.55677],[-9.03462,42.55875],[-9.03542,42.56097],[-9.03625,42.56098],[-9.03941,42.56292],[-9.03867,42.56458],[-9.03958,42.56556],[-9.04042,42.56564],[-9.04198,42.56792],[-9.04318,42.57125],[-9.04708,42.57355],[-9.04875,42.57363],[-9.05125,42.57516],[-9.05292,42.57532],[-9.05462,42.57625],[-9.05542,42.57755],[-9.06125,42.57734],[-9.06208,42.57594],[-9.06375,42.57511],[-9.06542,42.57564],[-9.06792,42.57334],[-9.06958,42.57313],[-9.06995,42.57125],[-9.07125,42.57156],[-9.07208,42.57086],[-9.07458,42.57052],[-9.07438,42.56958],[-9.07625,42.56714],[-9.07792,42.56694],[-9.07875,42.56748],[-9.08125,42.5678],[-9.08326,42.57042],[-9.08765,42.57292],[-9.0888,42.57708],[-9.08542,42.57833],[-9.08125,42.57863],[-9.07853,42.58042],[-9.07785,42.58208],[-9.0762,42.58375],[-9.07706,42.58458],[-9.07597,42.58958],[-9.07708,42.59082],[-9.07851,42.59125],[-9.07949,42.59292],[-9.07976,42.59375],[-9.07875,42.59583],[-9.07708,42.59706],[-9.07292,42.59704],[-9.07042,42.59873],[-9.06625,42.59859],[-9.06542,42.59943],[-9.06446,42.59958],[-9.06205,42.60292],[-9.06198,42.60458],[-9.06034,42.60542],[-9.06094,42.61042],[-9.06018,42.61125],[-9.06031,42.61292],[-9.05954,42.61458],[-9.06203,42.61625],[-9.06197,42.61708],[-9.06042,42.61783],[-9.06029,42.61875],[-9.05875,42.61983],[-9.05792,42.61939],[-9.05542,42.62085],[-9.05375,42.62097],[-9.05162,42.62208],[-9.05012,42.62458],[-9.05013,42.62625],[-9.04879,42.62792],[-9.04625,42.62958],[-9.04509,42.63125],[-9.04339,42.63208],[-9.03993,42.63542],[-9.0393,42.63958],[-9.0386,42.64042],[-9.03861,42.64375],[-9.03675,42.64625],[-9.03744,42.64708],[-9.03724,42.64792],[-9.03594,42.64792],[-9.03799,42.65042],[-9.03841,42.65208],[-9.04125,42.65407],[-9.04234,42.65792],[-9.04108,42.65875],[-9.04236,42.65958],[-9.04208,42.66202],[-9.03918,42.66458],[-9.04136,42.66708],[-9.04148,42.67042],[-9.03875,42.67085],[-9.03792,42.67156],[-9.03458,42.67175],[-9.03375,42.67313],[-9.03103,42.67458],[-9.03079,42.67792],[-9.03014,42.67875],[-9.03025,42.68292],[-9.02945,42.68458],[-9.03008,42.68625],[-9.02875,42.68836],[-9.02704,42.68958],[-9.02792,42.68984],[-9.02852,42.69125],[-9.03039,42.69292],[-9.03043,42.69792],[-9.02959,42.69958],[-9.0265,42.70208],[-9.02673,42.70292],[-9.02542,42.70338],[-9.02483,42.70458],[-9.02292,42.70556],[-9.02125,42.70878],[-9.01875,42.7092],[-9.01787,42.71042],[-9.01625,42.71083],[-9.01542,42.70944],[-9.01208,42.70946],[-9.01125,42.71125],[-9.01042,42.71019],[-9.00947,42.71292],[-9.00948,42.71542],[-9.00869,42.71625],[-9.00943,42.71792],[-9.00875,42.7239],[-9.00292,42.72931],[-9.00042,42.72919],[-8.99958,42.72764],[-8.9983,42.72708],[-8.99625,42.7277],[-8.99458,42.73063],[-8.99306,42.73125],[-8.9928,42.73375],[-8.99172,42.73458],[-8.99104,42.73625],[-8.99189,42.73958],[-8.99042,42.74106],[-8.98958,42.7411],[-8.98708,42.74267],[-8.98375,42.74268],[-8.98292,42.7436],[-8.98125,42.74324],[-8.98042,42.74253],[-8.97875,42.74251],[-8.97708,42.74411],[-8.97625,42.74309],[-8.97458,42.74288],[-8.97375,42.74089],[-8.96792,42.7407],[-8.96708,42.74152],[-8.96458,42.74237],[-8.96375,42.74412],[-8.95611,42.74708],[-8.95419,42.74958],[-8.95171,42.75125],[-8.9518,42.75292],[-8.95086,42.75375],[-8.95072,42.75625],[-8.94988,42.75792],[-8.95078,42.75875],[-8.95042,42.75913],[-8.94958,42.75817],[-8.94792,42.75906],[-8.94646,42.76125],[-8.94504,42.76208],[-8.94458,42.76343],[-8.94292,42.76472],[-8.94227,42.76625],[-8.93926,42.76792],[-8.93879,42.77458],[-8.93767,42.77542],[-8.93748,42.77708],[-8.93625,42.7784],[-8.93458,42.77852],[-8.93375,42.77776],[-8.93292,42.77778],[-8.93208,42.77858],[-8.93125,42.7786],[-8.93042,42.78173],[-8.92792,42.7843],[-8.92625,42.78443],[-8.92542,42.78609],[-8.92292,42.787],[-8.92125,42.78865],[-8.91875,42.78875],[-8.91862,42.78958],[-8.91625,42.79081],[-8.91375,42.79061],[-8.91292,42.79146],[-8.90875,42.79187],[-8.90458,42.78766],[-8.90208,42.78791],[-8.90181,42.78875],[-8.90321,42.79208],[-8.90125,42.79349],[-8.90042,42.79292],[-8.90037,42.79375],[-8.89769,42.79625],[-8.89792,42.79815],[-8.89958,42.79759],[-8.90018,42.79958],[-8.90246,42.80042],[-8.90106,42.80125],[-8.90108,42.80292],[-8.8995,42.80542],[-8.89925,42.80708],[-8.89702,42.80792],[-8.89708,42.81042],[-8.89625,42.81113],[-8.89622,42.81208],[-8.89752,42.81292],[-8.89708,42.81364],[-8.89625,42.81366],[-8.89622,42.81458],[-8.89708,42.81401],[-8.89755,42.81542],[-8.89625,42.81618],[-8.89292,42.81624],[-8.89126,42.81458],[-8.89125,42.81374],[-8.88792,42.81368],[-8.88791,42.81625],[-8.89042,42.81627],[-8.89125,42.81719],[-8.89375,42.81729],[-8.89625,42.82043],[-8.89875,42.82126],[-8.89958,42.82292],[-8.89959,42.82125],[-8.90125,42.8196],[-8.90292,42.8196],[-8.9046,42.81625],[-8.90377,42.81542],[-8.90378,42.81375],[-8.90462,42.81292],[-8.90464,42.80458],[-8.90547,42.80375],[-8.90559,42.80125],[-8.90625,42.80059],[-8.90875,42.80048],[-8.91042,42.79884],[-8.91208,42.79884],[-8.91292,42.79965],[-8.91375,42.79965],[-8.91303,42.79875],[-8.91311,42.79708],[-8.91375,42.79645],[-8.91625,42.79637],[-8.91708,42.79556],[-8.92375,42.79554],[-8.92708,42.79968],[-8.92875,42.79968],[-8.92958,42.80049],[-8.93292,42.8005],[-8.93368,42.80125],[-8.93371,42.80292],[-8.93208,42.80454],[-8.93121,42.80458],[-8.93292,42.80462],[-8.93542,42.80213],[-8.9363,42.80208],[-8.93708,42.80048],[-8.93818,42.80042],[-8.93875,42.79984],[-8.94125,42.80046],[-8.94134,42.79875],[-8.94208,42.79802],[-8.94292,42.798],[-8.94375,42.79635],[-8.94467,42.79625],[-8.94458,42.79524],[-8.94375,42.79519],[-8.94253,42.79375],[-8.94262,42.79292],[-8.94727,42.78958],[-8.94737,42.78792],[-8.94875,42.78726],[-8.94972,42.78542],[-8.94904,42.78375],[-8.95144,42.78208],[-8.95186,42.78042],[-8.95542,42.77988],[-8.95625,42.77907],[-8.95875,42.779],[-8.95958,42.77824],[-8.96625,42.77864],[-8.96672,42.78125],[-8.96746,42.78208],[-8.96681,42.78292],[-8.96693,42.78625],[-8.96792,42.78728],[-8.97042,42.78751],[-8.97238,42.78875],[-8.97292,42.78984],[-8.97375,42.7886],[-8.97458,42.79053],[-8.97644,42.78958],[-8.97576,42.78792],[-8.97896,42.78542],[-8.97907,42.78292],[-8.97981,42.78208],[-8.97956,42.77875],[-8.98125,42.77809],[-8.98375,42.77782],[-8.98458,42.77831],[-8.98625,42.77826],[-8.98708,42.77767],[-8.98875,42.7776],[-8.98958,42.77833],[-8.99125,42.7783],[-8.99375,42.77996],[-8.99542,42.78005],[-8.99625,42.77945],[-8.99759,42.78042],[-8.99792,42.78136],[-9.00458,42.78213],[-9.00542,42.78263],[-9.01125,42.78299],[-9.01292,42.78385],[-9.01417,42.78542],[-9.01417,42.79125],[-9.01344,42.79208],[-9.01351,42.79458],[-9.01292,42.79519],[-9.01208,42.79439],[-9.01201,42.79625],[-9.01362,42.79708],[-9.01375,42.7981],[-9.01542,42.79791],[-9.01625,42.79916],[-9.01708,42.79921],[-9.01792,42.80003],[-9.01958,42.79998],[-9.02125,42.79831],[-9.02292,42.79828],[-9.02375,42.79694],[-9.02458,42.79819],[-9.02792,42.79804],[-9.02805,42.79708],[-9.0297,42.79542],[-9.02984,42.79292],[-9.03042,42.79234],[-9.03208,42.7922],[-9.03292,42.79086],[-9.03458,42.79073],[-9.03625,42.78988],[-9.03708,42.78826],[-9.03792,42.78813],[-9.03958,42.78656],[-9.04458,42.78642],[-9.04625,42.78575],[-9.04708,42.78639],[-9.04958,42.7864],[-9.05042,42.78716],[-9.05125,42.78642],[-9.05292,42.78641],[-9.05375,42.78565],[-9.05708,42.78549],[-9.05792,42.78392],[-9.05938,42.78458],[-9.05958,42.7857],[-9.06042,42.78601],[-9.06125,42.7857],[-9.06208,42.78644],[-9.06303,42.78292],[-9.06208,42.78197],[-9.05958,42.78194],[-9.05889,42.78125],[-9.0589,42.77875],[-9.05792,42.77776],[-9.05625,42.77774],[-9.05542,42.77612],[-9.05458,42.77844],[-9.0533,42.77792],[-9.05292,42.7761],[-9.05125,42.77599],[-9.05028,42.77708],[-9.04992,42.77458],[-9.0507,42.77375],[-9.04766,42.77292],[-9.04696,42.77125],[-9.04703,42.76792],[-9.05042,42.76728],[-9.05125,42.76647],[-9.05292,42.76634],[-9.05375,42.7655],[-9.05386,42.76292],[-9.05565,42.76042],[-9.05625,42.75822],[-9.05958,42.75828],[-9.06042,42.75891],[-9.06625,42.75908],[-9.06708,42.75832],[-9.07125,42.75816],[-9.07208,42.75761],[-9.07458,42.75728],[-9.07566,42.75625],[-9.07604,42.75458],[-9.07888,42.75208],[-9.07886,42.75042],[-9.07719,42.74875],[-9.07708,42.74776],[-9.07625,42.74766],[-9.07501,42.74542],[-9.07513,42.74125],[-9.07753,42.73958],[-9.0779,42.73792],[-9.07875,42.73754],[-9.08458,42.73751],[-9.08542,42.73692],[-9.08708,42.73724],[-9.08875,42.73876],[-9.08958,42.74427],[-9.09141,42.74542],[-9.09375,42.74944],[-9.09855,42.75375],[-9.10052,42.75625],[-9.10625,42.75632],[-9.10962,42.75708],[-9.11292,42.75975],[-9.1134,42.76458],[-9.11458,42.7662],[-9.11708,42.76659],[-9.11875,42.76775],[-9.12042,42.76789],[-9.12208,42.77001],[-9.12591,42.77042],[-9.12585,42.77375],[-9.12518,42.77542],[-9.12663,42.77792],[-9.12684,42.77958],[-9.1283,42.78042],[-9.12812,42.78208],[-9.13038,42.78375],[-9.13125,42.78622],[-9.13292,42.7873],[-9.13458,42.79016],[-9.13792,42.79161],[-9.13958,42.79436],[-9.14125,42.79508],[-9.14458,42.79514],[-9.14542,42.79477],[-9.14625,42.79509],[-9.14675,42.79792],[-9.1489,42.79875],[-9.14958,42.80012],[-9.14993,42.80208],[-9.14875,42.80346],[-9.14625,42.80345],[-9.14542,42.80262],[-9.14292,42.80262],[-9.14125,42.80405],[-9.14042,42.80331],[-9.13958,42.80332],[-9.13708,42.8058],[-9.13542,42.80631],[-9.13458,42.80614],[-9.13375,42.80503],[-9.13042,42.80496],[-9.12958,42.80421],[-9.12875,42.8061],[-9.12792,42.80497],[-9.12625,42.80499],[-9.12542,42.80598],[-9.12458,42.80501],[-9.1218,42.80625],[-9.12042,42.80879],[-9.11875,42.80834],[-9.11625,42.81086],[-9.11042,42.81257],[-9.1092,42.81375],[-9.10925,42.81542],[-9.10802,42.81625],[-9.10831,42.81708],[-9.10708,42.82091],[-9.10625,42.82125],[-9.10675,42.82208],[-9.10625,42.83125],[-9.10708,42.83126],[-9.10779,42.83792],[-9.10913,42.84042],[-9.10937,42.84375],[-9.11042,42.84531],[-9.11542,42.84534],[-9.11625,42.84597],[-9.11875,42.84575],[-9.12042,42.8465],[-9.12458,42.84634],[-9.12498,42.84458],[-9.12625,42.84287],[-9.12958,42.84355],[-9.13247,42.84542],[-9.13292,42.84643],[-9.13458,42.84699],[-9.13792,42.85054],[-9.13831,42.85208],[-9.1417,42.85542],[-9.14312,42.86042],[-9.14542,42.86278],[-9.14594,42.86625],[-9.14718,42.86708],[-9.14715,42.87375],[-9.14679,42.87458],[-9.14351,42.87708],[-9.14479,42.88125],[-9.14375,42.8822],[-9.14102,42.88292],[-9.14058,42.88458],[-9.13958,42.88504],[-9.13869,42.88958],[-9.13789,42.89042],[-9.14042,42.8908],[-9.14225,42.89375],[-9.14042,42.89581],[-9.13542,42.89728],[-9.13375,42.90018],[-9.13292,42.89871],[-9.13208,42.89953],[-9.13125,42.89955],[-9.13118,42.90208],[-9.12955,42.90375],[-9.12875,42.90455],[-9.12624,42.90458],[-9.12705,42.90542],[-9.12699,42.90625],[-9.12875,42.90646],[-9.13015,42.90792],[-9.13042,42.90904],[-9.13208,42.90841],[-9.13292,42.91053],[-9.13375,42.90903],[-9.13708,42.90892],[-9.13792,42.90819],[-9.14042,42.90819],[-9.14125,42.90776],[-9.14276,42.90875],[-9.14367,42.91042],[-9.14625,42.91064],[-9.14708,42.91137],[-9.14875,42.91141],[-9.15208,42.91005],[-9.15437,42.91125],[-9.15458,42.91213],[-9.15625,42.91118],[-9.15958,42.91155],[-9.16125,42.91223],[-9.16352,42.91708],[-9.16372,42.91958],[-9.16618,42.92458],[-9.16789,42.92625],[-9.16875,42.92932],[-9.17042,42.93121],[-9.17075,42.93292],[-9.17197,42.93458],[-9.17292,42.94518],[-9.17542,42.9443],[-9.17625,42.94503],[-9.17792,42.94503],[-9.17875,42.94271],[-9.18019,42.94458],[-9.18292,42.94631],[-9.18398,42.94792],[-9.18708,42.94913],[-9.1885,42.95208],[-9.18906,42.95208],[-9.18904,42.94958],[-9.19062,42.94875],[-9.19144,42.94542],[-9.18875,42.94507],[-9.18827,42.94458],[-9.189,42.94125],[-9.18822,42.94042],[-9.18817,42.93875],[-9.1889,42.93708],[-9.18792,42.93768],[-9.18625,42.93595],[-9.18499,42.93542],[-9.18326,42.93125],[-9.18326,42.92875],[-9.18481,42.92542],[-9.18478,42.92208],[-9.18336,42.92125],[-9.18269,42.91792],[-9.18343,42.91625],[-9.18542,42.91546],[-9.19125,42.91533],[-9.19292,42.91649],[-9.19458,42.91649],[-9.19542,42.91581],[-9.19625,42.91645],[-9.19792,42.91575],[-9.19958,42.91577],[-9.20042,42.91644],[-9.20792,42.91673],[-9.2091,42.91958],[-9.20855,42.92292],[-9.20927,42.92375],[-9.20779,42.92458],[-9.20857,42.92542],[-9.20861,42.92792],[-9.20958,42.92813],[-9.21042,42.92769],[-9.21292,42.92813],[-9.21458,42.92997],[-9.21708,42.93078],[-9.21683,42.93292],[-9.21458,42.93456],[-9.21437,42.93542],[-9.21458,42.93594],[-9.21708,42.93686],[-9.21781,42.93792],[-9.21792,42.94154],[-9.22125,42.94162],[-9.22208,42.94093],[-9.22792,42.94],[-9.22875,42.94068],[-9.23208,42.94056],[-9.23224,42.93375],[-9.23064,42.93292],[-9.23069,42.93042],[-9.23227,42.92958],[-9.23073,42.92875],[-9.23125,42.9259],[-9.23292,42.92513],[-9.23458,42.92504],[-9.23542,42.92569],[-9.23869,42.92625],[-9.23958,42.92724],[-9.24042,42.92593],[-9.24125,42.92721],[-9.24144,42.92625],[-9.24292,42.92481],[-9.25125,42.92489],[-9.25208,42.92423],[-9.25458,42.92432],[-9.25792,42.92365],[-9.25958,42.92168],[-9.26125,42.92107],[-9.26259,42.91958],[-9.26311,42.91375],[-9.26048,42.91125],[-9.26026,42.90792],[-9.26151,42.90708],[-9.26042,42.90648],[-9.2594,42.90708],[-9.25941,42.90375],[-9.25874,42.90292],[-9.25936,42.90208],[-9.25931,42.90042],[-9.26137,42.89958],[-9.25997,42.89875],[-9.25996,42.89792],[-9.25997,42.89708],[-9.26138,42.89625],[-9.26144,42.89292],[-9.26393,42.88958],[-9.26403,42.88708],[-9.26557,42.88625],[-9.26649,42.88292],[-9.26802,42.88208],[-9.26875,42.87914],[-9.27083,42.87958],[-9.27202,42.88125],[-9.27404,42.88208],[-9.27523,42.88375],[-9.27538,42.88625],[-9.27625,42.88712],[-9.27875,42.88723],[-9.28074,42.88875],[-9.28098,42.89375],[-9.27946,42.89542],[-9.27922,42.89708],[-9.27702,42.89792],[-9.27702,42.90375],[-9.27621,42.90458],[-9.27538,42.90875],[-9.27697,42.90958],[-9.27695,42.91042],[-9.27875,42.9107],[-9.28081,42.91375],[-9.28125,42.91892],[-9.29208,42.91968],[-9.29375,42.92081],[-9.29602,42.92125],[-9.29682,42.92292],[-9.29542,42.92543],[-9.29375,42.92576],[-9.29334,42.92792],[-9.29191,42.93042],[-9.29186,42.93792],[-9.29255,42.93958],[-9.29125,42.94017],[-9.29064,42.93875],[-9.28958,42.93862],[-9.2886,42.94042],[-9.28831,42.94292],[-9.28708,42.944],[-9.28542,42.94411],[-9.28458,42.94272],[-9.28292,42.9427],[-9.28208,42.94348],[-9.28125,42.94331],[-9.28076,42.94375],[-9.28066,42.94792],[-9.28125,42.94882],[-9.28292,42.94954],[-9.28397,42.95125],[-9.28367,42.95375],[-9.28125,42.95541],[-9.27958,42.95747],[-9.27674,42.95875],[-9.27409,42.96208],[-9.27292,42.96231],[-9.27125,42.96163],[-9.27042,42.96232],[-9.26875,42.96232],[-9.25958,42.97282],[-9.25989,42.97708],[-9.26239,42.97875],[-9.2627,42.98125],[-9.26169,42.98375],[-9.26016,42.98458],[-9.25995,42.99125],[-9.25932,42.99208],[-9.2599,42.99292],[-9.25982,42.99542],[-9.25852,42.99625],[-9.25968,42.99875],[-9.25952,43.00208],[-9.25839,43.00292],[-9.25903,43.00375],[-9.25894,43.00625],[-9.26313,43.00958],[-9.26458,43.01164],[-9.26625,43.01092],[-9.26708,43.00928],[-9.27042,43.00911],[-9.27125,43.00841],[-9.27292,43.00844],[-9.27458,43.00864],[-9.27658,43.01125],[-9.27875,43.01183],[-9.27978,43.01292],[-9.28092,43.02708],[-9.28322,43.02875],[-9.28354,43.03125],[-9.28427,43.03208],[-9.28354,43.03292],[-9.28426,43.03375],[-9.28542,43.0409],[-9.28708,43.04127],[-9.28792,43.0426],[-9.28875,43.042],[-9.28958,43.04216],[-9.29208,43.04429],[-9.29625,43.04525],[-9.29708,43.04661],[-9.29958,43.04652],[-9.30036,43.04792],[-9.29792,43.05073],[-9.29671,43.05625],[-9.29458,43.05754],[-9.29292,43.05758],[-9.29208,43.05873],[-9.29001,43.05708],[-9.28773,43.05125],[-9.28678,43.04958],[-9.2851,43.04875],[-9.28458,43.04668],[-9.27958,43.04665],[-9.27792,43.04521],[-9.27125,43.04523],[-9.27042,43.04668],[-9.26667,43.04792],[-9.26625,43.05236],[-9.26618,43.05125],[-9.26542,43.0507],[-9.26375,43.0508],[-9.26208,43.04925],[-9.26125,43.05003],[-9.26042,43.05004],[-9.25938,43.05125],[-9.25928,43.05292],[-9.25771,43.05375],[-9.25732,43.05542],[-9.25597,43.05625],[-9.25518,43.06125],[-9.25429,43.06292],[-9.25179,43.06458],[-9.25166,43.06875],[-9.25019,43.07125],[-9.25016,43.07458],[-9.25139,43.07542],[-9.25164,43.08125],[-9.25293,43.08208],[-9.25189,43.08292],[-9.25292,43.08316],[-9.2543,43.08458],[-9.25553,43.08708],[-9.25557,43.08958],[-9.25458,43.09143],[-9.25125,43.09182],[-9.25042,43.0924],[-9.24542,43.09148],[-9.24501,43.09042],[-9.2432,43.08958],[-9.24292,43.08607],[-9.24125,43.08846],[-9.23958,43.08845],[-9.23787,43.09042],[-9.23542,43.09098],[-9.22625,43.09079],[-9.22501,43.08958],[-9.22458,43.08776],[-9.22208,43.08774],[-9.22106,43.08958],[-9.22236,43.09125],[-9.22187,43.09958],[-9.22042,43.10111],[-9.21458,43.10272],[-9.21292,43.10206],[-9.21208,43.10078],[-9.20958,43.10077],[-9.20875,43.10013],[-9.20758,43.10042],[-9.20708,43.10147],[-9.20458,43.10152],[-9.20375,43.10092],[-9.20292,43.10153],[-9.20125,43.10147],[-9.19708,43.1007],[-9.1961,43.09958],[-9.19652,43.09708],[-9.19458,43.09583],[-9.19289,43.09542],[-9.1933,43.09292],[-9.19253,43.09125],[-9.19125,43.08966],[-9.18958,43.08872],[-9.18792,43.09052],[-9.18542,43.09091],[-9.18375,43.0925],[-9.18077,43.09375],[-9.18125,43.09648],[-9.1826,43.09792],[-9.18268,43.10208],[-9.18199,43.10292],[-9.18042,43.10311],[-9.17958,43.10383],[-9.17875,43.10321],[-9.17542,43.10337],[-9.17458,43.10413],[-9.16678,43.10458],[-9.16579,43.10708],[-9.16628,43.11042],[-9.16343,43.11292],[-9.16328,43.11875],[-9.16208,43.12149],[-9.15958,43.1228],[-9.15792,43.12547],[-9.15542,43.1258],[-9.15368,43.12708],[-9.14675,43.12792],[-9.14792,43.12955],[-9.14902,43.12958],[-9.1488,43.13125],[-9.14958,43.13166],[-9.15125,43.1315],[-9.15208,43.1298],[-9.15375,43.12982],[-9.15458,43.12906],[-9.15708,43.1291],[-9.15875,43.12807],[-9.16375,43.12852],[-9.16542,43.12909],[-9.16638,43.13042],[-9.1666,43.13542],[-9.16641,43.13708],[-9.16542,43.13817],[-9.16458,43.13828],[-9.16395,43.13958],[-9.16326,43.14792],[-9.16375,43.14999],[-9.16542,43.15007],[-9.16754,43.14792],[-9.16827,43.14625],[-9.16825,43.14458],[-9.16748,43.14375],[-9.16771,43.14125],[-9.17026,43.13958],[-9.17042,43.13873],[-9.17341,43.13792],[-9.17542,43.13678],[-9.17625,43.13695],[-9.17778,43.13375],[-9.17943,43.13208],[-9.17917,43.13125],[-9.18301,43.12625],[-9.18458,43.12504],[-9.18875,43.12372],[-9.18958,43.12431],[-9.19125,43.12396],[-9.19469,43.12542],[-9.19663,43.12792],[-9.19708,43.13008],[-9.19875,43.13015],[-9.19958,43.12895],[-9.20125,43.12857],[-9.20286,43.12875],[-9.20388,43.12958],[-9.20463,43.13125],[-9.20397,43.13875],[-9.20463,43.14042],[-9.20408,43.14125],[-9.20625,43.14534],[-9.20875,43.14653],[-9.21042,43.14905],[-9.21208,43.15028],[-9.21293,43.15208],[-9.21171,43.15958],[-9.21061,43.16125],[-9.20792,43.15877],[-9.20625,43.15818],[-9.20762,43.15708],[-9.20708,43.15663],[-9.20375,43.15659],[-9.20292,43.1551],[-9.19958,43.15504],[-9.19875,43.15566],[-9.19792,43.1554],[-9.19588,43.15708],[-9.19641,43.15958],[-9.19515,43.16208],[-9.19292,43.16237],[-9.19042,43.1612],[-9.18875,43.16163],[-9.18792,43.16091],[-9.18625,43.16248],[-9.18375,43.16342],[-9.18292,43.16596],[-9.18042,43.16745],[-9.17928,43.16958],[-9.17994,43.17042],[-9.17923,43.17125],[-9.17919,43.17375],[-9.17845,43.17458],[-9.17916,43.17542],[-9.17897,43.18125],[-9.17792,43.18321],[-9.1715,43.18542],[-9.17013,43.18708],[-9.16875,43.18733],[-9.16542,43.18358],[-9.16458,43.18355],[-9.16375,43.18425],[-9.16208,43.1835],[-9.15875,43.18339],[-9.15792,43.1841],[-9.15458,43.18421],[-9.15042,43.18733],[-9.15012,43.18958],[-9.15088,43.19125],[-9.15042,43.19221],[-9.14625,43.19475],[-9.14292,43.19422],[-9.14208,43.19193],[-9.13708,43.19185],[-9.13625,43.19305],[-9.13458,43.19323],[-9.13125,43.19476],[-9.12875,43.19706],[-9.12792,43.19653],[-9.12625,43.19658],[-9.12542,43.19586],[-9.12375,43.19685],[-9.12125,43.19584],[-9.11625,43.19586],[-9.11375,43.19489],[-9.11195,43.19042],[-9.11247,43.18875],[-9.11042,43.18798],[-9.11011,43.18708],[-9.10792,43.18595],[-9.10542,43.18597],[-9.10458,43.18875],[-9.10042,43.19026],[-9.09958,43.18983],[-9.09799,43.19125],[-9.09125,43.18923],[-9.08875,43.18648],[-9.08856,43.18458],[-9.08958,43.18339],[-9.09042,43.18328],[-9.09042,43.1826],[-9.08958,43.1825],[-9.08792,43.18394],[-9.07875,43.18234],[-9.07792,43.18322],[-9.07473,43.18458],[-9.06875,43.18634],[-9.06708,43.18636],[-9.06625,43.1857],[-9.06375,43.18573],[-9.06292,43.18441],[-9.06208,43.18576],[-9.06042,43.1858],[-9.05982,43.18458],[-9.05875,43.1844],[-9.05708,43.18672],[-9.05625,43.18646],[-9.05542,43.18708],[-9.05458,43.18637],[-9.04792,43.18646],[-9.04212,43.19292],[-9.04229,43.19458],[-9.03958,43.19576],[-9.03825,43.19708],[-9.03833,43.19875],[-9.03519,43.20125],[-9.03517,43.20458],[-9.03625,43.2051],[-9.03708,43.20484],[-9.03727,43.20625],[-9.03441,43.20708],[-9.03511,43.20792],[-9.03395,43.21458],[-9.03243,43.21542],[-9.03228,43.21625],[-9.03042,43.21649],[-9.02958,43.21587],[-9.02542,43.21571],[-9.02458,43.21361],[-9.02292,43.21357],[-9.02125,43.21487],[-9.01958,43.21717],[-9.01875,43.2175],[-9.0176,43.22042],[-9.01625,43.22084],[-9.01542,43.22192],[-9.0135,43.22292],[-9.01346,43.22375],[-9.01179,43.22542],[-9.01314,43.22792],[-9.01378,43.23125],[-9.01316,43.23292],[-9.01208,43.23342],[-9.00875,43.2335],[-9.00792,43.23269],[-9.00625,43.23266],[-9.00542,43.23182],[-9.00339,43.23125],[-9.00334,43.22958],[-9.00202,43.22792],[-9.00178,43.22542],[-8.99926,43.22292],[-8.99945,43.22208],[-9.00125,43.22175],[-9.00162,43.22292],[-9.00292,43.22328],[-9.00323,43.22208],[-9.0017,43.22125],[-9.00177,43.21958],[-9.00094,43.21792],[-8.99883,43.21708],[-8.99792,43.21563],[-8.99375,43.21538],[-8.9933,43.21625],[-8.98958,43.21789],[-8.9886,43.22042],[-8.98708,43.22089],[-8.98625,43.22213],[-8.98454,43.22292],[-8.98306,43.22708],[-8.98125,43.22874],[-8.97958,43.22889],[-8.97875,43.22894],[-8.97792,43.2276],[-8.97625,43.22754],[-8.97542,43.226],[-8.97292,43.22586],[-8.97125,43.22478],[-8.96708,43.22521],[-8.96753,43.22625],[-8.96625,43.22918],[-8.96458,43.22913],[-8.96375,43.22846],[-8.96292,43.22925],[-8.95625,43.22937],[-8.95542,43.22859],[-8.95458,43.22859],[-8.95375,43.2301],[-8.95208,43.23066],[-8.95042,43.22999],[-8.94958,43.22847],[-8.94542,43.22803],[-8.94401,43.22708],[-8.94405,43.22542],[-8.94579,43.22375],[-8.94393,43.22125],[-8.94384,43.21958],[-8.94485,43.21875],[-8.94458,43.21684],[-8.94264,43.21708],[-8.94328,43.21792],[-8.94292,43.2186],[-8.94208,43.21855],[-8.94125,43.21767],[-8.94042,43.21849],[-8.93889,43.21875],[-8.93885,43.21958],[-8.93792,43.21998],[-8.93125,43.22026],[-8.93125,43.22064],[-8.93375,43.22062],[-8.93458,43.22313],[-8.93542,43.22145],[-8.93708,43.22157],[-8.93792,43.22086],[-8.93898,43.22208],[-8.93873,43.22792],[-8.93745,43.22958],[-8.93826,43.23042],[-8.93796,43.23125],[-8.93914,43.23542],[-8.94221,43.23708],[-8.94185,43.24042],[-8.94875,43.24094],[-8.94992,43.24208],[-8.95151,43.24708],[-8.95151,43.25208],[-8.95095,43.25292],[-8.95152,43.25625],[-8.95208,43.25737],[-8.95434,43.25875],[-8.95513,43.26042],[-8.95184,43.26208],[-8.95458,43.26254],[-8.95625,43.26352],[-8.95958,43.26365],[-8.96042,43.26288],[-8.96458,43.26384],[-8.97292,43.26294],[-8.97708,43.26389],[-8.98012,43.26542],[-8.98646,43.27208],[-8.98844,43.27542],[-8.98668,43.27875],[-8.98513,43.27958],[-8.98403,43.28292],[-8.98292,43.28342],[-8.98208,43.28274],[-8.98125,43.28278],[-8.97958,43.28436],[-8.97875,43.28437],[-8.97792,43.28362],[-8.97542,43.28365],[-8.97523,43.28542],[-8.97375,43.28687],[-8.97208,43.28692],[-8.97125,43.2877],[-8.96875,43.28696],[-8.96792,43.28616],[-8.96625,43.28776],[-8.96292,43.2878],[-8.96208,43.2908],[-8.96042,43.29101],[-8.95875,43.29264],[-8.95625,43.29336],[-8.95458,43.29274],[-8.95292,43.2933],[-8.95042,43.29322],[-8.94958,43.29193],[-8.94792,43.29189],[-8.94708,43.2911],[-8.94375,43.29105],[-8.94292,43.29026],[-8.93542,43.29018],[-8.93375,43.28779],[-8.93125,43.2869],[-8.92875,43.28363],[-8.92814,43.28542],[-8.92917,43.28625],[-8.92875,43.28792],[-8.92767,43.28542],[-8.92708,43.28489],[-8.9267,43.28542],[-8.92644,43.29042],[-8.92542,43.29376],[-8.92208,43.29427],[-8.92125,43.29502],[-8.92042,43.29428],[-8.92042,43.29569],[-8.91625,43.29555],[-8.9159,43.29458],[-8.91375,43.29402],[-8.91292,43.2927],[-8.91208,43.29269],[-8.91125,43.29343],[-8.90792,43.29388],[-8.90741,43.29458],[-8.90865,43.29708],[-8.9093,43.30208],[-8.90887,43.30625],[-8.90827,43.30708],[-8.91004,43.31208],[-8.91243,43.31375],[-8.91179,43.31542],[-8.91315,43.31625],[-8.91292,43.31944],[-8.91208,43.31914],[-8.91166,43.31958],[-8.91209,43.32042],[-8.91125,43.32104],[-8.90958,43.32147],[-8.90792,43.321],[-8.90708,43.32178],[-8.90375,43.32186],[-8.90208,43.32236],[-8.89958,43.3211],[-8.89792,43.3211],[-8.89708,43.32032],[-8.89375,43.32033],[-8.89292,43.31952],[-8.89208,43.32034],[-8.88958,43.32035],[-8.88875,43.32114],[-8.88708,43.32111],[-8.88625,43.32031],[-8.88542,43.32031],[-8.88458,43.32103],[-8.88375,43.32024],[-8.88101,43.31958],[-8.87967,43.31625],[-8.87801,43.31542],[-8.87875,43.31372],[-8.87625,43.31371],[-8.87542,43.31289],[-8.87454,43.31292],[-8.87534,43.31375],[-8.87523,43.31458],[-8.87375,43.31605],[-8.87292,43.31609],[-8.87276,43.31708],[-8.87542,43.3176],[-8.87565,43.31875],[-8.87292,43.32059],[-8.87042,43.32344],[-8.86708,43.32311],[-8.86625,43.32169],[-8.86292,43.32085],[-8.86227,43.31792],[-8.86125,43.31689],[-8.85875,43.31676],[-8.85708,43.31757],[-8.85625,43.31729],[-8.85458,43.31996],[-8.85375,43.31989],[-8.85125,43.32146],[-8.84792,43.32022],[-8.84708,43.31944],[-8.84613,43.32042],[-8.84882,43.32208],[-8.84763,43.32292],[-8.8501,43.32542],[-8.8496,43.32875],[-8.84792,43.32973],[-8.84689,43.33208],[-8.84853,43.33542],[-8.84754,43.33625],[-8.84625,43.34027],[-8.84542,43.33997],[-8.84375,43.3409],[-8.84257,43.34208],[-8.84151,43.34458],[-8.83958,43.34494],[-8.83875,43.34569],[-8.83678,43.34375],[-8.83279,43.34292],[-8.83185,43.34208],[-8.83125,43.33956],[-8.82854,43.33875],[-8.82765,43.33708],[-8.82625,43.32827],[-8.82458,43.32932],[-8.82125,43.32927],[-8.82042,43.3285],[-8.81958,43.32923],[-8.81792,43.32911],[-8.81656,43.32708],[-8.81641,43.32542],[-8.81375,43.3239],[-8.81125,43.32519],[-8.80958,43.32515],[-8.80792,43.32621],[-8.80625,43.32576],[-8.8052,43.32375],[-8.80292,43.32197],[-8.80269,43.32125],[-8.80396,43.32042],[-8.80388,43.31792],[-8.80208,43.31728],[-8.80174,43.31625],[-8.80024,43.31542],[-8.80067,43.31375],[-8.79792,43.31333],[-8.79708,43.31186],[-8.79625,43.31184],[-8.79542,43.31257],[-8.79458,43.31104],[-8.79208,43.31166],[-8.78976,43.31042],[-8.78792,43.30847],[-8.78658,43.30792],[-8.78727,43.30708],[-8.78639,43.30542],[-8.78542,43.30528],[-8.78375,43.30367],[-8.78292,43.30448],[-8.78208,43.30367],[-8.78042,43.30366],[-8.77958,43.30442],[-8.77792,43.30276],[-8.77708,43.30266],[-8.77639,43.30125],[-8.77542,43.30114],[-8.77458,43.30033],[-8.76875,43.3003],[-8.76792,43.30107],[-8.76708,43.30032],[-8.76542,43.30178],[-8.76208,43.30252],[-8.7614,43.30125],[-8.76042,43.30117],[-8.75958,43.30035],[-8.75792,43.30264],[-8.75736,43.30208],[-8.75717,43.29958],[-8.75551,43.29875],[-8.75542,43.29704],[-8.75458,43.29704],[-8.75375,43.29621],[-8.75292,43.29836],[-8.75208,43.29778],[-8.75042,43.29768],[-8.74958,43.29617],[-8.74792,43.2961],[-8.74708,43.29451],[-8.73875,43.29439],[-8.73792,43.29368],[-8.73542,43.29366],[-8.73458,43.29494],[-8.73375,43.29441],[-8.73302,43.29458],[-8.73042,43.29611],[-8.72958,43.29532],[-8.72875,43.29532],[-8.72625,43.29687],[-8.72542,43.29683],[-8.72458,43.29605],[-8.72375,43.2967],[-8.72208,43.29648],[-8.72138,43.29292],[-8.72042,43.29277],[-8.71958,43.29117],[-8.71792,43.29114],[-8.71708,43.29033],[-8.70958,43.29029],[-8.70792,43.291],[-8.70542,43.29111],[-8.70375,43.29256],[-8.69708,43.29253],[-8.69625,43.29355],[-8.69464,43.29375],[-8.69375,43.2949],[-8.69208,43.29465],[-8.68958,43.29548],[-8.68875,43.29676],[-8.68792,43.29661],[-8.68708,43.29772],[-8.68542,43.29797],[-8.68375,43.29891],[-8.68042,43.29921],[-8.67958,43.29993],[-8.67875,43.29917],[-8.67792,43.29982],[-8.67542,43.29981],[-8.67458,43.301],[-8.67042,43.30106],[-8.66984,43.30042],[-8.67042,43.2997],[-8.6717,43.29958],[-8.66875,43.29722],[-8.66458,43.29948],[-8.664,43.30042],[-8.66792,43.30068],[-8.66837,43.30125],[-8.66792,43.30204],[-8.65958,43.30266],[-8.65792,43.30408],[-8.65542,43.30421],[-8.65458,43.30499],[-8.65125,43.30526],[-8.65104,43.30625],[-8.64958,43.30765],[-8.64708,43.3078],[-8.64625,43.30859],[-8.64292,43.30866],[-8.64208,43.30788],[-8.63792,43.30791],[-8.63708,43.30874],[-8.63538,43.30875],[-8.63542,43.30963],[-8.63375,43.30958],[-8.63208,43.31285],[-8.63125,43.31287],[-8.63042,43.31369],[-8.62875,43.31372],[-8.62458,43.31622],[-8.62208,43.31624],[-8.62125,43.31783],[-8.62042,43.31785],[-8.61958,43.31707],[-8.61708,43.31708],[-8.61656,43.31792],[-8.61542,43.31817],[-8.61375,43.31812],[-8.61292,43.3176],[-8.60958,43.31862],[-8.60875,43.31792],[-8.60914,43.32042],[-8.60625,43.3215],[-8.60364,43.32042],[-8.60285,43.31958],[-8.60375,43.31893],[-8.60375,43.3179],[-8.60118,43.31792],[-8.6017,43.31958],[-8.60125,43.32047],[-8.60042,43.31938],[-8.59708,43.31948],[-8.59458,43.32107],[-8.59208,43.32102],[-8.59125,43.32168],[-8.58912,43.32042],[-8.58875,43.31616],[-8.58792,43.31695],[-8.58375,43.31694],[-8.58292,43.31769],[-8.57875,43.31767],[-8.57792,43.31693],[-8.57542,43.3169],[-8.57458,43.31613],[-8.57292,43.31611],[-8.57208,43.31687],[-8.56875,43.31523],[-8.56792,43.31371],[-8.56625,43.31371],[-8.56542,43.3129],[-8.56456,43.31292],[-8.56292,43.31444],[-8.56208,43.3144],[-8.56125,43.31357],[-8.55958,43.31346],[-8.55875,43.3126],[-8.55458,43.31227],[-8.55208,43.3112],[-8.54792,43.31243],[-8.54208,43.31284],[-8.54194,43.31458],[-8.54042,43.31609],[-8.53958,43.31612],[-8.53875,43.31691],[-8.53708,43.31694],[-8.53625,43.31616],[-8.53292,43.31616],[-8.53208,43.31771],[-8.53026,43.31792],[-8.53015,43.31958],[-8.52875,43.32167],[-8.52458,43.32197],[-8.52208,43.32334],[-8.52118,43.32542],[-8.51699,43.32708],[-8.51633,43.32792],[-8.51375,43.32831],[-8.51292,43.32891],[-8.51042,43.32815],[-8.50875,43.32851],[-8.50792,43.32997],[-8.5055,43.33125],[-8.50792,43.33275],[-8.50905,43.33542],[-8.50574,43.33792],[-8.50418,43.34042],[-8.50208,43.34205],[-8.50094,43.34375],[-8.50089,43.34792],[-8.49983,43.35208],[-8.5,43.35625],[-8.49708,43.35673],[-8.49458,43.35896],[-8.48958,43.36144],[-8.48779,43.36042],[-8.48617,43.35708],[-8.48708,43.35351],[-8.47875,43.35349],[-8.47792,43.35422],[-8.47625,43.3543],[-8.47542,43.35362],[-8.47406,43.35542],[-8.47231,43.35625],[-8.47125,43.35808],[-8.46708,43.35861],[-8.46542,43.35995],[-8.46292,43.36073],[-8.45875,43.36109],[-8.45936,43.36208],[-8.45928,43.36458],[-8.45858,43.36542],[-8.45858,43.36708],[-8.45923,43.36792],[-8.45869,43.36958],[-8.45708,43.37138],[-8.45542,43.37178],[-8.45458,43.37115],[-8.45208,43.37118],[-8.45042,43.37338],[-8.44774,43.37375],[-8.44792,43.37755],[-8.44875,43.37767],[-8.44945,43.37708],[-8.44931,43.37625],[-8.45042,43.37521],[-8.4509,43.37542],[-8.44792,43.38157],[-8.44542,43.3818],[-8.44514,43.38042],[-8.4459,43.37958],[-8.44542,43.3792],[-8.44375,43.37927],[-8.44208,43.38162],[-8.43792,43.38177],[-8.43625,43.38314],[-8.43542,43.38314],[-8.43292,43.38008],[-8.43125,43.37984],[-8.42958,43.37842],[-8.42343,43.37792],[-8.42208,43.37729],[-8.41792,43.3745],[-8.41708,43.37171],[-8.41458,43.37136],[-8.41375,43.37077],[-8.41042,43.37072],[-8.40958,43.37001],[-8.40875,43.37001],[-8.40792,43.37072],[-8.40708,43.37],[-8.40625,43.37],[-8.40411,43.37208],[-8.40425,43.37458],[-8.40708,43.37512],[-8.4082,43.37625],[-8.40961,43.38125],[-8.40948,43.38542],[-8.40792,43.38679],[-8.40625,43.38725],[-8.40125,43.38719],[-8.39792,43.38679],[-8.3972,43.38625],[-8.39172,43.37708],[-8.39243,43.37542],[-8.38834,43.37292],[-8.3885,43.37042],[-8.38958,43.36979],[-8.39375,43.36968],[-8.39736,43.36625],[-8.40208,43.36576],[-8.40334,43.36208],[-8.40125,43.35901],[-8.39375,43.35877],[-8.39198,43.35625],[-8.38708,43.35414],[-8.38588,43.35292],[-8.38547,43.35208],[-8.38639,43.34792],[-8.38582,43.34125],[-8.38649,43.34042],[-8.38562,43.33958],[-8.38411,43.33458],[-8.38208,43.33261],[-8.38075,43.33208],[-8.38042,43.33019],[-8.38011,43.33292],[-8.38081,43.33375],[-8.37995,43.33625],[-8.38028,43.33958],[-8.37958,43.34042],[-8.37875,43.34061],[-8.37792,43.34],[-8.37458,43.34018],[-8.37458,43.34237],[-8.37375,43.34287],[-8.37042,43.3433],[-8.36958,43.34261],[-8.36708,43.34261],[-8.36625,43.34187],[-8.36042,43.3418],[-8.35958,43.34382],[-8.35542,43.34441],[-8.35375,43.34677],[-8.35098,43.34708],[-8.35125,43.34877],[-8.34767,43.34958],[-8.34913,43.35042],[-8.34875,43.35161],[-8.34792,43.35175],[-8.34688,43.35292],[-8.34792,43.35396],[-8.34958,43.35408],[-8.35125,43.35521],[-8.35153,43.35625],[-8.35018,43.35708],[-8.34875,43.35941],[-8.34792,43.35957],[-8.34625,43.36548],[-8.34292,43.36603],[-8.34103,43.36708],[-8.34042,43.36844],[-8.33929,43.36875],[-8.33958,43.36956],[-8.34182,43.37125],[-8.3426,43.37292],[-8.34125,43.3734],[-8.3408,43.37208],[-8.33958,43.37181],[-8.33939,43.37375],[-8.34125,43.37429],[-8.34153,43.37542],[-8.33958,43.37584],[-8.3389,43.37792],[-8.33767,43.37875],[-8.33958,43.3815],[-8.34542,43.38155],[-8.34625,43.38009],[-8.34875,43.37993],[-8.35042,43.3791],[-8.35221,43.37958],[-8.35356,43.38125],[-8.35172,43.38375],[-8.35013,43.38458],[-8.35101,43.38958],[-8.35042,43.39052],[-8.3477,43.39125],[-8.34879,43.39208],[-8.34792,43.39247],[-8.34561,43.39625],[-8.34375,43.39673],[-8.34208,43.39904],[-8.34125,43.39923],[-8.34042,43.39858],[-8.33958,43.39861],[-8.33708,43.40016],[-8.33458,43.40023],[-8.33375,43.401],[-8.33042,43.4011],[-8.32875,43.4034],[-8.32708,43.40356],[-8.32625,43.40495],[-8.32497,43.40458],[-8.32563,43.40375],[-8.32542,43.40283],[-8.32458,43.40363],[-8.32292,43.40365],[-8.31708,43.40364],[-8.31625,43.40285],[-8.31292,43.40284],[-8.31208,43.40365],[-8.31042,43.40366],[-8.30958,43.40444],[-8.30875,43.40366],[-8.30708,43.40519],[-8.30542,43.40518],[-8.30309,43.40292],[-8.303,43.40125],[-8.30208,43.40114],[-8.30125,43.39954],[-8.30042,43.40025],[-8.29875,43.39992],[-8.29729,43.39792],[-8.29662,43.39625],[-8.29658,43.39292],[-8.29723,43.39125],[-8.29518,43.39042],[-8.29647,43.38958],[-8.29558,43.38792],[-8.29634,43.38708],[-8.29458,43.38444],[-8.28958,43.38445],[-8.28875,43.38369],[-8.28792,43.38369],[-8.28708,43.38442],[-8.28458,43.38449],[-8.28438,43.38625],[-8.28292,43.38695],[-8.28125,43.38701],[-8.28042,43.3862],[-8.27792,43.38619],[-8.27708,43.38619],[-8.27625,43.38699],[-8.27458,43.38698],[-8.27375,43.3862],[-8.27292,43.38619],[-8.27208,43.38699],[-8.27125,43.38699],[-8.27042,43.38618],[-8.26792,43.38613],[-8.26708,43.38451],[-8.26625,43.38446],[-8.26268,43.38125],[-8.26229,43.37958],[-8.26301,43.37875],[-8.26218,43.37792],[-8.26216,43.37625],[-8.26042,43.37611],[-8.25891,43.37458],[-8.25967,43.37375],[-8.25965,43.37208],[-8.25882,43.37042],[-8.25625,43.37029],[-8.25554,43.36958],[-8.25542,43.36783],[-8.25208,43.36769],[-8.25125,43.3669],[-8.24958,43.36675],[-8.24908,43.36625],[-8.24977,43.36542],[-8.24808,43.36458],[-8.24814,43.36208],[-8.24973,43.36125],[-8.24811,43.35875],[-8.2479,43.35542],[-8.25069,43.35375],[-8.25063,43.35125],[-8.24708,43.34866],[-8.24542,43.34866],[-8.24458,43.34947],[-8.24292,43.34944],[-8.24139,43.34792],[-8.24042,43.34281],[-8.22875,43.34278],[-8.22792,43.342],[-8.22708,43.342],[-8.22465,43.33958],[-8.22375,43.33454],[-8.22286,43.33458],[-8.22282,43.33625],[-8.22208,43.33699],[-8.22134,43.33625],[-8.22208,43.33288],[-8.21875,43.33287],[-8.21792,43.3337],[-8.21708,43.3337],[-8.21625,43.33206],[-8.21375,43.33207],[-8.21292,43.33042],[-8.21208,43.32958],[-8.21125,43.32958],[-8.21125,43.33042],[-8.20958,43.33208],[-8.20875,43.33208],[-8.20958,43.33292],[-8.21125,43.33293],[-8.21287,43.33458],[-8.21285,43.33625],[-8.21361,43.33708],[-8.21312,43.34042],[-8.21042,43.34062],[-8.20792,43.33789],[-8.20457,43.33792],[-8.2062,43.34125],[-8.20708,43.34131],[-8.20867,43.34292],[-8.20875,43.34469],[-8.2102,43.34542],[-8.20946,43.34625],[-8.20958,43.34891],[-8.21125,43.34897],[-8.21375,43.35059],[-8.21458,43.34906],[-8.21542,43.34912],[-8.21827,43.35125],[-8.2183,43.35208],[-8.21763,43.35458],[-8.21458,43.35502],[-8.21375,43.35641],[-8.21208,43.35676],[-8.21125,43.35836],[-8.21042,43.35843],[-8.20916,43.35958],[-8.2085,43.36292],[-8.20958,43.36342],[-8.21042,43.36483],[-8.21125,43.36485],[-8.21208,43.36558],[-8.21375,43.36561],[-8.21458,43.3664],[-8.21542,43.36644],[-8.21625,43.36577],[-8.21755,43.36708],[-8.21765,43.37125],[-8.21608,43.37375],[-8.21595,43.37542],[-8.21434,43.37625],[-8.21434,43.37792],[-8.21708,43.37784],[-8.21828,43.38125],[-8.2198,43.38208],[-8.22018,43.38375],[-8.22208,43.3841],[-8.22292,43.38354],[-8.22362,43.38375],[-8.22435,43.38542],[-8.22292,43.38585],[-8.22208,43.3868],[-8.22042,43.38696],[-8.22149,43.38792],[-8.21857,43.38875],[-8.2184,43.39208],[-8.21458,43.39346],[-8.21413,43.39542],[-8.21125,43.39768],[-8.21023,43.39792],[-8.21239,43.39875],[-8.21342,43.40042],[-8.21354,43.40208],[-8.21125,43.40442],[-8.20875,43.40448],[-8.20708,43.4061],[-8.20608,43.40625],[-8.20542,43.40902],[-8.20125,43.40948],[-8.20042,43.41108],[-8.19292,43.41119],[-8.19125,43.41284],[-8.19042,43.41203],[-8.18958,43.41203],[-8.18875,43.41366],[-8.18542,43.41369],[-8.18458,43.41288],[-8.18375,43.4137],[-8.18292,43.41288],[-8.17875,43.41288],[-8.17792,43.41205],[-8.17623,43.41208],[-8.17542,43.41272],[-8.17458,43.41204],[-8.17375,43.41354],[-8.17292,43.41312],[-8.17253,43.41375],[-8.17258,43.41875],[-8.17458,43.41971],[-8.17708,43.41983],[-8.17958,43.41929],[-8.18125,43.42051],[-8.18458,43.42078],[-8.18536,43.42292],[-8.18625,43.42299],[-8.18708,43.4239],[-8.18792,43.42317],[-8.19042,43.42317],[-8.19208,43.4247],[-8.19542,43.42472],[-8.19625,43.42552],[-8.19708,43.42472],[-8.19875,43.42473],[-8.19958,43.42394],[-8.20125,43.42393],[-8.20203,43.42042],[-8.20458,43.41942],[-8.20792,43.41923],[-8.20875,43.41984],[-8.21208,43.41982],[-8.21375,43.41896],[-8.21542,43.41905],[-8.21647,43.41958],[-8.21771,43.42375],[-8.22125,43.42507],[-8.22292,43.42773],[-8.22458,43.42777],[-8.22542,43.42836],[-8.23708,43.42816],[-8.23792,43.42895],[-8.23875,43.42732],[-8.24042,43.4273],[-8.24125,43.42563],[-8.24208,43.42562],[-8.24307,43.42375],[-8.24292,43.4219],[-8.24,43.42125],[-8.24062,43.41792],[-8.24292,43.41668],[-8.24458,43.41675],[-8.2465,43.41792],[-8.24708,43.41921],[-8.24958,43.41995],[-8.25042,43.41942],[-8.25125,43.41996],[-8.25375,43.42011],[-8.25458,43.41949],[-8.25792,43.41931],[-8.25811,43.42042],[-8.25746,43.42125],[-8.25946,43.42208],[-8.26042,43.42409],[-8.26264,43.42458],[-8.26365,43.42708],[-8.26458,43.42786],[-8.26625,43.42789],[-8.26875,43.42912],[-8.27042,43.42913],[-8.27125,43.42989],[-8.27537,43.43042],[-8.27595,43.43292],[-8.27625,43.43319],[-8.27708,43.43262],[-8.27792,43.43275],[-8.27902,43.43375],[-8.2793,43.43542],[-8.28125,43.43654],[-8.29375,43.43577],[-8.29875,43.43754],[-8.30208,43.44107],[-8.30375,43.44027],[-8.30708,43.4401],[-8.30792,43.43933],[-8.31042,43.44109],[-8.31292,43.44124],[-8.31542,43.44205],[-8.31633,43.44292],[-8.31625,43.4451],[-8.31375,43.44632],[-8.31208,43.44583],[-8.30875,43.44592],[-8.30792,43.44661],[-8.30625,43.44664],[-8.30542,43.44596],[-8.30345,43.44625],[-8.30458,43.44838],[-8.30958,43.44946],[-8.31217,43.45125],[-8.31208,43.45319],[-8.31042,43.45443],[-8.30958,43.45459],[-8.30875,43.45408],[-8.29708,43.45444],[-8.29625,43.45523],[-8.29292,43.4553],[-8.29208,43.45678],[-8.28958,43.45696],[-8.28875,43.45779],[-8.28708,43.45783],[-8.28458,43.45942],[-8.27625,43.45949],[-8.27479,43.46292],[-8.27375,43.46335],[-8.27125,43.46325],[-8.2696,43.46208],[-8.26968,43.45792],[-8.26875,43.45769],[-8.2673,43.45625],[-8.26708,43.45526],[-8.2659,43.45542],[-8.26542,43.45724],[-8.26458,43.4559],[-8.26375,43.46081],[-8.26125,43.46264],[-8.25875,43.46269],[-8.25792,43.46193],[-8.25708,43.46371],[-8.25125,43.46364],[-8.25,43.46292],[-8.24958,43.46189],[-8.24792,43.46188],[-8.24708,43.46107],[-8.24375,43.46038],[-8.24208,43.46091],[-8.24084,43.46208],[-8.24102,43.46292],[-8.23851,43.46292],[-8.23706,43.46208],[-8.23542,43.45991],[-8.23292,43.45949],[-8.23158,43.45875],[-8.23252,43.45792],[-8.23105,43.45708],[-8.23042,43.45517],[-8.22958,43.45651],[-8.22458,43.45684],[-8.22375,43.45766],[-8.22042,43.45764],[-8.21958,43.45933],[-8.21458,43.46009],[-8.20625,43.46067],[-8.20542,43.46056],[-8.20458,43.4593],[-8.20208,43.45928],[-8.19875,43.46255],[-8.19758,43.46292],[-8.19708,43.46454],[-8.19673,43.46375],[-8.19595,43.46375],[-8.19542,43.46579],[-8.19458,43.46355],[-8.19208,43.4636],[-8.19187,43.46542],[-8.19102,43.46625],[-8.19174,43.46708],[-8.19159,43.46792],[-8.18958,43.47049],[-8.18708,43.4709],[-8.18625,43.47167],[-8.18125,43.47188],[-8.17976,43.47292],[-8.17689,43.47708],[-8.17292,43.4777],[-8.16958,43.48113],[-8.16875,43.48114],[-8.16839,43.48708],[-8.16542,43.48976],[-8.16458,43.48976],[-8.16444,43.49125],[-8.16285,43.49292],[-8.16283,43.49458],[-8.16429,43.49625],[-8.16375,43.498],[-8.16208,43.49958],[-8.16283,43.50042],[-8.16283,43.50208],[-8.16208,43.50288],[-8.16042,43.5029],[-8.15958,43.50375],[-8.16042,43.50458],[-8.15958,43.50792],[-8.15708,43.50958],[-8.15542,43.50958],[-8.15375,43.51292],[-8.15458,43.51208],[-8.15792,43.51208],[-8.15875,43.51125],[-8.16458,43.51125],[-8.16375,43.51042],[-8.16375,43.50792],[-8.16625,43.50626],[-8.16958,43.50628],[-8.16961,43.50542],[-8.17208,43.50378],[-8.17046,43.50208],[-8.17042,43.50034],[-8.16958,43.49944],[-8.16753,43.49875],[-8.1678,43.49708],[-8.16958,43.49648],[-8.17042,43.49885],[-8.17051,43.49708],[-8.17208,43.49554],[-8.17385,43.49542],[-8.17542,43.49249],[-8.17625,43.49389],[-8.17708,43.49241],[-8.17875,43.49245],[-8.17958,43.4939],[-8.18042,43.49248],[-8.18375,43.49268],[-8.18458,43.49204],[-8.18542,43.49271],[-8.18625,43.491],[-8.18771,43.49042],[-8.19208,43.48992],[-8.19375,43.48733],[-8.19542,43.48732],[-8.19625,43.48647],[-8.19708,43.48647],[-8.19708,43.48606],[-8.19542,43.48605],[-8.19458,43.48687],[-8.19375,43.48687],[-8.19292,43.486],[-8.19067,43.48542],[-8.19061,43.48458],[-8.19234,43.48375],[-8.19089,43.48208],[-8.19098,43.48042],[-8.19208,43.47928],[-8.19292,43.47918],[-8.19458,43.47909],[-8.19542,43.47984],[-8.19708,43.47983],[-8.19762,43.47792],[-8.19958,43.47717],[-8.20208,43.47715],[-8.20792,43.4784],[-8.20921,43.48208],[-8.21125,43.48267],[-8.21875,43.48009],[-8.22083,43.47625],[-8.22292,43.47478],[-8.22792,43.4749],[-8.22958,43.47592],[-8.23042,43.47526],[-8.23625,43.47517],[-8.23625,43.47551],[-8.23458,43.47554],[-8.23375,43.47753],[-8.23292,43.47754],[-8.23208,43.4784],[-8.23042,43.47841],[-8.23009,43.47875],[-8.23125,43.4799],[-8.23208,43.47989],[-8.23458,43.47824],[-8.23625,43.47822],[-8.23708,43.47596],[-8.23792,43.47742],[-8.24042,43.47741],[-8.24096,43.47625],[-8.23958,43.47525],[-8.24389,43.47542],[-8.24792,43.47877],[-8.24958,43.47929],[-8.25042,43.48259],[-8.25265,43.48292],[-8.25139,43.48542],[-8.24958,43.48586],[-8.24875,43.48673],[-8.24625,43.48686],[-8.24542,43.48837],[-8.24337,43.48875],[-8.24249,43.49042],[-8.24292,43.49097],[-8.24375,43.49189],[-8.24625,43.49247],[-8.24792,43.49102],[-8.24958,43.49081],[-8.25042,43.48843],[-8.25375,43.48829],[-8.25458,43.48986],[-8.25542,43.48826],[-8.25708,43.48819],[-8.25813,43.48708],[-8.25736,43.48625],[-8.25768,43.48292],[-8.26042,43.47889],[-8.26147,43.47125],[-8.26502,43.46875],[-8.26625,43.4669],[-8.27125,43.46656],[-8.27208,43.46734],[-8.27292,43.46656],[-8.27458,43.46658],[-8.27542,43.46735],[-8.27792,43.46733],[-8.28189,43.46292],[-8.28292,43.46338],[-8.28458,43.46322],[-8.28708,43.46165],[-8.28875,43.46159],[-8.28958,43.46095],[-8.29375,43.46098],[-8.29708,43.46135],[-8.29906,43.46208],[-8.30042,43.46496],[-8.30708,43.46592],[-8.30792,43.4666],[-8.31262,43.46708],[-8.31346,43.46875],[-8.31458,43.46944],[-8.31542,43.46888],[-8.31625,43.4698],[-8.31814,43.46875],[-8.31792,43.46617],[-8.32375,43.46501],[-8.32708,43.46234],[-8.33542,43.46191],[-8.34375,43.46228],[-8.346,43.46458],[-8.34542,43.46542],[-8.34252,43.46625],[-8.34289,43.46792],[-8.34214,43.47292],[-8.33792,43.47591],[-8.33708,43.47528],[-8.33625,43.47606],[-8.33542,43.47609],[-8.33428,43.47875],[-8.33208,43.48028],[-8.33125,43.48031],[-8.33042,43.48186],[-8.32708,43.48206],[-8.32539,43.48375],[-8.326,43.48708],[-8.32542,43.4877],[-8.32208,43.48787],[-8.32197,43.48958],[-8.32115,43.49042],[-8.32037,43.49375],[-8.32055,43.49875],[-8.31875,43.49955],[-8.3187,43.50042],[-8.31958,43.50055],[-8.32042,43.50215],[-8.32208,43.50237],[-8.32292,43.50391],[-8.32542,43.5045],[-8.32577,43.50542],[-8.32614,43.51875],[-8.32569,43.52292],[-8.32426,43.52375],[-8.32375,43.52549],[-8.31708,43.52523],[-8.31751,43.52625],[-8.31708,43.5272],[-8.31375,43.52762],[-8.31292,43.52824],[-8.31196,43.52792],[-8.30875,43.52439],[-8.30542,43.52414],[-8.30458,43.52483],[-8.30208,43.52538],[-8.30038,43.52708],[-8.30089,43.52792],[-8.30042,43.52829],[-8.29958,43.52801],[-8.29792,43.52901],[-8.29584,43.53375],[-8.29673,43.53458],[-8.29664,43.53708],[-8.29774,43.53792],[-8.29738,43.53958],[-8.30004,43.54125],[-8.30127,43.54375],[-8.30315,43.54458],[-8.30208,43.5448],[-8.30182,43.54542],[-8.30542,43.5456],[-8.30625,43.54487],[-8.31208,43.54518],[-8.31318,43.54625],[-8.31398,43.54875],[-8.31375,43.55239],[-8.31542,43.55277],[-8.31625,43.554],[-8.31792,43.55334],[-8.3212,43.55375],[-8.32292,43.55672],[-8.32458,43.55734],[-8.32574,43.56042],[-8.32266,43.56208],[-8.32125,43.56592],[-8.31958,43.56691],[-8.31792,43.56696],[-8.31625,43.56941],[-8.31292,43.57005],[-8.31208,43.56932],[-8.30625,43.56879],[-8.30613,43.56792],[-8.30743,43.56708],[-8.30731,43.56542],[-8.30625,43.56498],[-8.30542,43.56562],[-8.30341,43.56292],[-8.30292,43.56087],[-8.30125,43.56034],[-8.29875,43.55769],[-8.29625,43.55765],[-8.29542,43.55701],[-8.28458,43.55698],[-8.28357,43.55792],[-8.28413,43.55875],[-8.28375,43.55928],[-8.28125,43.55957],[-8.27958,43.55833],[-8.27625,43.55824],[-8.27542,43.55683],[-8.27292,43.55668],[-8.27125,43.55431],[-8.27042,43.5543],[-8.26958,43.55506],[-8.26458,43.5554],[-8.26399,43.55792],[-8.26292,43.55848],[-8.26208,43.55799],[-8.26125,43.55869],[-8.25875,43.55865],[-8.25871,43.56042],[-8.25792,43.56118],[-8.25625,43.56123],[-8.25542,43.55958],[-8.25541,43.56042],[-8.25375,43.56206],[-8.25208,43.56266],[-8.25125,43.56372],[-8.2504,43.56375],[-8.25035,43.56542],[-8.24958,43.56608],[-8.24625,43.56619],[-8.24542,43.56699],[-8.24208,43.56704],[-8.24042,43.56863],[-8.23947,43.56875],[-8.23943,43.56958],[-8.23792,43.57111],[-8.23531,43.57208],[-8.23458,43.57347],[-8.23292,43.57368],[-8.22875,43.57612],[-8.22708,43.57615],[-8.22542,43.57856],[-8.22458,43.57785],[-8.22292,43.57788],[-8.22125,43.57955],[-8.21851,43.58042],[-8.21868,43.58125],[-8.21689,43.58208],[-8.21708,43.58299],[-8.21848,43.58375],[-8.21834,43.58792],[-8.21625,43.5925],[-8.21375,43.59279],[-8.21208,43.59527],[-8.20792,43.59539],[-8.20708,43.59621],[-8.20375,43.59621],[-8.20292,43.59703],[-8.20199,43.59708],[-8.20125,43.5985],[-8.20033,43.59875],[-8.20073,43.60208],[-8.19875,43.60406],[-8.19542,43.60428],[-8.19208,43.60266],[-8.19278,43.60375],[-8.19194,43.60458],[-8.19187,43.60708],[-8.19416,43.60875],[-8.19444,43.61042],[-8.19375,43.61115],[-8.18958,43.61262],[-8.18819,43.61542],[-8.18827,43.61875],[-8.18625,43.62106],[-8.18125,43.62115],[-8.17965,43.62042],[-8.17981,43.61542],[-8.1806,43.61375],[-8.17708,43.61254],[-8.16458,43.61292],[-8.16453,43.61375],[-8.16208,43.6149],[-8.15458,43.61532],[-8.15346,43.61625],[-8.15375,43.61721],[-8.15208,43.61743],[-8.15125,43.61693],[-8.15042,43.6177],[-8.14933,43.62125],[-8.14792,43.62217],[-8.14756,43.62375],[-8.14616,43.62458],[-8.14597,43.62708],[-8.142,43.62875],[-8.14186,43.63208],[-8.14042,43.63354],[-8.13792,43.63439],[-8.13708,43.63364],[-8.13625,43.63514],[-8.12958,43.63607],[-8.12875,43.63612],[-8.12801,43.63458],[-8.12708,43.63452],[-8.12699,43.63625],[-8.12534,43.63792],[-8.12476,43.64125],[-8.12208,43.64235],[-8.12042,43.64227],[-8.11792,43.64103],[-8.11625,43.64087],[-8.11458,43.63864],[-8.11375,43.63911],[-8.11042,43.64151],[-8.10876,43.64875],[-8.10625,43.64935],[-8.10375,43.6462],[-8.10292,43.64693],[-8.10208,43.64677],[-8.10126,43.65292],[-8.09708,43.65359],[-8.0973,43.65625],[-8.09542,43.65844],[-8.09356,43.65875],[-8.09218,43.66208],[-8.09042,43.66305],[-8.08875,43.66295],[-8.08567,43.66125],[-8.08667,43.66042],[-8.08647,43.65792],[-8.08485,43.65708],[-8.08472,43.65542],[-8.08634,43.65458],[-8.08375,43.65447],[-8.08292,43.65365],[-8.08125,43.65353],[-8.08062,43.65292],[-8.08052,43.65042],[-8.07971,43.64958],[-8.0805,43.64875],[-8.08056,43.64458],[-8.07848,43.64375],[-8.07792,43.64292],[-8.07542,43.64339],[-8.07208,43.64292],[-8.07044,43.64542],[-8.07189,43.64708],[-8.07182,43.64875],[-8.07042,43.6509],[-8.06708,43.6511],[-8.06292,43.64954],[-8.05875,43.64956],[-8.05792,43.65039],[-8.05708,43.65039],[-8.05542,43.65039],[-8.05458,43.64957],[-8.05208,43.64957],[-8.0519,43.65375],[-8.05335,43.65458],[-8.05332,43.65625],[-8.05542,43.65809],[-8.05708,43.65805],[-8.05792,43.65726],[-8.06208,43.65722],[-8.06292,43.65648],[-8.06542,43.65647],[-8.06625,43.65802],[-8.06792,43.65803],[-8.06875,43.65724],[-8.06991,43.65708],[-8.06831,43.65625],[-8.06875,43.65435],[-8.06958,43.65449],[-8.07208,43.65749],[-8.07394,43.65792],[-8.07515,43.66042],[-8.07292,43.66274],[-8.07193,43.66542],[-8.07375,43.66601],[-8.07483,43.66708],[-8.07504,43.66875],[-8.07276,43.66958],[-8.07413,43.67042],[-8.07424,43.67125],[-8.07292,43.67189],[-8.07255,43.67375],[-8.07113,43.67458],[-8.07251,43.67542],[-8.07255,43.67875],[-8.07407,43.68125],[-8.0725,43.68292],[-8.07125,43.68333],[-8.07042,43.6827],[-8.06958,43.68353],[-8.06875,43.68357],[-8.06792,43.68282],[-8.06701,43.68292],[-8.06694,43.68542],[-8.06816,43.68625],[-8.06761,43.68958],[-8.06606,43.69125],[-8.06679,43.69208],[-8.06713,43.69458],[-8.06542,43.69643],[-8.06358,43.69708],[-8.064,43.70042],[-8.06208,43.7046],[-8.05958,43.70517],[-8.05875,43.70446],[-8.05792,43.70679],[-8.05542,43.70776],[-8.05375,43.71017],[-8.05042,43.71093],[-8.05042,43.7123],[-8.04958,43.71179],[-8.04792,43.71189],[-8.04708,43.71329],[-8.04625,43.71329],[-8.04472,43.71208],[-8.04469,43.71125],[-8.04375,43.71118],[-8.04292,43.71202],[-8.0415,43.71208],[-8.03875,43.71356],[-8.03542,43.71314],[-8.03361,43.71375],[-8.03292,43.71476],[-8.03125,43.71492],[-8.02958,43.71274],[-8.02708,43.71184],[-8.02553,43.71042],[-8.02542,43.70953],[-8.02447,43.70958],[-8.02375,43.71134],[-8.02292,43.71015],[-8.02208,43.71163],[-8.02042,43.71195],[-8.01958,43.71276],[-8.01792,43.71277],[-8.01708,43.71223],[-8.01375,43.71176],[-8.01125,43.70863],[-8.00958,43.70861],[-8.00458,43.70457],[-8.00208,43.70455],[-8.00125,43.70535],[-7.99958,43.70535],[-7.99792,43.70607],[-7.99625,43.70856],[-7.99375,43.70944],[-7.99292,43.71029],[-7.98958,43.71103],[-7.98708,43.7127],[-7.98458,43.71282],[-7.98375,43.71359],[-7.98042,43.71372],[-7.97958,43.71537],[-7.97828,43.71542],[-7.97708,43.71613],[-7.97692,43.71792],[-7.97542,43.72038],[-7.97292,43.71955],[-7.97208,43.72035],[-7.97125,43.72003],[-7.96875,43.72038],[-7.96792,43.7212],[-7.96458,43.72122],[-7.96375,43.72205],[-7.96288,43.72208],[-7.96208,43.72367],[-7.95958,43.72374],[-7.95792,43.72539],[-7.95625,43.7254],[-7.95375,43.72872],[-7.95208,43.72874],[-7.95041,43.73042],[-7.95029,43.73208],[-7.94958,43.73267],[-7.94792,43.73282],[-7.94707,43.73375],[-7.94785,43.73458],[-7.94792,43.73685],[-7.94875,43.73741],[-7.94951,43.73958],[-7.94784,43.74125],[-7.94542,43.74245],[-7.94292,43.74264],[-7.94208,43.74193],[-7.94125,43.74267],[-7.94042,43.74195],[-7.93875,43.74197],[-7.93792,43.74273],[-7.93708,43.74198],[-7.93542,43.74199],[-7.93458,43.74119],[-7.93125,43.74118],[-7.93042,43.74037],[-7.92875,43.74037],[-7.92792,43.74118],[-7.92625,43.74119],[-7.92458,43.74281],[-7.92208,43.74285],[-7.92148,43.74542],[-7.9219,43.74625],[-7.92105,43.74708],[-7.92094,43.74875],[-7.92042,43.74924],[-7.91792,43.74943],[-7.91686,43.75125],[-7.91673,43.75292],[-7.91542,43.75424],[-7.91278,43.75542],[-7.91192,43.75708],[-7.91247,43.75875],[-7.91042,43.75933],[-7.90988,43.76125],[-7.90853,43.76208],[-7.90841,43.76292],[-7.90572,43.76458],[-7.9053,43.76708],[-7.90375,43.76958],[-7.90208,43.76919],[-7.89875,43.76529],[-7.89625,43.76516],[-7.89542,43.76363],[-7.88875,43.76364],[-7.88792,43.76481],[-7.88458,43.76522],[-7.88375,43.76598],[-7.88125,43.766],[-7.88042,43.76524],[-7.87958,43.76603],[-7.87708,43.76606],[-7.87625,43.76686],[-7.87542,43.7669],[-7.87208,43.76901],[-7.87171,43.77125],[-7.86875,43.77422],[-7.86708,43.77288],[-7.86646,43.77042],[-7.86458,43.77017],[-7.86315,43.76875],[-7.86306,43.76708],[-7.86125,43.76527],[-7.85958,43.76519],[-7.85875,43.76656],[-7.85787,43.76625],[-7.85767,43.76542],[-7.85897,43.76458],[-7.85821,43.76292],[-7.85897,43.76125],[-7.8582,43.76042],[-7.85826,43.75792],[-7.85875,43.75743],[-7.86139,43.75708],[-7.86142,43.75542],[-7.86311,43.75208],[-7.86312,43.74958],[-7.86157,43.74792],[-7.86165,43.74625],[-7.86292,43.74489],[-7.86398,43.74458],[-7.86375,43.73988],[-7.86518,43.73708],[-7.86792,43.73655],[-7.86958,43.73727],[-7.87164,43.73542],[-7.87157,43.73458],[-7.86875,43.73425],[-7.86826,43.73375],[-7.86983,43.73292],[-7.86969,43.73042],[-7.86792,43.73035],[-7.86708,43.72952],[-7.86292,43.72782],[-7.86125,43.72533],[-7.85458,43.72505],[-7.85401,43.72458],[-7.85386,43.72125],[-7.85303,43.72042],[-7.85384,43.71958],[-7.85125,43.71945],[-7.85042,43.71772],[-7.84902,43.71708],[-7.8498,43.71375],[-7.85125,43.71308],[-7.85139,43.71208],[-7.84958,43.71185],[-7.84896,43.71125],[-7.84897,43.70875],[-7.84958,43.7081],[-7.85875,43.70798],[-7.85951,43.70875],[-7.85958,43.71048],[-7.86125,43.71049],[-7.86208,43.70888],[-7.86292,43.70893],[-7.86458,43.71143],[-7.86542,43.71139],[-7.8661,43.71208],[-7.86692,43.71458],[-7.87125,43.71498],[-7.87262,43.71625],[-7.87276,43.71875],[-7.87458,43.71904],[-7.87542,43.7206],[-7.87571,43.71792],[-7.87458,43.71748],[-7.87375,43.71838],[-7.87335,43.71625],[-7.87375,43.71599],[-7.87458,43.71666],[-7.87484,43.71625],[-7.87466,43.71292],[-7.87292,43.71285],[-7.87208,43.71203],[-7.87125,43.71203],[-7.86962,43.71042],[-7.86958,43.70783],[-7.86875,43.70781],[-7.86801,43.70708],[-7.86875,43.70631],[-7.8713,43.70625],[-7.8713,43.70542],[-7.87292,43.70375],[-7.87375,43.70375],[-7.87375,43.70292],[-7.87213,43.70292],[-7.87042,43.70399],[-7.86926,43.70375],[-7.86996,43.70292],[-7.86958,43.70265],[-7.86625,43.70332],[-7.86375,43.70283],[-7.85875,43.70289],[-7.86034,43.70458],[-7.86029,43.70625],[-7.86187,43.70708],[-7.86125,43.70767],[-7.85875,43.70783],[-7.85792,43.70702],[-7.85458,43.70702],[-7.85375,43.70534],[-7.85125,43.70523],[-7.85042,43.70446],[-7.84458,43.70375],[-7.84583,43.70208],[-7.84375,43.7013],[-7.84167,43.70208],[-7.84285,43.70375],[-7.84208,43.70438],[-7.84125,43.70487],[-7.84042,43.70446],[-7.83875,43.70458],[-7.83906,43.70542],[-7.83792,43.70606],[-7.82708,43.70603],[-7.82625,43.70538],[-7.82624,43.70625],[-7.82954,43.70875],[-7.82954,43.71042],[-7.82868,43.71125],[-7.82858,43.71292],[-7.82792,43.71354],[-7.82625,43.71361],[-7.82458,43.71594],[-7.82125,43.71605],[-7.81973,43.71458],[-7.81958,43.71367],[-7.81792,43.71367],[-7.81708,43.71286],[-7.81458,43.71367],[-7.81375,43.71499],[-7.80958,43.71531],[-7.80852,43.71708],[-7.80838,43.71958],[-7.80958,43.72091],[-7.81042,43.72049],[-7.81125,43.72112],[-7.81224,43.72292],[-7.80875,43.72747],[-7.80625,43.72771],[-7.80494,43.72708],[-7.80375,43.72188],[-7.80042,43.72199],[-7.79958,43.72362],[-7.79708,43.72368],[-7.79683,43.72792],[-7.79749,43.72875],[-7.7976,43.73125],[-7.79542,43.73434],[-7.79375,43.73443],[-7.79292,43.73522],[-7.79208,43.73518],[-7.79125,43.73439],[-7.78875,43.73435],[-7.78792,43.73359],[-7.78708,43.7343],[-7.78625,43.73356],[-7.78542,43.73353],[-7.78458,43.73426],[-7.78375,43.73357],[-7.77625,43.73371],[-7.77542,43.73452],[-7.77286,43.73458],[-7.77125,43.739],[-7.77042,43.7386],[-7.76375,43.73868],[-7.76292,43.74027],[-7.75792,43.74039],[-7.75708,43.74122],[-7.75622,43.74125],[-7.75292,43.74518],[-7.74958,43.74674],[-7.74875,43.74611],[-7.74625,43.74611],[-7.74542,43.74534],[-7.74208,43.74538],[-7.74125,43.74619],[-7.73875,43.74618],[-7.73792,43.74694],[-7.73708,43.74619],[-7.73625,43.74695],[-7.73458,43.747],[-7.73369,43.74875],[-7.73042,43.75116],[-7.72958,43.75039],[-7.72458,43.7504],[-7.72375,43.75117],[-7.72292,43.75113],[-7.72252,43.75458],[-7.72125,43.75675],[-7.71622,43.75708],[-7.71777,43.75958],[-7.71625,43.76497],[-7.71458,43.76521],[-7.71375,43.76603],[-7.71208,43.76613],[-7.71125,43.76695],[-7.71042,43.76697],[-7.70875,43.76926],[-7.70542,43.7695],[-7.70292,43.77114],[-7.70125,43.77115],[-7.70042,43.77193],[-7.69625,43.77197],[-7.69625,43.774],[-7.69292,43.77441],[-7.69208,43.77522],[-7.68875,43.77528],[-7.68643,43.77875],[-7.68542,43.7793],[-7.68451,43.78125],[-7.68393,43.78625],[-7.68292,43.78775],[-7.68208,43.78741],[-7.67625,43.78748],[-7.67405,43.78542],[-7.67375,43.7844],[-7.67292,43.7844],[-7.67208,43.78363],[-7.67042,43.78358],[-7.66958,43.78275],[-7.66792,43.78277],[-7.66708,43.78191],[-7.66625,43.78185],[-7.66542,43.77943],[-7.66375,43.77937],[-7.6601,43.77708],[-7.66035,43.77542],[-7.6617,43.77458],[-7.66284,43.77208],[-7.66458,43.77097],[-7.66708,43.77088],[-7.66792,43.77022],[-7.66958,43.77013],[-7.67042,43.77077],[-7.67208,43.77071],[-7.67292,43.76997],[-7.6748,43.76958],[-7.67555,43.76542],[-7.67474,43.76458],[-7.67419,43.76208],[-7.67542,43.76087],[-7.67679,43.76042],[-7.67708,43.7594],[-7.67875,43.75902],[-7.67958,43.75819],[-7.68292,43.75807],[-7.68542,43.75659],[-7.68708,43.75641],[-7.68808,43.75375],[-7.68646,43.75292],[-7.68646,43.75125],[-7.68708,43.75061],[-7.68875,43.75058],[-7.68958,43.74971],[-7.69049,43.74958],[-7.69042,43.74868],[-7.68958,43.74865],[-7.68885,43.74792],[-7.68803,43.74542],[-7.68642,43.74458],[-7.68625,43.74263],[-7.68497,43.74208],[-7.68542,43.74162],[-7.68708,43.74147],[-7.68875,43.73992],[-7.68958,43.74059],[-7.69042,43.74053],[-7.69125,43.73967],[-7.69292,43.73963],[-7.69375,43.73797],[-7.69708,43.73794],[-7.69792,43.7371],[-7.69875,43.7371],[-7.69959,43.73625],[-7.69875,43.73452],[-7.69785,43.73458],[-7.69844,43.73542],[-7.69792,43.73577],[-7.69458,43.7361],[-7.6931,43.73375],[-7.69125,43.73202],[-7.68958,43.732],[-7.68875,43.73039],[-7.68542,43.73039],[-7.68458,43.72956],[-7.68292,43.72956],[-7.68208,43.73038],[-7.68037,43.73042],[-7.68022,43.73292],[-7.67958,43.73353],[-7.67708,43.73364],[-7.67625,43.73445],[-7.67458,43.73447],[-7.67375,43.73538],[-7.67284,43.73542],[-7.67292,43.73649],[-7.67625,43.73697],[-7.67655,43.73792],[-7.67517,43.73875],[-7.675,43.74125],[-7.67375,43.74267],[-7.67292,43.74283],[-7.67205,43.74625],[-7.66875,43.7475],[-7.66708,43.74754],[-7.66625,43.74688],[-7.66208,43.7469],[-7.66125,43.74613],[-7.66042,43.74613],[-7.65958,43.74689],[-7.65875,43.74611],[-7.65458,43.74604],[-7.65292,43.74442],[-7.65125,43.74441],[-7.65089,43.74792],[-7.64997,43.74958],[-7.64693,43.75208],[-7.64542,43.7526],[-7.64125,43.7528],[-7.64042,43.75358],[-7.63542,43.75356],[-7.63477,43.75292],[-7.63469,43.75125],[-7.63292,43.75102],[-7.63208,43.75019],[-7.63125,43.75011],[-7.63055,43.74708],[-7.62898,43.74625],[-7.6297,43.74458],[-7.62891,43.74375],[-7.62904,43.74208],[-7.63042,43.74023],[-7.63292,43.73977],[-7.63305,43.73792],[-7.63125,43.73763],[-7.62909,43.73542],[-7.62909,43.73042],[-7.6298,43.72958],[-7.62792,43.72769],[-7.62652,43.72708],[-7.6257,43.72542],[-7.62636,43.72208],[-7.62478,43.72125],[-7.62475,43.72042],[-7.62556,43.71958],[-7.62292,43.7192],[-7.62042,43.71949],[-7.61958,43.71788],[-7.61792,43.71787],[-7.61778,43.71958],[-7.61708,43.72023],[-7.61642,43.71958],[-7.61634,43.71792],[-7.61542,43.71914],[-7.61375,43.7185],[-7.61292,43.71618],[-7.61208,43.71616],[-7.60958,43.71756],[-7.60875,43.71745],[-7.60729,43.71875],[-7.60616,43.71875],[-7.60705,43.71792],[-7.6078,43.71125],[-7.60992,43.71042],[-7.60987,43.70792],[-7.61141,43.70708],[-7.61143,43.70542],[-7.61305,43.70375],[-7.61231,43.70125],[-7.60958,43.69943],[-7.60832,43.70208],[-7.60708,43.70329],[-7.60542,43.7032],[-7.6035,43.70042],[-7.60406,43.69875],[-7.60337,43.69708],[-7.60491,43.69542],[-7.6052,43.69292],[-7.60708,43.69239],[-7.60958,43.68977],[-7.61125,43.68972],[-7.61222,43.68792],[-7.61221,43.68292],[-7.613,43.68208],[-7.61219,43.68125],[-7.6122,43.67875],[-7.61125,43.67937],[-7.61042,43.67926],[-7.60829,43.67542],[-7.60909,43.67375],[-7.60875,43.67188],[-7.60125,43.67179],[-7.60042,43.67334],[-7.5977,43.67458],[-7.59906,43.67542],[-7.59875,43.67628],[-7.59792,43.67643],[-7.5976,43.67792],[-7.59708,43.67824],[-7.59625,43.67763],[-7.59522,43.67875],[-7.59789,43.68042],[-7.59833,43.68125],[-7.59753,43.68208],[-7.58958,43.68484],[-7.58875,43.68709],[-7.58792,43.68671],[-7.58708,43.68758],[-7.58292,43.68774],[-7.58208,43.6885],[-7.58125,43.68851],[-7.57941,43.68958],[-7.57637,43.69292],[-7.57612,43.69375],[-7.57708,43.69502],[-7.57875,43.69508],[-7.58092,43.69708],[-7.58019,43.69875],[-7.58336,43.70125],[-7.58347,43.70292],[-7.58485,43.70458],[-7.58488,43.71042],[-7.5841,43.71208],[-7.58292,43.71259],[-7.57875,43.71271],[-7.57625,43.71111],[-7.57458,43.71108],[-7.57208,43.71254],[-7.57125,43.71105],[-7.56625,43.71102],[-7.56555,43.70958],[-7.56458,43.70948],[-7.56375,43.71088],[-7.55958,43.71066],[-7.55625,43.71212],[-7.55522,43.71542],[-7.55208,43.71612],[-7.55118,43.71792],[-7.55117,43.71958],[-7.55315,43.72125],[-7.55361,43.72292],[-7.55208,43.72348],[-7.55121,43.72458],[-7.55208,43.72549],[-7.55375,43.72574],[-7.55422,43.72625],[-7.55399,43.72875],[-7.5528,43.72958],[-7.55042,43.73021],[-7.55018,43.73125],[-7.54875,43.73263],[-7.54375,43.73277],[-7.54292,43.73198],[-7.54208,43.73198],[-7.54125,43.73271],[-7.53875,43.73264],[-7.53722,43.73125],[-7.53708,43.73032],[-7.53375,43.73028],[-7.53292,43.72953],[-7.53259,43.73042],[-7.53082,43.73125],[-7.52958,43.7335],[-7.52875,43.73333],[-7.52511,43.73625],[-7.52292,43.73668],[-7.52042,43.73346],[-7.51836,43.73292],[-7.51792,43.7302],[-7.51762,43.73125],[-7.51605,43.73208],[-7.51573,43.72875],[-7.51342,43.72708],[-7.51404,43.72542],[-7.51375,43.72356],[-7.51292,43.72357],[-7.51264,43.72458],[-7.51125,43.72572],[-7.50875,43.72571],[-7.50458,43.72432],[-7.50375,43.72199],[-7.50195,43.72208],[-7.50173,43.72375],[-7.50023,43.72458],[-7.50042,43.72574],[-7.49625,43.72611],[-7.49542,43.72755],[-7.49292,43.72771],[-7.49174,43.72875],[-7.4932,43.72958],[-7.49292,43.73014],[-7.48958,43.73116],[-7.48831,43.72958],[-7.48907,43.72792],[-7.48792,43.72736],[-7.48708,43.726],[-7.48375,43.72583],[-7.48292,43.72514],[-7.48125,43.7251],[-7.48042,43.72435],[-7.47958,43.72434],[-7.47875,43.72503],[-7.47792,43.72429],[-7.47625,43.72422],[-7.47542,43.72486],[-7.47458,43.72416],[-7.47292,43.72407],[-7.47204,43.72458],[-7.46856,43.72375],[-7.46754,43.72292],[-7.4677,43.72208],[-7.47014,43.72042],[-7.46958,43.71973],[-7.46848,43.71958],[-7.46898,43.71875],[-7.47042,43.71748],[-7.47292,43.71639],[-7.47356,43.71542],[-7.47542,43.71496],[-7.47708,43.71137],[-7.47922,43.71042],[-7.47792,43.70745],[-7.47458,43.70737],[-7.47125,43.70629],[-7.47042,43.70332],[-7.46792,43.7033],[-7.46708,43.70399],[-7.46458,43.70403],[-7.46375,43.70458],[-7.46208,43.70442],[-7.46125,43.70327],[-7.45875,43.70232],[-7.45708,43.7],[-7.45542,43.69924],[-7.45375,43.69925],[-7.45292,43.69997],[-7.44792,43.69998],[-7.44625,43.6985],[-7.44542,43.69925],[-7.44458,43.69849],[-7.44208,43.69834],[-7.44125,43.69675],[-7.44042,43.69778],[-7.43958,43.69711],[-7.4375,43.69708],[-7.43745,43.69542],[-7.43625,43.69431],[-7.43125,43.69429],[-7.43042,43.69268],[-7.42292,43.69218],[-7.42042,43.69086],[-7.41792,43.69194],[-7.41458,43.69203],[-7.41292,43.69014],[-7.41208,43.69012],[-7.41125,43.69086],[-7.40958,43.69083],[-7.40875,43.69009],[-7.40625,43.69008],[-7.40565,43.68792],[-7.40313,43.68625],[-7.40307,43.68458],[-7.40375,43.68363],[-7.39958,43.68353],[-7.39875,43.68272],[-7.39792,43.68269],[-7.39542,43.67944],[-7.39458,43.68021],[-7.39292,43.68016],[-7.39208,43.6794],[-7.38708,43.67929],[-7.38625,43.67856],[-7.38458,43.67849],[-7.38375,43.67771],[-7.37958,43.67707],[-7.37875,43.6761],[-7.37625,43.67608],[-7.37542,43.67531],[-7.37458,43.67604],[-7.37292,43.67597],[-7.37208,43.67648],[-7.37125,43.67594],[-7.36958,43.67648],[-7.36792,43.67631],[-7.36423,43.67458],[-7.3633,43.67375],[-7.36292,43.67197],[-7.35875,43.67176],[-7.35792,43.67218],[-7.35625,43.67146],[-7.35441,43.66958],[-7.35501,43.66875],[-7.35491,43.66708],[-7.35375,43.66666],[-7.35292,43.66504],[-7.3518,43.66458],[-7.35164,43.66375],[-7.35393,43.66208],[-7.35292,43.66106],[-7.35208,43.66107],[-7.35042,43.65853],[-7.34958,43.65844],[-7.34824,43.65708],[-7.34958,43.65654],[-7.34977,43.65458],[-7.35057,43.65375],[-7.34978,43.65208],[-7.34969,43.64958],[-7.34875,43.64864],[-7.34708,43.64858],[-7.34625,43.64695],[-7.34542,43.64692],[-7.34458,43.64609],[-7.34208,43.64586],[-7.34086,43.64458],[-7.34068,43.64292],[-7.34208,43.64226],[-7.34219,43.64125],[-7.34054,43.64042],[-7.34042,43.63865],[-7.33944,43.63875],[-7.33875,43.64024],[-7.33792,43.64018],[-7.33708,43.63853],[-7.33444,43.63792],[-7.33424,43.63708],[-7.33489,43.63625],[-7.33405,43.63542],[-7.33394,43.63375],[-7.33542,43.6322],[-7.33634,43.63208],[-7.33125,43.63181],[-7.33069,43.63125],[-7.33056,43.62875],[-7.33208,43.62782],[-7.32958,43.62779],[-7.32875,43.62858],[-7.32708,43.62854],[-7.32625,43.62774],[-7.32542,43.62845],[-7.32208,43.62711],[-7.3214,43.62458],[-7.31973,43.62375],[-7.31958,43.62196],[-7.31875,43.62195],[-7.31792,43.6211],[-7.31625,43.62103],[-7.31542,43.62021],[-7.31375,43.62015],[-7.31157,43.61875],[-7.31125,43.61765],[-7.30875,43.61746],[-7.30739,43.61458],[-7.3081,43.61292],[-7.30562,43.61125],[-7.30553,43.60792],[-7.30458,43.60697],[-7.30375,43.60695],[-7.30292,43.60532],[-7.30208,43.6053],[-7.30125,43.60448],[-7.29708,43.60416],[-7.29668,43.60375],[-7.29568,43.60042],[-7.29326,43.59875],[-7.29319,43.59708],[-7.29242,43.59625],[-7.29318,43.59542],[-7.2924,43.59458],[-7.29208,43.59271],[-7.28875,43.59255],[-7.28792,43.59181],[-7.28292,43.59173],[-7.28208,43.59098],[-7.28042,43.59091],[-7.27792,43.58772],[-7.27458,43.58763],[-7.27375,43.58687],[-7.27125,43.58747],[-7.26958,43.58439],[-7.26875,43.58437],[-7.26625,43.58268],[-7.26458,43.58258],[-7.26292,43.58019],[-7.26042,43.58008],[-7.25958,43.57934],[-7.25375,43.57929],[-7.25292,43.5785],[-7.25208,43.57849],[-7.25125,43.5792],[-7.24908,43.57792],[-7.24875,43.57603],[-7.24708,43.57595],[-7.24507,43.57458],[-7.24568,43.57208],[-7.24542,43.57168],[-7.24479,43.57208],[-7.24458,43.57312],[-7.24426,43.57125],[-7.24542,43.57075],[-7.24708,43.56885],[-7.24879,43.56875],[-7.24831,43.56708],[-7.24875,43.5668],[-7.25042,43.5672],[-7.25208,43.56542],[-7.25375,43.56542],[-7.25458,43.56458],[-7.25542,43.56458],[-7.25625,43.559],[-7.25792,43.55875],[-7.25875,43.55792],[-7.26125,43.55792],[-7.25375,43.55785],[-7.25292,43.55667],[-7.25036,43.55625],[-7.25292,43.55292],[-7.25542,43.55292],[-7.25625,43.55208],[-7.25792,43.55208],[-7.25875,43.55042],[-7.25543,43.54792],[-7.25542,43.54708],[-7.25375,43.54708],[-7.25375,43.54792],[-7.25292,43.54855],[-7.24792,43.54986],[-7.24625,43.55125],[-7.24542,43.55125],[-7.24458,43.55274],[-7.24208,43.55292],[-7.24292,43.55375],[-7.24292,43.55625],[-7.24375,43.55792],[-7.24458,43.55792],[-7.24535,43.55875],[-7.24458,43.55958],[-7.24375,43.55958],[-7.24375,43.56042],[-7.24458,43.56042],[-7.24531,43.56125],[-7.24542,43.56297],[-7.24625,43.56375],[-7.24586,43.56542],[-7.24706,43.56708],[-7.24542,43.56758],[-7.24458,43.5669],[-7.23958,43.56693],[-7.23875,43.56877],[-7.23542,43.56926],[-7.23292,43.56926],[-7.23208,43.5677],[-7.22958,43.56763],[-7.22875,43.56683],[-7.22458,43.56594],[-7.22375,43.56515],[-7.21375,43.56501],[-7.21292,43.56344],[-7.20625,43.56339],[-7.20542,43.56271],[-7.20375,43.56273],[-7.20292,43.56197],[-7.20208,43.56197],[-7.20125,43.56268],[-7.20042,43.56192],[-7.19875,43.5619],[-7.19708,43.56245],[-7.19625,43.56191],[-7.19292,43.56194],[-7.19208,43.56256],[-7.19125,43.56195],[-7.18708,43.56195],[-7.18625,43.56252],[-7.18458,43.56266],[-7.18125,43.56181],[-7.18042,43.56238],[-7.17708,43.56265],[-7.17513,43.56125],[-7.17495,43.55875],[-7.17569,43.55792],[-7.17458,43.55678],[-7.17292,43.55674],[-7.17208,43.5552],[-7.16792,43.55513],[-7.16708,43.55444],[-7.16625,43.55444],[-7.16542,43.55523],[-7.16208,43.55509],[-7.16125,43.5544],[-7.15958,43.55505],[-7.15875,43.55437],[-7.15625,43.55441],[-7.15458,43.55506],[-7.15375,43.55445],[-7.15208,43.55442],[-7.15125,43.55517],[-7.14625,43.55525],[-7.14542,43.5566],[-7.13958,43.55694],[-7.13792,43.55814],[-7.13708,43.55702],[-7.12792,43.55706],[-7.12542,43.55772],[-7.12375,43.55686],[-7.12208,43.55765],[-7.11792,43.55792],[-7.11869,43.55875],[-7.11838,43.56042],[-7.11708,43.56155],[-7.11542,43.56179],[-7.10792,43.56167],[-7.10708,43.56098],[-7.10542,43.56083],[-7.10375,43.55849],[-7.10292,43.55908],[-7.09958,43.55871],[-7.09708,43.55761],[-7.09375,43.55751],[-7.09208,43.55524],[-7.08958,43.55518],[-7.08799,43.55708],[-7.08708,43.55736],[-7.08042,43.55759],[-7.07958,43.55681],[-7.07708,43.55667],[-7.07625,43.55437],[-7.07542,43.55511],[-7.07292,43.55499],[-7.07208,43.55435],[-7.07125,43.55505],[-7.06875,43.55573],[-7.06625,43.55515],[-7.06402,43.55625],[-7.0625,43.55792],[-7.05958,43.55884],[-7.05542,43.55884],[-7.05375,43.5576],[-7.05208,43.55755],[-7.05125,43.55683],[-7.04958,43.55742],[-7.04708,43.55721],[-7.04657,43.55542],[-7.04542,43.55435],[-7.04458,43.55601],[-7.04375,43.55556],[-7.0401,43.55542],[-7.04088,43.55458],[-7.03542,43.55239],[-7.03348,43.54958],[-7.03409,43.54875],[-7.03395,43.54458],[-7.03472,43.54375],[-7.03339,43.53625],[-7.03375,43.53413],[-7.03542,43.53141],[-7.03708,43.53125],[-7.03728,43.53042],[-7.03958,43.52839],[-7.04125,43.52792],[-7.04208,43.52313],[-7.04542,43.52042],[-7.04609,43.51792],[-7.04715,43.51708],[-7.04654,43.51542],[-7.04292,43.51234],[-7.04208,43.51242],[-7.03958,43.51481],[-7.03681,43.52042],[-7.03633,43.52375],[-7.03375,43.52625],[-7.03246,43.52875],[-7.02875,43.52973],[-7.02458,43.52616],[-7.02125,43.52576],[-7.01625,43.5267],[-7.01375,43.52542],[-7.01103,43.52792],[-7.01146,43.52875],[-7.01375,43.52958],[-7.01458,43.53117],[-7.01666,43.53208],[-7.01708,43.5328],[-7.01792,43.53186],[-7.02125,43.53164],[-7.02125,43.53252],[-7.01951,43.53292],[-7.02091,43.53375],[-7.02208,43.53546],[-7.02248,43.53375],[-7.02359,43.53375],[-7.02408,43.53542],[-7.02344,43.53625],[-7.02458,43.53711],[-7.02542,43.53712],[-7.02708,43.53917],[-7.02792,43.53917],[-7.03011,43.54125],[-7.03012,43.54458],[-7.02792,43.54601],[-7.02625,43.54608],[-7.02542,43.54833],[-7.02458,43.54848],[-7.02395,43.54708],[-7.02292,43.54696],[-7.02278,43.54875],[-7.02194,43.54958],[-7.02187,43.55208],[-7.02292,43.55334],[-7.02473,43.55375],[-7.02593,43.55542],[-7.02628,43.55625],[-7.02542,43.5574],[-7.02292,43.55695],[-7.02208,43.55915],[-7.01792,43.55913],[-7.01625,43.55693],[-7.00542,43.55677],[-7.00458,43.5574],[-7.00208,43.55721],[-6.99958,43.55429],[-6.99625,43.55407],[-6.99375,43.55434],[-6.99208,43.55513],[-6.98958,43.55519],[-6.98875,43.55587],[-6.98792,43.55587],[-6.98708,43.55507],[-6.98542,43.55511],[-6.98208,43.55885],[-6.98042,43.55894],[-6.97875,43.55776],[-6.97708,43.55779],[-6.97625,43.55701],[-6.97458,43.55703],[-6.97375,43.55784],[-6.97284,43.55792],[-6.97125,43.5611],[-6.96958,43.56211],[-6.96792,43.56229],[-6.96708,43.56171],[-6.96042,43.56184],[-6.95958,43.56321],[-6.95875,43.5633],[-6.95792,43.5627],[-6.95708,43.56357],[-6.95542,43.56357],[-6.9551,43.56542],[-6.95429,43.56625],[-6.95471,43.56708],[-6.95341,43.56875],[-6.95208,43.56904],[-6.95159,43.56792],[-6.94986,43.56708],[-6.94958,43.56608],[-6.94792,43.56605],[-6.94792,43.56663],[-6.94875,43.56657],[-6.94922,43.56708],[-6.94754,43.56792],[-6.94708,43.57356],[-6.94375,43.57467],[-6.94125,43.57163],[-6.94042,43.57201],[-6.93792,43.57081],[-6.93708,43.57133],[-6.93375,43.5708],[-6.93292,43.57142],[-6.93125,43.57156],[-6.92958,43.57108],[-6.92901,43.57292],[-6.92792,43.57391],[-6.92542,43.57428],[-6.92292,43.57365],[-6.92208,43.57182],[-6.92042,43.57172],[-6.91958,43.57222],[-6.91792,43.57168],[-6.91708,43.57236],[-6.91458,43.57296],[-6.91292,43.57268],[-6.91234,43.57042],[-6.90958,43.57],[-6.9083,43.56875],[-6.90792,43.56691],[-6.90125,43.57064],[-6.89958,43.57068],[-6.89792,43.57006],[-6.89708,43.57072],[-6.89625,43.5701],[-6.89375,43.57006],[-6.89292,43.56938],[-6.88958,43.5704],[-6.88708,43.56747],[-6.88458,43.56706],[-6.88375,43.56597],[-6.88042,43.56595],[-6.87958,43.56519],[-6.87542,43.56493],[-6.87458,43.56275],[-6.87266,43.56375],[-6.87208,43.56601],[-6.87125,43.56585],[-6.8709,43.56625],[-6.87104,43.56792],[-6.87042,43.5686],[-6.86958,43.5675],[-6.86875,43.56757],[-6.86792,43.56959],[-6.86625,43.56887],[-6.86542,43.56751],[-6.86042,43.56747],[-6.85958,43.56756],[-6.85792,43.56914],[-6.85375,43.57027],[-6.85321,43.56708],[-6.85208,43.56676],[-6.85125,43.56511],[-6.85042,43.56512],[-6.84958,43.56585],[-6.84875,43.56517],[-6.84708,43.5652],[-6.84625,43.56589],[-6.84542,43.56521],[-6.84458,43.56591],[-6.83958,43.56576],[-6.83708,43.56694],[-6.83292,43.56666],[-6.83208,43.56598],[-6.83125,43.56599],[-6.83042,43.56671],[-6.82958,43.56602],[-6.82708,43.56558],[-6.82542,43.5658],[-6.82258,43.56375],[-6.82042,43.5633],[-6.81958,43.56178],[-6.81875,43.56166],[-6.81792,43.56006],[-6.81562,43.55792],[-6.81625,43.55669],[-6.81292,43.55677],[-6.81125,43.55449],[-6.80922,43.55458],[-6.80859,43.55625],[-6.80708,43.55776],[-6.80542,43.55779],[-6.80375,43.55917],[-6.80163,43.55875],[-6.79958,43.55531],[-6.79708,43.5553],[-6.79625,43.55689],[-6.79542,43.55694],[-6.79458,43.55777],[-6.78958,43.55779],[-6.78875,43.55699],[-6.78292,43.55706],[-6.78359,43.56458],[-6.78208,43.56604],[-6.78042,43.56614],[-6.77958,43.56537],[-6.77708,43.56536],[-6.77625,43.56688],[-6.77458,43.56755],[-6.77125,43.56767],[-6.77042,43.56667],[-6.76958,43.5677],[-6.76792,43.56771],[-6.76625,43.56856],[-6.76542,43.56769],[-6.76292,43.5677],[-6.76235,43.56708],[-6.76208,43.56288],[-6.76125,43.56362],[-6.75958,43.56355],[-6.75875,43.56207],[-6.75625,43.56208],[-6.75542,43.56361],[-6.75208,43.5642],[-6.74958,43.56584],[-6.74792,43.56601],[-6.74708,43.56671],[-6.74375,43.56663],[-6.74292,43.56525],[-6.74125,43.56513],[-6.74074,43.56458],[-6.74042,43.56277],[-6.73708,43.56273],[-6.73625,43.56336],[-6.73292,43.5637],[-6.73258,43.56292],[-6.73082,43.56208],[-6.73042,43.56098],[-6.72815,43.56042],[-6.72792,43.55865],[-6.72208,43.55695],[-6.72042,43.55707],[-6.71958,43.55863],[-6.71625,43.55865],[-6.71591,43.55958],[-6.71387,43.56042],[-6.71292,43.56173],[-6.70875,43.56333],[-6.70792,43.56278],[-6.70458,43.5627],[-6.70375,43.5633],[-6.70125,43.56328],[-6.70042,43.56261],[-6.69792,43.56313],[-6.69648,43.56208],[-6.69625,43.56118],[-6.69542,43.56193],[-6.69292,43.56153],[-6.69125,43.56233],[-6.69042,43.56217],[-6.68778,43.56042],[-6.68708,43.55936],[-6.68542,43.55933],[-6.68458,43.55864],[-6.68375,43.55936],[-6.68125,43.55945],[-6.68042,43.55869],[-6.67958,43.55944],[-6.67458,43.55943],[-6.67426,43.56042],[-6.67292,43.56086],[-6.67042,43.56322],[-6.66792,43.56354],[-6.6654,43.56625],[-6.66458,43.56645],[-6.66375,43.56592],[-6.66292,43.56661],[-6.66042,43.56676],[-6.65958,43.56736],[-6.65792,43.56663],[-6.65708,43.56713],[-6.65125,43.56667],[-6.65042,43.56719],[-6.64792,43.56711],[-6.64708,43.56658],[-6.63958,43.56891],[-6.63292,43.56928],[-6.63208,43.57053],[-6.62958,43.57021],[-6.62875,43.56947],[-6.62792,43.57091],[-6.62625,43.57134],[-6.62208,43.57004],[-6.61958,43.56602],[-6.61458,43.56582],[-6.61416,43.56542],[-6.61542,43.56487],[-6.61625,43.56249],[-6.61375,43.5618],[-6.61292,43.56104],[-6.61042,43.56113],[-6.60792,43.56266],[-6.60625,43.56272],[-6.60458,43.56371],[-6.60125,43.56315],[-6.60065,43.55875],[-6.60208,43.55719],[-6.60299,43.55708],[-6.59875,43.5565],[-6.59764,43.55542],[-6.59708,43.55365],[-6.59292,43.55361],[-6.59208,43.55435],[-6.59125,43.55437],[-6.59042,43.55364],[-6.58875,43.55365],[-6.58792,43.55441],[-6.58375,43.55443],[-6.58292,43.55515],[-6.58042,43.55521],[-6.57958,43.55719],[-6.57708,43.55757],[-6.56875,43.55751],[-6.56792,43.55677],[-6.56208,43.5567],[-6.56148,43.55542],[-6.55958,43.55447],[-6.55875,43.55518],[-6.55792,43.55505],[-6.55708,43.55352],[-6.55375,43.55341],[-6.55292,43.55267],[-6.55208,43.55268],[-6.55125,43.55345],[-6.55042,43.55274],[-6.54958,43.5535],[-6.54792,43.55358],[-6.54708,43.55425],[-6.54542,43.55357],[-6.54458,43.55425],[-6.54292,43.55421],[-6.54208,43.55475],[-6.54125,43.55413],[-6.53922,43.55375],[-6.53811,43.55208],[-6.53875,43.55035],[-6.53708,43.55024],[-6.53572,43.54875],[-6.53625,43.54803],[-6.53708,43.54797],[-6.53792,43.54875],[-6.53792,43.54708],[-6.53542,43.54624],[-6.53447,43.54708],[-6.53473,43.54875],[-6.53375,43.5484],[-6.53208,43.55012],[-6.53042,43.55004],[-6.52958,43.54865],[-6.52792,43.55029],[-6.52458,43.5503],[-6.52375,43.55104],[-6.52042,43.55081],[-6.51625,43.54866],[-6.51542,43.54947],[-6.51458,43.54946],[-6.51375,43.54862],[-6.51292,43.54857],[-6.51208,43.54699],[-6.51125,43.54829],[-6.51016,43.54792],[-6.50875,43.55006],[-6.50708,43.55098],[-6.50542,43.55101],[-6.50375,43.54944],[-6.50042,43.55164],[-6.49958,43.55097],[-6.49792,43.55101],[-6.49708,43.55168],[-6.49292,43.54952],[-6.48792,43.54945],[-6.48708,43.55024],[-6.48542,43.55026],[-6.48458,43.55111],[-6.48375,43.55114],[-6.48292,43.55347],[-6.48042,43.55355],[-6.47889,43.55208],[-6.47875,43.55117],[-6.47625,43.55116],[-6.47542,43.55038],[-6.47292,43.55038],[-6.47203,43.55208],[-6.47277,43.55292],[-6.47283,43.55625],[-6.47375,43.55651],[-6.47514,43.55958],[-6.47508,43.56125],[-6.47429,43.56208],[-6.47488,43.56292],[-6.47197,43.56375],[-6.47277,43.56708],[-6.47111,43.57042],[-6.47042,43.57109],[-6.46875,43.57115],[-6.46792,43.57032],[-6.46625,43.5703],[-6.46542,43.5695],[-6.46292,43.56944],[-6.46174,43.57042],[-6.45958,43.56849],[-6.45908,43.56708],[-6.45965,43.56542],[-6.45875,43.56528],[-6.45792,43.56364],[-6.45625,43.56359],[-6.45542,43.56441],[-6.45375,43.56484],[-6.453,43.56292],[-6.44958,43.56205],[-6.44875,43.56123],[-6.44708,43.56121],[-6.44625,43.56255],[-6.44375,43.56196],[-6.443,43.56125],[-6.44292,43.55956],[-6.44208,43.55956],[-6.44125,43.55874],[-6.44042,43.5594],[-6.43875,43.55922],[-6.43732,43.55792],[-6.43708,43.55538],[-6.43542,43.55534],[-6.43458,43.55601],[-6.43375,43.55595],[-6.43042,43.55369],[-6.42708,43.55344],[-6.42375,43.55439],[-6.42235,43.55375],[-6.42042,43.55374],[-6.41958,43.55458],[-6.41874,43.55458],[-6.41865,43.55625],[-6.41625,43.55857],[-6.41375,43.55866],[-6.41292,43.55787],[-6.40208,43.55781],[-6.39958,43.55868],[-6.39792,43.55868],[-6.39708,43.55945],[-6.39375,43.55946],[-6.39292,43.55871],[-6.38542,43.55865],[-6.38462,43.55792],[-6.38542,43.5571],[-6.38625,43.55707],[-6.38188,43.55708],[-6.37958,43.55791],[-6.37875,43.55708],[-6.37542,43.55721],[-6.37331,43.55625],[-6.37375,43.55541],[-6.37208,43.55541],[-6.37125,43.55703],[-6.36958,43.55842],[-6.36875,43.55839],[-6.3669,43.55708],[-6.36738,43.55542],[-6.37044,43.55292],[-6.36958,43.55208],[-6.36965,43.55125],[-6.36874,43.55125],[-6.36792,43.5528],[-6.36636,43.55208],[-6.36625,43.55122],[-6.36542,43.55242],[-6.3643,43.55208],[-6.36292,43.55327],[-6.36208,43.55335],[-6.36125,43.55271],[-6.35875,43.55265],[-6.35792,43.55118],[-6.35208,43.55119],[-6.35125,43.55267],[-6.34708,43.55289],[-6.34458,43.55506],[-6.34292,43.5553],[-6.34274,43.55625],[-6.34042,43.55781],[-6.33875,43.55785],[-6.33792,43.55867],[-6.33458,43.55869],[-6.33375,43.55946],[-6.32875,43.56117],[-6.32792,43.56202],[-6.32542,43.56205],[-6.32458,43.56287],[-6.32208,43.56284],[-6.32125,43.56206],[-6.32042,43.56206],[-6.31958,43.56417],[-6.31792,43.56421],[-6.31625,43.56288],[-6.31292,43.56489],[-6.31042,43.56527],[-6.30958,43.56657],[-6.30875,43.56671],[-6.30831,43.56375],[-6.30708,43.56285],[-6.30375,43.56279],[-6.30292,43.56354],[-6.30208,43.56353],[-6.30158,43.56458],[-6.29958,43.56593],[-6.29572,43.56625],[-6.29625,43.56729],[-6.29754,43.56792],[-6.29633,43.57042],[-6.29521,43.57125],[-6.29543,43.57292],[-6.29458,43.57319],[-6.29161,43.57292],[-6.29129,43.57125],[-6.29213,43.57042],[-6.29125,43.57039],[-6.29042,43.57122],[-6.28955,43.57125],[-6.28847,43.57292],[-6.28708,43.57347],[-6.28637,43.57292],[-6.28627,43.57125],[-6.28709,43.57042],[-6.28375,43.57041],[-6.28292,43.57123],[-6.28123,43.57125],[-6.28208,43.57129],[-6.28285,43.57208],[-6.28208,43.57358],[-6.28125,43.57274],[-6.27875,43.57434],[-6.27708,43.5745],[-6.27625,43.57373],[-6.27458,43.57374],[-6.27419,43.57458],[-6.27292,43.5747],[-6.27208,43.57615],[-6.27042,43.57618],[-6.26708,43.57845],[-6.26625,43.57853],[-6.26542,43.57778],[-6.25542,43.57787],[-6.25375,43.5795],[-6.25125,43.57953],[-6.25037,43.58042],[-6.25034,43.58208],[-6.24875,43.58369],[-6.24622,43.58375],[-6.24675,43.58792],[-6.24542,43.58855],[-6.24458,43.58783],[-6.24292,43.58786],[-6.24203,43.58875],[-6.24208,43.5897],[-6.24336,43.59125],[-6.24292,43.59267],[-6.24125,43.59329],[-6.24059,43.59208],[-6.23958,43.59201],[-6.23792,43.59334],[-6.23494,43.59292],[-6.23472,43.59208],[-6.23625,43.59118],[-6.23458,43.59116],[-6.23375,43.59194],[-6.23208,43.59162],[-6.23128,43.58958],[-6.23042,43.58952],[-6.22958,43.58864],[-6.22666,43.58875],[-6.22625,43.58988],[-6.22564,43.58792],[-6.22307,43.58542],[-6.22277,43.58375],[-6.22386,43.58292],[-6.22127,43.58208],[-6.22059,43.57958],[-6.21958,43.57861],[-6.21708,43.57864],[-6.21625,43.58009],[-6.21542,43.57941],[-6.21375,43.57945],[-6.21208,43.58186],[-6.21027,43.58208],[-6.20958,43.58433],[-6.20792,43.58278],[-6.20736,43.58042],[-6.20388,43.57542],[-6.20379,43.57375],[-6.20125,43.5737],[-6.20042,43.57206],[-6.19953,43.57208],[-6.19875,43.57359],[-6.19792,43.5729],[-6.19625,43.57529],[-6.19542,43.57531],[-6.19458,43.5761],[-6.19242,43.57625],[-6.19125,43.57533],[-6.19012,43.57292],[-6.19048,43.56625],[-6.18792,43.56529],[-6.18708,43.56368],[-6.18292,43.56385],[-6.18125,43.56453],[-6.17958,43.56685],[-6.17792,43.56773],[-6.17625,43.5678],[-6.17542,43.56706],[-6.17292,43.56707],[-6.17125,43.56943],[-6.16958,43.57038],[-6.16792,43.57039],[-6.16713,43.56958],[-6.16708,43.5679],[-6.16458,43.56789],[-6.16375,43.56706],[-6.16208,43.56861],[-6.16042,43.5685],[-6.15875,43.56702],[-6.15625,43.56702],[-6.15458,43.56858],[-6.15292,43.56773],[-6.15125,43.56827],[-6.14875,43.56607],[-6.14792,43.56605],[-6.14708,43.56735],[-6.14625,43.56734],[-6.14542,43.56527],[-6.14458,43.56602],[-6.14375,43.56602],[-6.14292,43.56528],[-6.14208,43.56603],[-6.14125,43.56604],[-6.14042,43.56528],[-6.13958,43.56529],[-6.13875,43.56602],[-6.13708,43.56585],[-6.13419,43.56375],[-6.13465,43.56125],[-6.13292,43.56117],[-6.13214,43.56042],[-6.13208,43.55872],[-6.13125,43.55872],[-6.13042,43.55953],[-6.12588,43.55958],[-6.12542,43.56083],[-6.12458,43.55984],[-6.12292,43.55942],[-6.12125,43.55638],[-6.11958,43.55643],[-6.11804,43.55542],[-6.11625,43.5554],[-6.11542,43.55617],[-6.11292,43.55656],[-6.11208,43.5554],[-6.11125,43.55618],[-6.11034,43.55625],[-6.10958,43.55771],[-6.10708,43.55749],[-6.10458,43.5587],[-6.10292,43.56031],[-6.09958,43.56075],[-6.09881,43.55875],[-6.09708,43.5587],[-6.09542,43.56061],[-6.09458,43.5587],[-6.09169,43.55875],[-6.09125,43.56038],[-6.08951,43.56042],[-6.09046,43.56125],[-6.08958,43.56169],[-6.08875,43.56332],[-6.08792,43.56282],[-6.08431,43.56292],[-6.08208,43.56435],[-6.07938,43.56458],[-6.07708,43.56635],[-6.07625,43.56508],[-6.07542,43.56642],[-6.07458,43.56511],[-6.07292,43.56515],[-6.07125,43.56569],[-6.06542,43.56577],[-6.06375,43.56674],[-6.06176,43.56708],[-6.06125,43.56772],[-6.05958,43.56792],[-6.05943,43.56875],[-6.05792,43.56983],[-6.05542,43.57036],[-6.05458,43.57117],[-6.05208,43.57118],[-6.05007,43.57208],[-6.04875,43.57366],[-6.04708,43.57369],[-6.04458,43.57532],[-6.03958,43.57612],[-6.03792,43.57853],[-6.03529,43.57958],[-6.03493,43.58292],[-6.03208,43.58417],[-6.03125,43.58408],[-6.03042,43.58579],[-6.02875,43.58608],[-6.02792,43.58692],[-6.02708,43.58695],[-6.02625,43.58615],[-6.02458,43.58616],[-6.02375,43.58696],[-6.02292,43.58697],[-6.02208,43.58614],[-6.02125,43.58611],[-6.01958,43.58781],[-6.01875,43.58561],[-6.01602,43.58458],[-6.01573,43.58375],[-6.01641,43.58292],[-6.01542,43.58194],[-6.01208,43.58192],[-6.0114,43.58125],[-6.01125,43.57951],[-6.01042,43.57951],[-6.00958,43.58032],[-6.00625,43.58025],[-6.00458,43.57785],[-6.00375,43.57943],[-6.00042,43.57931],[-5.99958,43.57853],[-5.99708,43.57843],[-5.99656,43.57792],[-5.99625,43.57418],[-5.99542,43.57416],[-5.99458,43.57601],[-5.99275,43.57625],[-5.99187,43.57792],[-5.99208,43.57907],[-5.98958,43.57935],[-5.98875,43.5778],[-5.98625,43.58013],[-5.98375,43.5801],[-5.98227,43.57875],[-5.98208,43.57781],[-5.98042,43.57779],[-5.97875,43.57929],[-5.97708,43.57924],[-5.97625,43.57857],[-5.97542,43.58007],[-5.97375,43.58083],[-5.97292,43.58089],[-5.97208,43.57945],[-5.97125,43.58023],[-5.96792,43.58023],[-5.96625,43.58086],[-5.96559,43.57958],[-5.96633,43.57875],[-5.96542,43.57786],[-5.96292,43.57783],[-5.96208,43.57858],[-5.95875,43.57851],[-5.95792,43.57918],[-5.95542,43.57925],[-5.95458,43.57992],[-5.95208,43.57995],[-5.95125,43.5817],[-5.95042,43.58154],[-5.94875,43.58308],[-5.94708,43.5833],[-5.94625,43.58413],[-5.94542,43.58401],[-5.94375,43.58578],[-5.94292,43.58499],[-5.93958,43.5875],[-5.93542,43.58824],[-5.93333,43.58958],[-5.93542,43.59427],[-5.94375,43.59506],[-5.94458,43.59563],[-5.94589,43.59792],[-5.94458,43.59902],[-5.94292,43.59919],[-5.94208,43.59993],[-5.93542,43.60015],[-5.93458,43.60087],[-5.93208,43.60095],[-5.93042,43.60097],[-5.92792,43.59944],[-5.92625,43.59943],[-5.92375,43.60088],[-5.92208,43.60092],[-5.91958,43.60405],[-5.91708,43.60518],[-5.91689,43.60625],[-5.91542,43.60772],[-5.91362,43.60792],[-5.91427,43.60958],[-5.91385,43.61458],[-5.9119,43.61625],[-5.91292,43.61661],[-5.91383,43.61792],[-5.91372,43.62292],[-5.91208,43.62489],[-5.91042,43.62513],[-5.90792,43.62359],[-5.90542,43.62358],[-5.90458,43.62511],[-5.90125,43.62511],[-5.90042,43.62638],[-5.89958,43.62655],[-5.89708,43.62511],[-5.89542,43.62712],[-5.89458,43.62587],[-5.89292,43.62587],[-5.89208,43.62513],[-5.88958,43.62513],[-5.88875,43.6236],[-5.88597,43.62375],[-5.88458,43.62441],[-5.88042,43.6244],[-5.87958,43.62584],[-5.87708,43.62506],[-5.87625,43.62646],[-5.87292,43.62932],[-5.86875,43.63033],[-5.86792,43.63151],[-5.86625,43.63188],[-5.86608,43.63292],[-5.86748,43.63458],[-5.86708,43.63577],[-5.86208,43.63609],[-5.86042,43.63575],[-5.85858,43.63708],[-5.85792,43.63848],[-5.85596,43.63958],[-5.858,43.64042],[-5.85843,43.64208],[-5.85965,43.64292],[-5.85976,43.64375],[-5.85987,43.64958],[-5.85792,43.65592],[-5.85625,43.65645],[-5.85579,43.65792],[-5.85458,43.65847],[-5.85375,43.65697],[-5.85292,43.65861],[-5.85125,43.65864],[-5.85042,43.65783],[-5.84542,43.65775],[-5.84458,43.65846],[-5.84208,43.65869],[-5.84124,43.65792],[-5.8415,43.65542],[-5.83913,43.65458],[-5.83708,43.651],[-5.83625,43.65222],[-5.83542,43.65107],[-5.83458,43.65086],[-5.83404,43.64875],[-5.83475,43.64708],[-5.83392,43.64542],[-5.83229,43.64375],[-5.83208,43.64273],[-5.83042,43.64268],[-5.82894,43.64125],[-5.82875,43.64029],[-5.82542,43.64031],[-5.82375,43.6419],[-5.82269,43.64208],[-5.82151,43.64458],[-5.82042,43.64494],[-5.81958,43.64274],[-5.81853,43.64292],[-5.81792,43.64432],[-5.81708,43.64268],[-5.81625,43.6426],[-5.81542,43.64176],[-5.81292,43.64155],[-5.81208,43.64207],[-5.80997,43.64125],[-5.81017,43.64042],[-5.8093,43.63875],[-5.80943,43.63542],[-5.81042,43.6309],[-5.80625,43.63045],[-5.80458,43.63377],[-5.80042,43.63562],[-5.79625,43.63662],[-5.79542,43.63585],[-5.79458,43.63651],[-5.79287,43.63625],[-5.79208,43.63018],[-5.78792,43.63008],[-5.78708,43.62935],[-5.78542,43.62931],[-5.78375,43.63043],[-5.78292,43.6304],[-5.78208,43.62919],[-5.78042,43.62905],[-5.77988,43.62708],[-5.77989,43.62542],[-5.78067,43.62458],[-5.77994,43.62375],[-5.78042,43.62043],[-5.78065,43.62125],[-5.78208,43.62156],[-5.78331,43.62042],[-5.78249,43.61958],[-5.78625,43.61908],[-5.7867,43.61708],[-5.78611,43.61625],[-5.78708,43.61516],[-5.79042,43.61481],[-5.79064,43.61375],[-5.78792,43.61344],[-5.78708,43.61261],[-5.78458,43.61239],[-5.78375,43.60939],[-5.78292,43.60937],[-5.78208,43.6103],[-5.77958,43.60925],[-5.77708,43.60962],[-5.77458,43.60687],[-5.77375,43.60761],[-5.77125,43.60751],[-5.77042,43.60813],[-5.76958,43.6067],[-5.76708,43.60675],[-5.76708,43.60541],[-5.76922,43.60292],[-5.77042,43.60251],[-5.77069,43.60125],[-5.76958,43.60018],[-5.76708,43.59924],[-5.76644,43.59625],[-5.76458,43.59594],[-5.76375,43.59438],[-5.76125,43.59583],[-5.76042,43.5958],[-5.75917,43.59458],[-5.75916,43.59208],[-5.75995,43.59125],[-5.75861,43.59042],[-5.75871,43.58958],[-5.7567,43.58792],[-5.75892,43.58708],[-5.75728,43.58542],[-5.75708,43.58434],[-5.75625,43.58423],[-5.75542,43.58551],[-5.75375,43.58342],[-5.75042,43.58337],[-5.74875,43.58441],[-5.74375,43.58311],[-5.74194,43.58125],[-5.7423,43.57792],[-5.74125,43.57848],[-5.73958,43.57841],[-5.73875,43.57902],[-5.73792,43.57885],[-5.73728,43.57542],[-5.73625,43.57444],[-5.73458,43.57442],[-5.73375,43.57361],[-5.72792,43.57322],[-5.72542,43.57244],[-5.72458,43.57164],[-5.72208,43.57154],[-5.72125,43.57088],[-5.71458,43.56911],[-5.71208,43.56914],[-5.71125,43.56987],[-5.71042,43.56988],[-5.70875,43.57198],[-5.70708,43.57244],[-5.70208,43.57233],[-5.70125,43.57163],[-5.69875,43.57459],[-5.69708,43.57447],[-5.69562,43.57292],[-5.69837,43.56958],[-5.69861,43.56708],[-5.69995,43.56625],[-5.69858,43.56542],[-5.69855,43.56458],[-5.70002,43.56208],[-5.69878,43.56125],[-5.69542,43.5506],[-5.69375,43.54878],[-5.69208,43.54796],[-5.69187,43.54708],[-5.69324,43.54542],[-5.69208,43.54434],[-5.69125,43.54433],[-5.69042,43.54508],[-5.68792,43.54433],[-5.68708,43.54578],[-5.68625,43.54507],[-5.68042,43.54471],[-5.6794,43.54375],[-5.67958,43.54178],[-5.67827,43.54208],[-5.67792,43.54316],[-5.67708,43.54271],[-5.67458,43.54473],[-5.67375,43.54258],[-5.67125,43.54264],[-5.67079,43.54458],[-5.66958,43.54614],[-5.66875,43.54609],[-5.66792,43.54798],[-5.66625,43.5484],[-5.66542,43.54994],[-5.66208,43.55003],[-5.66125,43.5493],[-5.65958,43.54924],[-5.65824,43.54792],[-5.6582,43.54542],[-5.65974,43.54458],[-5.65875,43.54276],[-5.65792,43.54273],[-5.65708,43.54193],[-5.64708,43.54192],[-5.64666,43.54375],[-5.64542,43.54483],[-5.64261,43.54542],[-5.64374,43.54625],[-5.64237,43.54708],[-5.64125,43.54895],[-5.63958,43.5492],[-5.63854,43.54875],[-5.63909,43.55042],[-5.63792,43.55227],[-5.63458,43.55263],[-5.63375,43.5511],[-5.62958,43.55113],[-5.62875,43.55035],[-5.62792,43.55107],[-5.62458,43.55116],[-5.62375,43.55199],[-5.62292,43.552],[-5.62284,43.55292],[-5.62208,43.5534],[-5.62184,43.55708],[-5.62125,43.55765],[-5.61792,43.55781],[-5.61708,43.55925],[-5.61542,43.55777],[-5.61375,43.5577],[-5.61228,43.55625],[-5.61301,43.55458],[-5.61139,43.55375],[-5.61125,43.55118],[-5.61042,43.55117],[-5.60958,43.55035],[-5.60625,43.55033],[-5.60542,43.54952],[-5.60458,43.55031],[-5.60375,43.54952],[-5.59958,43.54951],[-5.59875,43.5487],[-5.59375,43.54872],[-5.59292,43.54953],[-5.59208,43.54871],[-5.58875,43.54871],[-5.58708,43.5503],[-5.58458,43.55034],[-5.58375,43.54954],[-5.57875,43.54953],[-5.57792,43.55033],[-5.57042,43.55035],[-5.56958,43.55116],[-5.56792,43.55115],[-5.56708,43.55112],[-5.56625,43.55033],[-5.56375,43.55031],[-5.56292,43.54951],[-5.55718,43.54958],[-5.55542,43.55033],[-5.55458,43.54953],[-5.55375,43.55034],[-5.54375,43.55028],[-5.54125,43.54868],[-5.53375,43.54862],[-5.53227,43.54792],[-5.53231,43.54708],[-5.53125,43.54705],[-5.53009,43.54625],[-5.52875,43.54665],[-5.52458,43.55035],[-5.52125,43.55036],[-5.52042,43.55115],[-5.51875,43.55114],[-5.51625,43.55241],[-5.51585,43.55125],[-5.51458,43.55116],[-5.51375,43.55036],[-5.51208,43.55036],[-5.5105,43.54958],[-5.50708,43.5491],[-5.50625,43.5491],[-5.50458,43.55033],[-5.49708,43.55026],[-5.49467,43.54625],[-5.49458,43.54454],[-5.49292,43.54454],[-5.49208,43.54617],[-5.48708,43.5462],[-5.48625,43.547],[-5.48292,43.547],[-5.47875,43.54946],[-5.47542,43.54953],[-5.47458,43.55034],[-5.47292,43.55035],[-5.47208,43.55111],[-5.45958,43.55116],[-5.45875,43.55184],[-5.45792,43.55115],[-5.44708,43.55119],[-5.44625,43.55246],[-5.44208,43.55318],[-5.43708,43.55278],[-5.43625,43.55118],[-5.43375,43.55117],[-5.43292,43.55039],[-5.42958,43.55038],[-5.42875,43.55117],[-5.42542,43.55121],[-5.42458,43.55284],[-5.42208,43.55288],[-5.42125,43.55368],[-5.41875,43.55369],[-5.41792,43.5545],[-5.41375,43.55451],[-5.41208,43.55518],[-5.41125,43.55451],[-5.40792,43.55444],[-5.40708,43.55369],[-5.40542,43.55366],[-5.40434,43.55292],[-5.39958,43.5526],[-5.39875,43.55105],[-5.39708,43.55083],[-5.39582,43.54958],[-5.39555,43.54458],[-5.39464,43.54292],[-5.39292,43.54282],[-5.39208,43.54203],[-5.38958,43.54198],[-5.38792,43.54109],[-5.38724,43.54042],[-5.38718,43.53792],[-5.3864,43.53708],[-5.38642,43.53458],[-5.38542,43.5342],[-5.37542,43.53452],[-5.37526,43.53708],[-5.37375,43.53844],[-5.37208,43.53897],[-5.37002,43.53792],[-5.36875,43.53512],[-5.36708,43.53516],[-5.36375,43.53288],[-5.35875,43.53286],[-5.35792,43.53204],[-5.35292,43.53169],[-5.35042,43.53286],[-5.34875,43.53448],[-5.34208,43.53444],[-5.34082,43.53375],[-5.33625,43.53285],[-5.33125,43.53286],[-5.33042,43.53367],[-5.32875,43.53368],[-5.32792,43.53445],[-5.32208,43.53443],[-5.32125,43.53368],[-5.31792,43.53329],[-5.31625,43.53365],[-5.30792,43.53351],[-5.3044,43.53375],[-5.30375,43.53446],[-5.30125,43.53453],[-5.30042,43.5361],[-5.29542,43.53606],[-5.29467,43.53458],[-5.29375,43.53449],[-5.29125,43.53202],[-5.28958,43.53158],[-5.28875,43.53196],[-5.28792,43.53035],[-5.28542,43.52951],[-5.28458,43.52791],[-5.28292,43.52788],[-5.28208,43.52864],[-5.28125,43.5286],[-5.27969,43.52708],[-5.27958,43.52618],[-5.27708,43.52531],[-5.27542,43.52365],[-5.27458,43.5236],[-5.27375,43.52201],[-5.27208,43.52197],[-5.26958,43.52034],[-5.26792,43.52028],[-5.26708,43.51947],[-5.26542,43.51927],[-5.26485,43.51875],[-5.26477,43.51542],[-5.26635,43.51458],[-5.2664,43.51125],[-5.26792,43.50886],[-5.26965,43.50875],[-5.26958,43.50785],[-5.26875,43.50784],[-5.26542,43.50447],[-5.26375,43.50438],[-5.25875,43.50112],[-5.25754,43.50125],[-5.25708,43.50195],[-5.25542,43.50117],[-5.24958,43.50112],[-5.24875,43.50034],[-5.24792,43.50033],[-5.2455,43.49792],[-5.24542,43.49616],[-5.24375,43.49606],[-5.24144,43.49375],[-5.24125,43.49273],[-5.23958,43.49259],[-5.23875,43.49186],[-5.23708,43.49186],[-5.23625,43.49109],[-5.23375,43.49095],[-5.23292,43.49009],[-5.23134,43.48958],[-5.22875,43.48673],[-5.22625,43.48642],[-5.22456,43.48375],[-5.22448,43.48125],[-5.22344,43.48042],[-5.22414,43.47958],[-5.22089,43.47792],[-5.22042,43.47594],[-5.21708,43.47574],[-5.21542,43.47431],[-5.21375,43.47432],[-5.21292,43.47509],[-5.21208,43.47509],[-5.21125,43.47436],[-5.20542,43.47442],[-5.20375,43.47589],[-5.19792,43.47594],[-5.19708,43.47525],[-5.19625,43.47526],[-5.19458,43.47652],[-5.19375,43.47654],[-5.19259,43.47792],[-5.18958,43.47915],[-5.18792,43.47611],[-5.18708,43.47769],[-5.18625,43.47611],[-5.18375,43.4761],[-5.18292,43.47762],[-5.18042,43.47741],[-5.1798,43.47625],[-5.17792,43.47536],[-5.17042,43.47535],[-5.16958,43.47688],[-5.16792,43.47748],[-5.16292,43.47784],[-5.16208,43.47865],[-5.15875,43.47869],[-5.15792,43.47948],[-5.15708,43.47872],[-5.15625,43.47872],[-5.15542,43.47954],[-5.14792,43.47953],[-5.14708,43.48029],[-5.14292,43.48035],[-5.14208,43.48113],[-5.13792,43.48208],[-5.13708,43.48174],[-5.13542,43.48194],[-5.13458,43.48275],[-5.13125,43.48288],[-5.12875,43.48456],[-5.12708,43.48456],[-5.12625,43.48373],[-5.12542,43.48455],[-5.12125,43.48457],[-5.12042,43.48373],[-5.11875,43.4837],[-5.1172,43.48208],[-5.11714,43.47958],[-5.11381,43.47708],[-5.11375,43.4762],[-5.10792,43.47614],[-5.10708,43.47537],[-5.10458,43.47536],[-5.10375,43.47613],[-5.10292,43.47535],[-5.09958,43.47534],[-5.09875,43.47612],[-5.09773,43.47625],[-5.09708,43.4773],[-5.09542,43.47765],[-5.09375,43.47775],[-5.09292,43.47615],[-5.08792,43.47611],[-5.08708,43.4768],[-5.08676,43.47625],[-5.08458,43.47601],[-5.08292,43.47524],[-5.08042,43.47518],[-5.07812,43.47292],[-5.07792,43.47186],[-5.07458,43.47066],[-5.0741,43.46958],[-5.07473,43.46875],[-5.07458,43.46699],[-5.07208,43.4669],[-5.07125,43.46615],[-5.06458,43.46614],[-5.06675,43.46792],[-5.06661,43.46875],[-5.06542,43.46968],[-5.05792,43.46923],[-5.05645,43.46875],[-5.05416,43.46625],[-5.05292,43.46361],[-5.05042,43.46357],[-5.04958,43.46282],[-5.04875,43.46353],[-5.04625,43.46344],[-5.04458,43.46196],[-5.04292,43.46195],[-5.04208,43.4627],[-5.04125,43.46269],[-5.04042,43.46193],[-5.03708,43.46191],[-5.03625,43.46113],[-5.03125,43.46115],[-5.03042,43.46191],[-5.02875,43.46189],[-5.02792,43.46114],[-5.02625,43.46114],[-5.02542,43.46188],[-5.02125,43.46173],[-5.01708,43.46024],[-5.01542,43.45864],[-5.01375,43.45861],[-5.01292,43.45986],[-5.01042,43.46027],[-5.00958,43.45919],[-5.00208,43.459],[-5.00125,43.45841],[-5.00042,43.45898],[-4.99875,43.45912],[-4.99125,43.45914],[-4.98875,43.4598],[-4.98708,43.46112],[-4.98542,43.46093],[-4.98458,43.4615],[-4.98254,43.46042],[-4.98208,43.45928],[-4.97875,43.45929],[-4.97708,43.4597],[-4.97458,43.4622],[-4.97292,43.46174],[-4.97125,43.46247],[-4.97042,43.46179],[-4.96042,43.46184],[-4.95958,43.46107],[-4.95875,43.46181],[-4.95458,43.46178],[-4.95375,43.46103],[-4.95292,43.46101],[-4.95208,43.46101],[-4.95125,43.46176],[-4.95042,43.46102],[-4.94958,43.4624],[-4.94792,43.46235],[-4.94708,43.46168],[-4.94375,43.46161],[-4.94292,43.46087],[-4.94125,43.4607],[-4.94042,43.45916],[-4.93708,43.45908],[-4.93625,43.46003],[-4.93542,43.45999],[-4.93458,43.45922],[-4.93375,43.45932],[-4.93292,43.46085],[-4.93125,43.46101],[-4.92958,43.46223],[-4.92792,43.46162],[-4.92542,43.45924],[-4.92458,43.45919],[-4.92375,43.45778],[-4.91502,43.45708],[-4.91403,43.45458],[-4.91375,43.45435],[-4.91292,43.45497],[-4.91208,43.45358],[-4.90958,43.45351],[-4.90875,43.45275],[-4.90708,43.45406],[-4.90375,43.45395],[-4.90292,43.4526],[-4.89857,43.45208],[-4.89542,43.4506],[-4.89542,43.44927],[-4.89375,43.44923],[-4.89208,43.44992],[-4.89125,43.44922],[-4.88458,43.44929],[-4.88292,43.44683],[-4.87875,43.4466],[-4.87792,43.44515],[-4.87625,43.44507],[-4.87375,43.44198],[-4.87042,43.44186],[-4.86958,43.44254],[-4.86625,43.44274],[-4.86542,43.44358],[-4.86292,43.44441],[-4.86347,43.44542],[-4.86292,43.44595],[-4.86042,43.44532],[-4.85958,43.44684],[-4.85875,43.44681],[-4.85708,43.44525],[-4.85625,43.44522],[-4.85542,43.44596],[-4.85375,43.44591],[-4.85314,43.44458],[-4.85144,43.44375],[-4.85125,43.44285],[-4.85113,43.44375],[-4.84875,43.44608],[-4.84625,43.44609],[-4.84542,43.44682],[-4.84375,43.4468],[-4.84292,43.44603],[-4.84208,43.44657],[-4.8411,43.44625],[-4.84012,43.44375],[-4.8383,43.44208],[-4.83817,43.44125],[-4.83625,43.44077],[-4.83542,43.44],[-4.83375,43.44087],[-4.83292,43.44019],[-4.82958,43.44084],[-4.82792,43.4384],[-4.82542,43.43823],[-4.82458,43.4386],[-4.81875,43.4375],[-4.81745,43.43792],[-4.81748,43.43875],[-4.81625,43.4398],[-4.81458,43.4402],[-4.81292,43.43988],[-4.81219,43.43875],[-4.81323,43.43708],[-4.81292,43.4367],[-4.81125,43.43629],[-4.80958,43.43417],[-4.80625,43.434],[-4.80625,43.43346],[-4.8074,43.43292],[-4.80708,43.43266],[-4.80542,43.43267],[-4.80458,43.43343],[-4.80208,43.4335],[-4.80125,43.43274],[-4.79708,43.43273],[-4.79753,43.43375],[-4.79708,43.43416],[-4.79542,43.43418],[-4.79458,43.43274],[-4.79208,43.43274],[-4.79159,43.43542],[-4.78958,43.43588],[-4.78699,43.43542],[-4.78708,43.43269],[-4.78542,43.43258],[-4.78458,43.43184],[-4.78125,43.43185],[-4.78042,43.43022],[-4.77542,43.43021],[-4.77519,43.43125],[-4.77594,43.43208],[-4.77458,43.43312],[-4.77375,43.43018],[-4.76875,43.42983],[-4.76593,43.42875],[-4.76375,43.42594],[-4.75792,43.42569],[-4.75708,43.42506],[-4.75458,43.42495],[-4.75375,43.42422],[-4.75125,43.42398],[-4.74938,43.42292],[-4.74875,43.42162],[-4.74625,43.42139],[-4.74542,43.42002],[-4.74375,43.41989],[-4.74292,43.41762],[-4.74208,43.41895],[-4.74125,43.41755],[-4.73958,43.41743],[-4.73875,43.41612],[-4.73792,43.41748],[-4.73125,43.41753],[-4.72875,43.41879],[-4.72792,43.41762],[-4.72625,43.41762],[-4.72542,43.41902],[-4.72292,43.41901],[-4.72042,43.41605],[-4.71875,43.41604],[-4.71792,43.41668],[-4.71625,43.4158],[-4.71387,43.41542],[-4.71165,43.41375],[-4.71208,43.41204],[-4.71125,43.41277],[-4.70875,43.41268],[-4.70792,43.41114],[-4.70375,43.41103],[-4.70292,43.41177],[-4.70125,43.41172],[-4.70042,43.41239],[-4.69708,43.41223],[-4.69506,43.41042],[-4.69458,43.40846],[-4.68458,43.4084],[-4.68375,43.40903],[-4.68125,43.4084],[-4.67958,43.40904],[-4.67875,43.40846],[-4.67208,43.40859],[-4.67125,43.40782],[-4.66708,43.40771],[-4.66625,43.40689],[-4.66375,43.40662],[-4.66125,43.40366],[-4.65792,43.40359],[-4.65716,43.40292],[-4.65708,43.40123],[-4.65208,43.40123],[-4.65125,43.40272],[-4.64625,43.40287],[-4.64542,43.40367],[-4.64292,43.40367],[-4.64208,43.40511],[-4.64125,43.40508],[-4.64051,43.40292],[-4.63792,43.40276],[-4.63708,43.40115],[-4.63542,43.40106],[-4.63458,43.40029],[-4.62708,43.39997],[-4.62625,43.39856],[-4.62125,43.39849],[-4.62042,43.39917],[-4.61708,43.39882],[-4.61625,43.39616],[-4.61542,43.3969],[-4.61375,43.3969],[-4.61292,43.39799],[-4.61042,43.39837],[-4.60958,43.39828],[-4.60875,43.3969],[-4.60542,43.39687],[-4.60375,43.39805],[-4.60292,43.39688],[-4.59125,43.39683],[-4.58708,43.39837],[-4.58625,43.39921],[-4.58542,43.39928],[-4.58458,43.39854],[-4.58375,43.39855],[-4.58292,43.39934],[-4.57958,43.39926],[-4.57875,43.39844],[-4.57694,43.39792],[-4.57458,43.39437],[-4.56875,43.39415],[-4.56708,43.39199],[-4.56542,43.39278],[-4.56375,43.39278],[-4.56292,43.3935],[-4.56208,43.39279],[-4.55792,43.39281],[-4.55608,43.39375],[-4.55542,43.39653],[-4.55208,43.3976],[-4.55125,43.39692],[-4.54792,43.39693],[-4.54542,43.39976],[-4.53542,43.40014],[-4.53292,43.40009],[-4.53208,43.39937],[-4.53042,43.39935],[-4.52958,43.39858],[-4.52708,43.39854],[-4.52625,43.39698],[-4.52292,43.39691],[-4.52208,43.39613],[-4.51792,43.39604],[-4.51542,43.39447],[-4.50625,43.3945],[-4.50542,43.39531],[-4.50125,43.39532],[-4.49958,43.39778],[-4.49875,43.39689],[-4.49625,43.39694],[-4.49542,43.39852],[-4.49375,43.39859],[-4.49292,43.39696],[-4.48958,43.39677],[-4.48812,43.39542],[-4.48708,43.39286],[-4.48625,43.39422],[-4.48542,43.39367],[-4.48458,43.39414],[-4.48456,43.39542],[-4.48375,43.39626],[-4.48125,43.39594],[-4.48042,43.39519],[-4.47958,43.39592],[-4.47875,43.39517],[-4.47792,43.3959],[-4.47458,43.39568],[-4.47375,43.39487],[-4.47208,43.39453],[-4.47125,43.39034],[-4.46958,43.39195],[-4.46625,43.39201],[-4.46542,43.3928],[-4.46042,43.39282],[-4.45958,43.39203],[-4.45875,43.3941],[-4.45458,43.3944],[-4.45375,43.39515],[-4.45125,43.39518],[-4.45042,43.39593],[-4.44792,43.39598],[-4.44708,43.39665],[-4.44625,43.39598],[-4.44542,43.39666],[-4.44208,43.39697],[-4.43958,43.39655],[-4.43875,43.39593],[-4.43792,43.3966],[-4.43708,43.39594],[-4.43625,43.39664],[-4.43458,43.39664],[-4.43292,43.39519],[-4.43208,43.39657],[-4.42292,43.39685],[-4.42125,43.39829],[-4.41875,43.39857],[-4.39958,43.39816],[-4.39875,43.39687],[-4.39625,43.3968],[-4.39458,43.39529],[-4.38974,43.39458],[-4.38875,43.3925],[-4.3875,43.39292],[-4.38726,43.39375],[-4.38542,43.39401],[-4.38375,43.39355],[-4.38375,43.39196],[-4.37708,43.39195],[-4.37625,43.39283],[-4.37208,43.39242],[-4.37125,43.3942],[-4.37042,43.39318],[-4.36875,43.39332],[-4.36542,43.39585],[-4.36375,43.39597],[-4.36208,43.39744],[-4.36042,43.39753],[-4.35958,43.3989],[-4.35585,43.40125],[-4.35535,43.40292],[-4.35458,43.40322],[-4.35042,43.40356],[-4.34958,43.40434],[-4.34792,43.40437],[-4.34708,43.4051],[-4.34375,43.40515],[-4.34042,43.40502],[-4.33792,43.40424],[-4.33653,43.40292],[-4.33645,43.39958],[-4.33724,43.39875],[-4.33724,43.39708],[-4.33265,43.39375],[-4.3326,43.39292],[-4.33125,43.39167],[-4.32292,43.39028],[-4.31708,43.39099],[-4.31625,43.39229],[-4.31542,43.39243],[-4.31458,43.3925],[-4.31375,43.39189],[-4.31208,43.39194],[-4.31125,43.39264],[-4.30625,43.39268],[-4.30542,43.39266],[-4.30458,43.39115],[-4.30375,43.39114],[-4.30292,43.39192],[-4.30125,43.39193],[-4.30042,43.39116],[-4.29625,43.39119],[-4.29542,43.392],[-4.29458,43.39118],[-4.29375,43.39117],[-4.29292,43.39387],[-4.28958,43.39383],[-4.28792,43.39343],[-4.28664,43.39208],[-4.28813,43.39125],[-4.28726,43.39042],[-4.28458,43.39018],[-4.28375,43.38861],[-4.27708,43.38853],[-4.27625,43.38977],[-4.27292,43.39032],[-4.27307,43.39125],[-4.27208,43.3918],[-4.27125,43.39349],[-4.26958,43.3941],[-4.26708,43.39411],[-4.26625,43.39282],[-4.26542,43.3936],[-4.26458,43.39333],[-4.26208,43.39592],[-4.25625,43.39608],[-4.25542,43.39682],[-4.25125,43.39687],[-4.25042,43.39614],[-4.24708,43.39613],[-4.24542,43.39748],[-4.24375,43.39752],[-4.24208,43.39847],[-4.23958,43.39865],[-4.23875,43.39946],[-4.23458,43.3995],[-4.23375,43.40031],[-4.22708,43.4002],[-4.22625,43.39939],[-4.22458,43.39932],[-4.22235,43.39792],[-4.22125,43.39531],[-4.21708,43.39609],[-4.21625,43.39688],[-4.21458,43.39692],[-4.21375,43.39928],[-4.21208,43.39948],[-4.21125,43.40027],[-4.20958,43.40028],[-4.20875,43.40099],[-4.20542,43.40091],[-4.20458,43.40018],[-4.20125,43.40011],[-4.20042,43.39939],[-4.19958,43.39942],[-4.19875,43.40085],[-4.19542,43.40107],[-4.19125,43.40258],[-4.19042,43.40333],[-4.18292,43.40367],[-4.18042,43.40508],[-4.17958,43.40503],[-4.17792,43.40357],[-4.17708,43.40354],[-4.17557,43.40208],[-4.17552,43.40125],[-4.17458,43.40115],[-4.17375,43.40232],[-4.17261,43.40208],[-4.17125,43.40415],[-4.16792,43.4044],[-4.16708,43.40514],[-4.16375,43.40615],[-4.16292,43.4072],[-4.16042,43.40765],[-4.15875,43.40899],[-4.15542,43.40855],[-4.15458,43.40924],[-4.15208,43.40982],[-4.15042,43.41218],[-4.14958,43.4124],[-4.14875,43.41179],[-4.14625,43.41179],[-4.14542,43.41251],[-4.14375,43.41249],[-4.14292,43.41318],[-4.13708,43.41338],[-4.13458,43.41199],[-4.1336,43.41292],[-4.13292,43.41498],[-4.12542,43.41529],[-4.12375,43.41688],[-4.12125,43.4169],[-4.12042,43.41763],[-4.11458,43.41765],[-4.11208,43.41993],[-4.11042,43.42016],[-4.10958,43.42099],[-4.10792,43.42109],[-4.10708,43.42189],[-4.10625,43.42191],[-4.10458,43.4242],[-4.10208,43.42445],[-4.10042,43.42599],[-4.09792,43.42531],[-4.09625,43.4277],[-4.09375,43.42784],[-4.09518,43.42875],[-4.09496,43.42958],[-4.09208,43.43319],[-4.08875,43.43367],[-4.08708,43.43597],[-4.08542,43.4361],[-4.08458,43.43678],[-4.08292,43.43686],[-4.08191,43.43542],[-4.08042,43.43496],[-4.08042,43.43361],[-4.07875,43.43354],[-4.07625,43.43198],[-4.07542,43.43196],[-4.07208,43.43197],[-4.07125,43.43276],[-4.06292,43.43283],[-4.06125,43.43364],[-4.05458,43.43363],[-4.05292,43.43503],[-4.05208,43.4351],[-4.05125,43.43645],[-4.04792,43.43696],[-4.04625,43.43927],[-4.04375,43.43976],[-4.04208,43.43919],[-4.04152,43.43708],[-4.04049,43.43625],[-4.03669,43.43625],[-4.03542,43.43683],[-4.03312,43.44042],[-4.02542,43.44118],[-4.02458,43.44181],[-4.02292,43.44202],[-4.02458,43.44217],[-4.02529,43.44292],[-4.02521,43.44458],[-4.02458,43.44523],[-4.02208,43.44538],[-4.02125,43.44614],[-4.02171,43.44792],[-4.02125,43.44893],[-4.02042,43.44915],[-4.01875,43.44931],[-4.01792,43.44864],[-4.01708,43.44868],[-4.01542,43.44997],[-4.01375,43.44962],[-4.01157,43.44792],[-4.01149,43.44708],[-4.01042,43.447],[-4.00708,43.44426],[-4.00458,43.44381],[-4.00292,43.44228],[-4.00125,43.44195],[-4.00042,43.44033],[-3.99958,43.44033],[-3.99875,43.44111],[-3.99708,43.44113],[-3.99625,43.4427],[-3.99458,43.4435],[-3.99125,43.44258],[-3.98875,43.44361],[-3.98625,43.4457],[-3.98375,43.44558],[-3.98125,43.44194],[-3.98042,43.44417],[-3.97973,43.44375],[-3.97958,43.44167],[-3.97708,43.43872],[-3.97628,43.43958],[-3.97682,43.44375],[-3.97616,43.44458],[-3.97125,43.44674],[-3.96958,43.44909],[-3.96708,43.4501],[-3.96292,43.45346],[-3.96042,43.45364],[-3.95625,43.4565],[-3.95443,43.45875],[-3.95188,43.46042],[-3.95009,43.46458],[-3.94875,43.46574],[-3.94691,43.46625],[-3.94708,43.46823],[-3.94458,43.47065],[-3.94125,43.47108],[-3.94042,43.47013],[-3.93958,43.47015],[-3.93792,43.47104],[-3.93458,43.46951],[-3.93125,43.46941],[-3.93125,43.46993],[-3.93252,43.47042],[-3.93208,43.47139],[-3.93042,43.47187],[-3.92875,43.47095],[-3.92792,43.47158],[-3.92625,43.47175],[-3.92542,43.47378],[-3.92458,43.47336],[-3.92292,43.47352],[-3.92208,43.47429],[-3.91792,43.47436],[-3.91542,43.47576],[-3.91217,43.47542],[-3.91292,43.47441],[-3.91042,43.47443],[-3.91014,43.47542],[-3.90875,43.47603],[-3.90625,43.47603],[-3.90542,43.47519],[-3.90125,43.47513],[-3.90042,43.47572],[-3.89792,43.4755],[-3.89708,43.4756],[-3.89565,43.47708],[-3.89375,43.4775],[-3.89219,43.47708],[-3.89042,43.47466],[-3.88792,43.47414],[-3.886,43.47542],[-3.88125,43.47594],[-3.87708,43.4788],[-3.87542,43.4788],[-3.87458,43.47763],[-3.86458,43.4776],[-3.86375,43.47606],[-3.86042,43.47585],[-3.85875,43.47738],[-3.85625,43.47771],[-3.85375,43.4793],[-3.85042,43.47933],[-3.84958,43.48003],[-3.84792,43.48002],[-3.84542,43.48315],[-3.84208,43.48391],[-3.83875,43.48186],[-3.83708,43.48236],[-3.83625,43.4821],[-3.83542,43.48098],[-3.83485,43.48208],[-3.83341,43.48292],[-3.83292,43.48565],[-3.82958,43.48732],[-3.82708,43.4875],[-3.82531,43.49042],[-3.82125,43.49075],[-3.81958,43.49179],[-3.81708,43.49221],[-3.81618,43.49375],[-3.81292,43.4941],[-3.81208,43.49478],[-3.80958,43.49485],[-3.80875,43.49416],[-3.80792,43.4949],[-3.80708,43.49422],[-3.80458,43.49395],[-3.80375,43.49253],[-3.79958,43.49233],[-3.79875,43.4917],[-3.79708,43.49229],[-3.79208,43.49231],[-3.79125,43.49173],[-3.78958,43.49171],[-3.78875,43.49102],[-3.78792,43.49167],[-3.78458,43.4915],[-3.78407,43.48875],[-3.78322,43.48792],[-3.78447,43.48708],[-3.77958,43.48673],[-3.77836,43.48625],[-3.77789,43.48375],[-3.77972,43.47958],[-3.77907,43.47708],[-3.77375,43.47306],[-3.76708,43.47174],[-3.76375,43.47045],[-3.76223,43.46875],[-3.76266,43.46625],[-3.76375,43.46532],[-3.76875,43.46638],[-3.77073,43.46625],[-3.77292,43.46514],[-3.77458,43.46494],[-3.77625,43.46542],[-3.77958,43.46221],[-3.78283,43.46208],[-3.78375,43.46142],[-3.78625,43.46141],[-3.78708,43.46081],[-3.79958,43.46071],[-3.80125,43.46029],[-3.80208,43.46105],[-3.80336,43.46042],[-3.8032,43.45875],[-3.80792,43.45629],[-3.80797,43.45542],[-3.81042,43.45315],[-3.81141,43.45292],[-3.81375,43.44982],[-3.8202,43.44875],[-3.82133,43.44625],[-3.82609,43.44375],[-3.82542,43.44228],[-3.82375,43.44142],[-3.81458,43.44115],[-3.81366,43.44042],[-3.81375,43.4373],[-3.80875,43.43606],[-3.79792,43.4309],[-3.79544,43.43458],[-3.79208,43.43677],[-3.78875,43.43681],[-3.78375,43.43431],[-3.78208,43.43496],[-3.77701,43.43875],[-3.77571,43.44125],[-3.77521,43.44458],[-3.77575,43.45042],[-3.77404,43.45375],[-3.77208,43.45499],[-3.76958,43.45586],[-3.76792,43.45532],[-3.76708,43.45602],[-3.76375,43.45486],[-3.76042,43.455],[-3.75708,43.45661],[-3.7511,43.45708],[-3.74923,43.46042],[-3.74625,43.4615],[-3.74458,43.46144],[-3.74184,43.46042],[-3.74093,43.45958],[-3.74061,43.45792],[-3.73842,43.45792],[-3.73625,43.46041],[-3.73542,43.46041],[-3.73375,43.45875],[-3.73125,43.46122],[-3.72864,43.46208],[-3.72785,43.46542],[-3.72936,43.46958],[-3.72625,43.47034],[-3.72333,43.47292],[-3.72458,43.47322],[-3.72514,43.47542],[-3.72375,43.47698],[-3.72125,43.47693],[-3.7197,43.47542],[-3.71708,43.47508],[-3.71625,43.47599],[-3.71375,43.47587],[-3.71292,43.47752],[-3.71208,43.47761],[-3.71125,43.47859],[-3.70792,43.47852],[-3.70708,43.4793],[-3.69625,43.47961],[-3.69515,43.47875],[-3.69375,43.47614],[-3.68542,43.47583],[-3.68329,43.47875],[-3.68208,43.47849],[-3.67625,43.47996],[-3.67497,43.48375],[-3.67458,43.48427],[-3.67292,43.4845],[-3.67208,43.48587],[-3.67042,43.48614],[-3.66958,43.48698],[-3.66708,43.48701],[-3.66542,43.48859],[-3.66292,43.48866],[-3.66278,43.48958],[-3.66125,43.49112],[-3.65875,43.49118],[-3.65792,43.49038],[-3.65708,43.49119],[-3.65618,43.49125],[-3.65613,43.49208],[-3.65446,43.49292],[-3.65375,43.49437],[-3.65125,43.49448],[-3.64875,43.49613],[-3.64542,43.49616],[-3.64515,43.49708],[-3.64338,43.49792],[-3.64292,43.49899],[-3.64208,43.49928],[-3.64125,43.49861],[-3.63542,43.49866],[-3.63458,43.49704],[-3.62625,43.49691],[-3.62542,43.49844],[-3.62292,43.49865],[-3.62125,43.50009],[-3.6197,43.49792],[-3.61958,43.49671],[-3.61875,43.49671],[-3.61858,43.49792],[-3.61668,43.49958],[-3.61753,43.50042],[-3.61458,43.50039],[-3.61292,43.49926],[-3.61208,43.49933],[-3.60958,43.50105],[-3.60899,43.50292],[-3.60792,43.50395],[-3.60625,43.50423],[-3.60542,43.50512],[-3.60495,43.50708],[-3.60375,43.50825],[-3.60208,43.50847],[-3.60042,43.50969],[-3.59958,43.50931],[-3.59792,43.50994],[-3.59625,43.51238],[-3.59208,43.51288],[-3.59125,43.51408],[-3.58958,43.51424],[-3.58708,43.5137],[-3.58625,43.51276],[-3.5826,43.51208],[-3.58125,43.50694],[-3.58042,43.50671],[-3.57958,43.50757],[-3.57877,43.50542],[-3.58042,43.50373],[-3.57954,43.50375],[-3.57875,43.50447],[-3.57708,43.5044],[-3.57681,43.50625],[-3.57589,43.50708],[-3.57208,43.5077],[-3.57125,43.509],[-3.56708,43.50852],[-3.56625,43.50779],[-3.56542,43.50924],[-3.56292,43.50977],[-3.56042,43.50884],[-3.55958,43.50782],[-3.55875,43.50783],[-3.55792,43.50858],[-3.55708,43.50781],[-3.55542,43.5078],[-3.55458,43.50848],[-3.55042,43.50852],[-3.54958,43.50924],[-3.54708,43.50842],[-3.54567,43.50708],[-3.54542,43.5052],[-3.54375,43.50519],[-3.54103,43.50292],[-3.54106,43.49625],[-3.54167,43.49458],[-3.54306,43.49375],[-3.53958,43.49245],[-3.53542,43.49167],[-3.53292,43.49394],[-3.53208,43.49269],[-3.52958,43.49203],[-3.52792,43.49372],[-3.52708,43.49344],[-3.52458,43.49522],[-3.52292,43.49556],[-3.52208,43.49659],[-3.52125,43.49435],[-3.52042,43.49507],[-3.51708,43.49488],[-3.51625,43.49416],[-3.51458,43.49407],[-3.51375,43.49239],[-3.51277,43.49208],[-3.51311,43.48792],[-3.51208,43.47977],[-3.50708,43.47946],[-3.49958,43.47784],[-3.49292,43.47719],[-3.488,43.47458],[-3.4877,43.47375],[-3.49125,43.47271],[-3.49601,43.47208],[-3.49542,43.4712],[-3.48375,43.47104],[-3.48292,43.4703],[-3.47542,43.47031],[-3.474,43.46875],[-3.47375,43.4668],[-3.46708,43.46635],[-3.46625,43.46576],[-3.46208,43.46573],[-3.46125,43.46504],[-3.45625,43.46414],[-3.45208,43.46426],[-3.45125,43.46598],[-3.44879,43.46708],[-3.44878,43.46792],[-3.44792,43.46827],[-3.44708,43.46812],[-3.44662,43.46708],[-3.44497,43.46625],[-3.44208,43.46618],[-3.44125,43.46538],[-3.43375,43.46526],[-3.43302,43.46375],[-3.43125,43.46363],[-3.42886,43.46125],[-3.42837,43.45958],[-3.42625,43.45907],[-3.42478,43.45708],[-3.42386,43.45042],[-3.42542,43.44914],[-3.4247,43.44292],[-3.42625,43.44144],[-3.42792,43.44144],[-3.42958,43.43976],[-3.4311,43.43958],[-3.43125,43.4387],[-3.43375,43.43719],[-3.43625,43.43712],[-3.43708,43.4363],[-3.43875,43.43584],[-3.44666,43.43708],[-3.44671,43.43542],[-3.44316,43.42792],[-3.44487,43.42708],[-3.44539,43.42292],[-3.44375,43.42139],[-3.44208,43.42176],[-3.44191,43.42292],[-3.44329,43.42458],[-3.44292,43.42731],[-3.44172,43.42542],[-3.43875,43.42317],[-3.43632,43.41958],[-3.43792,43.41913],[-3.43958,43.42053],[-3.44044,43.42042],[-3.44092,43.41875],[-3.44032,43.41792],[-3.43958,43.41731],[-3.43542,43.41776],[-3.43375,43.41608],[-3.43076,43.41542],[-3.42792,43.41306],[-3.42292,43.41239],[-3.41875,43.41389],[-3.41782,43.41625],[-3.41778,43.41958],[-3.41708,43.4205],[-3.41458,43.42088],[-3.41208,43.41946],[-3.40958,43.41925],[-3.40903,43.41792],[-3.40792,43.4176],[-3.40708,43.41612],[-3.40542,43.4161],[-3.40458,43.41534],[-3.40375,43.41611],[-3.40125,43.41616],[-3.39958,43.4182],[-3.39708,43.41901],[-3.39458,43.41862],[-3.39292,43.417],[-3.39191,43.41708],[-3.39125,43.41841],[-3.38958,43.41877],[-3.38792,43.41847],[-3.38708,43.41744],[-3.38292,43.41705],[-3.38208,43.4162],[-3.37292,43.41615],[-3.37208,43.41706],[-3.36958,43.41633],[-3.36887,43.41542],[-3.36815,43.41375],[-3.36958,43.41286],[-3.36792,43.41285],[-3.36708,43.41332],[-3.36542,43.41203],[-3.36375,43.41202],[-3.36438,43.41292],[-3.36292,43.41359],[-3.35875,43.41202],[-3.35792,43.41405],[-3.35625,43.41495],[-3.35542,43.41493],[-3.35458,43.4136],[-3.34792,43.41369],[-3.34625,43.4161],[-3.34375,43.41619],[-3.34292,43.41696],[-3.34208,43.41698],[-3.34125,43.41618],[-3.33958,43.41617],[-3.33708,43.41292],[-3.33702,43.41458],[-3.33625,43.41528],[-3.33542,43.41432],[-3.33375,43.41514],[-3.33291,43.41625],[-3.32958,43.41656],[-3.32875,43.4159],[-3.32625,43.4158],[-3.32458,43.41703],[-3.32428,43.41375],[-3.32563,43.41292],[-3.32388,43.40875],[-3.32468,43.40292],[-3.32294,43.40208],[-3.32208,43.40078],[-3.32125,43.40089],[-3.32042,43.40028],[-3.31838,43.40042],[-3.31792,43.40183],[-3.31542,43.40338],[-3.31375,43.40602],[-3.31125,43.40798],[-3.30375,43.40909],[-3.29792,43.4088],[-3.29625,43.40785],[-3.29375,43.40757],[-3.29117,43.40625],[-3.29104,43.40542],[-3.28792,43.40523],[-3.28708,43.40453],[-3.27125,43.40315],[-3.26875,43.40354],[-3.26792,43.40273],[-3.26708,43.40361],[-3.26042,43.40354],[-3.25958,43.40274],[-3.25875,43.40274],[-3.25792,43.40353],[-3.25542,43.40343],[-3.25458,43.4027],[-3.25208,43.40201],[-3.24958,43.40022],[-3.24792,43.40014],[-3.24708,43.39935],[-3.23875,43.39924],[-3.23458,43.39673],[-3.23125,43.3966],[-3.23042,43.39596],[-3.22708,43.39639],[-3.22458,43.39504],[-3.22204,43.39542],[-3.22125,43.39291],[-3.22377,43.38958],[-3.22311,43.38875],[-3.22458,43.38828],[-3.22482,43.38708],[-3.22375,43.386],[-3.22125,43.38591],[-3.22042,43.38662],[-3.21731,43.38625],[-3.21542,43.3822],[-3.21456,43.38208],[-3.21542,43.38206],[-3.21568,43.38042],[-3.21458,43.38004],[-3.21292,43.3779],[-3.21184,43.37792],[-3.21223,43.37625],[-3.21125,43.37439],[-3.20958,43.37431],[-3.20792,43.3755],[-3.20542,43.3754],[-3.20458,43.37424],[-3.19875,43.37464],[-3.19938,43.37375],[-3.19879,43.37292],[-3.19625,43.37234],[-3.19502,43.37125],[-3.19375,43.36528],[-3.19292,43.36658],[-3.19213,43.36375],[-3.19203,43.36458],[-3.19042,43.36609],[-3.18875,43.36643],[-3.18625,43.36603],[-3.18568,43.36458],[-3.18375,43.36422],[-3.18294,43.36208],[-3.17875,43.3587],[-3.17625,43.3583],[-3.17375,43.35987],[-3.17125,43.35942],[-3.16635,43.35625],[-3.16625,43.35539],[-3.16458,43.3549],[-3.16377,43.35375],[-3.16125,43.35243],[-3.15792,43.35398],[-3.15125,43.35364],[-3.14875,43.35284],[-3.14375,43.35256],[-3.13984,43.35292],[-3.13792,43.35364],[-3.12958,43.35364],[-3.12875,43.35504],[-3.12625,43.35358],[-3.12458,43.35334],[-3.12125,43.35032],[-3.11708,43.35033],[-3.11542,43.35077],[-3.11462,43.35208],[-3.11375,43.35434],[-3.11397,43.35792],[-3.11015,43.36042],[-3.11006,43.36125],[-3.1115,43.36208],[-3.11125,43.36243],[-3.10875,43.36382],[-3.10625,43.36434],[-3.10375,43.36435],[-3.10292,43.36351],[-3.10208,43.36352],[-3.10125,43.36434],[-3.10042,43.36432],[-3.09958,43.36359],[-3.09792,43.36349],[-3.09708,43.36414],[-3.09542,43.36395],[-3.09458,43.36317],[-3.09208,43.36244],[-3.09125,43.36268],[-3.08875,43.36101],[-3.08512,43.36042],[-3.08375,43.35902],[-3.08208,43.3584],[-3.07875,43.35479],[-3.07375,43.35368],[-3.06875,43.35174],[-3.06542,43.34971],[-3.06386,43.34792],[-3.06042,43.34632],[-3.0502,43.34458],[-3.04208,43.34149],[-3.03708,43.33869],[-3.02875,43.33291],[-3.02708,43.33246],[-3.02208,43.32786],[-3.01875,43.3277],[-3.01442,43.32958],[-3.01542,43.32972],[-3.0158,43.33042],[-3.01246,43.33375],[-3.01208,43.33709],[-3.01625,43.33922],[-3.01724,43.33875],[-3.01643,43.34042],[-3.01739,43.34125],[-3.01739,43.34208],[-3.01458,43.34469],[-3.01445,43.34792],[-3.01625,43.34768],[-3.02093,43.35125],[-3.02205,43.35375],[-3.02086,43.35708],[-3.02208,43.35814],[-3.02458,43.35913],[-3.02593,43.36125],[-3.02958,43.36331],[-3.03125,43.36545],[-3.03292,43.36573],[-3.03375,43.36655],[-3.0348,43.36792],[-3.03473,43.36875],[-3.03625,43.36937],[-3.03878,43.37208],[-3.03854,43.37458],[-3.03625,43.37571],[-3.03458,43.37539],[-3.03359,43.37625],[-3.03356,43.37792],[-3.03292,43.37852],[-3.03125,43.37865],[-3.03042,43.37944],[-3.02075,43.37958],[-3.01875,43.38063],[-3.01686,43.38042],[-3.01292,43.38348],[-3.00708,43.38339],[-3.00575,43.38375],[-3.00292,43.38706],[-3.00042,43.38775],[-2.99875,43.38925],[-2.99422,43.39042],[-2.99292,43.39138],[-2.99125,43.39416],[-2.99042,43.39393],[-2.98958,43.39464],[-2.98657,43.39875],[-2.98435,43.39958],[-2.98292,43.40097],[-2.98125,43.40081],[-2.97958,43.40254],[-2.97702,43.40292],[-2.97533,43.40458],[-2.97294,43.41125],[-2.97042,43.41278],[-2.96708,43.41283],[-2.96542,43.4142],[-2.96292,43.41417],[-2.96208,43.41356],[-2.96125,43.41414],[-2.95792,43.4143],[-2.95708,43.41375],[-2.95458,43.41381],[-2.95375,43.41292],[-2.95125,43.41287],[-2.94958,43.41368],[-2.94875,43.41274],[-2.94819,43.41292],[-2.94708,43.41472],[-2.94693,43.41708],[-2.94792,43.41631],[-2.95125,43.41657],[-2.95173,43.41958],[-2.95292,43.41986],[-2.95451,43.42125],[-2.95491,43.42292],[-2.95353,43.42458],[-2.95432,43.42708],[-2.95292,43.42934],[-2.95125,43.43017],[-2.94736,43.43042],[-2.94744,43.43125],[-2.94609,43.43292],[-2.9468,43.43375],[-2.94625,43.4364],[-2.94375,43.43683],[-2.94292,43.43605],[-2.94208,43.436],[-2.94125,43.43448],[-2.93958,43.43536],[-2.93208,43.43591],[-2.92875,43.43728],[-2.92542,43.43735],[-2.92375,43.43832],[-2.91958,43.43919],[-2.91375,43.43917],[-2.91042,43.43822],[-2.90953,43.43958],[-2.90792,43.43995],[-2.90542,43.43859],[-2.90208,43.43867],[-2.89875,43.43458],[-2.89542,43.4351],[-2.89458,43.43458],[-2.89292,43.43458],[-2.89125,43.43627],[-2.88792,43.43674],[-2.88625,43.43643],[-2.88458,43.43695],[-2.88292,43.43627],[-2.87958,43.43757],[-2.87292,43.43536],[-2.86875,43.43509],[-2.86739,43.43375],[-2.86802,43.43292],[-2.86458,43.43118],[-2.86292,43.43181],[-2.86208,43.4315],[-2.86042,43.4319],[-2.85958,43.43131],[-2.85792,43.43189],[-2.85458,43.4314],[-2.85375,43.43042],[-2.85125,43.43034],[-2.85042,43.43122],[-2.84958,43.43111],[-2.84838,43.43292],[-2.84625,43.43353],[-2.84375,43.43292],[-2.84125,43.43341],[-2.8395,43.43292],[-2.83542,43.43281],[-2.83458,43.43232],[-2.83125,43.4331],[-2.82792,43.43244],[-2.82458,43.43446],[-2.82292,43.43456],[-2.82125,43.43372],[-2.81208,43.43324],[-2.80958,43.4325],[-2.80875,43.43116],[-2.80708,43.4312],[-2.80042,43.43408],[-2.79741,43.43958],[-2.79125,43.44332],[-2.78958,43.44345],[-2.78875,43.44477],[-2.78708,43.44477],[-2.78625,43.44708],[-2.78292,43.44736],[-2.78208,43.44592],[-2.77542,43.44607],[-2.77426,43.44875],[-2.77208,43.45025],[-2.76042,43.44956],[-2.75792,43.45283],[-2.75625,43.45288],[-2.75542,43.45446],[-2.75458,43.45445],[-2.75292,43.45576],[-2.75042,43.45558],[-2.74875,43.45434],[-2.74708,43.45407],[-2.74581,43.45208],[-2.74638,43.44708],[-2.74548,43.44292],[-2.74458,43.44109],[-2.74375,43.44106],[-2.74228,43.43958],[-2.74229,43.43792],[-2.74141,43.43708],[-2.74125,43.43568],[-2.73806,43.43208],[-2.73784,43.42958],[-2.73625,43.42875],[-2.73292,43.42829],[-2.73125,43.42752],[-2.72792,43.42732],[-2.72542,43.42586],[-2.72208,43.42545],[-2.72042,43.42453],[-2.71792,43.42112],[-2.71625,43.42085],[-2.71542,43.42141],[-2.71208,43.421],[-2.71109,43.41958],[-2.70792,43.41912],[-2.70708,43.41772],[-2.70375,43.41766],[-2.69958,43.41553],[-2.69984,43.41292],[-2.69875,43.41151],[-2.69606,43.41125],[-2.69563,43.40792],[-2.69488,43.40708],[-2.69493,43.40375],[-2.69351,43.40292],[-2.69312,43.40042],[-2.69224,43.39958],[-2.69125,43.39667],[-2.68958,43.39633],[-2.68875,43.39669],[-2.68688,43.40042],[-2.68529,43.40125],[-2.68367,43.40625],[-2.67955,43.40958],[-2.67945,43.41125],[-2.67792,43.41268],[-2.67538,43.41292],[-2.67458,43.41348],[-2.66625,43.41279],[-2.66375,43.412],[-2.66166,43.41042],[-2.66166,43.40958],[-2.65793,43.40958],[-2.65458,43.4126],[-2.65125,43.41241],[-2.65042,43.41285],[-2.65032,43.41458],[-2.64875,43.41612],[-2.64542,43.41685],[-2.64208,43.41613],[-2.63958,43.41431],[-2.63708,43.41459],[-2.63542,43.41361],[-2.63493,43.41292],[-2.63562,43.40625],[-2.63504,43.40542],[-2.63634,43.40458],[-2.63472,43.40375],[-2.63505,43.40292],[-2.63381,43.40208],[-2.63375,43.40123],[-2.63125,43.40034],[-2.62878,43.39792],[-2.62797,43.39625],[-2.62708,43.39623],[-2.62625,43.39541],[-2.62125,43.39522],[-2.61958,43.39352],[-2.61792,43.39311],[-2.61375,43.39292],[-2.61208,43.39343],[-2.61125,43.39292],[-2.60958,43.39285],[-2.60708,43.39386],[-2.60458,43.3942],[-2.60292,43.3951],[-2.60042,43.39509],[-2.59875,43.39237],[-2.59792,43.39247],[-2.59625,43.39153],[-2.59292,43.39177],[-2.59058,43.38958],[-2.59042,43.38848],[-2.58958,43.38859],[-2.58875,43.3879],[-2.58787,43.38792],[-2.58625,43.38925],[-2.58458,43.38945],[-2.58375,43.38933],[-2.58208,43.38788],[-2.57875,43.38739],[-2.57652,43.38792],[-2.57542,43.38922],[-2.57292,43.3892],[-2.57208,43.39065],[-2.56792,43.39107],[-2.56708,43.39063],[-2.56625,43.39107],[-2.56208,43.39129],[-2.56042,43.38949],[-2.55875,43.38992],[-2.55734,43.38875],[-2.55708,43.38412],[-2.55625,43.38418],[-2.55429,43.38292],[-2.55167,43.38208],[-2.55145,43.38042],[-2.54993,43.37792],[-2.54967,43.37542],[-2.54875,43.3752],[-2.54375,43.37473],[-2.53916,43.37542],[-2.53625,43.37659],[-2.53504,43.37625],[-2.53488,43.37708],[-2.53292,43.37751],[-2.5321,43.37708],[-2.53209,43.37625],[-2.52958,43.37617],[-2.52875,43.37536],[-2.52708,43.37536],[-2.52625,43.37619],[-2.52542,43.37623],[-2.52208,43.37607],[-2.52125,43.37528],[-2.51792,43.37558],[-2.51708,43.37606],[-2.51458,43.37601],[-2.51292,43.37716],[-2.51042,43.37785],[-2.50875,43.37762],[-2.50792,43.37606],[-2.50542,43.37504],[-2.50351,43.37292],[-2.50296,43.37042],[-2.5017,43.36875],[-2.49875,43.3667],[-2.49542,43.36567],[-2.49292,43.3641],[-2.49125,43.3644],[-2.49042,43.36515],[-2.48875,43.36512],[-2.48542,43.36156],[-2.48345,43.35792],[-2.48042,43.35636],[-2.47875,43.35689],[-2.47708,43.35671],[-2.47645,43.35458],[-2.47478,43.35292],[-2.4747,43.35125],[-2.47125,43.35096],[-2.46958,43.34841],[-2.46628,43.34542],[-2.46306,43.34042],[-2.46042,43.33885],[-2.45969,43.33708],[-2.45875,43.33639],[-2.45708,43.33739],[-2.45458,43.33773],[-2.44958,43.33567],[-2.44792,43.33597],[-2.44708,43.33506],[-2.44125,43.33375],[-2.43958,43.33407],[-2.43875,43.33507],[-2.43375,43.33505],[-2.43292,43.33412],[-2.43125,43.33443],[-2.42958,43.33319],[-2.42708,43.33288],[-2.42587,43.33208],[-2.42292,43.33181],[-2.42229,43.33042],[-2.41875,43.32819],[-2.41758,43.32625],[-2.41428,43.32542],[-2.41542,43.32499],[-2.41581,43.32375],[-2.41292,43.32208],[-2.41125,43.3243],[-2.40875,43.32476],[-2.40808,43.32458],[-2.40792,43.32365],[-2.40542,43.3237],[-2.40375,43.32267],[-2.40042,43.32288],[-2.39708,43.32108],[-2.39292,43.32022],[-2.39052,43.31875],[-2.39042,43.31792],[-2.38292,43.31511],[-2.3799,43.31292],[-2.37542,43.31238],[-2.37458,43.31092],[-2.37542,43.31078],[-2.37625,43.31172],[-2.37708,43.31068],[-2.3781,43.31042],[-2.37825,43.30875],[-2.37375,43.30955],[-2.36875,43.30926],[-2.3682,43.30875],[-2.36958,43.30788],[-2.36792,43.3078],[-2.36542,43.30617],[-2.36292,43.3069],[-2.36171,43.30625],[-2.36174,43.30542],[-2.35792,43.30504],[-2.34958,43.30112],[-2.34792,43.30097],[-2.34708,43.30143],[-2.34542,43.30357],[-2.33875,43.30336],[-2.33792,43.30119],[-2.33375,43.30122],[-2.32542,43.29829],[-2.32125,43.29862],[-2.31958,43.29935],[-2.31708,43.29857],[-2.31542,43.29906],[-2.31375,43.29852],[-2.31125,43.29945],[-2.30958,43.2995],[-2.30208,43.29859],[-2.29875,43.2962],[-2.28792,43.2962],[-2.28708,43.29542],[-2.28125,43.29591],[-2.27875,43.29685],[-2.27708,43.29674],[-2.2756,43.29792],[-2.27042,43.29952],[-2.26958,43.30031],[-2.2673,43.30042],[-2.26208,43.30183],[-2.25958,43.30125],[-2.25944,43.30292],[-2.26003,43.30375],[-2.25958,43.30398],[-2.25625,43.30426],[-2.24792,43.30359],[-2.24542,43.30554],[-2.24458,43.30415],[-2.24208,43.30424],[-2.24042,43.30797],[-2.23958,43.30833],[-2.23875,43.30756],[-2.23885,43.30875],[-2.23792,43.30935],[-2.23458,43.30951],[-2.23375,43.31017],[-2.23208,43.31019],[-2.22708,43.31171],[-2.22208,43.31066],[-2.22125,43.30953],[-2.21458,43.30907],[-2.21375,43.30807],[-2.21042,43.30771],[-2.20737,43.30625],[-2.20708,43.30509],[-2.20542,43.30498],[-2.20428,43.30542],[-2.20375,43.3071],[-2.20248,43.30542],[-2.20219,43.30208],[-2.20125,43.30195],[-2.19875,43.29942],[-2.19625,43.30002],[-2.19125,43.29918],[-2.19062,43.29708],[-2.19128,43.29625],[-2.18875,43.29417],[-2.18708,43.29455],[-2.18625,43.29413],[-2.18375,43.29567],[-2.18125,43.29512],[-2.17542,43.28915],[-2.16625,43.28931],[-2.16542,43.28988],[-2.15875,43.29089],[-2.15458,43.29233],[-2.15375,43.29343],[-2.15292,43.29276],[-2.15208,43.29298],[-2.15005,43.29458],[-2.14958,43.29606],[-2.14792,43.29585],[-2.14625,43.29442],[-2.14542,43.29442],[-2.14458,43.2928],[-2.14292,43.2928],[-2.14208,43.29431],[-2.14125,43.29278],[-2.13708,43.29275],[-2.13625,43.29202],[-2.13208,43.29227],[-2.13125,43.29028],[-2.13042,43.29056],[-2.12958,43.29001],[-2.12292,43.29335],[-2.12208,43.29495],[-2.11958,43.29665],[-2.11792,43.29753],[-2.11708,43.29708],[-2.11542,43.29749],[-2.11373,43.29958],[-2.11208,43.30068],[-2.10958,43.30125],[-2.10875,43.30229],[-2.10792,43.3016],[-2.10542,43.30217],[-2.10458,43.30178],[-2.10313,43.30375],[-2.09792,43.30395],[-2.09708,43.30486],[-2.09375,43.30542],[-2.09333,43.30625],[-2.09208,43.30683],[-2.08708,43.30708],[-2.08375,43.30855],[-2.08125,43.30856],[-2.07875,43.30919],[-2.07292,43.30813],[-2.07186,43.31042],[-2.06987,43.31208],[-2.06042,43.31242],[-2.05958,43.31316],[-2.05375,43.31333],[-2.05042,43.31429],[-2.04875,43.31422],[-2.04542,43.31694],[-2.04458,43.31839],[-2.04375,43.31792],[-2.04292,43.31838],[-2.03875,43.31817],[-2.03708,43.31957],[-2.03042,43.32183],[-2.02875,43.32109],[-2.02542,43.32112],[-2.02458,43.32209],[-2.02125,43.32246],[-2.01375,43.32208],[-2.01321,43.32375],[-2.01208,43.32428],[-2.00792,43.32424],[-2.00685,43.32375],[-2.00625,43.32236],[-2.00458,43.32245],[-2.00375,43.31945],[-2.00013,43.31708],[-1.99375,43.316],[-1.99208,43.31622],[-1.99125,43.31705],[-1.98958,43.31678],[-1.98875,43.31708],[-1.98887,43.31792],[-1.98745,43.31875],[-1.98717,43.31958],[-1.98792,43.32064],[-1.99042,43.32075],[-1.99287,43.32208],[-1.99294,43.32542],[-1.99208,43.32576],[-1.99125,43.32769],[-1.98542,43.32774],[-1.98458,43.32605],[-1.98125,43.32582],[-1.97625,43.32595],[-1.97458,43.32746],[-1.97375,43.32676],[-1.97292,43.32681],[-1.97292,43.3273],[-1.97414,43.32792],[-1.97342,43.32875],[-1.97292,43.33384],[-1.97208,43.33367],[-1.97072,43.33458],[-1.97042,43.33548],[-1.97032,43.33458],[-1.9683,43.33458],[-1.96833,43.33542],[-1.96625,43.33689],[-1.96337,43.33708],[-1.96208,43.33844],[-1.96042,43.33851],[-1.95792,43.33733],[-1.95208,43.33699],[-1.95125,43.3361],[-1.94906,43.33542],[-1.94875,43.33458],[-1.94625,43.33375],[-1.94563,43.33458],[-1.94292,43.3349],[-1.94208,43.33558],[-1.94125,43.33482],[-1.93042,43.33477],[-1.92958,43.33564],[-1.92792,43.33539],[-1.92678,43.33625],[-1.92458,43.33681],[-1.91708,43.33733],[-1.91542,43.33824],[-1.91375,43.33823],[-1.91042,43.3392],[-1.90875,43.3409],[-1.90458,43.34192],[-1.90166,43.34208],[-1.90042,43.34409],[-1.89656,43.34458],[-1.89542,43.34609],[-1.89208,43.34616],[-1.89125,43.34766],[-1.89077,43.34708],[-1.88958,43.347],[-1.88895,43.34875],[-1.88792,43.34868],[-1.88625,43.35006],[-1.88375,43.35033],[-1.88208,43.35182],[-1.88092,43.35208],[-1.87958,43.35414],[-1.87937,43.35625],[-1.87708,43.35839],[-1.87517,43.36292],[-1.87458,43.36374],[-1.87262,43.36375],[-1.87237,43.36875],[-1.87042,43.37088],[-1.86708,43.37141],[-1.86458,43.37335],[-1.86375,43.37253],[-1.86208,43.37318],[-1.86125,43.37257],[-1.85875,43.37486],[-1.85625,43.37571],[-1.85458,43.3752],[-1.85208,43.37586],[-1.84792,43.37894],[-1.84542,43.37836],[-1.84208,43.37904],[-1.84125,43.38001],[-1.83939,43.38042],[-1.83708,43.38237],[-1.82875,43.38525],[-1.82708,43.38559],[-1.82625,43.38474],[-1.82458,43.38563],[-1.82375,43.3851],[-1.82292,43.38524],[-1.81458,43.38723],[-1.81208,43.38859],[-1.81125,43.38817],[-1.80792,43.38903],[-1.80708,43.38857],[-1.80375,43.38858],[-1.80208,43.3891],[-1.80111,43.39042],[-1.80241,43.39042],[-1.80125,43.39207],[-1.79958,43.39261],[-1.79708,43.39495],[-1.79458,43.3956],[-1.79292,43.39578],[-1.79277,43.39542],[-1.79375,43.39414],[-1.79542,43.39429],[-1.79589,43.39375],[-1.79542,43.39322],[-1.79208,43.39294],[-1.79073,43.39208],[-1.78987,43.38958],[-1.78998,43.38708],[-1.78934,43.38625],[-1.78958,43.38573],[-1.79115,43.38542],[-1.79122,43.38375],[-1.79208,43.38376],[-1.79364,43.38208],[-1.79306,43.37958],[-1.79125,43.37864],[-1.78875,43.37976],[-1.78792,43.37961],[-1.7884,43.37792],[-1.78792,43.37765],[-1.78708,43.37822],[-1.78575,43.37792],[-1.78458,43.3765],[-1.78042,43.37606],[-1.77958,43.37542],[-1.77875,43.376],[-1.77708,43.37542],[-1.77625,43.3761],[-1.77542,43.37542],[-1.77458,43.37591],[-1.77292,43.37542],[-1.77208,43.37599],[-1.77125,43.37542],[-1.76792,43.37672],[-1.76355,43.37625],[-1.76292,43.37852],[-1.76108,43.37875],[-1.75708,43.38207],[-1.75785,43.38375],[-1.75625,43.38593],[-1.75542,43.38614],[-1.75292,43.38594],[-1.74792,43.38693],[-1.74642,43.38458],[-1.74711,43.38375],[-1.74375,43.3837],[-1.74268,43.38292],[-1.74223,43.38208],[-1.74302,43.38125],[-1.74292,43.38032],[-1.73875,43.38022],[-1.73792,43.38163],[-1.73625,43.38226],[-1.73458,43.38211],[-1.73208,43.38329],[-1.73042,43.38317],[-1.72792,43.38434],[-1.72542,43.38451],[-1.72458,43.38607],[-1.72125,43.38615],[-1.72042,43.3869],[-1.71708,43.38769],[-1.71625,43.38847],[-1.71542,43.38782],[-1.71418,43.38792],[-1.71042,43.39007],[-1.70708,43.39118],[-1.70484,43.39125],[-1.70375,43.39199],[-1.70125,43.39196],[-1.70042,43.39291],[-1.69625,43.39286],[-1.69616,43.39375],[-1.69458,43.39525],[-1.69375,43.3953],[-1.69292,43.39448],[-1.69125,43.39561],[-1.68792,43.39539],[-1.68375,43.39763],[-1.6829,43.39708],[-1.68317,43.39625],[-1.68208,43.39383],[-1.68124,43.39375],[-1.68042,43.39034],[-1.67792,43.38914],[-1.67625,43.38931],[-1.67503,43.38875],[-1.67208,43.38872],[-1.67125,43.38944],[-1.67042,43.38863],[-1.66792,43.38849],[-1.66708,43.38788],[-1.66208,43.39196],[-1.66208,43.39437],[-1.6604,43.39458],[-1.66292,43.39669],[-1.66542,43.39724],[-1.66625,43.39696],[-1.66668,43.39792],[-1.66458,43.39825],[-1.66294,43.39958],[-1.66208,43.40405],[-1.66109,43.40375],[-1.66174,43.40292],[-1.66125,43.40147],[-1.65958,43.40369],[-1.65875,43.40374],[-1.65708,43.40515],[-1.65458,43.40524],[-1.65375,43.40639],[-1.64958,43.40739],[-1.64542,43.40923],[-1.64375,43.40854],[-1.64042,43.4094],[-1.63792,43.41246],[-1.63542,43.41267],[-1.63375,43.41375],[-1.63292,43.41334],[-1.63042,43.41399],[-1.62837,43.41708],[-1.62936,43.41792],[-1.62893,43.41875],[-1.62557,43.41958],[-1.62588,43.42042],[-1.62523,43.42208],[-1.62042,43.42526],[-1.61625,43.42535],[-1.61458,43.42643],[-1.61292,43.42597],[-1.61042,43.42624],[-1.61042,43.42939],[-1.60875,43.43],[-1.60542,43.42946],[-1.60555,43.43125],[-1.60292,43.43229],[-1.59958,43.43664],[-1.59743,43.43792],[-1.59755,43.44125],[-1.59625,43.44258],[-1.59458,43.4431],[-1.59299,43.44542],[-1.59347,43.44625],[-1.59208,43.44728],[-1.59125,43.44703],[-1.59013,43.44875],[-1.58363,43.45458],[-1.57836,43.46375],[-1.57708,43.46487],[-1.57681,43.46875],[-1.57375,43.47058],[-1.57208,43.47342],[-1.56791,43.47792],[-1.56958,43.48037],[-1.57042,43.48045],[-1.57047,43.48125],[-1.57208,43.4826],[-1.57458,43.48252],[-1.57625,43.48187],[-1.57458,43.48498],[-1.57292,43.48438],[-1.57233,43.48542],[-1.57125,43.48568],[-1.56292,43.48621],[-1.56042,43.48567],[-1.55894,43.48708],[-1.56125,43.48747],[-1.56171,43.48875],[-1.56125,43.48941],[-1.56042,43.48941],[-1.55875,43.48737],[-1.55792,43.48813],[-1.55716,43.48958],[-1.55749,43.49125],[-1.55564,43.49208],[-1.55738,43.49292],[-1.55708,43.49317],[-1.55375,43.49505],[-1.55208,43.49526],[-1.55125,43.49457],[-1.54958,43.49462],[-1.54542,43.50167],[-1.53771,43.51125],[-1.53458,43.51346],[-1.53422,43.51458],[-1.53125,43.51632],[-1.52907,43.52125],[-1.52626,43.52375],[-1.52458,43.52755],[-1.52292,43.52865],[-1.52042,43.52583],[-1.51875,43.525],[-1.51042,43.52566],[-1.50694,43.52708],[-1.51042,43.53281],[-1.51771,43.53375],[-1.51823,43.53542],[-1.51975,43.53625],[-1.51784,43.53958],[-1.51458,43.54236],[-1.51436,43.54375],[-1.51125,43.54701],[-1.50875,43.54861],[-1.50944,43.54958],[-1.50792,43.55139],[-1.50708,43.55011],[-1.50567,43.55125],[-1.50522,43.55292],[-1.50625,43.55255],[-1.50728,43.55292],[-1.50708,43.55325],[-1.50477,43.55542],[-1.50375,43.55769],[-1.50208,43.55875],[-1.50202,43.56042],[-1.498,43.56625],[-1.49604,43.56792],[-1.49541,43.57042],[-1.48784,43.57958],[-1.482,43.58958],[-1.47857,43.59292],[-1.47574,43.59958],[-1.47458,43.60056],[-1.4698,43.60958],[-1.46654,43.61292],[-1.46427,43.61708],[-1.4608,43.62042],[-1.45972,43.62375],[-1.45658,43.62875],[-1.45534,43.62958],[-1.45146,43.63708],[-1.45125,43.63917],[-1.44949,43.64042],[-1.4482,43.64458],[-1.44884,43.64625],[-1.44708,43.64769],[-1.44624,43.64958],[-1.44781,43.65208],[-1.44669,43.65375],[-1.44739,43.65458],[-1.44721,43.65625],[-1.44542,43.65905],[-1.44555,43.66125],[-1.44458,43.66262],[-1.44362,43.66292],[-1.44414,43.66542],[-1.44312,43.66708],[-1.44368,43.66958],[-1.44272,43.67208],[-1.44339,43.67542],[-1.44307,43.67875],[-1.44208,43.67958],[-1.44285,43.68042],[-1.4433,43.68458],[-1.4422,43.68875],[-1.44248,43.69708],[-1.44026,43.70625],[-1.43887,43.70792],[-1.43914,43.71292],[-1.43741,43.71792],[-1.43623,43.71958],[-1.43679,43.72208],[-1.43471,43.72708],[-1.43434,43.73042],[-1.43313,43.73208],[-1.43264,43.73542],[-1.43117,43.73792],[-1.43061,43.74042],[-1.42876,43.74292],[-1.42826,43.74708],[-1.4276,43.74875],[-1.42541,43.75125],[-1.42497,43.75708],[-1.4238,43.76042],[-1.42411,43.76208],[-1.42314,43.76625],[-1.42214,43.76708],[-1.4224,43.77042],[-1.42157,43.77208],[-1.42146,43.77458],[-1.41958,43.77636],[-1.41869,43.77625],[-1.41904,43.77875],[-1.41784,43.78042],[-1.41754,43.78708],[-1.41599,43.79042],[-1.41458,43.7919],[-1.41373,43.79458],[-1.41374,43.79792],[-1.41208,43.80098],[-1.41198,43.80375],[-1.41077,43.80792],[-1.40787,43.81292],[-1.40752,43.81625],[-1.406,43.81792],[-1.40635,43.81958],[-1.40463,43.82208],[-1.40427,43.82625],[-1.40375,43.82733],[-1.4025,43.82708],[-1.40199,43.83125],[-1.40284,43.83375],[-1.39999,43.83958],[-1.39846,43.84875],[-1.39739,43.85125],[-1.39673,43.85792],[-1.3927,43.86458],[-1.38997,43.87125],[-1.39008,43.87292],[-1.38697,43.87792],[-1.3871,43.88125],[-1.38644,43.88292],[-1.38481,43.88458],[-1.38533,43.88958],[-1.38208,43.8955],[-1.37958,43.90283],[-1.37937,43.90542],[-1.3769,43.90875],[-1.37458,43.92265],[-1.37375,43.92187],[-1.3724,43.92292],[-1.37423,43.92375],[-1.3734,43.93125],[-1.3714,43.93458],[-1.37118,43.93792],[-1.36948,43.94208],[-1.36902,43.94958],[-1.36638,43.95375],[-1.365,43.95792],[-1.36375,43.95935],[-1.36233,43.97208],[-1.35633,43.99208],[-1.35641,43.99542],[-1.35538,43.99958],[-1.35103,44.00708],[-1.3493,44.02625],[-1.34725,44.02875],[-1.34785,44.03042],[-1.34676,44.03292],[-1.34517,44.04125],[-1.34169,44.04708],[-1.34043,44.05375],[-1.33832,44.06042],[-1.33533,44.06708],[-1.33534,44.07375],[-1.33292,44.0769],[-1.33056,44.08292],[-1.33034,44.09375],[-1.32955,44.09542],[-1.32776,44.09708],[-1.3271,44.09958],[-1.32518,44.10208],[-1.32356,44.10958],[-1.32357,44.11458],[-1.32166,44.11875],[-1.32168,44.12208],[-1.32077,44.12458],[-1.31788,44.12792],[-1.31782,44.12958],[-1.31702,44.13042],[-1.31608,44.13875],[-1.31487,44.14125],[-1.31369,44.14208],[-1.31389,44.14625],[-1.313,44.14958],[-1.31305,44.15292],[-1.30894,44.16708],[-1.30938,44.17375],[-1.30614,44.18292],[-1.30584,44.18708],[-1.30453,44.18875],[-1.30532,44.19542],[-1.30377,44.20042],[-1.30458,44.20195],[-1.30546,44.20208],[-1.303,44.20625],[-1.30027,44.21375],[-1.29777,44.23458],[-1.29526,44.23958],[-1.29496,44.24958],[-1.29243,44.25542],[-1.29286,44.25958],[-1.29201,44.26458],[-1.28922,44.27042],[-1.28934,44.27292],[-1.28841,44.27542],[-1.28857,44.27958],[-1.28653,44.28708],[-1.28662,44.29208],[-1.28522,44.29708],[-1.28537,44.29958],[-1.28253,44.31208],[-1.28009,44.31625],[-1.28046,44.32042],[-1.27757,44.33375],[-1.27668,44.34625],[-1.27518,44.35542],[-1.27312,44.36208],[-1.27299,44.36625],[-1.27186,44.37125],[-1.26952,44.37708],[-1.26967,44.37958],[-1.26864,44.38208],[-1.26876,44.38542],[-1.26724,44.38792],[-1.26709,44.39208],[-1.26555,44.39458],[-1.26581,44.39875],[-1.26438,44.40042],[-1.26542,44.40542],[-1.26441,44.40792],[-1.26443,44.41125],[-1.26283,44.41542],[-1.26305,44.41958],[-1.26202,44.42208],[-1.26228,44.42625],[-1.26129,44.43208],[-1.26171,44.43458],[-1.26078,44.43875],[-1.25932,44.44125],[-1.25965,44.44625],[-1.25854,44.45042],[-1.25875,44.45222],[-1.25758,44.45375],[-1.25812,44.45458],[-1.25697,44.45792],[-1.25741,44.46208],[-1.25526,44.47292],[-1.25493,44.48208],[-1.25404,44.48458],[-1.25408,44.48792],[-1.25286,44.49125],[-1.25224,44.49708],[-1.25226,44.50208],[-1.2542,44.51208],[-1.25561,44.51458],[-1.25542,44.51625],[-1.2567,44.51708],[-1.25511,44.52042],[-1.25751,44.52125],[-1.25775,44.52292],[-1.25708,44.52509],[-1.25618,44.52542],[-1.25733,44.52625],[-1.25741,44.52875],[-1.2561,44.53125],[-1.25708,44.53206],[-1.25792,44.52932],[-1.25914,44.53042],[-1.25936,44.53375],[-1.2609,44.53625],[-1.26063,44.53708],[-1.25792,44.53648],[-1.25666,44.53708],[-1.25572,44.53958],[-1.25381,44.54125],[-1.2542,44.54208],[-1.25225,44.54708],[-1.24958,44.55042],[-1.24816,44.55125],[-1.24765,44.55292],[-1.24585,44.55458],[-1.24536,44.55792],[-1.24458,44.55849],[-1.24292,44.55856],[-1.24283,44.56042],[-1.24042,44.56323],[-1.23958,44.56338],[-1.24027,44.56458],[-1.23875,44.56686],[-1.23792,44.56701],[-1.23708,44.56572],[-1.23629,44.56708],[-1.23489,44.56792],[-1.23445,44.56958],[-1.23292,44.56983],[-1.23232,44.57042],[-1.23208,44.57174],[-1.23042,44.57165],[-1.23021,44.57375],[-1.22875,44.57423],[-1.22792,44.57592],[-1.22617,44.57625],[-1.22613,44.57708],[-1.22418,44.57958],[-1.22375,44.58234],[-1.22208,44.58122],[-1.22157,44.58208],[-1.22194,44.58292],[-1.22081,44.58375],[-1.22053,44.58625],[-1.22181,44.58708],[-1.21969,44.58958],[-1.21958,44.59056],[-1.21792,44.59183],[-1.21642,44.59208],[-1.21766,44.59292],[-1.21764,44.59375],[-1.21625,44.59428],[-1.21542,44.59623],[-1.21292,44.59664],[-1.21253,44.59708],[-1.21292,44.59844],[-1.21375,44.59829],[-1.21405,44.59875],[-1.21292,44.60156],[-1.21208,44.60271],[-1.21021,44.60375],[-1.21042,44.60448],[-1.21108,44.60458],[-1.21,44.60542],[-1.20792,44.61005],[-1.20708,44.60944],[-1.20564,44.61042],[-1.20736,44.61125],[-1.20625,44.61255],[-1.20542,44.61235],[-1.20514,44.61708],[-1.20453,44.61792],[-1.20475,44.62042],[-1.20375,44.62037],[-1.20208,44.62262],[-1.20128,44.63542],[-1.20292,44.64271],[-1.20375,44.64159],[-1.20423,44.64208],[-1.20294,44.64292],[-1.2021,44.64542],[-1.20292,44.6468],[-1.20401,44.64708],[-1.20384,44.64792],[-1.20292,44.64752],[-1.20208,44.64776],[-1.20159,44.64875],[-1.20208,44.6495],[-1.20383,44.64958],[-1.20292,44.64967],[-1.20222,44.65042],[-1.2,44.65375],[-1.20125,44.65439],[-1.20429,44.65458],[-1.19958,44.65652],[-1.19792,44.65588],[-1.19708,44.65604],[-1.19625,44.65697],[-1.19669,44.65792],[-1.19542,44.65828],[-1.19458,44.65949],[-1.19292,44.65976],[-1.19042,44.66177],[-1.18875,44.66237],[-1.18542,44.66295],[-1.17875,44.66299],[-1.17458,44.66433],[-1.17375,44.66305],[-1.17292,44.66304],[-1.16958,44.66482],[-1.16708,44.66531],[-1.16208,44.66517],[-1.15958,44.6637],[-1.15625,44.66332],[-1.15542,44.66388],[-1.1494,44.66208],[-1.14792,44.66069],[-1.14542,44.66157],[-1.13875,44.65969],[-1.13708,44.65978],[-1.13208,44.65856],[-1.13042,44.65959],[-1.12792,44.65901],[-1.12625,44.65987],[-1.12542,44.65897],[-1.12292,44.6595],[-1.12125,44.66062],[-1.12042,44.66023],[-1.11792,44.66172],[-1.11625,44.66118],[-1.11292,44.66181],[-1.11208,44.66127],[-1.11125,44.66169],[-1.10958,44.66157],[-1.10625,44.66291],[-1.10458,44.66283],[-1.09875,44.66412],[-1.09708,44.66318],[-1.09542,44.66331],[-1.09458,44.66134],[-1.09292,44.66067],[-1.09208,44.65928],[-1.09125,44.65877],[-1.09042,44.65902],[-1.08955,44.65792],[-1.08625,44.65621],[-1.08458,44.65613],[-1.08345,44.65542],[-1.08292,44.65402],[-1.08208,44.65558],[-1.07958,44.65535],[-1.07792,44.6557],[-1.07208,44.65842],[-1.06954,44.65792],[-1.06792,44.65685],[-1.06555,44.65792],[-1.06567,44.65875],[-1.06708,44.65945],[-1.07042,44.65931],[-1.07125,44.66011],[-1.07458,44.65992],[-1.07542,44.65919],[-1.07908,44.65875],[-1.08042,44.6578],[-1.08458,44.65841],[-1.0874,44.66125],[-1.08903,44.66458],[-1.09625,44.66688],[-1.10042,44.66958],[-1.10458,44.6703],[-1.10542,44.67104],[-1.10708,44.67095],[-1.10875,44.67161],[-1.11208,44.67095],[-1.1126,44.67208],[-1.11208,44.67267],[-1.11042,44.67318],[-1.10875,44.67254],[-1.10792,44.67383],[-1.10708,44.6735],[-1.09792,44.67599],[-1.09625,44.67559],[-1.09542,44.67653],[-1.09375,44.67613],[-1.09208,44.67705],[-1.09125,44.67642],[-1.08875,44.67711],[-1.08792,44.67586],[-1.08708,44.67639],[-1.08375,44.67558],[-1.08264,44.67458],[-1.08125,44.67159],[-1.07708,44.67048],[-1.07542,44.66854],[-1.07375,44.66839],[-1.07208,44.66661],[-1.06875,44.66724],[-1.06708,44.66595],[-1.06292,44.66495],[-1.06236,44.66542],[-1.06264,44.66625],[-1.06375,44.66699],[-1.06625,44.6667],[-1.06836,44.66792],[-1.06918,44.66958],[-1.07125,44.66933],[-1.07375,44.67024],[-1.07875,44.67451],[-1.08089,44.67792],[-1.08375,44.67955],[-1.08743,44.67958],[-1.08718,44.68125],[-1.08542,44.68317],[-1.08042,44.68505],[-1.07958,44.68442],[-1.07875,44.68553],[-1.07792,44.68511],[-1.07661,44.68542],[-1.07665,44.68625],[-1.07907,44.68708],[-1.07875,44.68766],[-1.07708,44.68732],[-1.07625,44.68636],[-1.07458,44.68669],[-1.06903,44.68208],[-1.06775,44.68042],[-1.06814,44.67875],[-1.06724,44.67625],[-1.06765,44.67458],[-1.06708,44.67422],[-1.06542,44.67362],[-1.06375,44.67389],[-1.06208,44.67225],[-1.06042,44.67428],[-1.05792,44.6741],[-1.05686,44.67458],[-1.05708,44.6755],[-1.05875,44.67476],[-1.06125,44.67549],[-1.06375,44.67494],[-1.06634,44.67542],[-1.06495,44.67958],[-1.06534,44.68292],[-1.06625,44.68367],[-1.0674,44.68375],[-1.06743,44.68625],[-1.06958,44.68675],[-1.07163,44.68792],[-1.07208,44.68986],[-1.07266,44.69042],[-1.07458,44.69045],[-1.07542,44.69181],[-1.07625,44.69085],[-1.08042,44.69087],[-1.08292,44.69015],[-1.08375,44.69173],[-1.08542,44.69166],[-1.08708,44.69071],[-1.08875,44.68864],[-1.09042,44.68946],[-1.09125,44.68921],[-1.09214,44.68958],[-1.09385,44.69375],[-1.0938,44.69542],[-1.09208,44.69675],[-1.09042,44.69648],[-1.08708,44.69751],[-1.08625,44.69684],[-1.08375,44.69687],[-1.08292,44.69617],[-1.08042,44.6962],[-1.07875,44.69769],[-1.07708,44.69724],[-1.07625,44.69761],[-1.07538,44.69875],[-1.07625,44.69996],[-1.08042,44.69889],[-1.08208,44.69796],[-1.08292,44.69808],[-1.08335,44.69875],[-1.08316,44.70042],[-1.08375,44.70097],[-1.08458,44.70017],[-1.08708,44.70069],[-1.09042,44.69928],[-1.09208,44.70002],[-1.09422,44.69958],[-1.09542,44.69775],[-1.09708,44.69692],[-1.09822,44.69542],[-1.09817,44.69208],[-1.10168,44.69125],[-1.10213,44.68625],[-1.10407,44.68542],[-1.10484,44.68292],[-1.10542,44.68237],[-1.10792,44.68277],[-1.11042,44.68168],[-1.11292,44.6822],[-1.11625,44.68185],[-1.11893,44.68625],[-1.12042,44.68689],[-1.12125,44.6883],[-1.12208,44.68757],[-1.12292,44.68902],[-1.12458,44.68966],[-1.12681,44.69208],[-1.12577,44.69542],[-1.12875,44.69609],[-1.13042,44.69788],[-1.13208,44.69828],[-1.13242,44.69958],[-1.13042,44.70021],[-1.12625,44.70397],[-1.12542,44.70384],[-1.12042,44.70691],[-1.11958,44.70659],[-1.11792,44.70735],[-1.11708,44.70668],[-1.11625,44.70799],[-1.10875,44.70996],[-1.10542,44.71216],[-1.10208,44.71173],[-1.09875,44.71231],[-1.09685,44.71208],[-1.09625,44.71137],[-1.09042,44.71155],[-1.08792,44.71093],[-1.08677,44.71375],[-1.08699,44.71458],[-1.08954,44.71542],[-1.0894,44.71625],[-1.09208,44.71979],[-1.09273,44.71958],[-1.09261,44.71708],[-1.08996,44.71458],[-1.09042,44.71237],[-1.09125,44.71443],[-1.09208,44.71257],[-1.09542,44.71459],[-1.09958,44.715],[-1.10375,44.71477],[-1.10458,44.71515],[-1.10625,44.71315],[-1.10792,44.71411],[-1.10958,44.71267],[-1.11208,44.71288],[-1.11375,44.71187],[-1.11542,44.71213],[-1.11792,44.71095],[-1.11958,44.7113],[-1.12375,44.70985],[-1.12542,44.70996],[-1.12708,44.70878],[-1.12792,44.70896],[-1.1281,44.71125],[-1.12625,44.71389],[-1.12458,44.71343],[-1.12375,44.71369],[-1.12125,44.71556],[-1.11958,44.71547],[-1.11792,44.71469],[-1.11542,44.71578],[-1.11375,44.71545],[-1.11292,44.71653],[-1.11208,44.71586],[-1.11125,44.7162],[-1.10794,44.72042],[-1.10521,44.72208],[-1.10553,44.72542],[-1.10458,44.72491],[-1.1036,44.72542],[-1.10292,44.72709],[-1.10104,44.72875],[-1.10072,44.72958],[-1.10125,44.7305],[-1.10292,44.7302],[-1.10458,44.72903],[-1.10542,44.7275],[-1.10792,44.72726],[-1.10919,44.72625],[-1.10975,44.72542],[-1.10938,44.72375],[-1.10875,44.72295],[-1.10792,44.72323],[-1.10765,44.72208],[-1.10847,44.72208],[-1.10875,44.72287],[-1.11012,44.72042],[-1.11458,44.71812],[-1.11559,44.71875],[-1.11283,44.72125],[-1.11223,44.72458],[-1.11375,44.72711],[-1.11625,44.72734],[-1.11708,44.72789],[-1.11875,44.72739],[-1.11911,44.72625],[-1.11694,44.72292],[-1.11869,44.72125],[-1.11938,44.71958],[-1.12125,44.72004],[-1.12208,44.71976],[-1.12237,44.71875],[-1.12375,44.71769],[-1.12458,44.71754],[-1.12625,44.71839],[-1.12708,44.71794],[-1.12875,44.71579],[-1.13173,44.71375],[-1.13252,44.71042],[-1.13375,44.70841],[-1.13592,44.70875],[-1.13575,44.71125],[-1.13625,44.71211],[-1.13792,44.71279],[-1.13958,44.71253],[-1.14051,44.70958],[-1.14208,44.70926],[-1.14375,44.70803],[-1.14542,44.7091],[-1.14875,44.7087],[-1.15042,44.70899],[-1.15625,44.7115],[-1.15792,44.71165],[-1.16125,44.71371],[-1.16413,44.71375],[-1.16708,44.71585],[-1.17125,44.71476],[-1.17292,44.71565],[-1.17542,44.71524],[-1.17625,44.71599],[-1.17792,44.71576],[-1.17875,44.71506],[-1.18208,44.71522],[-1.18182,44.71625],[-1.18042,44.71641],[-1.17875,44.71798],[-1.17625,44.71905],[-1.17458,44.71843],[-1.17298,44.72042],[-1.1675,44.72292],[-1.16708,44.72426],[-1.16458,44.72424],[-1.16208,44.72643],[-1.16125,44.72665],[-1.15958,44.72566],[-1.15792,44.72653],[-1.15708,44.726],[-1.15458,44.726],[-1.14625,44.7292],[-1.14458,44.73386],[-1.14292,44.73425],[-1.14208,44.73397],[-1.14125,44.73456],[-1.13625,44.73475],[-1.13292,44.73555],[-1.13208,44.7335],[-1.13125,44.73315],[-1.13025,44.73375],[-1.12996,44.73458],[-1.13092,44.73625],[-1.13102,44.73792],[-1.13375,44.73975],[-1.13458,44.74175],[-1.13708,44.74223],[-1.13792,44.74311],[-1.13862,44.74125],[-1.13792,44.74045],[-1.13708,44.74041],[-1.13596,44.73875],[-1.1369,44.73708],[-1.13792,44.73647],[-1.14208,44.73697],[-1.14458,44.7366],[-1.14625,44.73569],[-1.14792,44.73567],[-1.14875,44.73535],[-1.14969,44.73375],[-1.14958,44.73321],[-1.14875,44.73334],[-1.14875,44.73265],[-1.14958,44.7329],[-1.15208,44.73239],[-1.15561,44.73042],[-1.15875,44.72999],[-1.15962,44.73125],[-1.15961,44.73292],[-1.15792,44.73524],[-1.15708,44.73475],[-1.15625,44.73493],[-1.15534,44.73625],[-1.15042,44.73684],[-1.14958,44.73765],[-1.14864,44.73958],[-1.1488,44.74042],[-1.14993,44.74125],[-1.14994,44.74458],[-1.14792,44.74579],[-1.14708,44.74708],[-1.14687,44.74958],[-1.14821,44.75042],[-1.14663,44.75125],[-1.14792,44.75239],[-1.15125,44.7526],[-1.15222,44.75208],[-1.15231,44.75042],[-1.15136,44.74958],[-1.15042,44.74957],[-1.1499,44.74708],[-1.15208,44.74468],[-1.15189,44.74042],[-1.15292,44.73828],[-1.15375,44.73849],[-1.15458,44.73757],[-1.15625,44.73762],[-1.15875,44.73864],[-1.16125,44.73692],[-1.16327,44.73958],[-1.16458,44.74375],[-1.16542,44.74414],[-1.16625,44.74375],[-1.16641,44.74458],[-1.16533,44.74542],[-1.1633,44.75208],[-1.1653,44.75208],[-1.16708,44.75162],[-1.16822,44.74792],[-1.16824,44.74542],[-1.16765,44.74292],[-1.16708,44.7428],[-1.16578,44.74042],[-1.16555,44.73708],[-1.16442,44.73375],[-1.16625,44.73072],[-1.16845,44.72875],[-1.17285,44.72708],[-1.17375,44.72561],[-1.17542,44.72524],[-1.17792,44.72612],[-1.18279,44.72375],[-1.18458,44.72361],[-1.18708,44.72251],[-1.18875,44.72285],[-1.19042,44.72462],[-1.19208,44.72511],[-1.19392,44.72375],[-1.19451,44.72042],[-1.19625,44.72063],[-1.19864,44.71875],[-1.20292,44.71758],[-1.20398,44.71625],[-1.20875,44.71513],[-1.21042,44.71278],[-1.21208,44.71266],[-1.21458,44.71094],[-1.21708,44.71055],[-1.21792,44.70905],[-1.22031,44.70875],[-1.2202,44.70708],[-1.22114,44.70542],[-1.22292,44.70352],[-1.22542,44.70239],[-1.22708,44.69985],[-1.22811,44.69958],[-1.22811,44.69875],[-1.22661,44.69792],[-1.22667,44.69708],[-1.22792,44.69656],[-1.23051,44.69375],[-1.23073,44.68875],[-1.2322,44.68792],[-1.23381,44.68542],[-1.23463,44.68208],[-1.23542,44.68128],[-1.23628,44.68125],[-1.23668,44.67542],[-1.23729,44.67458],[-1.23685,44.67375],[-1.23817,44.66958],[-1.23741,44.66208],[-1.23792,44.66125],[-1.2373,44.66042],[-1.23796,44.65875],[-1.23717,44.65708],[-1.23772,44.65625],[-1.23708,44.65375],[-1.23845,44.65125],[-1.23733,44.64875],[-1.23889,44.64708],[-1.23829,44.64625],[-1.239,44.64542],[-1.24042,44.64498],[-1.24125,44.64527],[-1.24263,44.64458],[-1.24254,44.63792],[-1.24458,44.6364],[-1.24497,44.63542],[-1.24345,44.63375],[-1.2434,44.63292],[-1.24437,44.63208],[-1.24282,44.63125],[-1.24253,44.62792],[-1.24354,44.62542],[-1.24283,44.62375],[-1.24302,44.62208],[-1.24526,44.62042],[-1.24948,44.61958],[-1.24958,44.61865],[-1.25,44.61958],[-1.25125,44.61959],[-1.25208,44.62045],[-1.25375,44.62057],[-1.25458,44.62129],[-1.25792,44.62097],[-1.25948,44.62542],[-1.25958,44.62803],[-1.26042,44.6276],[-1.26375,44.62812],[-1.26496,44.62958],[-1.26609,44.63292],[-1.26287,44.63625],[-1.26471,44.63792],[-1.26456,44.64292],[-1.26554,44.64542],[-1.26544,44.64708],[-1.26387,44.65042],[-1.26395,44.65375],[-1.26272,44.65958],[-1.26208,44.6605],[-1.25926,44.66208],[-1.26109,44.66375],[-1.26205,44.66625],[-1.26072,44.67375],[-1.26107,44.67542],[-1.25995,44.67792],[-1.25949,44.68208],[-1.25844,44.68375],[-1.25879,44.68708],[-1.25769,44.68792],[-1.25802,44.68958],[-1.25545,44.70042],[-1.2559,44.70375],[-1.25499,44.70458],[-1.25457,44.70792],[-1.25347,44.70958],[-1.25427,44.71125],[-1.25315,44.71708],[-1.25206,44.71958],[-1.25163,44.72542],[-1.24934,44.73375],[-1.24839,44.74208],[-1.24643,44.74958],[-1.2449,44.75125],[-1.24563,44.75292],[-1.24537,44.75792],[-1.24406,44.76208],[-1.24199,44.77542],[-1.24023,44.77958],[-1.2401,44.78458],[-1.23804,44.79042],[-1.23798,44.79875],[-1.23696,44.80375],[-1.23693,44.80958],[-1.23595,44.81292],[-1.23584,44.81875],[-1.23181,44.82958],[-1.2297,44.83792],[-1.22956,44.84125],[-1.22875,44.84292],[-1.22862,44.84875],[-1.22664,44.85792],[-1.22647,44.86375],[-1.22433,44.87125],[-1.22428,44.87875],[-1.22344,44.88208],[-1.22353,44.88958],[-1.22243,44.89542],[-1.22234,44.90125],[-1.22033,44.90792],[-1.22034,44.91042],[-1.21833,44.91542],[-1.21825,44.92292],[-1.21617,44.92875],[-1.21647,44.93708],[-1.2152,44.94125],[-1.21509,44.94792],[-1.21419,44.95042],[-1.21381,44.95542],[-1.21113,44.96375],[-1.2112,44.96708],[-1.21003,44.97125],[-1.20988,44.97458],[-1.20785,44.97958],[-1.20687,44.98625],[-1.20691,45.00542],[-1.20466,45.01208],[-1.20646,45.02125],[-1.20594,45.02375],[-1.20267,45.02792],[-1.20353,45.03375],[-1.20169,45.03792],[-1.20005,45.04542],[-1.20039,45.04958],[-1.19922,45.05542],[-1.20023,45.06708],[-1.19862,45.07542],[-1.19953,45.08208],[-1.19843,45.08792],[-1.19851,45.09208],[-1.19632,45.09958],[-1.19375,45.10051],[-1.19318,45.10125],[-1.19099,45.11208],[-1.18995,45.11375],[-1.19025,45.12042],[-1.18895,45.12375],[-1.18943,45.12875],[-1.18836,45.13292],[-1.18853,45.13708],[-1.18628,45.14125],[-1.18704,45.14458],[-1.18508,45.15458],[-1.18394,45.15708],[-1.18398,45.16042],[-1.18263,45.16292],[-1.18267,45.16625],[-1.181,45.16792],[-1.1821,45.17708],[-1.17945,45.18208],[-1.17965,45.18708],[-1.1784,45.19042],[-1.17857,45.19375],[-1.17695,45.19625],[-1.17782,45.20042],[-1.17678,45.20208],[-1.17656,45.20542],[-1.17522,45.20792],[-1.17559,45.21208],[-1.17479,45.21542],[-1.17495,45.22042],[-1.17427,45.22292],[-1.17346,45.23542],[-1.17252,45.23792],[-1.17252,45.24292],[-1.17123,45.24542],[-1.17175,45.25125],[-1.17075,45.25375],[-1.1704,45.25792],[-1.1694,45.25958],[-1.16978,45.26625],[-1.16846,45.27042],[-1.16707,45.27208],[-1.16746,45.27625],[-1.16625,45.27827],[-1.16642,45.28208],[-1.16543,45.28458],[-1.1654,45.28792],[-1.16395,45.29042],[-1.1651,45.29792],[-1.16356,45.30042],[-1.16338,45.30208],[-1.16509,45.30708],[-1.16541,45.31542],[-1.16451,45.32875],[-1.16315,45.33625],[-1.16313,45.34208],[-1.16149,45.35125],[-1.16287,45.36208],[-1.16292,45.37069],[-1.16467,45.37708],[-1.1649,45.38458],[-1.16392,45.39125],[-1.1647,45.40458],[-1.16442,45.41625],[-1.16196,45.42292],[-1.15925,45.42708],[-1.15741,45.43375],[-1.15345,45.44042],[-1.15278,45.44375],[-1.15292,45.44958],[-1.1553,45.45375],[-1.15803,45.46292],[-1.15792,45.46625],[-1.15942,45.46792],[-1.15929,45.47125],[-1.15862,45.47292],[-1.15662,45.47458],[-1.15541,45.48125],[-1.1536,45.48542],[-1.15213,45.48708],[-1.15191,45.48875],[-1.15045,45.49042],[-1.14958,45.49363],[-1.14783,45.49542],[-1.14611,45.49625],[-1.14542,45.49881],[-1.14277,45.50375],[-1.14,45.50625],[-1.13947,45.50875],[-1.13625,45.51034],[-1.13551,45.51125],[-1.13553,45.51375],[-1.13458,45.51543],[-1.13375,45.51607],[-1.13218,45.51625],[-1.13125,45.5171],[-1.12958,45.5172],[-1.12765,45.51958],[-1.12506,45.52125],[-1.12458,45.52259],[-1.12137,45.52542],[-1.12125,45.52644],[-1.11958,45.52627],[-1.11875,45.52688],[-1.10739,45.53958],[-1.10483,45.54125],[-1.10189,45.54542],[-1.10127,45.54792],[-1.09922,45.55125],[-1.09922,45.55792],[-1.10025,45.55958],[-1.09958,45.56083],[-1.09375,45.56258],[-1.09292,45.56462],[-1.09208,45.56368],[-1.08906,45.56458],[-1.08625,45.56659],[-1.08375,45.56729],[-1.08292,45.56831],[-1.0787,45.57042],[-1.07292,45.57083],[-1.07125,45.57164],[-1.06875,45.57148],[-1.06799,45.57292],[-1.06708,45.57325],[-1.06458,45.57397],[-1.06208,45.57375],[-1.06375,45.57342],[-1.06458,45.57156],[-1.06806,45.57125],[-1.0684,45.56875],[-1.06458,45.56548],[-1.06042,45.56474],[-1.05958,45.55997],[-1.05875,45.55995],[-1.05816,45.56125],[-1.05951,45.56292],[-1.05708,45.56391],[-1.05625,45.56386],[-1.05542,45.56302],[-1.05361,45.55625],[-1.05364,45.55375],[-1.05146,45.55125],[-1.05167,45.54958],[-1.05075,45.54708],[-1.04958,45.54686],[-1.04875,45.54597],[-1.04559,45.54542],[-1.04479,45.54375],[-1.04542,45.54091],[-1.04687,45.53958],[-1.04479,45.53792],[-1.03958,45.53646],[-1.03833,45.53542],[-1.03816,45.53458],[-1.03958,45.53345],[-1.04042,45.53343],[-1.04125,45.53426],[-1.04375,45.5313],[-1.04523,45.53125],[-1.0442,45.52958],[-1.04471,45.52792],[-1.04309,45.52542],[-1.04292,45.52343],[-1.04042,45.52352],[-1.03912,45.52292],[-1.03931,45.51792],[-1.03825,45.51375],[-1.03625,45.5097],[-1.03375,45.50891],[-1.03292,45.50639],[-1.03042,45.50558],[-1.02958,45.50325],[-1.02708,45.50302],[-1.02566,45.50125],[-1.02458,45.50115],[-1.02375,45.49936],[-1.02125,45.49864],[-1.01958,45.4968],[-1.01708,45.49594],[-1.01625,45.49389],[-1.01458,45.49335],[-1.0136,45.49125],[-1.01292,45.49058],[-1.01208,45.49063],[-1.01018,45.49125],[-1.01003,45.49208],[-1.01125,45.49536],[-1.01458,45.49692],[-1.01542,45.4983],[-1.01558,45.50042],[-1.01375,45.50009],[-1.01125,45.49703],[-1.00958,45.4971],[-1.00792,45.49504],[-1.00292,45.49212],[-0.99991,45.49125],[-0.99708,45.48792],[-0.99042,45.4847],[-0.98627,45.48125],[-0.98598,45.47958],[-0.98343,45.47708],[-0.98292,45.47541],[-0.98125,45.47398],[-0.97958,45.47336],[-0.97755,45.47375],[-0.97679,45.47542],[-0.98026,45.47708],[-0.98134,45.47875],[-0.9812,45.47958],[-0.97875,45.48231],[-0.97708,45.48218],[-0.97375,45.47805],[-0.97124,45.47708],[-0.96921,45.47542],[-0.97075,45.47208],[-0.97335,45.47042],[-0.97364,45.46958],[-0.97292,45.46844],[-0.97042,45.46738],[-0.96833,45.46958],[-0.96861,45.47125],[-0.96792,45.47175],[-0.96625,45.4714],[-0.96292,45.47419],[-0.96208,45.47433],[-0.96124,45.47375],[-0.95934,45.47125],[-0.96125,45.46828],[-0.96547,45.46542],[-0.96596,45.46375],[-0.96542,45.46316],[-0.96374,45.46208],[-0.96125,45.46463],[-0.95875,45.46335],[-0.95625,45.46083],[-0.95042,45.4601],[-0.94796,45.46042],[-0.94742,45.45958],[-0.94787,45.45792],[-0.94625,45.45518],[-0.94375,45.45483],[-0.94208,45.45258],[-0.93875,45.45051],[-0.93292,45.44945],[-0.93125,45.4446],[-0.93042,45.44439],[-0.92792,45.44509],[-0.92626,45.44375],[-0.92669,45.44042],[-0.92208,45.4337],[-0.91875,45.43178],[-0.91625,45.4317],[-0.91546,45.43125],[-0.91346,45.42792],[-0.91106,45.42542],[-0.90875,45.42442],[-0.90625,45.42428],[-0.90458,45.42171],[-0.90125,45.42051],[-0.9,45.41792],[-0.89875,45.4168],[-0.89708,45.41584],[-0.89542,45.41564],[-0.89321,45.41292],[-0.89042,45.41167],[-0.88875,45.40948],[-0.88458,45.40703],[-0.88208,45.40643],[-0.88108,45.40458],[-0.87958,45.4034],[-0.87738,45.40292],[-0.87542,45.40167],[-0.87466,45.40042],[-0.86708,45.39668],[-0.86607,45.39542],[-0.86208,45.3944],[-0.85875,45.39206],[-0.8574,45.39042],[-0.85343,45.38875],[-0.84792,45.38409],[-0.84492,45.38375],[-0.84458,45.38175],[-0.84102,45.37958],[-0.84042,45.37864],[-0.83792,45.37846],[-0.83754,45.37625],[-0.83544,45.37542],[-0.83417,45.37375],[-0.83082,45.37208],[-0.82708,45.36803],[-0.82465,45.36708],[-0.82292,45.3644],[-0.81792,45.36149],[-0.81669,45.35958],[-0.81375,45.3576],[-0.81195,45.35708],[-0.80924,45.35375],[-0.81167,45.35292],[-0.81125,45.35124],[-0.80625,45.34647],[-0.80458,45.34624],[-0.80375,45.34704],[-0.80292,45.34651],[-0.8033,45.34375],[-0.80208,45.34213],[-0.80042,45.34107]]},"properties":{"source":"emodnet_dtm_2024","level":2}},{"type":"Feature","geometry":{"type":"LineString","coordinates":[[-8.67542,42.26658],[-8.67458,42.26781],[-8.67292,42.26818],[-8.67246,42.26875],[-8.67153,42.27375],[-8.66958,42.2757],[-8.66875,42.2758],[-8.66792,42.27895],[-8.66625,42.28006],[-8.66375,42.28025],[-8.66256,42.28292],[-8.66125,42.28419],[-8.65792,42.28435],[-8.65458,42.28594],[-8.65292,42.28765],[-8.65042,42.28775],[-8.64875,42.28927],[-8.64728,42.28958],[-8.64625,42.29079],[-8.64292,42.291],[-8.64125,42.29004],[-8.64042,42.28862],[-8.63708,42.28854],[-8.63375,42.28612],[-8.62708,42.28605],[-8.62625,42.28828],[-8.62458,42.28762],[-8.62292,42.28764],[-8.62208,42.28855],[-8.62042,42.28768],[-8.61708,42.28771],[-8.61625,42.28692],[-8.61439,42.28708],[-8.61542,42.28731],[-8.61625,42.28825],[-8.61975,42.28875],[-8.61732,42.28958],[-8.61684,42.29375],[-8.61625,42.29482],[-8.61458,42.2949],[-8.61408,42.29542],[-8.61369,42.29792],[-8.61398,42.30208],[-8.61773,42.30542],[-8.61875,42.30833],[-8.62083,42.31042],[-8.61841,42.31208],[-8.61772,42.31875],[-8.61609,42.32042],[-8.61679,42.32125],[-8.61657,42.32208],[-8.61434,42.32292],[-8.61397,42.32542],[-8.61292,42.32663],[-8.61208,42.32599],[-8.61026,42.32708],[-8.61375,42.32859],[-8.61421,42.32958],[-8.61416,42.33542],[-8.61292,42.33602],[-8.61271,42.33708],[-8.61402,42.33875],[-8.61389,42.34208],[-8.6126,42.34292],[-8.61262,42.34458],[-8.61414,42.34542],[-8.61458,42.34667],[-8.61708,42.34696],[-8.61792,42.34827],[-8.62042,42.34816],[-8.62074,42.34708],[-8.62236,42.34625],[-8.62292,42.34498],[-8.62458,42.34515],[-8.62587,42.34542],[-8.62625,42.34601],[-8.62708,42.3491],[-8.62958,42.3492],[-8.63042,42.35084],[-8.63208,42.35042],[-8.63332,42.34875],[-8.6334,42.34708],[-8.63639,42.34542],[-8.63625,42.34439],[-8.63494,42.34375],[-8.635,42.34292],[-8.63708,42.34225],[-8.63792,42.34139],[-8.63958,42.33808],[-8.64125,42.33807],[-8.64208,42.33722],[-8.64302,42.33708],[-8.64125,42.33696],[-8.64042,42.33611],[-8.63875,42.33605],[-8.6364,42.33292],[-8.63636,42.33042],[-8.6349,42.32958],[-8.63518,42.32542],[-8.63875,42.32476],[-8.63958,42.32397],[-8.64458,42.32398],[-8.64589,42.32292],[-8.64625,42.32107],[-8.64926,42.32042],[-8.64792,42.31927],[-8.65208,42.31953],[-8.65458,42.31914],[-8.65625,42.31678],[-8.65898,42.31542],[-8.65899,42.31292],[-8.65976,42.31125],[-8.66136,42.31042],[-8.66135,42.30958],[-8.65875,42.30937],[-8.65737,42.30792],[-8.65723,42.30458],[-8.65566,42.30375],[-8.65542,42.30273],[-8.65375,42.30256],[-8.65328,42.30208],[-8.65319,42.30042],[-8.6523,42.29958],[-8.65232,42.29625],[-8.65396,42.29458],[-8.65458,42.29237],[-8.65708,42.29145],[-8.65875,42.29004],[-8.67625,42.28985],[-8.67708,42.28827],[-8.67824,42.28792],[-8.67689,42.28708],[-8.6774,42.28625],[-8.67958,42.28577],[-8.68125,42.2833],[-8.68292,42.28314],[-8.68375,42.28179],[-8.68625,42.2815],[-8.68654,42.28042],[-8.68875,42.27901],[-8.69042,42.27894],[-8.69125,42.27821],[-8.69542,42.27835],[-8.69625,42.27985],[-8.69758,42.28042],[-8.69769,42.28125],[-8.69958,42.2814],[-8.70125,42.27926],[-8.70292,42.27809],[-8.70458,42.27838],[-8.70542,42.27736],[-8.70792,42.27602],[-8.70875,42.27486],[-8.70958,42.27581],[-8.71042,42.27513],[-8.71292,42.27564],[-8.7133,42.27792],[-8.71267,42.27875],[-8.71345,42.27958],[-8.7145,42.28542],[-8.71542,42.28438],[-8.71708,42.2872],[-8.71806,42.28625],[-8.71818,42.28375],[-8.71757,42.28292],[-8.71875,42.28207],[-8.72125,42.28265],[-8.72292,42.28568],[-8.72708,42.286],[-8.73208,42.28558],[-8.73226,42.28375],[-8.73387,42.28208],[-8.73313,42.28125],[-8.73434,42.27708],[-8.73396,42.27458],[-8.73546,42.27125],[-8.73708,42.27031],[-8.74542,42.26901],[-8.74625,42.26737],[-8.74958,42.2672],[-8.75042,42.26636]]},"properties":{"source":"emodnet_dtm_2024","level":2}},{"type":"Feature","geometry":{"type":"LineString","coordinates":[[-8.78292,42.3296],[-8.78292,42.3296]]},"properties":{"source":"emodnet_dtm_2024","level":2}},{"type":"Feature","geometry":{"type":"LineString","coordinates":[[-8.63458,42.34231],[-8.63458,42.34185],[-8.63458,42.34231]]},"properties":{"source":"emodnet_dtm_2024","level":2}},{"type":"Feature","geometry":{"type":"LineString","coordinates":[[-8.60208,42.34453],[-8.60125,42.34287],[-8.60042,42.34464],[-8.60383,42.34458],[-8.60208,42.34453]]},"properties":{"source":"emodnet_dtm_2024","level":2}},{"type":"Feature","geometry":{"type":"LineString","coordinates":[[-8.93208,42.34793],[-8.93339,42.34292],[-8.93458,42.3426],[-8.93542,42.34114],[-8.93615,42.34125],[-8.93792,42.3437],[-8.93832,42.34792],[-8.93625,42.35009],[-8.93542,42.35015],[-8.93292,42.34911],[-8.93208,42.34793]]},"properties":{"source":"emodnet_dtm_2024","level":2}},{"type":"Feature","geometry":{"type":"LineString","coordinates":[[-8.94208,42.36848],[-8.94125,42.36778],[-8.94042,42.36859],[-8.9394,42.36875],[-8.9392,42.36958],[-8.9394,42.37292],[-8.94125,42.37326],[-8.94208,42.37401],[-8.94292,42.37373],[-8.94453,42.37708],[-8.9437,42.37792],[-8.94453,42.37875],[-8.94453,42.38125],[-8.94204,42.38375],[-8.94191,42.38625],[-8.94042,42.38691],[-8.93542,42.38702],[-8.9345,42.38792],[-8.93438,42.39042],[-8.93292,42.39267],[-8.93058,42.39375],[-8.92955,42.39542],[-8.92708,42.39586],[-8.92542,42.39527],[-8.92458,42.39654],[-8.92273,42.39708],[-8.92042,42.3998],[-8.92003,42.39875],[-8.91814,42.39792],[-8.91824,42.39542],[-8.91995,42.39458],[-8.92015,42.39292],[-8.92208,42.39054],[-8.92479,42.38958],[-8.92565,42.38792],[-8.92588,42.38458],[-8.92808,42.38292],[-8.92825,42.37875],[-8.92898,42.37792],[-8.92844,42.37625],[-8.93063,42.37458],[-8.92997,42.37375],[-8.93014,42.37208],[-8.93125,42.36993],[-8.93228,42.36958],[-8.93237,42.36792],[-8.9332,42.36708],[-8.93411,42.36292],[-8.93484,42.36208],[-8.93542,42.35729],[-8.93625,42.35685],[-8.94125,42.3567],[-8.94271,42.35625],[-8.94375,42.35495],[-8.94542,42.35635],[-8.9475,42.35958],[-8.94727,42.36625],[-8.94542,42.36806],[-8.94208,42.36848]]},"properties":{"source":"emodnet_dtm_2024","level":2}},{"type":"Feature","geometry":{"type":"LineString","coordinates":[[-8.70458,42.41188],[-8.70394,42.41125],[-8.70451,42.40958],[-8.70625,42.40855],[-8.71058,42.40875],[-8.71208,42.41026],[-8.71042,42.41271],[-8.70625,42.4125],[-8.70458,42.41188]]},"properties":{"source":"emodnet_dtm_2024","level":2}},{"type":"Feature","geometry":{"type":"LineString","coordinates":[[-8.85542,42.46157],[-8.85542,42.4612],[-8.85713,42.46125],[-8.85708,42.46157],[-8.85542,42.46157]]},"properties":{"source":"emodnet_dtm_2024","level":2}},{"type":"Feature","geometry":{"type":"LineString","coordinates":[[-9.00125,42.4703],[-9.00079,42.46875],[-9.00208,42.46644],[-9.00625,42.46696],[-9.01125,42.46621],[-9.01458,42.46503],[-9.01542,42.46547],[-9.01725,42.46875],[-9.0181,42.48125],[-9.01542,42.48466],[-9.01375,42.48504],[-9.01292,42.48358],[-9.01208,42.48431],[-9.01125,42.48281],[-9.00958,42.48271],[-9.00894,42.48042],[-9.00775,42.47958],[-9.00838,42.47708],[-9.00521,42.47458],[-9.00375,42.4717],[-9.00208,42.47138],[-9.00125,42.4703]]},"properties":{"source":"emodnet_dtm_2024","level":2}},{"type":"Feature","geometry":{"type":"LineString","coordinates":[[-8.93875,42.47718],[-8.93875,42.47628],[-8.93875,42.47718]]},"properties":{"source":"emodnet_dtm_2024","level":2}},{"type":"Feature","geometry":{"type":"LineString","coordinates":[[-8.84375,42.48633],[-8.84306,42.48542],[-8.84542,42.48283],[-8.84792,42.48212],[-8.85044,42.48292],[-8.85152,42.48542],[-8.85154,42.49042],[-8.84958,42.4925],[-8.84708,42.49263],[-8.84578,42.49625],[-8.84458,42.49751],[-8.84375,42.49759],[-8.84033,42.49708],[-8.84208,42.49692],[-8.84248,42.49625],[-8.83958,42.49585],[-8.839,42.49375],[-8.83958,42.49238],[-8.84074,42.49208],[-8.84125,42.48978],[-8.84292,42.49007],[-8.84493,42.48792],[-8.84458,42.48655],[-8.84375,42.48633]]},"properties":{"source":"emodnet_dtm_2024","level":2}},{"type":"Feature","geometry":{"type":"LineString","coordinates":[[-8.83625,42.4939],[-8.83608,42.49292],[-8.83708,42.4919],[-8.83708,42.49486],[-8.83625,42.4939]]},"properties":{"source":"emodnet_dtm_2024","level":2}},{"type":"Feature","geometry":{"type":"LineString","coordinates":[[-9.00875,42.49894],[-9.00918,42.49875],[-9.00875,42.49894]]},"properties":{"source":"emodnet_dtm_2024","level":2}},{"type":"Feature","geometry":{"type":"LineString","coordinates":[[-9.00375,42.4995],[-9.00317,42.49792],[-9.00406,42.49542],[-9.00708,42.49576],[-9.00827,42.49708],[-9.00792,42.49852],[-9.00607,42.49875],[-9.00542,42.50009],[-9.00375,42.4995]]},"properties":{"source":"emodnet_dtm_2024","level":2}},{"type":"Feature","geometry":{"type":"LineString","coordinates":[[-9.04375,42.51083],[-9.04375,42.51016],[-9.04444,42.51042],[-9.04375,42.51083]]},"properties":{"source":"emodnet_dtm_2024","level":2}},{"type":"Feature","geometry":{"type":"LineString","coordinates":[[-9.04625,42.51898],[-9.04581,42.51875],[-9.04625,42.51754],[-9.04625,42.51898]]},"properties":{"source":"emodnet_dtm_2024","level":2}},{"type":"Feature","geometry":{"type":"LineString","coordinates":[[-9.01458,42.52069],[-9.01458,42.52012],[-9.0158,42.52042],[-9.01458,42.52069]]},"properties":{"source":"emodnet_dtm_2024","level":2}},{"type":"Feature","geometry":{"type":"LineString","coordinates":[[-8.86292,42.52724],[-8.86292,42.52574],[-8.86375,42.525],[-8.86708,42.52585],[-8.86792,42.52505],[-8.86958,42.52508],[-8.87042,42.52444],[-8.87139,42.52458],[-8.87292,42.5275],[-8.87458,42.52777],[-8.87542,42.52916],[-8.87625,42.5266],[-8.87708,42.52639],[-8.87902,42.52875],[-8.87969,42.53125],[-8.87813,42.53375],[-8.87542,42.53406],[-8.87458,42.53332],[-8.87208,42.53338],[-8.8717,42.53375],[-8.87208,42.53668],[-8.87292,42.53414],[-8.87458,42.53424],[-8.87488,42.53625],[-8.87625,42.53767],[-8.87851,42.53792],[-8.87906,42.54042],[-8.87854,42.54208],[-8.87406,42.54625],[-8.87463,42.54708],[-8.87399,42.54875],[-8.87424,42.55208],[-8.87333,42.55375],[-8.87125,42.55505],[-8.8675,42.55625],[-8.8705,42.55875],[-8.87292,42.56204],[-8.87509,42.56042],[-8.87542,42.5585],[-8.87625,42.55808],[-8.87708,42.55781],[-8.88125,42.55833],[-8.88792,42.56445],[-8.88542,42.56623],[-8.88238,42.57292],[-8.87958,42.57329],[-8.87875,42.57388],[-8.87708,42.57395],[-8.8754,42.57292],[-8.87356,42.56958],[-8.87278,42.56625],[-8.87042,42.56479],[-8.86958,42.56306],[-8.86792,42.56311],[-8.86708,42.56524],[-8.86622,42.56542],[-8.85625,42.56545],[-8.85476,42.56458],[-8.855,42.56375],[-8.85708,42.56358],[-8.85774,42.56292],[-8.8583,42.55958],[-8.85686,42.55875],[-8.859,42.55458],[-8.86031,42.55375],[-8.86071,42.55208],[-8.8603,42.54958],[-8.85958,42.54888],[-8.85875,42.54885],[-8.85792,42.54809],[-8.85542,42.54799],[-8.85542,42.54701],[-8.85625,42.54635],[-8.86458,42.54479],[-8.86563,42.54375],[-8.86563,42.54292],[-8.86683,42.54208],[-8.86611,42.54125],[-8.86681,42.53958],[-8.86684,42.53625],[-8.86616,42.53542],[-8.86608,42.53292],[-8.86747,42.53125],[-8.86747,42.53042],[-8.86625,42.5291],[-8.86458,42.52891],[-8.86292,42.52724]]},"properties":{"source":"emodnet_dtm_2024","level":2}},{"type":"Feature","geometry":{"type":"LineString","coordinates":[[-8.87708,42.53627],[-8.87708,42.53627]]},"properties":{"source":"emodnet_dtm_2024","level":2}},{"type":"Feature","geometry":{"type":"LineString","coordinates":[[-8.93375,42.58222],[-8.93375,42.58174],[-8.93458,42.58175],[-8.93458,42.58221],[-8.93375,42.58222]]},"properties":{"source":"emodnet_dtm_2024","level":2}},{"type":"Feature","geometry":{"type":"LineString","coordinates":[[-8.86875,42.60417],[-8.86833,42.60375],[-8.86905,42.60375],[-8.86875,42.60417]]},"properties":{"source":"emodnet_dtm_2024","level":2}},{"type":"Feature","geometry":{"type":"LineString","coordinates":[[-8.93042,42.60799],[-8.93042,42.60745],[-8.93042,42.60799]]},"properties":{"source":"emodnet_dtm_2024","level":2}},{"type":"Feature","geometry":{"type":"LineString","coordinates":[[-8.78542,42.62107],[-8.78458,42.62028],[-8.78208,42.62185],[-8.78042,42.62182],[-8.77958,42.62277],[-8.77875,42.62272],[-8.7783,42.62125],[-8.77684,42.62042],[-8.77664,42.61792],[-8.77958,42.6157],[-8.78042,42.61647],[-8.78125,42.61505],[-8.78792,42.61554],[-8.78894,42.61708],[-8.78838,42.62042],[-8.78792,42.62088],[-8.78542,42.62107]]},"properties":{"source":"emodnet_dtm_2024","level":2}},{"type":"Feature","geometry":{"type":"LineString","coordinates":[[-9.11208,42.75252],[-9.11208,42.75196],[-9.11208,42.75252]]},"properties":{"source":"emodnet_dtm_2024","level":2}},{"type":"Feature","geometry":{"type":"LineString","coordinates":[[-9.11042,42.84268],[-9.10968,42.84208],[-9.11042,42.8417],[-9.1114,42.84208],[-9.11042,42.84268]]},"properties":{"source":"emodnet_dtm_2024","level":2}},{"type":"Feature","geometry":{"type":"LineString","coordinates":[[-9.17708,42.94224],[-9.17708,42.94193],[-9.17806,42.94208],[-9.17708,42.94224]]},"properties":{"source":"emodnet_dtm_2024","level":2}},{"type":"Feature","geometry":{"type":"LineString","coordinates":[[-9.21875,43.10639],[-9.21875,43.10583],[-9.21875,43.10639]]},"properties":{"source":"emodnet_dtm_2024","level":2}},{"type":"Feature","geometry":{"type":"LineString","coordinates":[[-9.05875,43.18709],[-9.05875,43.18709]]},"properties":{"source":"emodnet_dtm_2024","level":2}},{"type":"Feature","geometry":{"type":"LineString","coordinates":[[-9.04958,43.18934],[-9.04913,43.18875],[-9.04958,43.18823],[-9.04958,43.18934]]},"properties":{"source":"emodnet_dtm_2024","level":2}},{"type":"Feature","geometry":{"type":"LineString","coordinates":[[-9.04542,43.19255],[-9.04488,43.19208],[-9.04708,43.18993],[-9.04829,43.19042],[-9.04542,43.19255]]},"properties":{"source":"emodnet_dtm_2024","level":2}},{"type":"Feature","geometry":{"type":"LineString","coordinates":[[-8.92042,43.23612],[-8.91971,43.23542],[-8.92042,43.2339],[-8.92125,43.23388],[-8.92292,43.23228],[-8.92375,43.23225],[-8.92625,43.22897],[-8.92792,43.22893],[-8.92893,43.22792],[-8.92875,43.22434],[-8.92708,43.22436],[-8.92605,43.22542],[-8.92542,43.2276],[-8.92208,43.2278],[-8.92024,43.22958],[-8.91958,43.23108],[-8.91856,43.23125],[-8.91875,43.23164],[-8.91958,43.23157],[-8.92011,43.23292],[-8.91958,43.23345],[-8.91875,43.2334],[-8.91792,43.2344],[-8.91778,43.23625],[-8.91694,43.23708],[-8.91708,43.24385],[-8.91792,43.2422],[-8.91958,43.24216],[-8.92049,43.24125],[-8.92051,43.23875],[-8.91971,43.23792],[-8.92042,43.23612]]},"properties":{"source":"emodnet_dtm_2024","level":2}},{"type":"Feature","geometry":{"type":"LineString","coordinates":[[-8.21708,43.28875],[-8.21625,43.28792],[-8.21458,43.28792],[-8.21458,43.28958],[-8.21375,43.29042],[-8.21375,43.29625],[-8.21292,43.29708],[-8.21292,43.29875],[-8.21125,43.30042],[-8.21042,43.30042],[-8.21042,43.30292],[-8.21125,43.30292],[-8.21208,43.30375],[-8.21208,43.30458],[-8.21125,43.30542],[-8.21042,43.30542],[-8.20958,43.30708],[-8.20958,43.31458],[-8.21042,43.31625],[-8.20958,43.31708],[-8.20542,43.31708],[-8.20458,43.31792],[-8.20375,43.32042],[-8.20292,43.32125],[-8.20208,43.32125],[-8.20208,43.32542],[-8.20792,43.32542],[-8.20708,43.32375],[-8.20708,43.32125],[-8.20542,43.32125],[-8.20458,43.31958],[-8.20542,43.31875],[-8.21208,43.31875],[-8.21208,43.31708],[-8.21375,43.31542],[-8.21375,43.31292],[-8.21708,43.31042],[-8.21792,43.31042],[-8.21792,43.30875],[-8.21875,43.30792],[-8.22042,43.30792],[-8.22042,43.30542],[-8.22125,43.30458],[-8.22208,43.30458],[-8.22208,43.30292],[-8.22292,43.30208],[-8.22458,43.30208],[-8.22458,43.30125],[-8.22208,43.30125],[-8.21958,43.29875],[-8.21958,43.29708],[-8.21875,43.29708],[-8.21708,43.29542],[-8.21792,43.29375],[-8.21708,43.29208],[-8.21708,43.28875]]},"properties":{"source":"emodnet_dtm_2024","level":2}},{"type":"Feature","geometry":{"type":"LineString","coordinates":[[-8.92708,43.2923],[-8.92645,43.29208],[-8.92813,43.29208],[-8.92708,43.2923]]},"properties":{"source":"emodnet_dtm_2024","level":2}},{"type":"Feature","geometry":{"type":"LineString","coordinates":[[-2.97875,43.30292],[-2.97792,43.30125],[-2.97708,43.30125],[-2.97708,43.30292],[-2.97792,43.30292],[-2.97875,43.30375],[-2.97875,43.30708],[-2.97875,43.30292]]},"properties":{"source":"emodnet_dtm_2024","level":2}},{"type":"Feature","geometry":{"type":"LineString","coordinates":[[-2.98458,43.31125],[-2.98375,43.30958],[-2.98292,43.30958],[-2.98292,43.31042],[-2.98208,43.31125],[-2.98125,43.31125],[-2.98625,43.31125],[-2.98458,43.31125]]},"properties":{"source":"emodnet_dtm_2024","level":2}},{"type":"Feature","geometry":{"type":"LineString","coordinates":[[-2.99292,43.31375],[-2.99208,43.31292],[-2.99125,43.31458],[-2.99292,43.31458],[-2.99375,43.31542],[-2.99542,43.31542],[-2.99458,43.31375],[-2.99292,43.31375]]},"properties":{"source":"emodnet_dtm_2024","level":2}},{"type":"Feature","geometry":{"type":"LineString","coordinates":[[-8.35958,43.31688],[-8.35875,43.31606],[-8.35858,43.31875],[-8.36042,43.32057],[-8.36375,43.32068],[-8.36375,43.32014],[-8.36292,43.32017],[-8.36149,43.31875],[-8.36125,43.31771],[-8.36042,43.3177],[-8.35958,43.31688]]},"properties":{"source":"emodnet_dtm_2024","level":2}},{"type":"Feature","geometry":{"type":"LineString","coordinates":[[-3.01042,43.31822],[-3.00875,43.31652],[-3.00958,43.31952],[-3.01125,43.3196],[-3.01208,43.32047],[-3.01375,43.32052],[-3.01292,43.31963],[-3.01125,43.31933],[-3.01042,43.31822]]},"properties":{"source":"emodnet_dtm_2024","level":2}},{"type":"Feature","geometry":{"type":"LineString","coordinates":[[-1.91375,43.32042],[-1.91292,43.31958],[-1.90958,43.31958],[-1.91208,43.31958],[-1.91292,43.32042],[-1.91542,43.32042],[-1.91625,43.32125],[-1.91792,43.32125],[-1.91875,43.32208],[-1.92042,43.32208],[-1.92125,43.32375],[-1.92375,43.32375],[-1.92125,43.32375],[-1.92042,43.32542],[-1.91958,43.32375],[-1.91792,43.32375],[-1.91708,43.32292],[-1.91625,43.32125],[-1.91458,43.32125],[-1.91375,43.32042]]},"properties":{"source":"emodnet_dtm_2024","level":2}},{"type":"Feature","geometry":{"type":"LineString","coordinates":[[-8.37208,43.32176],[-8.37125,43.32125],[-8.37042,43.32169],[-8.36875,43.32158],[-8.36792,43.32013],[-8.36708,43.32012],[-8.3659,43.32125],[-8.3674,43.32208],[-8.3681,43.32708],[-8.37042,43.32828],[-8.37375,43.32825],[-8.37542,43.32981],[-8.37958,43.32981],[-8.37958,43.32937],[-8.37875,43.32937],[-8.37813,43.32875],[-8.37809,43.32625],[-8.37875,43.32542],[-8.37792,43.32458],[-8.37625,43.32448],[-8.37542,43.32366],[-8.37458,43.32363],[-8.37375,43.32292],[-8.37375,43.32208],[-8.37208,43.32176]]},"properties":{"source":"emodnet_dtm_2024","level":2}},{"type":"Feature","geometry":{"type":"LineString","coordinates":[[-1.92375,43.3304],[-1.92292,43.325],[-1.92235,43.32708],[-1.92292,43.33102],[-1.92458,43.33208],[-1.92708,43.33253],[-1.92708,43.33073],[-1.92375,43.3304]]},"properties":{"source":"emodnet_dtm_2024","level":2}},{"type":"Feature","geometry":{"type":"LineString","coordinates":[[-1.93125,43.33664],[-1.93074,43.33625],[-1.93484,43.33625],[-1.93444,43.33708],[-1.93292,43.33764],[-1.93125,43.33664]]},"properties":{"source":"emodnet_dtm_2024","level":2}},{"type":"Feature","geometry":{"type":"LineString","coordinates":[[-8.82875,43.34157],[-8.82875,43.34094],[-8.82875,43.34157]]},"properties":{"source":"emodnet_dtm_2024","level":2}},{"type":"Feature","geometry":{"type":"LineString","coordinates":[[-3.03458,43.34138],[-3.03458,43.34029],[-3.03542,43.34096],[-3.03792,43.34082],[-3.03832,43.34125],[-3.03458,43.34138]]},"properties":{"source":"emodnet_dtm_2024","level":2}},{"type":"Feature","geometry":{"type":"LineString","coordinates":[[-8.83458,43.36128],[-8.83382,43.36042],[-8.83453,43.35958],[-8.83958,43.35666],[-8.84208,43.35445],[-8.84542,43.35448],[-8.84631,43.35542],[-8.84698,43.36125],[-8.84458,43.36258],[-8.83875,43.36257],[-8.83792,43.36336],[-8.83708,43.36307],[-8.83625,43.36158],[-8.83458,43.36128]]},"properties":{"source":"emodnet_dtm_2024","level":2}},{"type":"Feature","geometry":{"type":"LineString","coordinates":[[-8.34208,43.36824],[-8.34208,43.36765],[-8.34208,43.36824]]},"properties":{"source":"emodnet_dtm_2024","level":2}},{"type":"Feature","geometry":{"type":"LineString","coordinates":[[-2.69042,43.37958],[-2.68958,43.37842],[-2.6875,43.37875],[-2.68654,43.38125],[-2.68725,43.38542],[-2.68943,43.38958],[-2.68958,43.39167],[-2.6913,43.38125],[-2.69042,43.37958]]},"properties":{"source":"emodnet_dtm_2024","level":2}},{"type":"Feature","geometry":{"type":"LineString","coordinates":[[-1.78875,43.3941],[-1.78875,43.39267],[-1.78875,43.3941]]},"properties":{"source":"emodnet_dtm_2024","level":2}},{"type":"Feature","geometry":{"type":"LineString","coordinates":[[-4.57292,43.3976],[-4.57292,43.39685],[-4.57567,43.39708],[-4.57542,43.39804],[-4.57292,43.3976]]},"properties":{"source":"emodnet_dtm_2024","level":2}},{"type":"Feature","geometry":{"type":"LineString","coordinates":[[-3.46542,43.39955],[-3.46458,43.3974],[-3.46208,43.39936],[-3.45625,43.40017],[-3.45417,43.40208],[-3.4532,43.43125],[-3.45208,43.4332],[-3.45042,43.43377],[-3.45,43.43542],[-3.45024,43.43625],[-3.45208,43.43738],[-3.46042,43.43858],[-3.46125,43.43934],[-3.46177,43.44792],[-3.46036,43.45208],[-3.46212,43.45625],[-3.46458,43.45871],[-3.46875,43.4557],[-3.46949,43.45625],[-3.47083,43.46042],[-3.47292,43.46186],[-3.47409,43.46042],[-3.47442,43.45208],[-3.47549,43.44708],[-3.47708,43.44568],[-3.47792,43.44602],[-3.48144,43.44958],[-3.48375,43.44852],[-3.48625,43.44461],[-3.48669,43.43958],[-3.48597,43.43208],[-3.48229,43.42292],[-3.48004,43.42125],[-3.47545,43.41458],[-3.47468,43.40958],[-3.47144,43.40708],[-3.46971,43.40458],[-3.46625,43.40214],[-3.46542,43.39955]]},"properties":{"source":"emodnet_dtm_2024","level":2}},{"type":"Feature","geometry":{"type":"LineString","coordinates":[[-8.16208,43.40708],[-8.16125,43.40542],[-8.16042,43.40542],[-8.16042,43.40708],[-8.15792,43.40958],[-8.15625,43.40958],[-8.15625,43.41042],[-8.15375,43.41208],[-8.15125,43.41208],[-8.15458,43.41208],[-8.15542,43.41125],[-8.15708,43.41125],[-8.15792,43.41208],[-8.16542,43.41208],[-8.16625,43.41125],[-8.16708,43.41125],[-8.16708,43.40958],[-8.16792,43.40875],[-8.16875,43.40958],[-8.16875,43.41125],[-8.17042,43.41125],[-8.17125,43.41042],[-8.17208,43.41076],[-8.17267,43.41042],[-8.17125,43.40875],[-8.16875,43.40875],[-8.16792,43.40792],[-8.16625,43.40792],[-8.16542,43.40708],[-8.16208,43.40708]]},"properties":{"source":"emodnet_dtm_2024","level":2}},{"type":"Feature","geometry":{"type":"LineString","coordinates":[[-4.70792,43.41393],[-4.70792,43.41361],[-4.70982,43.41375],[-4.70958,43.41408],[-4.70792,43.41393]]},"properties":{"source":"emodnet_dtm_2024","level":2}},{"type":"Feature","geometry":{"type":"LineString","coordinates":[[-8.26042,43.41878],[-8.2599,43.41875],[-8.26042,43.41845],[-8.26042,43.41878]]},"properties":{"source":"emodnet_dtm_2024","level":2}},{"type":"Feature","geometry":{"type":"LineString","coordinates":[[-3.79792,43.419],[-3.79708,43.41855],[-3.79542,43.41916],[-3.79375,43.41898],[-3.79208,43.42019],[-3.78458,43.42157],[-3.78375,43.42125],[-3.78208,43.42375],[-3.78125,43.42257],[-3.77956,43.42375],[-3.78292,43.42377],[-3.78458,43.42526],[-3.78625,43.42545],[-3.78679,43.42708],[-3.78792,43.42681],[-3.78875,43.42793],[-3.79042,43.4274],[-3.79708,43.42887],[-3.79845,43.42292],[-3.79792,43.419]]},"properties":{"source":"emodnet_dtm_2024","level":2}},{"type":"Feature","geometry":{"type":"LineString","coordinates":[[-3.32208,43.41877],[-3.32292,43.41731],[-3.32375,43.41746],[-3.32409,43.41875],[-3.32208,43.41877]]},"properties":{"source":"emodnet_dtm_2024","level":2}},{"type":"Feature","geometry":{"type":"LineString","coordinates":[[-2.68542,43.42719],[-2.68494,43.42708],[-2.68542,43.42622],[-2.68616,43.42708],[-2.68542,43.42719]]},"properties":{"source":"emodnet_dtm_2024","level":2}},{"type":"Feature","geometry":{"type":"LineString","coordinates":[[-4.78125,43.4332],[-4.78125,43.43251],[-4.78292,43.43248],[-4.78327,43.43292],[-4.78125,43.4332]]},"properties":{"source":"emodnet_dtm_2024","level":2}},{"type":"Feature","geometry":{"type":"LineString","coordinates":[[-4.80208,43.43463],[-4.80298,43.43458],[-4.80208,43.43463]]},"properties":{"source":"emodnet_dtm_2024","level":2}},{"type":"Feature","geometry":{"type":"LineString","coordinates":[[-4.03375,43.43703],[-4.03292,43.43625],[-4.03125,43.43625],[-4.03208,43.43625],[-4.03292,43.43717],[-4.03375,43.43703]]},"properties":{"source":"emodnet_dtm_2024","level":2}},{"type":"Feature","geometry":{"type":"LineString","coordinates":[[-2.93375,43.43856],[-2.93329,43.43792],[-2.93375,43.43734],[-2.93458,43.43737],[-2.93458,43.4385],[-2.93375,43.43856]]},"properties":{"source":"emodnet_dtm_2024","level":2}},{"type":"Feature","geometry":{"type":"LineString","coordinates":[[-4.04708,43.44516],[-4.04708,43.44438],[-4.04773,43.44458],[-4.04708,43.44516]]},"properties":{"source":"emodnet_dtm_2024","level":2}},{"type":"Feature","geometry":{"type":"LineString","coordinates":[[-3.82292,43.45042],[-3.82208,43.44949],[-3.82208,43.45208],[-3.82208,43.45125],[-3.82292,43.45042],[-3.82375,43.45042],[-3.82292,43.45042]]},"properties":{"source":"emodnet_dtm_2024","level":2}},{"type":"Feature","geometry":{"type":"LineString","coordinates":[[-4.01458,43.45259],[-4.01458,43.45102],[-4.01529,43.45125],[-4.01458,43.45259]]},"properties":{"source":"emodnet_dtm_2024","level":2}},{"type":"Feature","geometry":{"type":"LineString","coordinates":[[-3.92458,43.47466],[-3.92458,43.47466]]},"properties":{"source":"emodnet_dtm_2024","level":2}},{"type":"Feature","geometry":{"type":"LineString","coordinates":[[-5.22208,43.47981],[-5.2216,43.47958],[-5.22208,43.47981]]},"properties":{"source":"emodnet_dtm_2024","level":2}},{"type":"Feature","geometry":{"type":"LineString","coordinates":[[-1.57042,43.48344],[-1.56958,43.48205],[-1.56875,43.48377],[-1.57208,43.48408],[-1.5726,43.48375],[-1.57208,43.48305],[-1.57042,43.48344]]},"properties":{"source":"emodnet_dtm_2024","level":2}},{"type":"Feature","geometry":{"type":"LineString","coordinates":[[-3.63708,43.49984],[-3.63666,43.49958],[-3.63708,43.49904],[-3.63708,43.49984]]},"properties":{"source":"emodnet_dtm_2024","level":2}},{"type":"Feature","geometry":{"type":"LineString","coordinates":[[-5.40708,43.50906],[-5.40625,43.50873],[-5.4045,43.51042],[-5.40485,43.51208],[-5.40625,43.51299],[-5.40868,43.51042],[-5.40708,43.50906]]},"properties":{"source":"emodnet_dtm_2024","level":2}},{"type":"Feature","geometry":{"type":"LineString","coordinates":[[-3.58042,43.50957],[-3.5796,43.50875],[-3.58042,43.50812],[-3.58097,43.50875],[-3.58042,43.50957]]},"properties":{"source":"emodnet_dtm_2024","level":2}},{"type":"Feature","geometry":{"type":"LineString","coordinates":[[-5.39542,43.51151],[-5.39375,43.51075],[-5.39208,43.51137],[-5.39076,43.51292],[-5.38958,43.51591],[-5.38792,43.51425],[-5.38625,43.51357],[-5.38542,43.51343],[-5.38393,43.51458],[-5.38421,43.51958],[-5.38542,43.52188],[-5.38958,43.52188],[-5.39375,43.52072],[-5.40354,43.51458],[-5.39542,43.51151]]},"properties":{"source":"emodnet_dtm_2024","level":2}},{"type":"Feature","geometry":{"type":"LineString","coordinates":[[-1.49458,43.52182],[-1.49375,43.52122],[-1.49292,43.52145],[-1.49129,43.52292],[-1.49375,43.52517],[-1.49523,43.52458],[-1.49557,43.52375],[-1.49568,43.52292],[-1.49458,43.52182]]},"properties":{"source":"emodnet_dtm_2024","level":2}},{"type":"Feature","geometry":{"type":"LineString","coordinates":[[-1.49958,43.52692],[-1.49792,43.52576],[-1.49669,43.52625],[-1.4963,43.52708],[-1.49792,43.52821],[-1.49958,43.52692]]},"properties":{"source":"emodnet_dtm_2024","level":2}},{"type":"Feature","geometry":{"type":"LineString","coordinates":[[-7.02208,43.53335],[-7.02164,43.53292],[-7.02208,43.53269],[-7.02208,43.53335]]},"properties":{"source":"emodnet_dtm_2024","level":2}},{"type":"Feature","geometry":{"type":"LineString","coordinates":[[-1.51875,43.53333],[-1.51875,43.53102],[-1.51875,43.53333]]},"properties":{"source":"emodnet_dtm_2024","level":2}},{"type":"Feature","geometry":{"type":"LineString","coordinates":[[-1.52042,43.53491],[-1.51984,43.53375],[-1.52208,43.53182],[-1.52309,43.53208],[-1.52042,43.53491]]},"properties":{"source":"emodnet_dtm_2024","level":2}},{"type":"Feature","geometry":{"type":"LineString","coordinates":[[-6.72875,43.54625],[-6.72792,43.54542],[-6.72625,43.54542],[-6.72708,43.54708],[-6.72708,43.54958],[-6.72792,43.54958],[-6.72792,43.54708],[-6.72875,43.54625]]},"properties":{"source":"emodnet_dtm_2024","level":2}},{"type":"Feature","geometry":{"type":"LineString","coordinates":[[-5.68792,43.56561],[-5.68792,43.56509],[-5.68875,43.56506],[-5.68875,43.56561],[-5.68792,43.56561]]},"properties":{"source":"emodnet_dtm_2024","level":2}},{"type":"Feature","geometry":{"type":"LineString","coordinates":[[-6.14958,43.56797],[-6.14958,43.56797]]},"properties":{"source":"emodnet_dtm_2024","level":2}},{"type":"Feature","geometry":{"type":"LineString","coordinates":[[-5.69125,43.57809],[-5.69125,43.57774],[-5.69125,43.57809]]},"properties":{"source":"emodnet_dtm_2024","level":2}},{"type":"Feature","geometry":{"type":"LineString","coordinates":[[-6.02042,43.58819],[-6.01968,43.58792],[-6.02042,43.58762],[-6.02042,43.58819]]},"properties":{"source":"emodnet_dtm_2024","level":2}},{"type":"Feature","geometry":{"type":"LineString","coordinates":[[-6.03125,43.59016],[-6.03125,43.58828],[-6.03199,43.58958],[-6.03125,43.59016]]},"properties":{"source":"emodnet_dtm_2024","level":2}},{"type":"Feature","geometry":{"type":"LineString","coordinates":[[-5.94125,43.59077],[-5.94125,43.59006],[-5.94125,43.59077]]},"properties":{"source":"emodnet_dtm_2024","level":2}},{"type":"Feature","geometry":{"type":"LineString","coordinates":[[-7.31708,43.62574],[-7.31664,43.62458],[-7.31792,43.62402],[-7.31839,43.62542],[-7.31792,43.62588],[-7.31708,43.62574]]},"properties":{"source":"emodnet_dtm_2024","level":2}},{"type":"Feature","geometry":{"type":"LineString","coordinates":[[-8.08125,43.63708],[-8.08042,43.63625],[-8.08042,43.63708],[-8.08292,43.63708],[-8.08125,43.63708]]},"properties":{"source":"emodnet_dtm_2024","level":2}},{"type":"Feature","geometry":{"type":"LineString","coordinates":[[-8.06375,43.63708],[-8.06292,43.63625],[-8.06042,43.63625],[-8.05958,43.63708],[-8.05792,43.63708],[-8.05708,43.63792],[-8.05625,43.63792],[-8.05875,43.63792],[-8.05958,43.63958],[-8.06208,43.63958],[-8.06292,43.64125],[-8.06458,43.63958],[-8.06625,43.63958],[-8.06708,43.63792],[-8.06625,43.63708],[-8.06375,43.63708]]},"properties":{"source":"emodnet_dtm_2024","level":2}},{"type":"Feature","geometry":{"type":"LineString","coordinates":[[-8.06875,43.63875],[-8.06792,43.63792],[-8.06708,43.63792],[-8.06792,43.63875],[-8.06792,43.64042],[-8.06875,43.63958],[-8.06958,43.63958],[-8.06958,43.63875],[-8.06875,43.63875]]},"properties":{"source":"emodnet_dtm_2024","level":2}},{"type":"Feature","geometry":{"type":"LineString","coordinates":[[-1.45042,43.64232],[-1.45042,43.64193],[-1.45042,43.64232]]},"properties":{"source":"emodnet_dtm_2024","level":2}},{"type":"Feature","geometry":{"type":"LineString","coordinates":[[-7.60042,43.65875],[-7.59958,43.65792],[-7.59875,43.65875],[-7.59792,43.65875],[-7.59792,43.66125],[-7.59875,43.66125],[-7.59958,43.66208],[-7.60042,43.66208],[-7.60125,43.66125],[-7.60125,43.65958],[-7.60042,43.65875]]},"properties":{"source":"emodnet_dtm_2024","level":2}},{"type":"Feature","geometry":{"type":"LineString","coordinates":[[-7.59792,43.66542],[-7.59708,43.66375],[-7.59708,43.66542],[-7.59875,43.66542],[-7.59792,43.66542]]},"properties":{"source":"emodnet_dtm_2024","level":2}},{"type":"Feature","geometry":{"type":"LineString","coordinates":[[-7.84708,43.67042],[-7.84625,43.66958],[-7.84458,43.67125],[-7.84292,43.67125],[-7.84375,43.67458],[-7.84542,43.67458],[-7.84625,43.67542],[-7.84708,43.67375],[-7.84792,43.67292],[-7.84875,43.67292],[-7.84958,43.67125],[-7.84958,43.67042],[-7.84708,43.67042]]},"properties":{"source":"emodnet_dtm_2024","level":2}},{"type":"Feature","geometry":{"type":"LineString","coordinates":[[-7.87208,43.68629],[-7.86792,43.6861],[-7.86738,43.68792],[-7.8655,43.69042],[-7.86539,43.69208],[-7.86792,43.69442],[-7.86792,43.69542],[-7.87016,43.69708],[-7.87042,43.69807],[-7.86861,43.69958],[-7.8685,43.70042],[-7.87208,43.70123],[-7.87375,43.70079],[-7.87622,43.69875],[-7.87658,43.69625],[-7.87792,43.69542],[-7.87746,43.69458],[-7.87815,43.69292],[-7.87744,43.69125],[-7.87208,43.68629]]},"properties":{"source":"emodnet_dtm_2024","level":2}},{"type":"Feature","geometry":{"type":"LineString","coordinates":[[-7.82542,43.69042],[-7.82458,43.68875],[-7.82458,43.69042],[-7.82125,43.69292],[-7.82042,43.69292],[-7.81958,43.69458],[-7.81792,43.69458],[-7.81708,43.69542],[-7.81375,43.69542],[-7.81292,43.69792],[-7.81375,43.69792],[-7.81458,43.69875],[-7.81625,43.69875],[-7.81708,43.69958],[-7.82458,43.69958],[-7.82542,43.70042],[-7.83042,43.70042],[-7.83125,43.70208],[-7.83292,43.70208],[-7.83375,43.70042],[-7.83708,43.70042],[-7.83708,43.69958],[-7.83458,43.69792],[-7.83542,43.69625],[-7.83375,43.69458],[-7.83458,43.68875],[-7.82875,43.68875],[-7.82792,43.69042],[-7.82542,43.69042]]},"properties":{"source":"emodnet_dtm_2024","level":2}},{"type":"Feature","geometry":{"type":"LineString","coordinates":[[-7.81042,43.69542],[-7.80958,43.69458],[-7.80875,43.69542],[-7.80625,43.69542],[-7.80792,43.69542],[-7.80875,43.69625],[-7.80958,43.69625],[-7.81042,43.69542],[-7.81208,43.69542],[-7.81042,43.69542]]},"properties":{"source":"emodnet_dtm_2024","level":2}},{"type":"Feature","geometry":{"type":"LineString","coordinates":[[-7.58292,43.69913],[-7.58292,43.69683],[-7.58375,43.69708],[-7.58415,43.69875],[-7.58292,43.69913]]},"properties":{"source":"emodnet_dtm_2024","level":2}},{"type":"Feature","geometry":{"type":"LineString","coordinates":[[-7.83125,43.71097],[-7.83054,43.70875],[-7.83125,43.70798],[-7.83292,43.70797],[-7.83375,43.70712],[-7.83458,43.70708],[-7.83542,43.70797],[-7.83708,43.708],[-7.8378,43.70875],[-7.83772,43.71125],[-7.83708,43.71185],[-7.83542,43.71193],[-7.83458,43.71113],[-7.83375,43.71188],[-7.83292,43.71108],[-7.83125,43.71097]]},"properties":{"source":"emodnet_dtm_2024","level":2}},{"type":"Feature","geometry":{"type":"LineString","coordinates":[[-7.69625,43.71208],[-7.69542,43.71125],[-7.69542,43.71208],[-7.69458,43.71292],[-7.69375,43.71292],[-7.69375,43.71458],[-7.69292,43.71542],[-7.69208,43.71542],[-7.69042,43.71292],[-7.68958,43.71292],[-7.68875,43.71208],[-7.68875,43.71292],[-7.68958,43.71458],[-7.69042,43.71458],[-7.69375,43.71792],[-7.69375,43.71875],[-7.69542,43.71875],[-7.69625,43.71958],[-7.69542,43.72292],[-7.69458,43.72375],[-7.69375,43.72375],[-7.69375,43.72458],[-7.69458,43.72458],[-7.69542,43.72542],[-7.69542,43.72708],[-7.69708,43.72875],[-7.69792,43.73125],[-7.69875,43.73125],[-7.69875,43.72458],[-7.69958,43.72375],[-7.70042,43.71958],[-7.69958,43.71792],[-7.69708,43.71792],[-7.69458,43.71625],[-7.69542,43.71458],[-7.69958,43.71458],[-7.69958,43.71375],[-7.69708,43.71375],[-7.69625,43.71208]]},"properties":{"source":"emodnet_dtm_2024","level":2}},{"type":"Feature","geometry":{"type":"LineString","coordinates":[[-7.43958,43.71544],[-7.43906,43.71458],[-7.43958,43.71392],[-7.44049,43.71458],[-7.43958,43.71544]]},"properties":{"source":"emodnet_dtm_2024","level":2}},{"type":"Feature","geometry":{"type":"LineString","coordinates":[[-1.26292,44.53834],[-1.26292,44.53764],[-1.26552,44.53792],[-1.26458,44.53838],[-1.26292,44.53834]]},"properties":{"source":"emodnet_dtm_2024","level":2}},{"type":"Feature","geometry":{"type":"LineString","coordinates":[[-1.26958,44.54298],[-1.27022,44.54125],[-1.27125,44.54104],[-1.27112,44.54208],[-1.26958,44.54298]]},"properties":{"source":"emodnet_dtm_2024","level":2}},{"type":"Feature","geometry":{"type":"LineString","coordinates":[[-1.26208,44.54981],[-1.26208,44.5494],[-1.26208,44.54981]]},"properties":{"source":"emodnet_dtm_2024","level":2}},{"type":"Feature","geometry":{"type":"LineString","coordinates":[[-1.26292,44.55095],[-1.26292,44.55019],[-1.26292,44.55095]]},"properties":{"source":"emodnet_dtm_2024","level":2}},{"type":"Feature","geometry":{"type":"LineString","coordinates":[[-1.26125,44.55377],[-1.26125,44.55324],[-1.26125,44.55377]]},"properties":{"source":"emodnet_dtm_2024","level":2}},{"type":"Feature","geometry":{"type":"LineString","coordinates":[[-1.24875,44.57246],[-1.24831,44.57208],[-1.24875,44.57173],[-1.24936,44.57208],[-1.24875,44.57246]]},"properties":{"source":"emodnet_dtm_2024","level":2}},{"type":"Feature","geometry":{"type":"LineString","coordinates":[[-1.25458,44.57293],[-1.25417,44.57292],[-1.25458,44.57293]]},"properties":{"source":"emodnet_dtm_2024","level":2}},{"type":"Feature","geometry":{"type":"LineString","coordinates":[[-1.25042,44.57396],[-1.25042,44.57267],[-1.25104,44.57292],[-1.25042,44.57396]]},"properties":{"source":"emodnet_dtm_2024","level":2}},{"type":"Feature","geometry":{"type":"LineString","coordinates":[[-1.24292,44.57399],[-1.24292,44.57353],[-1.24463,44.57375],[-1.24292,44.57399]]},"properties":{"source":"emodnet_dtm_2024","level":2}},{"type":"Feature","geometry":{"type":"LineString","coordinates":[[-1.24208,44.57573],[-1.24208,44.57526],[-1.24256,44.57542],[-1.24208,44.57573]]},"properties":{"source":"emodnet_dtm_2024","level":2}},{"type":"Feature","geometry":{"type":"LineString","coordinates":[[-1.25458,44.58037],[-1.25405,44.57958],[-1.25458,44.57906],[-1.25507,44.57958],[-1.25458,44.58037]]},"properties":{"source":"emodnet_dtm_2024","level":2}},{"type":"Feature","geometry":{"type":"LineString","coordinates":[[-1.23542,44.58066],[-1.23542,44.58018],[-1.23644,44.58042],[-1.23542,44.58066]]},"properties":{"source":"emodnet_dtm_2024","level":2}},{"type":"Feature","geometry":{"type":"LineString","coordinates":[[-1.24708,44.58129],[-1.24708,44.58036],[-1.24708,44.58129]]},"properties":{"source":"emodnet_dtm_2024","level":2}},{"type":"Feature","geometry":{"type":"LineString","coordinates":[[-1.25458,44.58805],[-1.25458,44.58734],[-1.25458,44.58805]]},"properties":{"source":"emodnet_dtm_2024","level":2}},{"type":"Feature","geometry":{"type":"LineString","coordinates":[[-1.25208,44.59065],[-1.25208,44.59033],[-1.25308,44.59042],[-1.25208,44.59065]]},"properties":{"source":"emodnet_dtm_2024","level":2}},{"type":"Feature","geometry":{"type":"LineString","coordinates":[[-1.25042,44.59171],[-1.25042,44.59073],[-1.25097,44.59125],[-1.25042,44.59171]]},"properties":{"source":"emodnet_dtm_2024","level":2}},{"type":"Feature","geometry":{"type":"LineString","coordinates":[[-1.24375,44.59583],[-1.24345,44.59542],[-1.24375,44.59583]]},"properties":{"source":"emodnet_dtm_2024","level":2}},{"type":"Feature","geometry":{"type":"LineString","coordinates":[[-1.25375,44.59806],[-1.25312,44.59792],[-1.25375,44.59667],[-1.25375,44.59806]]},"properties":{"source":"emodnet_dtm_2024","level":2}},{"type":"Feature","geometry":{"type":"LineString","coordinates":[[-1.23042,44.59827],[-1.23036,44.59708],[-1.23117,44.59708],[-1.23042,44.59827]]},"properties":{"source":"emodnet_dtm_2024","level":2}},{"type":"Feature","geometry":{"type":"LineString","coordinates":[[-1.24458,44.60062],[-1.24458,44.60062]]},"properties":{"source":"emodnet_dtm_2024","level":2}},{"type":"Feature","geometry":{"type":"LineString","coordinates":[[-1.25958,44.60171],[-1.25987,44.60042],[-1.26125,44.59971],[-1.26276,44.60042],[-1.26279,44.60125],[-1.26208,44.60158],[-1.25958,44.60171]]},"properties":{"source":"emodnet_dtm_2024","level":2}},{"type":"Feature","geometry":{"type":"LineString","coordinates":[[-1.22958,44.6047],[-1.22958,44.60432],[-1.22958,44.6047]]},"properties":{"source":"emodnet_dtm_2024","level":2}},{"type":"Feature","geometry":{"type":"LineString","coordinates":[[-1.25458,44.60676],[-1.25458,44.6052],[-1.25792,44.6028],[-1.25875,44.60325],[-1.25958,44.60296],[-1.26112,44.60375],[-1.26148,44.60458],[-1.25875,44.60594],[-1.25458,44.60676]]},"properties":{"source":"emodnet_dtm_2024","level":2}},{"type":"Feature","geometry":{"type":"LineString","coordinates":[[-1.24958,44.60648],[-1.24909,44.60542],[-1.24958,44.60529],[-1.2507,44.60625],[-1.25042,44.60686],[-1.24958,44.60648]]},"properties":{"source":"emodnet_dtm_2024","level":2}},{"type":"Feature","geometry":{"type":"LineString","coordinates":[[-1.24625,44.60636],[-1.24563,44.60542],[-1.24625,44.60513],[-1.24625,44.60636]]},"properties":{"source":"emodnet_dtm_2024","level":2}},{"type":"Feature","geometry":{"type":"LineString","coordinates":[[-1.23375,44.61294],[-1.23375,44.61294]]},"properties":{"source":"emodnet_dtm_2024","level":2}},{"type":"Feature","geometry":{"type":"LineString","coordinates":[[-1.25792,44.61463],[-1.25792,44.61463]]},"properties":{"source":"emodnet_dtm_2024","level":2}},{"type":"Feature","geometry":{"type":"LineString","coordinates":[[-1.25208,44.61641],[-1.25198,44.61542],[-1.25375,44.6145],[-1.25402,44.61542],[-1.25292,44.61652],[-1.25208,44.61641]]},"properties":{"source":"emodnet_dtm_2024","level":2}},{"type":"Feature","geometry":{"type":"LineString","coordinates":[[-1.22625,44.61747],[-1.22625,44.61691],[-1.22625,44.61747]]},"properties":{"source":"emodnet_dtm_2024","level":2}},{"type":"Feature","geometry":{"type":"LineString","coordinates":[[-1.25292,44.61922],[-1.25224,44.61875],[-1.25238,44.61792],[-1.25458,44.61757],[-1.25458,44.61914],[-1.25292,44.61922]]},"properties":{"source":"emodnet_dtm_2024","level":2}},{"type":"Feature","geometry":{"type":"LineString","coordinates":[[-1.20375,44.62536],[-1.20375,44.62348],[-1.2047,44.62458],[-1.20375,44.62536]]},"properties":{"source":"emodnet_dtm_2024","level":2}},{"type":"Feature","geometry":{"type":"LineString","coordinates":[[-1.20458,44.63131],[-1.20458,44.62737],[-1.20458,44.63131]]},"properties":{"source":"emodnet_dtm_2024","level":2}},{"type":"Feature","geometry":{"type":"LineString","coordinates":[[-1.20458,44.63566],[-1.20458,44.634],[-1.20543,44.63542],[-1.20458,44.63566]]},"properties":{"source":"emodnet_dtm_2024","level":2}},{"type":"Feature","geometry":{"type":"LineString","coordinates":[[-1.24208,44.63655],[-1.24208,44.6357],[-1.24208,44.63655]]},"properties":{"source":"emodnet_dtm_2024","level":2}},{"type":"Feature","geometry":{"type":"LineString","coordinates":[[-1.22042,44.63792],[-1.22042,44.63792]]},"properties":{"source":"emodnet_dtm_2024","level":2}},{"type":"Feature","geometry":{"type":"LineString","coordinates":[[-1.22042,44.64149],[-1.22042,44.64077],[-1.22208,44.64125],[-1.22042,44.64149]]},"properties":{"source":"emodnet_dtm_2024","level":2}},{"type":"Feature","geometry":{"type":"LineString","coordinates":[[-1.21458,44.64139],[-1.21458,44.64091],[-1.21542,44.64082],[-1.21716,44.64125],[-1.21458,44.64139]]},"properties":{"source":"emodnet_dtm_2024","level":2}},{"type":"Feature","geometry":{"type":"LineString","coordinates":[[-1.22125,44.64324],[-1.22125,44.6428],[-1.22125,44.64324]]},"properties":{"source":"emodnet_dtm_2024","level":2}},{"type":"Feature","geometry":{"type":"LineString","coordinates":[[-1.23875,44.64503],[-1.23875,44.64445],[-1.23875,44.64503]]},"properties":{"source":"emodnet_dtm_2024","level":2}},{"type":"Feature","geometry":{"type":"LineString","coordinates":[[-1.21625,44.6449],[-1.21575,44.64458],[-1.21625,44.64416],[-1.21694,44.64458],[-1.21625,44.6449]]},"properties":{"source":"emodnet_dtm_2024","level":2}},{"type":"Feature","geometry":{"type":"LineString","coordinates":[[-1.21708,44.64547],[-1.21708,44.6449],[-1.21826,44.64542],[-1.21708,44.64547]]},"properties":{"source":"emodnet_dtm_2024","level":2}},{"type":"Feature","geometry":{"type":"LineString","coordinates":[[-1.21625,44.64842],[-1.21625,44.64765],[-1.21683,44.64792],[-1.21625,44.64842]]},"properties":{"source":"emodnet_dtm_2024","level":2}},{"type":"Feature","geometry":{"type":"LineString","coordinates":[[-1.20542,44.65252],[-1.20492,44.65208],[-1.20625,44.65098],[-1.20792,44.65019],[-1.20904,44.65042],[-1.20708,44.65219],[-1.20542,44.65252]]},"properties":{"source":"emodnet_dtm_2024","level":2}},{"type":"Feature","geometry":{"type":"LineString","coordinates":[[-1.21708,44.66224],[-1.21654,44.66125],[-1.21792,44.66111],[-1.21792,44.66177],[-1.21708,44.66224]]},"properties":{"source":"emodnet_dtm_2024","level":2}},{"type":"Feature","geometry":{"type":"LineString","coordinates":[[-1.22542,44.66303],[-1.22583,44.66292],[-1.22542,44.66303]]},"properties":{"source":"emodnet_dtm_2024","level":2}},{"type":"Feature","geometry":{"type":"LineString","coordinates":[[-1.18458,44.66383],[-1.18458,44.66296],[-1.18458,44.66383]]},"properties":{"source":"emodnet_dtm_2024","level":2}},{"type":"Feature","geometry":{"type":"LineString","coordinates":[[-1.18292,44.66385],[-1.18292,44.66323],[-1.18292,44.66385]]},"properties":{"source":"emodnet_dtm_2024","level":2}},{"type":"Feature","geometry":{"type":"LineString","coordinates":[[-1.13375,44.66484],[-1.13375,44.66418],[-1.13375,44.66484]]},"properties":{"source":"emodnet_dtm_2024","level":2}},{"type":"Feature","geometry":{"type":"LineString","coordinates":[[-1.10208,44.66634],[-1.10208,44.66582],[-1.10625,44.66382],[-1.10792,44.66466],[-1.11042,44.66388],[-1.11375,44.66384],[-1.11542,44.66527],[-1.11625,44.6641],[-1.11728,44.66458],[-1.11292,44.66835],[-1.10875,44.66799],[-1.10792,44.66851],[-1.10375,44.66635],[-1.10208,44.66634]]},"properties":{"source":"emodnet_dtm_2024","level":2}},{"type":"Feature","geometry":{"type":"LineString","coordinates":[[-1.13458,44.66747],[-1.13469,44.66625],[-1.13708,44.66485],[-1.13792,44.6662],[-1.13891,44.66625],[-1.1389,44.66708],[-1.13792,44.66713],[-1.13708,44.66831],[-1.13542,44.66814],[-1.13458,44.66747]]},"properties":{"source":"emodnet_dtm_2024","level":2}},{"type":"Feature","geometry":{"type":"LineString","coordinates":[[-1.21625,44.66802],[-1.21625,44.66802]]},"properties":{"source":"emodnet_dtm_2024","level":2}},{"type":"Feature","geometry":{"type":"LineString","coordinates":[[-1.22458,44.67158],[-1.22386,44.67125],[-1.22458,44.67071],[-1.22595,44.67125],[-1.22458,44.67158]]},"properties":{"source":"emodnet_dtm_2024","level":2}},{"type":"Feature","geometry":{"type":"LineString","coordinates":[[-1.11875,44.67206],[-1.11793,44.67125],[-1.11875,44.67058],[-1.12042,44.67111],[-1.12125,44.66968],[-1.12563,44.66625],[-1.12792,44.66492],[-1.13042,44.66419],[-1.1321,44.66708],[-1.12958,44.6705],[-1.12375,44.67272],[-1.11875,44.67206]]},"properties":{"source":"emodnet_dtm_2024","level":2}},{"type":"Feature","geometry":{"type":"LineString","coordinates":[[-1.20042,44.67401],[-1.19995,44.67292],[-1.20042,44.67272],[-1.20125,44.67352],[-1.20345,44.67125],[-1.20458,44.67179],[-1.20708,44.67102],[-1.20792,44.67005],[-1.21292,44.66834],[-1.2153,44.66875],[-1.21548,44.67042],[-1.21292,44.67259],[-1.20958,44.6735],[-1.20792,44.67451],[-1.20042,44.67401]]},"properties":{"source":"emodnet_dtm_2024","level":2}},{"type":"Feature","geometry":{"type":"LineString","coordinates":[[-1.19625,44.67459],[-1.19571,44.67375],[-1.19792,44.67299],[-1.19875,44.6735],[-1.19831,44.67458],[-1.19625,44.67459]]},"properties":{"source":"emodnet_dtm_2024","level":2}},{"type":"Feature","geometry":{"type":"LineString","coordinates":[[-1.22375,44.67558],[-1.22506,44.67458],[-1.22474,44.67375],[-1.22542,44.67328],[-1.22612,44.67375],[-1.22561,44.67542],[-1.22375,44.67558]]},"properties":{"source":"emodnet_dtm_2024","level":2}},{"type":"Feature","geometry":{"type":"LineString","coordinates":[[-1.15875,44.67918],[-1.15988,44.67708],[-1.16125,44.67637],[-1.16208,44.67659],[-1.16458,44.67562],[-1.16625,44.67585],[-1.16708,44.6767],[-1.16875,44.67672],[-1.17041,44.67625],[-1.17125,44.67515],[-1.17292,44.67618],[-1.17708,44.67548],[-1.18042,44.67651],[-1.18292,44.67635],[-1.18458,44.67792],[-1.18958,44.6793],[-1.19125,44.67943],[-1.19208,44.67862],[-1.19292,44.67953],[-1.19458,44.67862],[-1.19625,44.67941],[-1.19792,44.67862],[-1.20208,44.67944],[-1.20458,44.67855],[-1.20625,44.68039],[-1.20708,44.68037],[-1.20792,44.67851],[-1.20875,44.67866],[-1.2097,44.67792],[-1.21208,44.6782],[-1.21625,44.67623],[-1.21792,44.67606],[-1.21875,44.67655],[-1.21877,44.67792],[-1.22042,44.67973],[-1.22125,44.68218],[-1.22163,44.68375],[-1.22004,44.68708],[-1.22042,44.68778],[-1.22128,44.68792],[-1.22125,44.68954],[-1.21875,44.69147],[-1.21625,44.69667],[-1.21458,44.69761],[-1.21314,44.69958],[-1.21042,44.70083],[-1.20875,44.7035],[-1.20792,44.70351],[-1.20626,44.70458],[-1.2038,44.70708],[-1.20208,44.70717],[-1.19625,44.70996],[-1.19375,44.71022],[-1.19208,44.71097],[-1.18708,44.71076],[-1.18625,44.71006],[-1.18542,44.71014],[-1.18292,44.71224],[-1.18125,44.70977],[-1.17875,44.70977],[-1.17708,44.70894],[-1.17458,44.70927],[-1.17125,44.70883],[-1.17042,44.70646],[-1.16958,44.70731],[-1.16792,44.70659],[-1.16708,44.70711],[-1.16292,44.70503],[-1.16125,44.7053],[-1.15696,44.70292],[-1.15575,44.70125],[-1.15542,44.69937],[-1.15458,44.69915],[-1.15375,44.70002],[-1.15254,44.69958],[-1.15292,44.69782],[-1.15375,44.69851],[-1.15458,44.69771],[-1.15542,44.69776],[-1.15731,44.69292],[-1.15687,44.69125],[-1.15734,44.68792],[-1.15855,44.68625],[-1.15875,44.67918]]},"properties":{"source":"emodnet_dtm_2024","level":2}},{"type":"Feature","geometry":{"type":"LineString","coordinates":[[-1.15292,44.68043],[-1.15357,44.67958],[-1.15293,44.67875],[-1.15461,44.67708],[-1.15533,44.67792],[-1.15458,44.67972],[-1.15375,44.68082],[-1.15292,44.68043]]},"properties":{"source":"emodnet_dtm_2024","level":2}},{"type":"Feature","geometry":{"type":"LineString","coordinates":[[-1.08958,44.68146],[-1.0892,44.68042],[-1.09125,44.68004],[-1.09072,44.68125],[-1.08958,44.68146]]},"properties":{"source":"emodnet_dtm_2024","level":2}},{"type":"Feature","geometry":{"type":"LineString","coordinates":[[-1.12375,44.68354],[-1.12365,44.68208],[-1.12542,44.68049],[-1.12792,44.68049],[-1.12958,44.67998],[-1.13042,44.67909],[-1.13208,44.67918],[-1.13458,44.67768],[-1.13625,44.67811],[-1.14292,44.67557],[-1.14625,44.67582],[-1.14811,44.67542],[-1.14672,44.67792],[-1.14714,44.68042],[-1.14595,44.68208],[-1.14747,44.68458],[-1.1477,44.68792],[-1.14855,44.68958],[-1.14843,44.69208],[-1.1496,44.69542],[-1.14792,44.69605],[-1.14625,44.69586],[-1.14458,44.69668],[-1.14208,44.69639],[-1.14042,44.69715],[-1.13721,44.69708],[-1.13625,44.69792],[-1.13516,44.69458],[-1.13025,44.69125],[-1.12958,44.68875],[-1.12792,44.68824],[-1.12729,44.68625],[-1.12458,44.6849],[-1.12375,44.68354]]},"properties":{"source":"emodnet_dtm_2024","level":2}},{"type":"Feature","geometry":{"type":"LineString","coordinates":[[-1.04042,44.68371],[-1.03958,44.68194],[-1.03542,44.68229],[-1.03417,44.68542],[-1.03542,44.68667],[-1.03958,44.6869],[-1.04089,44.68542],[-1.04042,44.68371]]},"properties":{"source":"emodnet_dtm_2024","level":2}},{"type":"Feature","geometry":{"type":"LineString","coordinates":[[-1.09875,44.68746],[-1.09825,44.68708],[-1.09849,44.68542],[-1.09982,44.68375],[-1.10125,44.68354],[-1.10172,44.68542],[-1.09875,44.68746]]},"properties":{"source":"emodnet_dtm_2024","level":2}},{"type":"Feature","geometry":{"type":"LineString","coordinates":[[-1.08458,44.68747],[-1.08402,44.68708],[-1.08458,44.68677],[-1.08625,44.6866],[-1.08625,44.68725],[-1.08458,44.68747]]},"properties":{"source":"emodnet_dtm_2024","level":2}},{"type":"Feature","geometry":{"type":"LineString","coordinates":[[-1.08042,44.6872],[-1.08208,44.68666],[-1.08275,44.68708],[-1.08125,44.68757],[-1.08042,44.6872]]},"properties":{"source":"emodnet_dtm_2024","level":2}},{"type":"Feature","geometry":{"type":"LineString","coordinates":[[-1.07042,44.68952],[-1.06958,44.68857],[-1.0688,44.68875],[-1.07042,44.69062],[-1.07088,44.69042],[-1.07042,44.68952]]},"properties":{"source":"emodnet_dtm_2024","level":2}},{"type":"Feature","geometry":{"type":"LineString","coordinates":[[-1.15042,44.69037],[-1.14981,44.68958],[-1.15042,44.68925],[-1.15042,44.69037]]},"properties":{"source":"emodnet_dtm_2024","level":2}},{"type":"Feature","geometry":{"type":"LineString","coordinates":[[-1.17042,44.69669],[-1.16875,44.69557],[-1.16782,44.69625],[-1.16707,44.69875],[-1.16875,44.70026],[-1.17109,44.69792],[-1.17042,44.69669]]},"properties":{"source":"emodnet_dtm_2024","level":2}},{"type":"Feature","geometry":{"type":"LineString","coordinates":[[-1.15208,44.70048],[-1.15208,44.70009],[-1.15208,44.70048]]},"properties":{"source":"emodnet_dtm_2024","level":2}},{"type":"Feature","geometry":{"type":"LineString","coordinates":[[-1.14292,44.70337],[-1.1424,44.70292],[-1.14458,44.7029],[-1.14708,44.70422],[-1.14958,44.70458],[-1.14875,44.70516],[-1.14625,44.70476],[-1.14292,44.70337]]},"properties":{"source":"emodnet_dtm_2024","level":2}},{"type":"Feature","geometry":{"type":"LineString","coordinates":[[-1.13875,44.70319],[-1.13851,44.70292],[-1.14042,44.70205],[-1.14142,44.70208],[-1.14199,44.70292],[-1.14125,44.70352],[-1.13875,44.70319]]},"properties":{"source":"emodnet_dtm_2024","level":2}},{"type":"Feature","geometry":{"type":"LineString","coordinates":[[-1.14292,44.70742],[-1.14214,44.70708],[-1.14375,44.70683],[-1.14375,44.70752],[-1.14292,44.70742]]},"properties":{"source":"emodnet_dtm_2024","level":2}},{"type":"Feature","geometry":{"type":"LineString","coordinates":[[-1.13792,44.70801],[-1.13724,44.70625],[-1.13875,44.70564],[-1.14125,44.70573],[-1.14202,44.70708],[-1.14063,44.70792],[-1.14042,44.70919],[-1.13792,44.70801]]},"properties":{"source":"emodnet_dtm_2024","level":2}},{"type":"Feature","geometry":{"type":"LineString","coordinates":[[-1.25458,44.71033],[-1.25458,44.70905],[-1.25458,44.71033]]},"properties":{"source":"emodnet_dtm_2024","level":2}},{"type":"Feature","geometry":{"type":"LineString","coordinates":[[-1.11375,44.7173],[-1.11375,44.7173]]},"properties":{"source":"emodnet_dtm_2024","level":2}},{"type":"Feature","geometry":{"type":"LineString","coordinates":[[-1.14958,44.7507],[-1.14958,44.74995],[-1.14958,44.7507]]},"properties":{"source":"emodnet_dtm_2024","level":2}},{"type":"Feature","geometry":{"type":"LineString","coordinates":[[-0.80458,45.3497],[-0.80396,45.34875],[-0.80458,45.34845],[-0.80542,45.34929],[-0.80708,45.34904],[-0.80875,45.35337],[-0.80625,45.35194],[-0.80458,45.3497]]},"properties":{"source":"emodnet_dtm_2024","level":2}},{"type":"Feature","geometry":{"type":"LineString","coordinates":[[-0.81542,45.40527],[-0.81483,45.40458],[-0.81495,45.40292],[-0.81633,45.40125],[-0.81792,45.40046],[-0.81927,45.40208],[-0.81901,45.40375],[-0.81542,45.40527]]},"properties":{"source":"emodnet_dtm_2024","level":2}},{"type":"Feature","geometry":{"type":"LineString","coordinates":[[-0.82458,45.40773],[-0.82412,45.40625],[-0.82458,45.40537],[-0.82503,45.40625],[-0.82458,45.40773]]},"properties":{"source":"emodnet_dtm_2024","level":2}},{"type":"Feature","geometry":{"type":"LineString","coordinates":[[-0.82125,45.40869],[-0.82066,45.40792],[-0.82125,45.4068],[-0.822,45.40792],[-0.82125,45.40869]]},"properties":{"source":"emodnet_dtm_2024","level":2}},{"type":"Feature","geometry":{"type":"LineString","coordinates":[[-0.82542,45.41331],[-0.8248,45.41208],[-0.82542,45.40999],[-0.82958,45.40973],[-0.82958,45.4121],[-0.82792,45.41317],[-0.82542,45.41331]]},"properties":{"source":"emodnet_dtm_2024","level":2}},{"type":"Feature","geometry":{"type":"LineString","coordinates":[[-0.83292,45.41739],[-0.83311,45.41625],[-0.83542,45.41525],[-0.83701,45.41542],[-0.83792,45.4167],[-0.84125,45.41643],[-0.84227,45.41708],[-0.8418,45.42292],[-0.84255,45.42458],[-0.84208,45.42572],[-0.83946,45.42625],[-0.84063,45.42375],[-0.84042,45.42213],[-0.83875,45.42251],[-0.8365,45.42208],[-0.83575,45.42125],[-0.83621,45.42042],[-0.83582,45.41958],[-0.83458,45.41875],[-0.83375,45.41889],[-0.83292,45.41739]]},"properties":{"source":"emodnet_dtm_2024","level":2}},{"type":"Feature","geometry":{"type":"LineString","coordinates":[[-0.84708,45.42084],[-0.84708,45.42033],[-0.84708,45.42084]]},"properties":{"source":"emodnet_dtm_2024","level":2}},{"type":"Feature","geometry":{"type":"LineString","coordinates":[[-0.84708,45.43617],[-0.84708,45.43428],[-0.85042,45.43137],[-0.85329,45.43042],[-0.85418,45.42792],[-0.85542,45.4272],[-0.85708,45.42783],[-0.85801,45.43042],[-0.85596,45.43208],[-0.85581,45.43292],[-0.85708,45.43755],[-0.85875,45.4386],[-0.86042,45.43819],[-0.86125,45.43882],[-0.87032,45.44125],[-0.87047,45.44208],[-0.87482,45.44542],[-0.87545,45.44792],[-0.87792,45.44933],[-0.87958,45.44922],[-0.87978,45.45125],[-0.88125,45.45364],[-0.88458,45.45492],[-0.88542,45.45718],[-0.88962,45.45958],[-0.89017,45.46208],[-0.89125,45.46292],[-0.89042,45.46468],[-0.88792,45.46517],[-0.88708,45.46631],[-0.88208,45.46607],[-0.87878,45.46208],[-0.87542,45.4595],[-0.87292,45.4588],[-0.87208,45.45797],[-0.87142,45.45458],[-0.86792,45.45272],[-0.86542,45.44939],[-0.86341,45.44792],[-0.86084,45.44375],[-0.85625,45.44266],[-0.85375,45.43941],[-0.85208,45.43958],[-0.84877,45.43875],[-0.84917,45.43792],[-0.84708,45.43617]]},"properties":{"source":"emodnet_dtm_2024","level":2}},{"type":"Feature","geometry":{"type":"LineString","coordinates":[[-0.89375,45.47179],[-0.89305,45.46958],[-0.89417,45.46792],[-0.89542,45.46744],[-0.89844,45.47042],[-0.89875,45.47423],[-0.89708,45.47457],[-0.89542,45.47405],[-0.89375,45.47179]]},"properties":{"source":"emodnet_dtm_2024","level":2}},{"type":"Feature","geometry":{"type":"LineString","coordinates":[[-0.89875,45.47649],[-0.89875,45.47567],[-0.89875,45.47649]]},"properties":{"source":"emodnet_dtm_2024","level":2}},{"type":"Feature","geometry":{"type":"LineString","coordinates":[[-0.83375,45.48499],[-0.83308,45.48458],[-0.83308,45.48292],[-0.83375,45.48174],[-0.83458,45.48154],[-0.83471,45.48375],[-0.8354,45.48458],[-0.83375,45.48499]]},"properties":{"source":"emodnet_dtm_2024","level":2}},{"type":"Feature","geometry":{"type":"LineString","coordinates":[[-0.83792,45.48642],[-0.83792,45.4856],[-0.83875,45.48561],[-0.83906,45.48625],[-0.83792,45.48642]]},"properties":{"source":"emodnet_dtm_2024","level":2}},{"type":"Feature","geometry":{"type":"LineString","coordinates":[[-0.84375,45.49128],[-0.84375,45.49128]]},"properties":{"source":"emodnet_dtm_2024","level":2}},{"type":"Feature","geometry":{"type":"LineString","coordinates":[[-0.96958,45.49297],[-0.97042,45.49241],[-0.9718,45.49375],[-0.97216,45.49458],[-0.97151,45.49542],[-0.96958,45.49297]]},"properties":{"source":"emodnet_dtm_2024","level":2}},{"type":"Feature","geometry":{"type":"LineString","coordinates":[[-0.85042,45.49555],[-0.85042,45.4939],[-0.85042,45.49555]]},"properties":{"source":"emodnet_dtm_2024","level":2}},{"type":"Feature","geometry":{"type":"LineString","coordinates":[[-1.01958,45.50556],[-1.01955,45.50375],[-1.02292,45.50451],[-1.02458,45.50949],[-1.02229,45.50875],[-1.01958,45.50556]]},"properties":{"source":"emodnet_dtm_2024","level":2}},{"type":"Feature","geometry":{"type":"LineString","coordinates":[[-0.92958,45.50825],[-0.92881,45.50792],[-0.92958,45.50733],[-0.92958,45.50825]]},"properties":{"source":"emodnet_dtm_2024","level":2}},{"type":"Feature","geometry":{"type":"LineString","coordinates":[[-0.92792,45.50821],[-0.92792,45.50758],[-0.92867,45.50792],[-0.92792,45.50821]]},"properties":{"source":"emodnet_dtm_2024","level":2}},{"type":"Feature","geometry":{"type":"LineString","coordinates":[[-1.02708,45.51163],[-1.02651,45.51125],[-1.02752,45.51042],[-1.02958,45.50925],[-1.03019,45.50958],[-1.03008,45.51208],[-1.03301,45.51458],[-1.03292,45.51663],[-1.02972,45.51458],[-1.02836,45.51208],[-1.02708,45.51163]]},"properties":{"source":"emodnet_dtm_2024","level":2}},{"type":"Feature","geometry":{"type":"LineString","coordinates":[[-0.93625,45.51248],[-0.93604,45.51125],[-0.93708,45.51001],[-0.93792,45.50959],[-0.93958,45.5099],[-0.93993,45.51125],[-0.939,45.51292],[-0.93708,45.51293],[-0.93625,45.51248]]},"properties":{"source":"emodnet_dtm_2024","level":2}},{"type":"Feature","geometry":{"type":"LineString","coordinates":[[-0.94625,45.51835],[-0.94551,45.51792],[-0.94549,45.51708],[-0.94708,45.51593],[-0.94792,45.51598],[-0.94879,45.51708],[-0.94844,45.51792],[-0.94625,45.51835]]},"properties":{"source":"emodnet_dtm_2024","level":2}},{"type":"Feature","geometry":{"type":"LineString","coordinates":[[-0.95708,45.52212],[-0.95708,45.52179],[-0.95792,45.52193],[-0.95857,45.52292],[-0.95792,45.52312],[-0.95708,45.52212]]},"properties":{"source":"emodnet_dtm_2024","level":2}},{"type":"Feature","geometry":{"type":"LineString","coordinates":[[-0.95875,45.52464],[-0.95875,45.52333],[-0.95996,45.52458],[-0.95958,45.52526],[-0.95875,45.52464]]},"properties":{"source":"emodnet_dtm_2024","level":2}},{"type":"Feature","geometry":{"type":"LineString","coordinates":[[-0.98208,45.53535],[-0.9816,45.53458],[-0.98208,45.5344],[-0.98299,45.53542],[-0.98208,45.53535]]},"properties":{"source":"emodnet_dtm_2024","level":2}},{"type":"Feature","geometry":{"type":"LineString","coordinates":[[-1.05042,45.53625],[-1.04958,45.53472],[-1.04946,45.53625],[-1.05125,45.53625],[-1.05042,45.53625]]},"properties":{"source":"emodnet_dtm_2024","level":2}},{"type":"Feature","geometry":{"type":"LineString","coordinates":[[-0.98708,45.53733],[-0.98708,45.53733]]},"properties":{"source":"emodnet_dtm_2024","level":2}},{"type":"Feature","geometry":{"type":"LineString","coordinates":[[-1.06208,45.55522],[-1.06125,45.55441],[-1.05846,45.55458],[-1.06005,45.55542],[-1.05989,45.55708],[-1.06042,45.55757],[-1.06236,45.55708],[-1.06208,45.55522]]},"properties":{"source":"emodnet_dtm_2024","level":2}},{"type":"Feature","geometry":{"type":"LineString","coordinates":[[-1.06042,45.56742],[-1.06042,45.56668],[-1.06292,45.56573],[-1.06325,45.56625],[-1.06153,45.56792],[-1.06125,45.56894],[-1.06042,45.56742]]},"properties":{"source":"emodnet_dtm_2024","level":2}},{"type":"Feature","geometry":{"type":"LineString","coordinates":[[-1.17375,45.58226],[-1.17375,45.58184],[-1.17542,45.5819],[-1.17708,45.58315],[-1.17875,45.58337],[-1.17967,45.58458],[-1.17958,45.58635],[-1.18292,45.58696],[-1.18414,45.58792],[-1.18499,45.58958],[-1.18457,45.59125],[-1.1854,45.59292],[-1.18458,45.5945],[-1.17875,45.59593],[-1.17125,45.59338],[-1.17042,45.5927],[-1.16708,45.59365],[-1.16379,45.59208],[-1.16343,45.59125],[-1.16485,45.58875],[-1.16458,45.58833],[-1.16292,45.58836],[-1.16227,45.58792],[-1.16448,45.58458],[-1.16625,45.58383],[-1.16792,45.58403],[-1.16873,45.58292],[-1.16852,45.58208],[-1.16958,45.58164],[-1.17042,45.58185],[-1.17125,45.5832],[-1.17375,45.58413],[-1.17542,45.58386],[-1.17375,45.58226]]},"properties":{"source":"emodnet_dtm_2024","level":2}},{"type":"Feature","geometry":{"type":"LineString","coordinates":[[-1.18875,45.59569],[-1.18794,45.59542],[-1.18875,45.59501],[-1.18959,45.59542],[-1.18875,45.59569]]},"properties":{"source":"emodnet_dtm_2024","level":2}},{"type":"Feature","geometry":{"type":"LineString","coordinates":[[-1.14958,45.59583],[-1.15032,45.59458],[-1.15016,45.59208],[-1.15125,45.59092],[-1.15292,45.59086],[-1.15407,45.59375],[-1.15625,45.59614],[-1.15726,45.59625],[-1.15792,45.59766],[-1.15208,45.59583],[-1.14958,45.59583]]},"properties":{"source":"emodnet_dtm_2024","level":2}},{"type":"Feature","geometry":{"type":"LineString","coordinates":[[-1.00958,45.59801],[-1.00958,45.59706],[-1.00958,45.59801]]},"properties":{"source":"emodnet_dtm_2024","level":2}},{"type":"Feature","geometry":{"type":"LineString","coordinates":[[-1.23042,45.67558],[-1.23143,45.67542],[-1.23042,45.67558]]},"properties":{"source":"emodnet_dtm_2024","level":2}},{"type":"Feature","geometry":{"type":"LineString","coordinates":[[-1.18792,45.67547],[-1.18715,45.67542],[-1.19141,45.67542],[-1.19271,45.67708],[-1.18875,45.67732],[-1.18792,45.67547]]},"properties":{"source":"emodnet_dtm_2024","level":2}},{"type":"Feature","geometry":{"type":"LineString","coordinates":[[-1.18292,45.67545],[-1.18333,45.67542],[-1.18292,45.67545]]},"properties":{"source":"emodnet_dtm_2024","level":2}},{"type":"Feature","geometry":{"type":"LineString","coordinates":[[-1.22542,45.68],[-1.22292,45.67891],[-1.22146,45.67708],[-1.22292,45.67546],[-1.22708,45.67587],[-1.22875,45.67691],[-1.22792,45.68038]]},"properties":{"source":"emodnet_dtm_2024","level":2}},{"type":"Feature","geometry":{"type":"LineString","coordinates":[[-1.21708,45.67962],[-1.21708,45.67962]]},"properties":{"source":"emodnet_dtm_2024","level":2}},{"type":"Feature","geometry":{"type":"LineString","coordinates":[[-8.73767,42.27125],[-8.73684,42.27208],[-8.73708,42.27301],[-8.73798,42.27292],[-8.73792,42.27091],[-8.73767,42.27125]]},"properties":{"source":"emodnet_dtm_2024","level":2}},{"type":"Feature","geometry":{"type":"LineString","coordinates":[[-8.6543,42.42542],[-8.65299,42.42708],[-8.65375,42.42813],[-8.65502,42.42708],[-8.65486,42.42542],[-8.6543,42.42542]]},"properties":{"source":"emodnet_dtm_2024","level":2}},{"type":"Feature","geometry":{"type":"LineString","coordinates":[[-8.82129,42.50708],[-8.8203,42.50708],[-8.82042,42.50531],[-8.82129,42.50542],[-8.82129,42.50708]]},"properties":{"source":"emodnet_dtm_2024","level":2}},{"type":"Feature","geometry":{"type":"LineString","coordinates":[[-9.03802,42.51708],[-9.03802,42.51708]]},"properties":{"source":"emodnet_dtm_2024","level":2}},{"type":"Feature","geometry":{"type":"LineString","coordinates":[[-8.82105,42.55792],[-8.81958,42.55958],[-8.81875,42.55958],[-8.81875,42.56042],[-8.81958,42.56042],[-8.82042,42.56154],[-8.82154,42.56042],[-8.82143,42.55708],[-8.82224,42.55625],[-8.82208,42.55528],[-8.82112,42.55542],[-8.82105,42.55792]]},"properties":{"source":"emodnet_dtm_2024","level":2}},{"type":"Feature","geometry":{"type":"LineString","coordinates":[[-8.90025,42.64125],[-8.89958,42.64224],[-8.90051,42.64208],[-8.90025,42.64125]]},"properties":{"source":"emodnet_dtm_2024","level":2}},{"type":"Feature","geometry":{"type":"LineString","coordinates":[[-8.72708,42.67875],[-8.72625,42.67958],[-8.72542,42.67958],[-8.72625,42.67958],[-8.72708,42.68042],[-8.72708,42.68208],[-8.72792,42.68208],[-8.72792,42.67875],[-8.72708,42.67875]]},"properties":{"source":"emodnet_dtm_2024","level":2}},{"type":"Feature","geometry":{"type":"LineString","coordinates":[[-8.72875,42.68625],[-8.72792,42.68708],[-8.72708,42.68708],[-8.72875,42.68708],[-8.72875,42.68375],[-8.72958,42.68375],[-8.72958,42.68542],[-8.72875,42.68625]]},"properties":{"source":"emodnet_dtm_2024","level":2}},{"type":"Feature","geometry":{"type":"LineString","coordinates":[[-9.10469,42.81875],[-9.10052,42.82292],[-9.1,42.82708],[-9.10125,42.82969],[-9.10278,42.83125],[-9.10458,42.83207],[-9.10477,42.82125],[-9.10562,42.82042],[-9.10542,42.8184],[-9.10469,42.81875]]},"properties":{"source":"emodnet_dtm_2024","level":2}},{"type":"Feature","geometry":{"type":"LineString","coordinates":[[-9.14726,43.13042],[-9.14668,43.13125],[-9.14792,43.13277],[-9.14869,43.13125],[-9.14792,43.12967],[-9.14726,43.13042]]},"properties":{"source":"emodnet_dtm_2024","level":2}},{"type":"Feature","geometry":{"type":"LineString","coordinates":[[-2.24792,43.28375],[-2.24708,43.28542],[-2.24875,43.28542],[-2.24875,43.28458],[-2.24958,43.28375],[-2.25042,43.28375],[-2.24792,43.28375]]},"properties":{"source":"emodnet_dtm_2024","level":2}},{"type":"Feature","geometry":{"type":"LineString","coordinates":[[-8.14958,43.41292],[-8.14875,43.41375],[-8.14792,43.41375],[-8.14792,43.41542],[-8.14958,43.41542],[-8.14958,43.41375],[-8.15042,43.41292],[-8.14958,43.41292]]},"properties":{"source":"emodnet_dtm_2024","level":2}},{"type":"Feature","geometry":{"type":"LineString","coordinates":[[-3.51,43.43375],[-3.50833,43.43542],[-3.51068,43.43542],[-3.51042,43.43333],[-3.51,43.43375]]},"properties":{"source":"emodnet_dtm_2024","level":2}},{"type":"Feature","geometry":{"type":"LineString","coordinates":[[-3.75363,43.44875],[-3.75292,43.44934],[-3.75094,43.44958],[-3.75184,43.45042],[-3.75109,43.45125],[-3.75125,43.45228],[-3.75443,43.45208],[-3.75407,43.44875],[-3.75363,43.44875]]},"properties":{"source":"emodnet_dtm_2024","level":2}},{"type":"Feature","geometry":{"type":"LineString","coordinates":[[-7.26208,43.54458],[-7.26125,43.54542],[-7.25958,43.54542],[-7.25792,43.54708],[-7.25792,43.54792],[-7.25875,43.54792],[-7.25958,43.54875],[-7.26125,43.54875],[-7.26208,43.54958],[-7.26208,43.54875],[-7.26292,43.54792],[-7.26375,43.54792],[-7.26375,43.54458],[-7.26208,43.54458]]},"properties":{"source":"emodnet_dtm_2024","level":2}},{"type":"Feature","geometry":{"type":"LineString","coordinates":[[-7.84125,43.69458],[-7.84042,43.69542],[-7.83958,43.69542],[-7.84125,43.69542],[-7.84125,43.69458]]},"properties":{"source":"emodnet_dtm_2024","level":2}},{"type":"Feature","geometry":{"type":"LineString","coordinates":[[-1.25472,44.59625],[-1.25403,44.59625],[-1.25458,44.595],[-1.25472,44.59625]]},"properties":{"source":"emodnet_dtm_2024","level":2}},{"type":"Feature","geometry":{"type":"LineString","coordinates":[[-1.24547,44.59958],[-1.24547,44.59958]]},"properties":{"source":"emodnet_dtm_2024","level":2}},{"type":"Feature","geometry":{"type":"LineString","coordinates":[[-1.19817,44.65208],[-1.19708,44.65301],[-1.19708,44.65426],[-1.19881,44.65292],[-1.19875,44.65204],[-1.19817,44.65208]]},"properties":{"source":"emodnet_dtm_2024","level":2}},{"type":"Feature","geometry":{"type":"LineString","coordinates":[[-1.08035,44.66708],[-1.07958,44.66817],[-1.08067,44.66792],[-1.08035,44.66708]]},"properties":{"source":"emodnet_dtm_2024","level":2}},{"type":"Feature","geometry":{"type":"LineString","coordinates":[[-1.07357,44.69958],[-1.07241,44.70042],[-1.07292,44.7007],[-1.07475,44.69958],[-1.07357,44.69958]]},"properties":{"source":"emodnet_dtm_2024","level":2}},{"type":"Feature","geometry":{"type":"LineString","coordinates":[[-0.80042,45.47153],[-0.80208,45.47196],[-0.80613,45.47125],[-0.81125,45.47558],[-0.81583,45.48125],[-0.81708,45.48409],[-0.82083,45.48958],[-0.822,45.49042],[-0.82375,45.49068],[-0.82414,45.49375],[-0.82572,45.49375],[-0.82708,45.49286],[-0.83042,45.49232],[-0.83159,45.49375],[-0.83124,45.49625],[-0.83292,45.49662],[-0.83331,45.49792],[-0.83467,45.49875],[-0.83542,45.50019],[-0.83875,45.50133],[-0.83958,45.50083],[-0.84042,45.5011],[-0.84089,45.50292],[-0.84655,45.50542],[-0.84708,45.50676],[-0.84875,45.50717],[-0.85875,45.51263],[-0.86023,45.51292],[-0.86375,45.51517],[-0.87208,45.51621],[-0.87519,45.51792],[-0.87542,45.51889],[-0.87792,45.51953],[-0.87764,45.52042],[-0.87958,45.52035],[-0.88042,45.52173],[-0.88792,45.52565],[-0.8898,45.52542],[-0.89292,45.52824],[-0.89208,45.53002],[-0.89077,45.53042],[-0.89375,45.53359],[-0.89545,45.53125],[-0.89792,45.53028],[-0.90017,45.53125],[-0.90125,45.53383],[-0.90458,45.53222],[-0.90546,45.53292],[-0.90458,45.53428],[-0.90221,45.53458],[-0.90708,45.53561],[-0.91042,45.53553],[-0.9122,45.53625],[-0.91708,45.54227],[-0.92458,45.54644],[-0.92792,45.54701],[-0.93125,45.5492],[-0.93369,45.54958],[-0.93625,45.55169],[-0.93875,45.55207],[-0.94125,45.55102],[-0.94208,45.55178],[-0.94235,45.55375],[-0.94076,45.55542],[-0.94042,45.55669],[-0.93827,45.55708],[-0.93958,45.55801],[-0.94375,45.55851],[-0.94625,45.55559],[-0.94792,45.55451],[-0.95792,45.55446],[-0.95875,45.55512],[-0.96208,45.55533],[-0.96292,45.55686],[-0.96542,45.55789],[-0.96875,45.56149],[-0.97125,45.56172],[-0.97292,45.56349],[-0.97498,45.56458],[-0.97625,45.56895],[-0.98208,45.57003],[-0.98375,45.57308],[-0.98792,45.5741],[-0.98953,45.57958],[-0.99125,45.57976],[-0.99178,45.58042],[-0.99191,45.58208],[-0.991,45.58375],[-0.9951,45.59292],[-0.99708,45.59296],[-0.99875,45.59399],[-0.99958,45.5973],[-1.00125,45.59792],[-1.00958,45.59896],[-1.01125,45.59859],[-1.01292,45.60039],[-1.01412,45.60042],[-1.01588,45.60292],[-1.01585,45.60375],[-1.01491,45.60458],[-1.01661,45.60875],[-1.01625,45.60957],[-1.01452,45.61042],[-1.01428,45.61125],[-1.01542,45.61335],[-1.01727,45.61458],[-1.01816,45.61625],[-1.01921,45.61625],[-1.01958,45.61542],[-1.02214,45.61625],[-1.02375,45.61758],[-1.02625,45.61726],[-1.02958,45.6192],[-1.03542,45.61993],[-1.03958,45.6173],[-1.04208,45.61887],[-1.04292,45.61728],[-1.04373,45.61792],[-1.04277,45.61958],[-1.04372,45.62042],[-1.0513,45.62292],[-1.05125,45.62423],[-1.05375,45.62472],[-1.05472,45.62708],[-1.05613,45.62792],[-1.05958,45.62597],[-1.0614,45.62625],[-1.06458,45.62934],[-1.06967,45.63042],[-1.07095,45.63292],[-1.07458,45.63418],[-1.07708,45.6366],[-1.0859,45.63792],[-1.08708,45.63872],[-1.08792,45.64039],[-1.09049,45.64125],[-1.09375,45.64167],[-1.09875,45.64099],[-1.10044,45.64292],[-1.10046,45.64375],[-1.10208,45.64438],[-1.11458,45.64638],[-1.1163,45.64708],[-1.11708,45.64852],[-1.11958,45.64865],[-1.12375,45.64992],[-1.1256,45.65125],[-1.12625,45.65262],[-1.12792,45.65278],[-1.1362,45.65708],[-1.13792,45.6575],[-1.14208,45.66035],[-1.14903,45.66375],[-1.15375,45.66682],[-1.16625,45.67316],[-1.16708,45.67436],[-1.16958,45.67421],[-1.17154,45.67542],[-1.17225,45.67708],[-1.17292,45.67725],[-1.17375,45.67665],[-1.17542,45.67698],[-1.17605,45.67792],[-1.17792,45.67829],[-1.18042,45.67983]]},"properties":{"source":"emodnet_dtm_2024","level":2}},{"type":"Feature","geometry":{"type":"LineString","coordinates":[[-8.60958,42.34524],[-8.60862,42.34542],[-8.60958,42.34559],[-8.60958,42.34524]]},"properties":{"source":"emodnet_dtm_2024","level":2}},{"type":"Feature","geometry":{"type":"LineString","coordinates":[[-8.85292,42.45429],[-8.85208,42.45432],[-8.85208,42.45495],[-8.85292,42.45498],[-8.85292,42.45429]]},"properties":{"source":"emodnet_dtm_2024","level":2}},{"type":"Feature","geometry":{"type":"LineString","coordinates":[[-8.85125,42.4551],[-8.84757,42.45542],[-8.8473,42.45708],[-8.84792,42.45788],[-8.84958,42.45776],[-8.85042,42.45682],[-8.85125,42.45679],[-8.85173,42.45625],[-8.85125,42.4551]]},"properties":{"source":"emodnet_dtm_2024","level":2}},{"type":"Feature","geometry":{"type":"LineString","coordinates":[[-8.82375,42.55875],[-8.82292,42.55875],[-8.82375,42.55875]]},"properties":{"source":"emodnet_dtm_2024","level":2}},{"type":"Feature","geometry":{"type":"LineString","coordinates":[[-8.79708,42.58028],[-8.7961,42.58042],[-8.79625,42.58144],[-8.79726,42.58125],[-8.79708,42.58028]]},"properties":{"source":"emodnet_dtm_2024","level":2}},{"type":"Feature","geometry":{"type":"LineString","coordinates":[[-8.89625,42.64235],[-8.89542,42.64226],[-8.89469,42.64292],[-8.89474,42.64375],[-8.89542,42.64403],[-8.89659,42.64375],[-8.89625,42.64235]]},"properties":{"source":"emodnet_dtm_2024","level":2}},{"type":"Feature","geometry":{"type":"LineString","coordinates":[[-8.72792,42.67375],[-8.72625,42.67375],[-8.72625,42.67458],[-8.72708,42.67375],[-8.72792,42.67375]]},"properties":{"source":"emodnet_dtm_2024","level":2}},{"type":"Feature","geometry":{"type":"LineString","coordinates":[[-8.89958,42.79038],[-8.89755,42.79042],[-8.89792,42.79115],[-8.89958,42.7908],[-8.89958,42.79038]]},"properties":{"source":"emodnet_dtm_2024","level":2}},{"type":"Feature","geometry":{"type":"LineString","coordinates":[[-9.01958,42.80084],[-9.01708,42.80083],[-9.0168,42.80208],[-9.01958,42.8023],[-9.01958,42.80084]]},"properties":{"source":"emodnet_dtm_2024","level":2}},{"type":"Feature","geometry":{"type":"LineString","coordinates":[[-9.13625,42.80339],[-9.13502,42.80375],[-9.13542,42.80423],[-9.13625,42.80427],[-9.1367,42.80375],[-9.13625,42.80339]]},"properties":{"source":"emodnet_dtm_2024","level":2}},{"type":"Feature","geometry":{"type":"LineString","coordinates":[[-9.12375,42.90541],[-9.12291,42.90542],[-9.12292,42.90627],[-9.12378,42.90625],[-9.12375,42.90541]]},"properties":{"source":"emodnet_dtm_2024","level":2}},{"type":"Feature","geometry":{"type":"LineString","coordinates":[[-9.13792,43.13184],[-9.13708,43.13208],[-9.13792,43.13234],[-9.13792,43.13184]]},"properties":{"source":"emodnet_dtm_2024","level":2}},{"type":"Feature","geometry":{"type":"LineString","coordinates":[[-9.13625,43.13269],[-9.13292,43.1327],[-9.13263,43.13375],[-9.13292,43.13408],[-9.13625,43.13406],[-9.13625,43.13269]]},"properties":{"source":"emodnet_dtm_2024","level":2}},{"type":"Feature","geometry":{"type":"LineString","coordinates":[[-9.09042,43.18019],[-9.08929,43.18042],[-9.08958,43.18165],[-9.09064,43.18125],[-9.09042,43.18019]]},"properties":{"source":"emodnet_dtm_2024","level":2}},{"type":"Feature","geometry":{"type":"LineString","coordinates":[[-9.01125,43.22432],[-9.01019,43.22458],[-9.01125,43.22487],[-9.01125,43.22432]]},"properties":{"source":"emodnet_dtm_2024","level":2}},{"type":"Feature","geometry":{"type":"LineString","coordinates":[[-8.91125,43.24091],[-8.90921,43.24125],[-8.90958,43.24164],[-8.91125,43.24166],[-8.91125,43.24091]]},"properties":{"source":"emodnet_dtm_2024","level":2}},{"type":"Feature","geometry":{"type":"LineString","coordinates":[[-8.91375,43.24171],[-8.91249,43.24208],[-8.91292,43.24255],[-8.91375,43.24255],[-8.91375,43.24171]]},"properties":{"source":"emodnet_dtm_2024","level":2}},{"type":"Feature","geometry":{"type":"LineString","coordinates":[[-2.96542,43.27875],[-2.96458,43.27875],[-2.96542,43.27875]]},"properties":{"source":"emodnet_dtm_2024","level":2}},{"type":"Feature","geometry":{"type":"LineString","coordinates":[[-8.92792,43.2828],[-8.92708,43.28278],[-8.92708,43.2832],[-8.92792,43.2828]]},"properties":{"source":"emodnet_dtm_2024","level":2}},{"type":"Feature","geometry":{"type":"LineString","coordinates":[[-2.24458,43.28708],[-2.24375,43.28708],[-2.24458,43.28708]]},"properties":{"source":"emodnet_dtm_2024","level":2}},{"type":"Feature","geometry":{"type":"LineString","coordinates":[[-2.97375,43.29458],[-2.97292,43.29458],[-2.97375,43.29458]]},"properties":{"source":"emodnet_dtm_2024","level":2}},{"type":"Feature","geometry":{"type":"LineString","coordinates":[[-8.68708,43.29575],[-8.6846,43.29625],[-8.68708,43.29643],[-8.68708,43.29575]]},"properties":{"source":"emodnet_dtm_2024","level":2}},{"type":"Feature","geometry":{"type":"LineString","coordinates":[[-2.98208,43.30875],[-2.98125,43.30875],[-2.98208,43.30875]]},"properties":{"source":"emodnet_dtm_2024","level":2}},{"type":"Feature","geometry":{"type":"LineString","coordinates":[[-2.99708,43.31542],[-2.99542,43.31542],[-2.99708,43.31542]]},"properties":{"source":"emodnet_dtm_2024","level":2}},{"type":"Feature","geometry":{"type":"LineString","coordinates":[[-2.99958,43.31625],[-2.99792,43.31625],[-2.99958,43.31625]]},"properties":{"source":"emodnet_dtm_2024","level":2}},{"type":"Feature","geometry":{"type":"LineString","coordinates":[[-3.02625,43.32875],[-3.02542,43.32875],[-3.02625,43.32875]]},"properties":{"source":"emodnet_dtm_2024","level":2}},{"type":"Feature","geometry":{"type":"LineString","coordinates":[[-3.02792,43.32958],[-3.02708,43.32958],[-3.02792,43.32958]]},"properties":{"source":"emodnet_dtm_2024","level":2}},{"type":"Feature","geometry":{"type":"LineString","coordinates":[[-8.35042,43.3461],[-8.34943,43.34625],[-8.35042,43.34652],[-8.35042,43.3461]]},"properties":{"source":"emodnet_dtm_2024","level":2}},{"type":"Feature","geometry":{"type":"LineString","coordinates":[[-8.20708,43.35375],[-8.20458,43.35375],[-8.20542,43.35458],[-8.20542,43.35625],[-8.20542,43.35542],[-8.20625,43.35458],[-8.20708,43.35458],[-8.20708,43.35375]]},"properties":{"source":"emodnet_dtm_2024","level":2}},{"type":"Feature","geometry":{"type":"LineString","coordinates":[[-1.87042,43.3682],[-1.86887,43.36875],[-1.87042,43.36895],[-1.87042,43.3682]]},"properties":{"source":"emodnet_dtm_2024","level":2}},{"type":"Feature","geometry":{"type":"LineString","coordinates":[[-1.74875,43.38202],[-1.74784,43.38208],[-1.74875,43.38202]]},"properties":{"source":"emodnet_dtm_2024","level":2}},{"type":"Feature","geometry":{"type":"LineString","coordinates":[[-3.80875,43.39542],[-3.80458,43.39542],[-3.80875,43.39542]]},"properties":{"source":"emodnet_dtm_2024","level":2}},{"type":"Feature","geometry":{"type":"LineString","coordinates":[[-2.94458,43.39875],[-2.94375,43.39875],[-2.94458,43.39875]]},"properties":{"source":"emodnet_dtm_2024","level":2}},{"type":"Feature","geometry":{"type":"LineString","coordinates":[[-3.79958,43.39958],[-3.79542,43.39958],[-3.79958,43.39958]]},"properties":{"source":"emodnet_dtm_2024","level":2}},{"type":"Feature","geometry":{"type":"LineString","coordinates":[[-3.82792,43.40792],[-3.82708,43.40792],[-3.82792,43.40792]]},"properties":{"source":"emodnet_dtm_2024","level":2}},{"type":"Feature","geometry":{"type":"LineString","coordinates":[[-3.35708,43.41281],[-3.35529,43.41292],[-3.35708,43.41328],[-3.35708,43.41281]]},"properties":{"source":"emodnet_dtm_2024","level":2}},{"type":"Feature","geometry":{"type":"LineString","coordinates":[[-8.14875,43.42042],[-8.14708,43.42042],[-8.14875,43.42042]]},"properties":{"source":"emodnet_dtm_2024","level":2}},{"type":"Feature","geometry":{"type":"LineString","coordinates":[[-4.01458,43.44774],[-4.01372,43.44792],[-4.01502,43.44792],[-4.01458,43.44774]]},"properties":{"source":"emodnet_dtm_2024","level":2}},{"type":"Feature","geometry":{"type":"LineString","coordinates":[[-8.18625,43.47019],[-8.18542,43.47022],[-8.18542,43.47078],[-8.18625,43.47083],[-8.18625,43.47019]]},"properties":{"source":"emodnet_dtm_2024","level":2}},{"type":"Feature","geometry":{"type":"LineString","coordinates":[[-3.90708,43.47447],[-3.90609,43.47458],[-3.90708,43.47488],[-3.90708,43.47447]]},"properties":{"source":"emodnet_dtm_2024","level":2}},{"type":"Feature","geometry":{"type":"LineString","coordinates":[[-7.04875,43.47542],[-7.04792,43.47542],[-7.04875,43.47542]]},"properties":{"source":"emodnet_dtm_2024","level":2}},{"type":"Feature","geometry":{"type":"LineString","coordinates":[[-3.83708,43.47946],[-3.83542,43.47958],[-3.83625,43.47958],[-3.83708,43.48174],[-3.83708,43.47946]]},"properties":{"source":"emodnet_dtm_2024","level":2}},{"type":"Feature","geometry":{"type":"LineString","coordinates":[[-8.16542,43.51125],[-8.16458,43.51125],[-8.16542,43.51125]]},"properties":{"source":"emodnet_dtm_2024","level":2}},{"type":"Feature","geometry":{"type":"LineString","coordinates":[[-8.16958,43.51292],[-8.16875,43.51292],[-8.16958,43.51292]]},"properties":{"source":"emodnet_dtm_2024","level":2}},{"type":"Feature","geometry":{"type":"LineString","coordinates":[[-6.73208,43.51958],[-6.73125,43.51958],[-6.73208,43.51958]]},"properties":{"source":"emodnet_dtm_2024","level":2}},{"type":"Feature","geometry":{"type":"LineString","coordinates":[[-7.01542,43.53286],[-7.01431,43.53292],[-7.01592,43.53292],[-7.01542,43.53286]]},"properties":{"source":"emodnet_dtm_2024","level":2}},{"type":"Feature","geometry":{"type":"LineString","coordinates":[[-7.03625,43.5387],[-7.03534,43.53875],[-7.03542,43.53964],[-7.03625,43.53963],[-7.03625,43.5387]]},"properties":{"source":"emodnet_dtm_2024","level":2}},{"type":"Feature","geometry":{"type":"LineString","coordinates":[[-7.12375,43.55542],[-7.12292,43.55542],[-7.12375,43.55542]]},"properties":{"source":"emodnet_dtm_2024","level":2}},{"type":"Feature","geometry":{"type":"LineString","coordinates":[[-8.05708,43.63625],[-8.05625,43.63625],[-8.05708,43.63625]]},"properties":{"source":"emodnet_dtm_2024","level":2}},{"type":"Feature","geometry":{"type":"LineString","coordinates":[[-7.35292,43.65697],[-7.35193,43.65708],[-7.35208,43.65808],[-7.35306,43.65792],[-7.35292,43.65697]]},"properties":{"source":"emodnet_dtm_2024","level":2}},{"type":"Feature","geometry":{"type":"LineString","coordinates":[[-7.35542,43.66335],[-7.35418,43.66375],[-7.35458,43.66575],[-7.3558,43.66458],[-7.35542,43.66335]]},"properties":{"source":"emodnet_dtm_2024","level":2}},{"type":"Feature","geometry":{"type":"LineString","coordinates":[[-7.59458,43.66708],[-7.59375,43.66708],[-7.59458,43.66708]]},"properties":{"source":"emodnet_dtm_2024","level":2}},{"type":"Feature","geometry":{"type":"LineString","coordinates":[[-7.88625,43.66949],[-7.88542,43.66953],[-7.88468,43.67042],[-7.88542,43.67145],[-7.88616,43.67125],[-7.88625,43.66949]]},"properties":{"source":"emodnet_dtm_2024","level":2}},{"type":"Feature","geometry":{"type":"LineString","coordinates":[[-7.61125,43.67436],[-7.61011,43.67458],[-7.61125,43.67477],[-7.61125,43.67436]]},"properties":{"source":"emodnet_dtm_2024","level":2}},{"type":"Feature","geometry":{"type":"LineString","coordinates":[[-7.83875,43.69625],[-7.83542,43.69625],[-7.83875,43.69625]]},"properties":{"source":"emodnet_dtm_2024","level":2}},{"type":"Feature","geometry":{"type":"LineString","coordinates":[[-7.69292,43.70792],[-7.69125,43.70792],[-7.69292,43.70792]]},"properties":{"source":"emodnet_dtm_2024","level":2}},{"type":"Feature","geometry":{"type":"LineString","coordinates":[[-7.70875,43.70875],[-7.70792,43.70875],[-7.70875,43.71042],[-7.70875,43.70875]]},"properties":{"source":"emodnet_dtm_2024","level":2}},{"type":"Feature","geometry":{"type":"LineString","coordinates":[[-7.69458,43.70875],[-7.69375,43.70875],[-7.69375,43.71042],[-7.69458,43.71042],[-7.69458,43.70875]]},"properties":{"source":"emodnet_dtm_2024","level":2}},{"type":"Feature","geometry":{"type":"LineString","coordinates":[[-7.70375,43.71125],[-7.70125,43.71125],[-7.70125,43.71208],[-7.70208,43.71125],[-7.70375,43.71125]]},"properties":{"source":"emodnet_dtm_2024","level":2}},{"type":"Feature","geometry":{"type":"LineString","coordinates":[[-1.10292,44.6545],[-1.10199,44.65458],[-1.10292,44.65567],[-1.10292,44.6545]]},"properties":{"source":"emodnet_dtm_2024","level":2}},{"type":"Feature","geometry":{"type":"LineString","coordinates":[[-1.06208,44.65619],[-1.06096,44.65625],[-1.06249,44.65625],[-1.06208,44.65619]]},"properties":{"source":"emodnet_dtm_2024","level":2}},{"type":"Feature","geometry":{"type":"LineString","coordinates":[[-1.14125,44.65684],[-1.13979,44.65708],[-1.14042,44.65754],[-1.14125,44.65734],[-1.14125,44.65684]]},"properties":{"source":"emodnet_dtm_2024","level":2}},{"type":"Feature","geometry":{"type":"LineString","coordinates":[[-1.14458,44.65781],[-1.14361,44.65792],[-1.14458,44.65781]]},"properties":{"source":"emodnet_dtm_2024","level":2}},{"type":"Feature","geometry":{"type":"LineString","coordinates":[[-1.14875,44.6587],[-1.14539,44.65875],[-1.14875,44.65956],[-1.1491,44.66042],[-1.15042,44.66057],[-1.15048,44.65958],[-1.14875,44.6587]]},"properties":{"source":"emodnet_dtm_2024","level":2}},{"type":"Feature","geometry":{"type":"LineString","coordinates":[[-1.11792,44.68678],[-1.11708,44.68634],[-1.11553,44.68708],[-1.11708,44.68818],[-1.11833,44.68708],[-1.11792,44.68678]]},"properties":{"source":"emodnet_dtm_2024","level":2}},{"type":"Feature","geometry":{"type":"LineString","coordinates":[[-1.12375,44.72953],[-1.12292,44.7291],[-1.12152,44.72958],[-1.1235,44.73125],[-1.12354,44.73292],[-1.12458,44.73319],[-1.12485,44.73208],[-1.12357,44.73042],[-1.12375,44.72953]]},"properties":{"source":"emodnet_dtm_2024","level":2}},{"type":"Feature","geometry":{"type":"LineString","coordinates":[[-1.14542,44.75005],[-1.14375,44.7498],[-1.14288,44.75042],[-1.14458,44.7513],[-1.1459,44.75042],[-1.14542,44.75005]]},"properties":{"source":"emodnet_dtm_2024","level":2}},{"type":"Feature","geometry":{"type":"LineString","coordinates":[[-1.00542,45.48689],[-1.00375,45.48653],[-1.00294,45.48708],[-1.00458,45.4878],[-1.00542,45.48746],[-1.00542,45.48689]]},"properties":{"source":"emodnet_dtm_2024","level":2}},{"type":"Feature","geometry":{"type":"LineString","coordinates":[[-1.00792,45.48858],[-1.00654,45.48875],[-1.00792,45.49071],[-1.00836,45.48958],[-1.00792,45.48858]]},"properties":{"source":"emodnet_dtm_2024","level":2}},{"type":"Feature","geometry":{"type":"LineString","coordinates":[[-7.01708,43.53065],[-7.01708,43.53166],[-7.01708,43.53065]]},"properties":{"source":"emodnet_dtm_2024","level":2}},{"type":"Feature","geometry":{"type":"LineString","coordinates":[[-1.21125,45.67995],[-1.21215,45.67958]]},"properties":{"source":"emodnet_dtm_2024","level":2}},{"type":"Feature","geometry":{"type":"LineString","coordinates":[[-8.64292,42.43458],[-8.64292,42.43542],[-8.64292,42.43458]]},"properties":{"source":"emodnet_dtm_2024","level":2}},{"type":"Feature","geometry":{"type":"LineString","coordinates":[[-8.87021,42.49708],[-8.87042,42.49853],[-8.87021,42.49708]]},"properties":{"source":"emodnet_dtm_2024","level":2}},{"type":"Feature","geometry":{"type":"LineString","coordinates":[[-8.72875,42.67208],[-8.72875,42.67292],[-8.72875,42.67208]]},"properties":{"source":"emodnet_dtm_2024","level":2}},{"type":"Feature","geometry":{"type":"LineString","coordinates":[[-8.72458,42.67792],[-8.72458,42.67875],[-8.72458,42.67792]]},"properties":{"source":"emodnet_dtm_2024","level":2}},{"type":"Feature","geometry":{"type":"LineString","coordinates":[[-8.89958,42.82625],[-8.89958,42.82709],[-8.89958,42.82625]]},"properties":{"source":"emodnet_dtm_2024","level":2}},{"type":"Feature","geometry":{"type":"LineString","coordinates":[[-9.12207,42.90708],[-9.12208,42.90879],[-9.12207,42.90708]]},"properties":{"source":"emodnet_dtm_2024","level":2}},{"type":"Feature","geometry":{"type":"LineString","coordinates":[[-9.13855,43.13042],[-9.13875,43.13151],[-9.13898,43.13042],[-9.13855,43.13042]]},"properties":{"source":"emodnet_dtm_2024","level":2}},{"type":"Feature","geometry":{"type":"LineString","coordinates":[[-8.92943,43.22125],[-8.92958,43.22316],[-8.92943,43.22125]]},"properties":{"source":"emodnet_dtm_2024","level":2}},{"type":"Feature","geometry":{"type":"LineString","coordinates":[[-2.96208,43.27208],[-2.96208,43.27292],[-2.96208,43.27208]]},"properties":{"source":"emodnet_dtm_2024","level":2}},{"type":"Feature","geometry":{"type":"LineString","coordinates":[[-8.68365,43.29708],[-8.68313,43.29792],[-8.68375,43.29835],[-8.68365,43.29708]]},"properties":{"source":"emodnet_dtm_2024","level":2}},{"type":"Feature","geometry":{"type":"LineString","coordinates":[[-2.97542,43.29708],[-2.97542,43.29792],[-2.97542,43.29708]]},"properties":{"source":"emodnet_dtm_2024","level":2}},{"type":"Feature","geometry":{"type":"LineString","coordinates":[[-2.24958,43.29708],[-2.24958,43.29792],[-2.24958,43.29708]]},"properties":{"source":"emodnet_dtm_2024","level":2}},{"type":"Feature","geometry":{"type":"LineString","coordinates":[[-2.97625,43.29958],[-2.97625,43.30042],[-2.97625,43.29958]]},"properties":{"source":"emodnet_dtm_2024","level":2}},{"type":"Feature","geometry":{"type":"LineString","coordinates":[[-2.97958,43.30958],[-2.97958,43.31042],[-2.97958,43.30958]]},"properties":{"source":"emodnet_dtm_2024","level":2}},{"type":"Feature","geometry":{"type":"LineString","coordinates":[[-1.92458,43.32208],[-1.92458,43.32292],[-1.92458,43.32208]]},"properties":{"source":"emodnet_dtm_2024","level":2}},{"type":"Feature","geometry":{"type":"LineString","coordinates":[[-1.90542,43.32208],[-1.90542,43.32292],[-1.90542,43.32208]]},"properties":{"source":"emodnet_dtm_2024","level":2}},{"type":"Feature","geometry":{"type":"LineString","coordinates":[[-8.20875,43.32625],[-8.20875,43.32708],[-8.20875,43.32625]]},"properties":{"source":"emodnet_dtm_2024","level":2}},{"type":"Feature","geometry":{"type":"LineString","coordinates":[[-2.6854,43.37542],[-2.68542,43.3776],[-2.68542,43.375],[-2.6854,43.37542]]},"properties":{"source":"emodnet_dtm_2024","level":2}},{"type":"Feature","geometry":{"type":"LineString","coordinates":[[-4.38531,43.37625],[-4.38542,43.3775],[-4.38531,43.37625]]},"properties":{"source":"emodnet_dtm_2024","level":2}},{"type":"Feature","geometry":{"type":"LineString","coordinates":[[-1.79542,43.37625],[-1.79542,43.37708],[-1.79542,43.37625]]},"properties":{"source":"emodnet_dtm_2024","level":2}},{"type":"Feature","geometry":{"type":"LineString","coordinates":[[-3.81208,43.39708],[-3.81208,43.39792],[-3.81208,43.39708]]},"properties":{"source":"emodnet_dtm_2024","level":2}},{"type":"Feature","geometry":{"type":"LineString","coordinates":[[-2.71625,43.41792],[-2.71625,43.4198],[-2.71625,43.41792]]},"properties":{"source":"emodnet_dtm_2024","level":2}},{"type":"Feature","geometry":{"type":"LineString","coordinates":[[-1.58872,43.44708],[-1.58875,43.44831],[-1.58872,43.44708]]},"properties":{"source":"emodnet_dtm_2024","level":2}},{"type":"Feature","geometry":{"type":"LineString","coordinates":[[-3.72595,43.46792],[-3.72625,43.46926],[-3.72686,43.46792],[-3.72625,43.46752],[-3.72595,43.46792]]},"properties":{"source":"emodnet_dtm_2024","level":2}},{"type":"Feature","geometry":{"type":"LineString","coordinates":[[-7.05375,43.47208],[-7.05375,43.47292],[-7.05375,43.47208]]},"properties":{"source":"emodnet_dtm_2024","level":2}},{"type":"Feature","geometry":{"type":"LineString","coordinates":[[-7.04708,43.47625],[-7.04708,43.47708],[-7.04708,43.47625]]},"properties":{"source":"emodnet_dtm_2024","level":2}},{"type":"Feature","geometry":{"type":"LineString","coordinates":[[-3.51306,43.48042],[-3.51305,43.48125],[-3.51375,43.48167],[-3.51412,43.48042],[-3.51375,43.48008],[-3.51306,43.48042]]},"properties":{"source":"emodnet_dtm_2024","level":2}},{"type":"Feature","geometry":{"type":"LineString","coordinates":[[-3.58875,43.48875],[-3.58875,43.48958],[-3.58875,43.48875]]},"properties":{"source":"emodnet_dtm_2024","level":2}},{"type":"Feature","geometry":{"type":"LineString","coordinates":[[-1.54943,43.49292],[-1.54958,43.49449],[-1.54943,43.49292]]},"properties":{"source":"emodnet_dtm_2024","level":2}},{"type":"Feature","geometry":{"type":"LineString","coordinates":[[-7.04208,43.50958],[-7.04208,43.51042],[-7.04208,43.50958]]},"properties":{"source":"emodnet_dtm_2024","level":2}},{"type":"Feature","geometry":{"type":"LineString","coordinates":[[-7.01278,43.53042],[-7.01292,43.53162],[-7.01278,43.53042]]},"properties":{"source":"emodnet_dtm_2024","level":2}},{"type":"Feature","geometry":{"type":"LineString","coordinates":[[-6.72458,43.53292],[-6.72458,43.53542],[-6.72458,43.53292]]},"properties":{"source":"emodnet_dtm_2024","level":2}},{"type":"Feature","geometry":{"type":"LineString","coordinates":[[-6.72542,43.53625],[-6.72542,43.54042],[-6.72542,43.53625]]},"properties":{"source":"emodnet_dtm_2024","level":2}},{"type":"Feature","geometry":{"type":"LineString","coordinates":[[-6.72458,43.54292],[-6.72458,43.54542],[-6.72458,43.54292]]},"properties":{"source":"emodnet_dtm_2024","level":2}},{"type":"Feature","geometry":{"type":"LineString","coordinates":[[-6.72542,43.54958],[-6.72542,43.55042],[-6.72542,43.54958]]},"properties":{"source":"emodnet_dtm_2024","level":2}},{"type":"Feature","geometry":{"type":"LineString","coordinates":[[-7.13872,43.55542],[-7.13875,43.55632],[-7.13872,43.55542]]},"properties":{"source":"emodnet_dtm_2024","level":2}},{"type":"Feature","geometry":{"type":"LineString","coordinates":[[-6.30929,43.56375],[-6.30958,43.56477],[-6.30929,43.56375]]},"properties":{"source":"emodnet_dtm_2024","level":2}},{"type":"Feature","geometry":{"type":"LineString","coordinates":[[-8.05542,43.63458],[-8.05542,43.63542],[-8.05542,43.63458]]},"properties":{"source":"emodnet_dtm_2024","level":2}},{"type":"Feature","geometry":{"type":"LineString","coordinates":[[-7.87945,43.66792],[-7.87958,43.6698],[-7.8802,43.66875],[-7.87945,43.66792]]},"properties":{"source":"emodnet_dtm_2024","level":2}},{"type":"Feature","geometry":{"type":"LineString","coordinates":[[-7.88349,43.66875],[-7.88375,43.66971],[-7.88437,43.66875],[-7.88375,43.66836],[-7.88349,43.66875]]},"properties":{"source":"emodnet_dtm_2024","level":2}},{"type":"Feature","geometry":{"type":"LineString","coordinates":[[-1.21852,44.58875],[-1.21834,44.58958],[-1.21951,44.58958],[-1.21909,44.58875],[-1.21852,44.58875]]},"properties":{"source":"emodnet_dtm_2024","level":2}},{"type":"Feature","geometry":{"type":"LineString","coordinates":[[-1.19927,44.64958],[-1.19958,44.65062],[-1.19998,44.64958],[-1.19958,44.64917],[-1.19927,44.64958]]},"properties":{"source":"emodnet_dtm_2024","level":2}},{"type":"Feature","geometry":{"type":"LineString","coordinates":[[-1.06164,44.66375],[-1.06208,44.66478],[-1.06208,44.66343],[-1.06164,44.66375]]},"properties":{"source":"emodnet_dtm_2024","level":2}},{"type":"Feature","geometry":{"type":"LineString","coordinates":[[-1.08351,44.70958],[-1.08375,44.71153],[-1.08448,44.71042],[-1.0841,44.70958],[-1.08351,44.70958]]},"properties":{"source":"emodnet_dtm_2024","level":2}},{"type":"Feature","geometry":{"type":"LineString","coordinates":[[-1.24352,44.75125],[-1.2435,44.75208],[-1.24426,44.75208],[-1.2445,44.75125],[-1.24352,44.75125]]},"properties":{"source":"emodnet_dtm_2024","level":2}},{"type":"Feature","geometry":{"type":"LineString","coordinates":[[-1.04625,45.53125],[-1.04625,45.53208],[-1.04625,45.53125]]},"properties":{"source":"emodnet_dtm_2024","level":2}},{"type":"Feature","geometry":{"type":"LineString","coordinates":[[-1.04792,45.53292],[-1.04792,45.53379],[-1.04869,45.53375],[-1.04792,45.53292]]},"properties":{"source":"emodnet_dtm_2024","level":2}},{"type":"Feature","geometry":{"type":"LineString","coordinates":[[-8.81792,42.27858],[-8.81792,42.27893],[-8.81858,42.27875],[-8.81792,42.27858]]},"properties":{"source":"emodnet_dtm_2024","level":2}},{"type":"Feature","geometry":{"type":"LineString","coordinates":[[-8.61375,42.2861],[-8.61375,42.28644],[-8.61375,42.2861]]},"properties":{"source":"emodnet_dtm_2024","level":2}},{"type":"Feature","geometry":{"type":"LineString","coordinates":[[-8.65208,42.42696],[-8.6526,42.42708],[-8.65208,42.42696]]},"properties":{"source":"emodnet_dtm_2024","level":2}},{"type":"Feature","geometry":{"type":"LineString","coordinates":[[-8.64542,42.43625],[-8.64542,42.43625]]},"properties":{"source":"emodnet_dtm_2024","level":2}},{"type":"Feature","geometry":{"type":"LineString","coordinates":[[-8.88875,42.48277],[-8.88875,42.4831],[-8.88875,42.48277]]},"properties":{"source":"emodnet_dtm_2024","level":2}},{"type":"Feature","geometry":{"type":"LineString","coordinates":[[-8.87125,42.49618],[-8.87125,42.49618]]},"properties":{"source":"emodnet_dtm_2024","level":2}},{"type":"Feature","geometry":{"type":"LineString","coordinates":[[-8.87125,42.55344],[-8.87125,42.55435],[-8.87176,42.55375],[-8.87125,42.55344]]},"properties":{"source":"emodnet_dtm_2024","level":2}},{"type":"Feature","geometry":{"type":"LineString","coordinates":[[-8.82458,42.55362],[-8.82458,42.55362]]},"properties":{"source":"emodnet_dtm_2024","level":2}},{"type":"Feature","geometry":{"type":"LineString","coordinates":[[-8.82458,42.5577],[-8.82458,42.55819],[-8.82458,42.5577]]},"properties":{"source":"emodnet_dtm_2024","level":2}},{"type":"Feature","geometry":{"type":"LineString","coordinates":[[-8.81875,42.55958],[-8.81875,42.55958]]},"properties":{"source":"emodnet_dtm_2024","level":2}},{"type":"Feature","geometry":{"type":"LineString","coordinates":[[-8.76792,42.599],[-8.76792,42.6],[-8.76852,42.59958],[-8.76792,42.599]]},"properties":{"source":"emodnet_dtm_2024","level":2}},{"type":"Feature","geometry":{"type":"LineString","coordinates":[[-9.04625,42.62958],[-9.04625,42.62958]]},"properties":{"source":"emodnet_dtm_2024","level":2}},{"type":"Feature","geometry":{"type":"LineString","coordinates":[[-8.90042,42.63599],[-8.90042,42.63645],[-8.90042,42.63599]]},"properties":{"source":"emodnet_dtm_2024","level":2}},{"type":"Feature","geometry":{"type":"LineString","coordinates":[[-8.73792,42.66292],[-8.73792,42.66292]]},"properties":{"source":"emodnet_dtm_2024","level":2}},{"type":"Feature","geometry":{"type":"LineString","coordinates":[[-8.73542,42.66375],[-8.73542,42.66375]]},"properties":{"source":"emodnet_dtm_2024","level":2}},{"type":"Feature","geometry":{"type":"LineString","coordinates":[[-8.73708,42.66625],[-8.73708,42.66625]]},"properties":{"source":"emodnet_dtm_2024","level":2}},{"type":"Feature","geometry":{"type":"LineString","coordinates":[[-8.73042,42.66958],[-8.73042,42.66958]]},"properties":{"source":"emodnet_dtm_2024","level":2}},{"type":"Feature","geometry":{"type":"LineString","coordinates":[[-8.73208,42.67042],[-8.73208,42.67042]]},"properties":{"source":"emodnet_dtm_2024","level":2}},{"type":"Feature","geometry":{"type":"LineString","coordinates":[[-8.72625,42.67375],[-8.72625,42.67375]]},"properties":{"source":"emodnet_dtm_2024","level":2}},{"type":"Feature","geometry":{"type":"LineString","coordinates":[[-8.72625,42.67792],[-8.72625,42.67792]]},"properties":{"source":"emodnet_dtm_2024","level":2}},{"type":"Feature","geometry":{"type":"LineString","coordinates":[[-8.72875,42.68375],[-8.72875,42.68375]]},"properties":{"source":"emodnet_dtm_2024","level":2}},{"type":"Feature","geometry":{"type":"LineString","coordinates":[[-9.00125,42.72777],[-9.00125,42.72818],[-9.00125,42.72777]]},"properties":{"source":"emodnet_dtm_2024","level":2}},{"type":"Feature","geometry":{"type":"LineString","coordinates":[[-8.89125,42.78292],[-8.89125,42.78292]]},"properties":{"source":"emodnet_dtm_2024","level":2}},{"type":"Feature","geometry":{"type":"LineString","coordinates":[[-8.89875,42.78458],[-8.89875,42.78458]]},"properties":{"source":"emodnet_dtm_2024","level":2}},{"type":"Feature","geometry":{"type":"LineString","coordinates":[[-8.89708,42.78458],[-8.89708,42.78458]]},"properties":{"source":"emodnet_dtm_2024","level":2}},{"type":"Feature","geometry":{"type":"LineString","coordinates":[[-8.89458,42.78458],[-8.89458,42.78458]]},"properties":{"source":"emodnet_dtm_2024","level":2}},{"type":"Feature","geometry":{"type":"LineString","coordinates":[[-8.91875,42.78875],[-8.91875,42.78875]]},"properties":{"source":"emodnet_dtm_2024","level":2}},{"type":"Feature","geometry":{"type":"LineString","coordinates":[[-8.90042,42.78958],[-8.90042,42.78958]]},"properties":{"source":"emodnet_dtm_2024","level":2}},{"type":"Feature","geometry":{"type":"LineString","coordinates":[[-8.90042,42.79292],[-8.90042,42.79292]]},"properties":{"source":"emodnet_dtm_2024","level":2}},{"type":"Feature","geometry":{"type":"LineString","coordinates":[[-8.89375,42.81854],[-8.89375,42.81854]]},"properties":{"source":"emodnet_dtm_2024","level":2}},{"type":"Feature","geometry":{"type":"LineString","coordinates":[[-8.89708,42.82541],[-8.89708,42.82541]]},"properties":{"source":"emodnet_dtm_2024","level":2}},{"type":"Feature","geometry":{"type":"LineString","coordinates":[[-8.92125,43.22875],[-8.92125,43.22875]]},"properties":{"source":"emodnet_dtm_2024","level":2}},{"type":"Feature","geometry":{"type":"LineString","coordinates":[[-2.96292,43.27458],[-2.96292,43.27458]]},"properties":{"source":"emodnet_dtm_2024","level":2}},{"type":"Feature","geometry":{"type":"LineString","coordinates":[[-2.96792,43.27542],[-2.96792,43.27542]]},"properties":{"source":"emodnet_dtm_2024","level":2}},{"type":"Feature","geometry":{"type":"LineString","coordinates":[[-2.96708,43.28292],[-2.96708,43.28292]]},"properties":{"source":"emodnet_dtm_2024","level":2}},{"type":"Feature","geometry":{"type":"LineString","coordinates":[[-2.24708,43.28458],[-2.24708,43.28458]]},"properties":{"source":"emodnet_dtm_2024","level":2}},{"type":"Feature","geometry":{"type":"LineString","coordinates":[[-2.96792,43.28708],[-2.96792,43.28708]]},"properties":{"source":"emodnet_dtm_2024","level":2}},{"type":"Feature","geometry":{"type":"LineString","coordinates":[[-8.21458,43.28792],[-8.21458,43.28792]]},"properties":{"source":"emodnet_dtm_2024","level":2}},{"type":"Feature","geometry":{"type":"LineString","coordinates":[[-2.97042,43.28792],[-2.97042,43.28792]]},"properties":{"source":"emodnet_dtm_2024","level":2}},{"type":"Feature","geometry":{"type":"LineString","coordinates":[[-8.21375,43.29042],[-8.21375,43.29042]]},"properties":{"source":"emodnet_dtm_2024","level":2}},{"type":"Feature","geometry":{"type":"LineString","coordinates":[[-2.15625,43.29038],[-2.15677,43.29042],[-2.15625,43.29038]]},"properties":{"source":"emodnet_dtm_2024","level":2}},{"type":"Feature","geometry":{"type":"LineString","coordinates":[[-8.70458,43.29208],[-8.70458,43.29208]]},"properties":{"source":"emodnet_dtm_2024","level":2}},{"type":"Feature","geometry":{"type":"LineString","coordinates":[[-2.27958,43.29625],[-2.27958,43.29625]]},"properties":{"source":"emodnet_dtm_2024","level":2}},{"type":"Feature","geometry":{"type":"LineString","coordinates":[[-8.21292,43.29708],[-8.21292,43.29708]]},"properties":{"source":"emodnet_dtm_2024","level":2}},{"type":"Feature","geometry":{"type":"LineString","coordinates":[[-2.11708,43.29708],[-2.11708,43.29708]]},"properties":{"source":"emodnet_dtm_2024","level":2}},{"type":"Feature","geometry":{"type":"LineString","coordinates":[[-8.21208,43.29958],[-8.21208,43.29958]]},"properties":{"source":"emodnet_dtm_2024","level":2}},{"type":"Feature","geometry":{"type":"LineString","coordinates":[[-2.97875,43.29958],[-2.97875,43.29958]]},"properties":{"source":"emodnet_dtm_2024","level":2}},{"type":"Feature","geometry":{"type":"LineString","coordinates":[[-8.21042,43.30042],[-8.21042,43.30042]]},"properties":{"source":"emodnet_dtm_2024","level":2}},{"type":"Feature","geometry":{"type":"LineString","coordinates":[[-2.34708,43.30042],[-2.34708,43.30042]]},"properties":{"source":"emodnet_dtm_2024","level":2}},{"type":"Feature","geometry":{"type":"LineString","coordinates":[[-2.25958,43.30125],[-2.25958,43.30125]]},"properties":{"source":"emodnet_dtm_2024","level":2}},{"type":"Feature","geometry":{"type":"LineString","coordinates":[[-2.10958,43.30125],[-2.10958,43.30125]]},"properties":{"source":"emodnet_dtm_2024","level":2}},{"type":"Feature","geometry":{"type":"LineString","coordinates":[[-8.21042,43.30542],[-8.21042,43.30542]]},"properties":{"source":"emodnet_dtm_2024","level":2}},{"type":"Feature","geometry":{"type":"LineString","coordinates":[[-2.09375,43.30542],[-2.09375,43.30542]]},"properties":{"source":"emodnet_dtm_2024","level":2}},{"type":"Feature","geometry":{"type":"LineString","coordinates":[[-8.20958,43.30708],[-8.20958,43.30708]]},"properties":{"source":"emodnet_dtm_2024","level":2}},{"type":"Feature","geometry":{"type":"LineString","coordinates":[[-8.63375,43.30958],[-8.63375,43.30958]]},"properties":{"source":"emodnet_dtm_2024","level":2}},{"type":"Feature","geometry":{"type":"LineString","coordinates":[[-2.07208,43.30958],[-2.07208,43.30958]]},"properties":{"source":"emodnet_dtm_2024","level":2}},{"type":"Feature","geometry":{"type":"LineString","coordinates":[[-2.98875,43.31208],[-2.98875,43.31208]]},"properties":{"source":"emodnet_dtm_2024","level":2}},{"type":"Feature","geometry":{"type":"LineString","coordinates":[[-2.99208,43.31292],[-2.99208,43.31292]]},"properties":{"source":"emodnet_dtm_2024","level":2}},{"type":"Feature","geometry":{"type":"LineString","coordinates":[[-2.99125,43.31375],[-2.99125,43.31375]]},"properties":{"source":"emodnet_dtm_2024","level":2}},{"type":"Feature","geometry":{"type":"LineString","coordinates":[[-2.05125,43.31375],[-2.05125,43.31375]]},"properties":{"source":"emodnet_dtm_2024","level":2}},{"type":"Feature","geometry":{"type":"LineString","coordinates":[[-3.00625,43.31542],[-3.00625,43.31542]]},"properties":{"source":"emodnet_dtm_2024","level":2}},{"type":"Feature","geometry":{"type":"LineString","coordinates":[[-3.00542,43.31625],[-3.00542,43.31625]]},"properties":{"source":"emodnet_dtm_2024","level":2}},{"type":"Feature","geometry":{"type":"LineString","coordinates":[[-8.61708,43.31708],[-8.61708,43.31708]]},"properties":{"source":"emodnet_dtm_2024","level":2}},{"type":"Feature","geometry":{"type":"LineString","coordinates":[[-8.20542,43.31708],[-8.20542,43.31708]]},"properties":{"source":"emodnet_dtm_2024","level":2}},{"type":"Feature","geometry":{"type":"LineString","coordinates":[[-1.98875,43.31708],[-1.98875,43.31708]]},"properties":{"source":"emodnet_dtm_2024","level":2}},{"type":"Feature","geometry":{"type":"LineString","coordinates":[[-8.60875,43.31792],[-8.60875,43.31792]]},"properties":{"source":"emodnet_dtm_2024","level":2}},{"type":"Feature","geometry":{"type":"LineString","coordinates":[[-8.20458,43.31792],[-8.20458,43.31792]]},"properties":{"source":"emodnet_dtm_2024","level":2}},{"type":"Feature","geometry":{"type":"LineString","coordinates":[[-2.04375,43.31792],[-2.04375,43.31792]]},"properties":{"source":"emodnet_dtm_2024","level":2}},{"type":"Feature","geometry":{"type":"LineString","coordinates":[[-8.20375,43.31958],[-8.20375,43.31958]]},"properties":{"source":"emodnet_dtm_2024","level":2}},{"type":"Feature","geometry":{"type":"LineString","coordinates":[[-1.90875,43.32042],[-1.90875,43.32042]]},"properties":{"source":"emodnet_dtm_2024","level":2}},{"type":"Feature","geometry":{"type":"LineString","coordinates":[[-8.80542,43.32111],[-8.80542,43.32152],[-8.80542,43.32111]]},"properties":{"source":"emodnet_dtm_2024","level":2}},{"type":"Feature","geometry":{"type":"LineString","coordinates":[[-8.37125,43.32125],[-8.37125,43.32125]]},"properties":{"source":"emodnet_dtm_2024","level":2}},{"type":"Feature","geometry":{"type":"LineString","coordinates":[[-8.20208,43.32125],[-8.20208,43.32125]]},"properties":{"source":"emodnet_dtm_2024","level":2}},{"type":"Feature","geometry":{"type":"LineString","coordinates":[[-2.03125,43.32125],[-2.03125,43.32125]]},"properties":{"source":"emodnet_dtm_2024","level":2}},{"type":"Feature","geometry":{"type":"LineString","coordinates":[[-1.90792,43.32125],[-1.90792,43.32125]]},"properties":{"source":"emodnet_dtm_2024","level":2}},{"type":"Feature","geometry":{"type":"LineString","coordinates":[[-2.41292,43.32208],[-2.41292,43.32208]]},"properties":{"source":"emodnet_dtm_2024","level":2}},{"type":"Feature","geometry":{"type":"LineString","coordinates":[[-2.02208,43.32208],[-2.02208,43.32208]]},"properties":{"source":"emodnet_dtm_2024","level":2}},{"type":"Feature","geometry":{"type":"LineString","coordinates":[[-2.01542,43.32208],[-2.01542,43.32208]]},"properties":{"source":"emodnet_dtm_2024","level":2}},{"type":"Feature","geometry":{"type":"LineString","coordinates":[[-2.01375,43.32208],[-2.01375,43.32208]]},"properties":{"source":"emodnet_dtm_2024","level":2}},{"type":"Feature","geometry":{"type":"LineString","coordinates":[[-2.42042,43.32542],[-2.42042,43.32542]]},"properties":{"source":"emodnet_dtm_2024","level":2}},{"type":"Feature","geometry":{"type":"LineString","coordinates":[[-3.01625,43.32875],[-3.01625,43.32875]]},"properties":{"source":"emodnet_dtm_2024","level":2}},{"type":"Feature","geometry":{"type":"LineString","coordinates":[[-8.21125,43.32958],[-8.21125,43.32958]]},"properties":{"source":"emodnet_dtm_2024","level":2}},{"type":"Feature","geometry":{"type":"LineString","coordinates":[[-1.92458,43.32958],[-1.92458,43.32958]]},"properties":{"source":"emodnet_dtm_2024","level":2}},{"type":"Feature","geometry":{"type":"LineString","coordinates":[[-3.02708,43.33118],[-3.02708,43.33118]]},"properties":{"source":"emodnet_dtm_2024","level":2}},{"type":"Feature","geometry":{"type":"LineString","coordinates":[[-3.01292,43.33091],[-3.01292,43.33135],[-3.01292,43.33091]]},"properties":{"source":"emodnet_dtm_2024","level":2}},{"type":"Feature","geometry":{"type":"LineString","coordinates":[[-8.20875,43.33208],[-8.20875,43.33208]]},"properties":{"source":"emodnet_dtm_2024","level":2}},{"type":"Feature","geometry":{"type":"LineString","coordinates":[[-3.01208,43.33273],[-3.01208,43.33273]]},"properties":{"source":"emodnet_dtm_2024","level":2}},{"type":"Feature","geometry":{"type":"LineString","coordinates":[[-3.01125,43.33356],[-3.01091,43.33375],[-3.01125,43.33356]]},"properties":{"source":"emodnet_dtm_2024","level":2}},{"type":"Feature","geometry":{"type":"LineString","coordinates":[[-2.44125,43.33375],[-2.44125,43.33375]]},"properties":{"source":"emodnet_dtm_2024","level":2}},{"type":"Feature","geometry":{"type":"LineString","coordinates":[[-1.94625,43.33375],[-1.94625,43.33375]]},"properties":{"source":"emodnet_dtm_2024","level":2}},{"type":"Feature","geometry":{"type":"LineString","coordinates":[[-1.92875,43.33375],[-1.92875,43.33375]]},"properties":{"source":"emodnet_dtm_2024","level":2}},{"type":"Feature","geometry":{"type":"LineString","coordinates":[[-3.00958,43.33525],[-3.00958,43.33525]]},"properties":{"source":"emodnet_dtm_2024","level":2}},{"type":"Feature","geometry":{"type":"LineString","coordinates":[[-3.03875,43.33708],[-3.03875,43.33708]]},"properties":{"source":"emodnet_dtm_2024","level":2}},{"type":"Feature","geometry":{"type":"LineString","coordinates":[[-8.34708,43.34856],[-8.34708,43.349],[-8.34708,43.34856]]},"properties":{"source":"emodnet_dtm_2024","level":2}},{"type":"Feature","geometry":{"type":"LineString","coordinates":[[-8.20458,43.35375],[-8.20458,43.35375]]},"properties":{"source":"emodnet_dtm_2024","level":2}},{"type":"Feature","geometry":{"type":"LineString","coordinates":[[-1.78542,43.36701],[-1.78542,43.36771],[-1.78542,43.36701]]},"properties":{"source":"emodnet_dtm_2024","level":2}},{"type":"Feature","geometry":{"type":"LineString","coordinates":[[-8.33875,43.37542],[-8.33875,43.37542]]},"properties":{"source":"emodnet_dtm_2024","level":2}},{"type":"Feature","geometry":{"type":"LineString","coordinates":[[-1.77958,43.37542],[-1.77958,43.37542]]},"properties":{"source":"emodnet_dtm_2024","level":2}},{"type":"Feature","geometry":{"type":"LineString","coordinates":[[-1.77708,43.37542],[-1.77708,43.37542]]},"properties":{"source":"emodnet_dtm_2024","level":2}},{"type":"Feature","geometry":{"type":"LineString","coordinates":[[-1.77542,43.37542],[-1.77542,43.37542]]},"properties":{"source":"emodnet_dtm_2024","level":2}},{"type":"Feature","geometry":{"type":"LineString","coordinates":[[-1.77292,43.37542],[-1.77292,43.37542]]},"properties":{"source":"emodnet_dtm_2024","level":2}},{"type":"Feature","geometry":{"type":"LineString","coordinates":[[-1.77125,43.37542],[-1.77125,43.37542]]},"properties":{"source":"emodnet_dtm_2024","level":2}},{"type":"Feature","geometry":{"type":"LineString","coordinates":[[-8.44625,43.3784],[-8.44625,43.3792],[-8.44671,43.37875],[-8.44625,43.3784]]},"properties":{"source":"emodnet_dtm_2024","level":2}},{"type":"Feature","geometry":{"type":"LineString","coordinates":[[-2.57625,43.38875],[-2.57625,43.38875]]},"properties":{"source":"emodnet_dtm_2024","level":2}},{"type":"Feature","geometry":{"type":"LineString","coordinates":[[-8.34542,43.39036],[-8.34542,43.39036]]},"properties":{"source":"emodnet_dtm_2024","level":2}},{"type":"Feature","geometry":{"type":"LineString","coordinates":[[-2.61375,43.39292],[-2.61375,43.39292]]},"properties":{"source":"emodnet_dtm_2024","level":2}},{"type":"Feature","geometry":{"type":"LineString","coordinates":[[-2.61125,43.39292],[-2.61125,43.39292]]},"properties":{"source":"emodnet_dtm_2024","level":2}},{"type":"Feature","geometry":{"type":"LineString","coordinates":[[-2.60875,43.39292],[-2.60875,43.39292]]},"properties":{"source":"emodnet_dtm_2024","level":2}},{"type":"Feature","geometry":{"type":"LineString","coordinates":[[-2.94125,43.39458],[-2.94125,43.39458]]},"properties":{"source":"emodnet_dtm_2024","level":2}},{"type":"Feature","geometry":{"type":"LineString","coordinates":[[-3.80958,43.39765],[-3.80958,43.39816],[-3.80958,43.39765]]},"properties":{"source":"emodnet_dtm_2024","level":2}},{"type":"Feature","geometry":{"type":"LineString","coordinates":[[-3.80042,43.39875],[-3.80042,43.39875]]},"properties":{"source":"emodnet_dtm_2024","level":2}},{"type":"Feature","geometry":{"type":"LineString","coordinates":[[-3.31542,43.40206],[-3.31542,43.40248],[-3.31542,43.40206]]},"properties":{"source":"emodnet_dtm_2024","level":2}},{"type":"Feature","geometry":{"type":"LineString","coordinates":[[-4.64208,43.40286],[-4.64208,43.40286]]},"properties":{"source":"emodnet_dtm_2024","level":2}},{"type":"Feature","geometry":{"type":"LineString","coordinates":[[-8.16042,43.40542],[-8.16042,43.40542]]},"properties":{"source":"emodnet_dtm_2024","level":2}},{"type":"Feature","geometry":{"type":"LineString","coordinates":[[-8.15958,43.40792],[-8.15958,43.40792]]},"properties":{"source":"emodnet_dtm_2024","level":2}},{"type":"Feature","geometry":{"type":"LineString","coordinates":[[-8.15875,43.40875],[-8.15875,43.40875]]},"properties":{"source":"emodnet_dtm_2024","level":2}},{"type":"Feature","geometry":{"type":"LineString","coordinates":[[-8.15625,43.40958],[-8.15625,43.40958]]},"properties":{"source":"emodnet_dtm_2024","level":2}},{"type":"Feature","geometry":{"type":"LineString","coordinates":[[-3.80958,43.40958],[-3.80958,43.40958]]},"properties":{"source":"emodnet_dtm_2024","level":2}},{"type":"Feature","geometry":{"type":"LineString","coordinates":[[-8.15458,43.41125],[-8.15458,43.41125]]},"properties":{"source":"emodnet_dtm_2024","level":2}},{"type":"Feature","geometry":{"type":"LineString","coordinates":[[-2.94625,43.41292],[-2.94625,43.41292]]},"properties":{"source":"emodnet_dtm_2024","level":2}},{"type":"Feature","geometry":{"type":"LineString","coordinates":[[-8.14792,43.41375],[-8.14792,43.41375]]},"properties":{"source":"emodnet_dtm_2024","level":2}},{"type":"Feature","geometry":{"type":"LineString","coordinates":[[-2.95708,43.41375],[-2.95708,43.41375]]},"properties":{"source":"emodnet_dtm_2024","level":2}},{"type":"Feature","geometry":{"type":"LineString","coordinates":[[-3.40958,43.41615],[-3.40958,43.41615]]},"properties":{"source":"emodnet_dtm_2024","level":2}},{"type":"Feature","geometry":{"type":"LineString","coordinates":[[-2.71375,43.41949],[-2.71375,43.41981],[-2.71375,43.41949]]},"properties":{"source":"emodnet_dtm_2024","level":2}},{"type":"Feature","geometry":{"type":"LineString","coordinates":[[-3.78375,43.42125],[-3.78375,43.42125]]},"properties":{"source":"emodnet_dtm_2024","level":2}},{"type":"Feature","geometry":{"type":"LineString","coordinates":[[-2.89792,43.43458],[-2.89792,43.43458]]},"properties":{"source":"emodnet_dtm_2024","level":2}},{"type":"Feature","geometry":{"type":"LineString","coordinates":[[-2.89458,43.43458],[-2.89458,43.43458]]},"properties":{"source":"emodnet_dtm_2024","level":2}},{"type":"Feature","geometry":{"type":"LineString","coordinates":[[-2.89292,43.43458],[-2.89292,43.43458]]},"properties":{"source":"emodnet_dtm_2024","level":2}},{"type":"Feature","geometry":{"type":"LineString","coordinates":[[-1.59708,43.43622],[-1.59708,43.43622]]},"properties":{"source":"emodnet_dtm_2024","level":2}},{"type":"Feature","geometry":{"type":"LineString","coordinates":[[-4.82458,43.43688],[-4.82458,43.43752],[-4.82458,43.43688]]},"properties":{"source":"emodnet_dtm_2024","level":2}},{"type":"Feature","geometry":{"type":"LineString","coordinates":[[-2.79792,43.43792],[-2.79792,43.43792]]},"properties":{"source":"emodnet_dtm_2024","level":2}},{"type":"Feature","geometry":{"type":"LineString","coordinates":[[-3.82125,43.44872],[-3.82077,43.44875],[-3.82125,43.44872]]},"properties":{"source":"emodnet_dtm_2024","level":2}},{"type":"Feature","geometry":{"type":"LineString","coordinates":[[-1.58792,43.44867],[-1.58792,43.44915],[-1.58846,43.44875],[-1.58792,43.44867]]},"properties":{"source":"emodnet_dtm_2024","level":2}},{"type":"Feature","geometry":{"type":"LineString","coordinates":[[-1.58708,43.44956],[-1.58708,43.44956]]},"properties":{"source":"emodnet_dtm_2024","level":2}},{"type":"Feature","geometry":{"type":"LineString","coordinates":[[-3.75042,43.45289],[-3.75042,43.45289]]},"properties":{"source":"emodnet_dtm_2024","level":2}},{"type":"Feature","geometry":{"type":"LineString","coordinates":[[-3.73375,43.45875],[-3.73375,43.45875]]},"properties":{"source":"emodnet_dtm_2024","level":2}},{"type":"Feature","geometry":{"type":"LineString","coordinates":[[-3.72625,43.46501],[-3.72625,43.46582],[-3.72702,43.46542],[-3.72625,43.46501]]},"properties":{"source":"emodnet_dtm_2024","level":2}},{"type":"Feature","geometry":{"type":"LineString","coordinates":[[-1.57208,43.46957],[-1.57208,43.46957]]},"properties":{"source":"emodnet_dtm_2024","level":2}},{"type":"Feature","geometry":{"type":"LineString","coordinates":[[-1.57125,43.47039],[-1.57125,43.47039]]},"properties":{"source":"emodnet_dtm_2024","level":2}},{"type":"Feature","geometry":{"type":"LineString","coordinates":[[-7.05125,43.47375],[-7.05125,43.47375]]},"properties":{"source":"emodnet_dtm_2024","level":2}},{"type":"Feature","geometry":{"type":"LineString","coordinates":[[-3.90958,43.47369],[-3.90958,43.47369]]},"properties":{"source":"emodnet_dtm_2024","level":2}},{"type":"Feature","geometry":{"type":"LineString","coordinates":[[-1.56875,43.47361],[-1.56875,43.47397],[-1.56927,43.47375],[-1.56875,43.47361]]},"properties":{"source":"emodnet_dtm_2024","level":2}},{"type":"Feature","geometry":{"type":"LineString","coordinates":[[-7.05042,43.47458],[-7.05042,43.47458]]},"properties":{"source":"emodnet_dtm_2024","level":2}},{"type":"Feature","geometry":{"type":"LineString","coordinates":[[-7.04958,43.48458],[-7.04958,43.48458]]},"properties":{"source":"emodnet_dtm_2024","level":2}},{"type":"Feature","geometry":{"type":"LineString","coordinates":[[-7.04708,43.48792],[-7.04708,43.48792]]},"properties":{"source":"emodnet_dtm_2024","level":2}},{"type":"Feature","geometry":{"type":"LineString","coordinates":[[-3.58792,43.49042],[-3.58792,43.49042]]},"properties":{"source":"emodnet_dtm_2024","level":2}},{"type":"Feature","geometry":{"type":"LineString","coordinates":[[-7.05292,43.49292],[-7.05292,43.49292]]},"properties":{"source":"emodnet_dtm_2024","level":2}},{"type":"Feature","geometry":{"type":"LineString","coordinates":[[-7.05375,43.49458],[-7.05375,43.49458]]},"properties":{"source":"emodnet_dtm_2024","level":2}},{"type":"Feature","geometry":{"type":"LineString","coordinates":[[-3.61375,43.49625],[-3.61375,43.49625]]},"properties":{"source":"emodnet_dtm_2024","level":2}},{"type":"Feature","geometry":{"type":"LineString","coordinates":[[-7.04292,43.49875],[-7.04292,43.49875]]},"properties":{"source":"emodnet_dtm_2024","level":2}},{"type":"Feature","geometry":{"type":"LineString","coordinates":[[-8.16208,43.49958],[-8.16208,43.49958]]},"properties":{"source":"emodnet_dtm_2024","level":2}},{"type":"Feature","geometry":{"type":"LineString","coordinates":[[-7.05292,43.49958],[-7.05292,43.49958]]},"properties":{"source":"emodnet_dtm_2024","level":2}},{"type":"Feature","geometry":{"type":"LineString","coordinates":[[-8.15958,43.50375],[-8.15958,43.50375]]},"properties":{"source":"emodnet_dtm_2024","level":2}},{"type":"Feature","geometry":{"type":"LineString","coordinates":[[-7.04958,43.50625],[-7.04958,43.50625]]},"properties":{"source":"emodnet_dtm_2024","level":2}},{"type":"Feature","geometry":{"type":"LineString","coordinates":[[-8.15958,43.50708],[-8.15958,43.50708]]},"properties":{"source":"emodnet_dtm_2024","level":2}},{"type":"Feature","geometry":{"type":"LineString","coordinates":[[-8.15792,43.50875],[-8.15792,43.50875]]},"properties":{"source":"emodnet_dtm_2024","level":2}},{"type":"Feature","geometry":{"type":"LineString","coordinates":[[-7.04292,43.50875],[-7.04292,43.50875]]},"properties":{"source":"emodnet_dtm_2024","level":2}},{"type":"Feature","geometry":{"type":"LineString","coordinates":[[-8.15542,43.50958],[-8.15542,43.50958]]},"properties":{"source":"emodnet_dtm_2024","level":2}},{"type":"Feature","geometry":{"type":"LineString","coordinates":[[-7.04958,43.51042],[-7.04958,43.51042]]},"properties":{"source":"emodnet_dtm_2024","level":2}},{"type":"Feature","geometry":{"type":"LineString","coordinates":[[-8.15458,43.51125],[-8.15458,43.51125]]},"properties":{"source":"emodnet_dtm_2024","level":2}},{"type":"Feature","geometry":{"type":"LineString","coordinates":[[-8.15375,43.51208],[-8.15375,43.51208]]},"properties":{"source":"emodnet_dtm_2024","level":2}},{"type":"Feature","geometry":{"type":"LineString","coordinates":[[-6.73375,43.51542],[-6.73375,43.51542]]},"properties":{"source":"emodnet_dtm_2024","level":2}},{"type":"Feature","geometry":{"type":"LineString","coordinates":[[-7.04875,43.51625],[-7.04875,43.51625]]},"properties":{"source":"emodnet_dtm_2024","level":2}},{"type":"Feature","geometry":{"type":"LineString","coordinates":[[-7.03875,43.51708],[-7.03875,43.51708]]},"properties":{"source":"emodnet_dtm_2024","level":2}},{"type":"Feature","geometry":{"type":"LineString","coordinates":[[-7.03792,43.51792],[-7.03792,43.51792]]},"properties":{"source":"emodnet_dtm_2024","level":2}},{"type":"Feature","geometry":{"type":"LineString","coordinates":[[-7.03458,43.52542],[-7.03458,43.52542]]},"properties":{"source":"emodnet_dtm_2024","level":2}},{"type":"Feature","geometry":{"type":"LineString","coordinates":[[-7.01375,43.52542],[-7.01375,43.52542]]},"properties":{"source":"emodnet_dtm_2024","level":2}},{"type":"Feature","geometry":{"type":"LineString","coordinates":[[-7.03375,43.52625],[-7.03375,43.52625]]},"properties":{"source":"emodnet_dtm_2024","level":2}},{"type":"Feature","geometry":{"type":"LineString","coordinates":[[-7.01792,43.52625],[-7.01792,43.52625]]},"properties":{"source":"emodnet_dtm_2024","level":2}},{"type":"Feature","geometry":{"type":"LineString","coordinates":[[-1.51792,43.53611],[-1.51792,43.53611]]},"properties":{"source":"emodnet_dtm_2024","level":2}},{"type":"Feature","geometry":{"type":"LineString","coordinates":[[-5.39708,43.5445],[-5.39708,43.5445]]},"properties":{"source":"emodnet_dtm_2024","level":2}},{"type":"Feature","geometry":{"type":"LineString","coordinates":[[-7.25958,43.54542],[-7.25958,43.54542]]},"properties":{"source":"emodnet_dtm_2024","level":2}},{"type":"Feature","geometry":{"type":"LineString","coordinates":[[-6.72625,43.54542],[-6.72625,43.54542]]},"properties":{"source":"emodnet_dtm_2024","level":2}},{"type":"Feature","geometry":{"type":"LineString","coordinates":[[-7.25875,43.54625],[-7.25875,43.54625]]},"properties":{"source":"emodnet_dtm_2024","level":2}},{"type":"Feature","geometry":{"type":"LineString","coordinates":[[-7.25792,43.54708],[-7.25792,43.54708]]},"properties":{"source":"emodnet_dtm_2024","level":2}},{"type":"Feature","geometry":{"type":"LineString","coordinates":[[-7.25375,43.54708],[-7.25375,43.54708]]},"properties":{"source":"emodnet_dtm_2024","level":2}},{"type":"Feature","geometry":{"type":"LineString","coordinates":[[-7.25125,43.54875],[-7.25125,43.54875]]},"properties":{"source":"emodnet_dtm_2024","level":2}},{"type":"Feature","geometry":{"type":"LineString","coordinates":[[-1.50792,43.54957],[-1.50792,43.54957]]},"properties":{"source":"emodnet_dtm_2024","level":2}},{"type":"Feature","geometry":{"type":"LineString","coordinates":[[-7.24708,43.55042],[-7.24708,43.55042]]},"properties":{"source":"emodnet_dtm_2024","level":2}},{"type":"Feature","geometry":{"type":"LineString","coordinates":[[-7.24542,43.55125],[-7.24542,43.55125]]},"properties":{"source":"emodnet_dtm_2024","level":2}},{"type":"Feature","geometry":{"type":"LineString","coordinates":[[-7.24208,43.55292],[-7.24208,43.55292]]},"properties":{"source":"emodnet_dtm_2024","level":2}},{"type":"Feature","geometry":{"type":"LineString","coordinates":[[-7.26208,43.55708],[-7.26208,43.55708]]},"properties":{"source":"emodnet_dtm_2024","level":2}},{"type":"Feature","geometry":{"type":"LineString","coordinates":[[-7.11792,43.55792],[-7.11792,43.55792]]},"properties":{"source":"emodnet_dtm_2024","level":2}},{"type":"Feature","geometry":{"type":"LineString","coordinates":[[-1.50208,43.55875],[-1.50208,43.55875]]},"properties":{"source":"emodnet_dtm_2024","level":2}},{"type":"Feature","geometry":{"type":"LineString","coordinates":[[-7.24375,43.55958],[-7.24375,43.55958]]},"properties":{"source":"emodnet_dtm_2024","level":2}},{"type":"Feature","geometry":{"type":"LineString","coordinates":[[-6.05958,43.56792],[-6.05958,43.56792]]},"properties":{"source":"emodnet_dtm_2024","level":2}},{"type":"Feature","geometry":{"type":"LineString","coordinates":[[-8.16458,43.61292],[-8.16458,43.61292]]},"properties":{"source":"emodnet_dtm_2024","level":2}},{"type":"Feature","geometry":{"type":"LineString","coordinates":[[-8.16042,43.61375],[-8.16042,43.61375]]},"properties":{"source":"emodnet_dtm_2024","level":2}},{"type":"Feature","geometry":{"type":"LineString","coordinates":[[-8.08042,43.63625],[-8.08042,43.63625]]},"properties":{"source":"emodnet_dtm_2024","level":2}},{"type":"Feature","geometry":{"type":"LineString","coordinates":[[-8.06042,43.63625],[-8.06042,43.63625]]},"properties":{"source":"emodnet_dtm_2024","level":2}},{"type":"Feature","geometry":{"type":"LineString","coordinates":[[-8.07792,43.64292],[-8.07792,43.64292]]},"properties":{"source":"emodnet_dtm_2024","level":2}},{"type":"Feature","geometry":{"type":"LineString","coordinates":[[-8.07208,43.64292],[-8.07208,43.64292]]},"properties":{"source":"emodnet_dtm_2024","level":2}},{"type":"Feature","geometry":{"type":"LineString","coordinates":[[-7.59958,43.65792],[-7.59958,43.65792]]},"properties":{"source":"emodnet_dtm_2024","level":2}},{"type":"Feature","geometry":{"type":"LineString","coordinates":[[-7.59792,43.65875],[-7.59792,43.65875]]},"properties":{"source":"emodnet_dtm_2024","level":2}},{"type":"Feature","geometry":{"type":"LineString","coordinates":[[-7.59708,43.66208],[-7.59708,43.66208]]},"properties":{"source":"emodnet_dtm_2024","level":2}},{"type":"Feature","geometry":{"type":"LineString","coordinates":[[-7.59625,43.66625],[-7.59625,43.66625]]},"properties":{"source":"emodnet_dtm_2024","level":2}},{"type":"Feature","geometry":{"type":"LineString","coordinates":[[-7.88708,43.66708],[-7.88708,43.66708]]},"properties":{"source":"emodnet_dtm_2024","level":2}},{"type":"Feature","geometry":{"type":"LineString","coordinates":[[-7.89208,43.66792],[-7.89208,43.66792]]},"properties":{"source":"emodnet_dtm_2024","level":2}},{"type":"Feature","geometry":{"type":"LineString","coordinates":[[-7.84625,43.66958],[-7.84625,43.66958]]},"properties":{"source":"emodnet_dtm_2024","level":2}},{"type":"Feature","geometry":{"type":"LineString","coordinates":[[-7.87042,43.67042],[-7.87042,43.67042]]},"properties":{"source":"emodnet_dtm_2024","level":2}},{"type":"Feature","geometry":{"type":"LineString","coordinates":[[-7.84542,43.67042],[-7.84542,43.67042]]},"properties":{"source":"emodnet_dtm_2024","level":2}},{"type":"Feature","geometry":{"type":"LineString","coordinates":[[-7.89125,43.67103],[-7.89125,43.67163],[-7.89125,43.67103]]},"properties":{"source":"emodnet_dtm_2024","level":2}},{"type":"Feature","geometry":{"type":"LineString","coordinates":[[-7.84292,43.67125],[-7.84292,43.67125]]},"properties":{"source":"emodnet_dtm_2024","level":2}},{"type":"Feature","geometry":{"type":"LineString","coordinates":[[-7.85208,43.67208],[-7.85208,43.67208]]},"properties":{"source":"emodnet_dtm_2024","level":2}},{"type":"Feature","geometry":{"type":"LineString","coordinates":[[-7.88375,43.67292],[-7.88375,43.67292]]},"properties":{"source":"emodnet_dtm_2024","level":2}},{"type":"Feature","geometry":{"type":"LineString","coordinates":[[-7.87042,43.67542],[-7.87042,43.67542]]},"properties":{"source":"emodnet_dtm_2024","level":2}},{"type":"Feature","geometry":{"type":"LineString","coordinates":[[-7.85042,43.67542],[-7.85042,43.67542]]},"properties":{"source":"emodnet_dtm_2024","level":2}},{"type":"Feature","geometry":{"type":"LineString","coordinates":[[-7.60958,43.6751],[-7.60958,43.67568],[-7.60958,43.6751]]},"properties":{"source":"emodnet_dtm_2024","level":2}},{"type":"Feature","geometry":{"type":"LineString","coordinates":[[-7.85125,43.67708],[-7.85125,43.67708]]},"properties":{"source":"emodnet_dtm_2024","level":2}},{"type":"Feature","geometry":{"type":"LineString","coordinates":[[-7.86958,43.67792],[-7.86958,43.67792]]},"properties":{"source":"emodnet_dtm_2024","level":2}},{"type":"Feature","geometry":{"type":"LineString","coordinates":[[-7.85458,43.67875],[-7.85458,43.67875]]},"properties":{"source":"emodnet_dtm_2024","level":2}},{"type":"Feature","geometry":{"type":"LineString","coordinates":[[-1.44208,43.67958],[-1.44208,43.67958]]},"properties":{"source":"emodnet_dtm_2024","level":2}},{"type":"Feature","geometry":{"type":"LineString","coordinates":[[-7.86958,43.68042],[-7.86958,43.68042]]},"properties":{"source":"emodnet_dtm_2024","level":2}},{"type":"Feature","geometry":{"type":"LineString","coordinates":[[-7.86042,43.68208],[-7.86042,43.68208]]},"properties":{"source":"emodnet_dtm_2024","level":2}},{"type":"Feature","geometry":{"type":"LineString","coordinates":[[-7.88625,43.68375],[-7.88625,43.68375]]},"properties":{"source":"emodnet_dtm_2024","level":2}},{"type":"Feature","geometry":{"type":"LineString","coordinates":[[-7.86042,43.68458],[-7.86042,43.68458]]},"properties":{"source":"emodnet_dtm_2024","level":2}},{"type":"Feature","geometry":{"type":"LineString","coordinates":[[-7.88458,43.68625],[-7.88458,43.68625]]},"properties":{"source":"emodnet_dtm_2024","level":2}},{"type":"Feature","geometry":{"type":"LineString","coordinates":[[-7.88042,43.68625],[-7.88042,43.68625]]},"properties":{"source":"emodnet_dtm_2024","level":2}},{"type":"Feature","geometry":{"type":"LineString","coordinates":[[-7.86042,43.68625],[-7.86042,43.68625]]},"properties":{"source":"emodnet_dtm_2024","level":2}},{"type":"Feature","geometry":{"type":"LineString","coordinates":[[-7.86625,43.68786],[-7.86625,43.68786]]},"properties":{"source":"emodnet_dtm_2024","level":2}},{"type":"Feature","geometry":{"type":"LineString","coordinates":[[-7.82875,43.68875],[-7.82875,43.68875]]},"properties":{"source":"emodnet_dtm_2024","level":2}},{"type":"Feature","geometry":{"type":"LineString","coordinates":[[-7.86292,43.68958],[-7.86292,43.68958]]},"properties":{"source":"emodnet_dtm_2024","level":2}},{"type":"Feature","geometry":{"type":"LineString","coordinates":[[-7.86375,43.69125],[-7.86375,43.69125]]},"properties":{"source":"emodnet_dtm_2024","level":2}},{"type":"Feature","geometry":{"type":"LineString","coordinates":[[-7.82292,43.69125],[-7.82292,43.69125]]},"properties":{"source":"emodnet_dtm_2024","level":2}},{"type":"Feature","geometry":{"type":"LineString","coordinates":[[-7.82208,43.69208],[-7.82208,43.69208]]},"properties":{"source":"emodnet_dtm_2024","level":2}},{"type":"Feature","geometry":{"type":"LineString","coordinates":[[-7.82042,43.69292],[-7.82042,43.69292]]},"properties":{"source":"emodnet_dtm_2024","level":2}},{"type":"Feature","geometry":{"type":"LineString","coordinates":[[-7.81792,43.69458],[-7.81792,43.69458]]},"properties":{"source":"emodnet_dtm_2024","level":2}},{"type":"Feature","geometry":{"type":"LineString","coordinates":[[-7.80958,43.69458],[-7.80958,43.69458]]},"properties":{"source":"emodnet_dtm_2024","level":2}},{"type":"Feature","geometry":{"type":"LineString","coordinates":[[-7.81375,43.69542],[-7.81375,43.69542]]},"properties":{"source":"emodnet_dtm_2024","level":2}},{"type":"Feature","geometry":{"type":"LineString","coordinates":[[-7.81292,43.69708],[-7.81292,43.69708]]},"properties":{"source":"emodnet_dtm_2024","level":2}},{"type":"Feature","geometry":{"type":"LineString","coordinates":[[-7.86708,43.70042],[-7.86708,43.70042]]},"properties":{"source":"emodnet_dtm_2024","level":2}},{"type":"Feature","geometry":{"type":"LineString","coordinates":[[-7.86375,43.70125],[-7.86375,43.70125]]},"properties":{"source":"emodnet_dtm_2024","level":2}},{"type":"Feature","geometry":{"type":"LineString","coordinates":[[-7.83875,43.70458],[-7.83875,43.70458]]},"properties":{"source":"emodnet_dtm_2024","level":2}},{"type":"Feature","geometry":{"type":"LineString","coordinates":[[-7.82792,43.70458],[-7.82792,43.70458]]},"properties":{"source":"emodnet_dtm_2024","level":2}},{"type":"Feature","geometry":{"type":"LineString","coordinates":[[-7.70792,43.70875],[-7.70792,43.70875]]},"properties":{"source":"emodnet_dtm_2024","level":2}},{"type":"Feature","geometry":{"type":"LineString","coordinates":[[-7.70792,43.71125],[-7.70792,43.71125]]},"properties":{"source":"emodnet_dtm_2024","level":2}},{"type":"Feature","geometry":{"type":"LineString","coordinates":[[-7.70125,43.71125],[-7.70125,43.71125]]},"properties":{"source":"emodnet_dtm_2024","level":2}},{"type":"Feature","geometry":{"type":"LineString","coordinates":[[-7.68875,43.71208],[-7.68875,43.71208]]},"properties":{"source":"emodnet_dtm_2024","level":2}},{"type":"Feature","geometry":{"type":"LineString","coordinates":[[-7.82042,43.71286],[-7.82042,43.71286]]},"properties":{"source":"emodnet_dtm_2024","level":2}},{"type":"Feature","geometry":{"type":"LineString","coordinates":[[-7.70042,43.71292],[-7.70042,43.71292]]},"properties":{"source":"emodnet_dtm_2024","level":2}},{"type":"Feature","geometry":{"type":"LineString","coordinates":[[-7.69375,43.71292],[-7.69375,43.71292]]},"properties":{"source":"emodnet_dtm_2024","level":2}},{"type":"Feature","geometry":{"type":"LineString","coordinates":[[-7.69542,43.72125],[-7.69542,43.72125]]},"properties":{"source":"emodnet_dtm_2024","level":2}},{"type":"Feature","geometry":{"type":"LineString","coordinates":[[-7.69375,43.72375],[-7.69375,43.72375]]},"properties":{"source":"emodnet_dtm_2024","level":2}},{"type":"Feature","geometry":{"type":"LineString","coordinates":[[-1.26458,44.39455],[-1.26458,44.39455]]},"properties":{"source":"emodnet_dtm_2024","level":2}},{"type":"Feature","geometry":{"type":"LineString","coordinates":[[-1.25542,44.51958],[-1.25542,44.51958]]},"properties":{"source":"emodnet_dtm_2024","level":2}},{"type":"Feature","geometry":{"type":"LineString","coordinates":[[-1.24708,44.55179],[-1.24708,44.55221],[-1.24765,44.55208],[-1.24708,44.55179]]},"properties":{"source":"emodnet_dtm_2024","level":2}},{"type":"Feature","geometry":{"type":"LineString","coordinates":[[-1.21125,44.60191],[-1.21125,44.60247],[-1.21125,44.60191]]},"properties":{"source":"emodnet_dtm_2024","level":2}},{"type":"Feature","geometry":{"type":"LineString","coordinates":[[-1.13708,44.65437],[-1.13708,44.65526],[-1.13708,44.65437]]},"properties":{"source":"emodnet_dtm_2024","level":2}},{"type":"Feature","geometry":{"type":"LineString","coordinates":[[-1.14125,44.67945],[-1.14125,44.67976],[-1.14125,44.67945]]},"properties":{"source":"emodnet_dtm_2024","level":2}},{"type":"Feature","geometry":{"type":"LineString","coordinates":[[-1.06292,44.68272],[-1.06292,44.68272]]},"properties":{"source":"emodnet_dtm_2024","level":2}},{"type":"Feature","geometry":{"type":"LineString","coordinates":[[-1.14542,44.68772],[-1.14542,44.68818],[-1.14608,44.68792],[-1.14542,44.68772]]},"properties":{"source":"emodnet_dtm_2024","level":2}},{"type":"Feature","geometry":{"type":"LineString","coordinates":[[-1.15875,44.69111],[-1.15875,44.69111]]},"properties":{"source":"emodnet_dtm_2024","level":2}},{"type":"Feature","geometry":{"type":"LineString","coordinates":[[-1.10458,44.69113],[-1.10412,44.69125],[-1.10458,44.69161],[-1.10458,44.69113]]},"properties":{"source":"emodnet_dtm_2024","level":2}},{"type":"Feature","geometry":{"type":"LineString","coordinates":[[-1.14292,44.69192],[-1.14292,44.69229],[-1.1434,44.69208],[-1.14292,44.69192]]},"properties":{"source":"emodnet_dtm_2024","level":2}},{"type":"Feature","geometry":{"type":"LineString","coordinates":[[-1.14125,44.71595],[-1.14058,44.71625],[-1.14125,44.71642],[-1.14125,44.71595]]},"properties":{"source":"emodnet_dtm_2024","level":2}},{"type":"Feature","geometry":{"type":"LineString","coordinates":[[-1.12375,44.72537],[-1.12375,44.72537]]},"properties":{"source":"emodnet_dtm_2024","level":2}},{"type":"Feature","geometry":{"type":"LineString","coordinates":[[-0.82292,45.4929],[-0.82292,45.4929]]},"properties":{"source":"emodnet_dtm_2024","level":2}},{"type":"Feature","geometry":{"type":"LineString","coordinates":[[-1.14208,45.49625],[-1.14208,45.49625]]},"properties":{"source":"emodnet_dtm_2024","level":2}},{"type":"Feature","geometry":{"type":"LineString","coordinates":[[-0.97542,45.56947],[-0.97542,45.56947]]},"properties":{"source":"emodnet_dtm_2024","level":2}},{"type":"Feature","geometry":{"type":"LineString","coordinates":[[-1.15042,45.66875],[-1.15042,45.66875]]},"properties":{"source":"emodnet_dtm_2024","level":2}},{"type":"Feature","geometry":{"type":"LineString","coordinates":[[-8.72792,42.67875],[-8.72792,42.67875]]},"properties":{"source":"emodnet_dtm_2024","level":2}},{"type":"Feature","geometry":{"type":"LineString","coordinates":[[-8.72958,42.68375],[-8.72958,42.68375]]},"properties":{"source":"emodnet_dtm_2024","level":2}},{"type":"Feature","geometry":{"type":"LineString","coordinates":[[-8.21625,43.28792],[-8.21625,43.28792]]},"properties":{"source":"emodnet_dtm_2024","level":2}},{"type":"Feature","geometry":{"type":"LineString","coordinates":[[-8.21792,43.29292],[-8.21792,43.29292]]},"properties":{"source":"emodnet_dtm_2024","level":2}},{"type":"Feature","geometry":{"type":"LineString","coordinates":[[-2.97458,43.29542],[-2.97458,43.29542]]},"properties":{"source":"emodnet_dtm_2024","level":2}},{"type":"Feature","geometry":{"type":"LineString","coordinates":[[-2.28708,43.29542],[-2.28708,43.29542]]},"properties":{"source":"emodnet_dtm_2024","level":2}},{"type":"Feature","geometry":{"type":"LineString","coordinates":[[-8.21792,43.29625],[-8.21792,43.29625]]},"properties":{"source":"emodnet_dtm_2024","level":2}},{"type":"Feature","geometry":{"type":"LineString","coordinates":[[-8.21958,43.29708],[-8.21958,43.29708]]},"properties":{"source":"emodnet_dtm_2024","level":2}},{"type":"Feature","geometry":{"type":"LineString","coordinates":[[-8.22042,43.29958],[-8.22042,43.29958]]},"properties":{"source":"emodnet_dtm_2024","level":2}},{"type":"Feature","geometry":{"type":"LineString","coordinates":[[-8.22125,43.30042],[-8.22125,43.30042]]},"properties":{"source":"emodnet_dtm_2024","level":2}},{"type":"Feature","geometry":{"type":"LineString","coordinates":[[-8.22458,43.30125],[-8.22458,43.30125]]},"properties":{"source":"emodnet_dtm_2024","level":2}},{"type":"Feature","geometry":{"type":"LineString","coordinates":[[-2.97792,43.30125],[-2.97792,43.30125]]},"properties":{"source":"emodnet_dtm_2024","level":2}},{"type":"Feature","geometry":{"type":"LineString","coordinates":[[-2.97958,43.30792],[-2.97958,43.30792]]},"properties":{"source":"emodnet_dtm_2024","level":2}},{"type":"Feature","geometry":{"type":"LineString","coordinates":[[-2.98375,43.30958],[-2.98375,43.30958]]},"properties":{"source":"emodnet_dtm_2024","level":2}},{"type":"Feature","geometry":{"type":"LineString","coordinates":[[-2.99458,43.31375],[-2.99458,43.31375]]},"properties":{"source":"emodnet_dtm_2024","level":2}},{"type":"Feature","geometry":{"type":"LineString","coordinates":[[-3.00625,43.31708],[-3.00625,43.31708]]},"properties":{"source":"emodnet_dtm_2024","level":2}},{"type":"Feature","geometry":{"type":"LineString","coordinates":[[-1.91292,43.31958],[-1.91292,43.31958]]},"properties":{"source":"emodnet_dtm_2024","level":2}},{"type":"Feature","geometry":{"type":"LineString","coordinates":[[-1.91542,43.32042],[-1.91542,43.32042]]},"properties":{"source":"emodnet_dtm_2024","level":2}},{"type":"Feature","geometry":{"type":"LineString","coordinates":[[-8.20708,43.32125],[-8.20708,43.32125]]},"properties":{"source":"emodnet_dtm_2024","level":2}},{"type":"Feature","geometry":{"type":"LineString","coordinates":[[-1.91792,43.32125],[-1.91792,43.32125]]},"properties":{"source":"emodnet_dtm_2024","level":2}},{"type":"Feature","geometry":{"type":"LineString","coordinates":[[-8.37375,43.32208],[-8.37375,43.32208]]},"properties":{"source":"emodnet_dtm_2024","level":2}},{"type":"Feature","geometry":{"type":"LineString","coordinates":[[-2.02292,43.32208],[-2.02292,43.32208]]},"properties":{"source":"emodnet_dtm_2024","level":2}},{"type":"Feature","geometry":{"type":"LineString","coordinates":[[-1.92042,43.32208],[-1.92042,43.32208]]},"properties":{"source":"emodnet_dtm_2024","level":2}},{"type":"Feature","geometry":{"type":"LineString","coordinates":[[-8.37792,43.32458],[-8.37792,43.32458]]},"properties":{"source":"emodnet_dtm_2024","level":2}},{"type":"Feature","geometry":{"type":"LineString","coordinates":[[-8.20792,43.32458],[-8.20792,43.32458]]},"properties":{"source":"emodnet_dtm_2024","level":2}},{"type":"Feature","geometry":{"type":"LineString","coordinates":[[-8.37875,43.32542],[-8.37875,43.32542]]},"properties":{"source":"emodnet_dtm_2024","level":2}},{"type":"Feature","geometry":{"type":"LineString","coordinates":[[-8.21208,43.32958],[-8.21208,43.32958]]},"properties":{"source":"emodnet_dtm_2024","level":2}},{"type":"Feature","geometry":{"type":"LineString","coordinates":[[-2.44542,43.33458],[-2.44542,43.33458]]},"properties":{"source":"emodnet_dtm_2024","level":2}},{"type":"Feature","geometry":{"type":"LineString","coordinates":[[-1.94875,43.33458],[-1.94875,43.33458]]},"properties":{"source":"emodnet_dtm_2024","level":2}},{"type":"Feature","geometry":{"type":"LineString","coordinates":[[-1.77792,43.37542],[-1.77792,43.37542]]},"properties":{"source":"emodnet_dtm_2024","level":2}},{"type":"Feature","geometry":{"type":"LineString","coordinates":[[-1.77375,43.37542],[-1.77375,43.37542]]},"properties":{"source":"emodnet_dtm_2024","level":2}},{"type":"Feature","geometry":{"type":"LineString","coordinates":[[-1.76625,43.37625],[-1.76625,43.37625]]},"properties":{"source":"emodnet_dtm_2024","level":2}},{"type":"Feature","geometry":{"type":"LineString","coordinates":[[-8.16125,43.40542],[-8.16125,43.40542]]},"properties":{"source":"emodnet_dtm_2024","level":2}},{"type":"Feature","geometry":{"type":"LineString","coordinates":[[-8.16542,43.40708],[-8.16542,43.40708]]},"properties":{"source":"emodnet_dtm_2024","level":2}},{"type":"Feature","geometry":{"type":"LineString","coordinates":[[-8.16792,43.40792],[-8.16792,43.40792]]},"properties":{"source":"emodnet_dtm_2024","level":2}},{"type":"Feature","geometry":{"type":"LineString","coordinates":[[-8.17125,43.40875],[-8.17125,43.40875]]},"properties":{"source":"emodnet_dtm_2024","level":2}},{"type":"Feature","geometry":{"type":"LineString","coordinates":[[-2.95375,43.41292],[-2.95375,43.41292]]},"properties":{"source":"emodnet_dtm_2024","level":2}},{"type":"Feature","geometry":{"type":"LineString","coordinates":[[-2.89875,43.43458],[-2.89875,43.43458]]},"properties":{"source":"emodnet_dtm_2024","level":2}},{"type":"Feature","geometry":{"type":"LineString","coordinates":[[-4.03292,43.43625],[-4.03292,43.43625]]},"properties":{"source":"emodnet_dtm_2024","level":2}},{"type":"Feature","geometry":{"type":"LineString","coordinates":[[-3.7546,43.45292],[-3.7546,43.45292]]},"properties":{"source":"emodnet_dtm_2024","level":2}},{"type":"Feature","geometry":{"type":"LineString","coordinates":[[-7.01542,43.52625],[-7.01542,43.52625]]},"properties":{"source":"emodnet_dtm_2024","level":2}},{"type":"Feature","geometry":{"type":"LineString","coordinates":[[-7.04125,43.52792],[-7.04125,43.52792]]},"properties":{"source":"emodnet_dtm_2024","level":2}},{"type":"Feature","geometry":{"type":"LineString","coordinates":[[-7.26375,43.54458],[-7.26375,43.54458]]},"properties":{"source":"emodnet_dtm_2024","level":2}},{"type":"Feature","geometry":{"type":"LineString","coordinates":[[-6.72792,43.54542],[-6.72792,43.54542]]},"properties":{"source":"emodnet_dtm_2024","level":2}},{"type":"Feature","geometry":{"type":"LineString","coordinates":[[-7.25542,43.54708],[-7.25542,43.54708]]},"properties":{"source":"emodnet_dtm_2024","level":2}},{"type":"Feature","geometry":{"type":"LineString","coordinates":[[-6.53792,43.54708],[-6.53792,43.54708]]},"properties":{"source":"emodnet_dtm_2024","level":2}},{"type":"Feature","geometry":{"type":"LineString","coordinates":[[-7.25792,43.54958],[-7.25792,43.54958]]},"properties":{"source":"emodnet_dtm_2024","level":2}},{"type":"Feature","geometry":{"type":"LineString","coordinates":[[-7.25875,43.55042],[-7.25875,43.55042]]},"properties":{"source":"emodnet_dtm_2024","level":2}},{"type":"Feature","geometry":{"type":"LineString","coordinates":[[-8.06292,43.63625],[-8.06292,43.63625]]},"properties":{"source":"emodnet_dtm_2024","level":2}},{"type":"Feature","geometry":{"type":"LineString","coordinates":[[-8.06625,43.63708],[-8.06625,43.63708]]},"properties":{"source":"emodnet_dtm_2024","level":2}},{"type":"Feature","geometry":{"type":"LineString","coordinates":[[-8.06792,43.63792],[-8.06792,43.63792]]},"properties":{"source":"emodnet_dtm_2024","level":2}},{"type":"Feature","geometry":{"type":"LineString","coordinates":[[-8.06958,43.63875],[-8.06958,43.63875]]},"properties":{"source":"emodnet_dtm_2024","level":2}},{"type":"Feature","geometry":{"type":"LineString","coordinates":[[-7.60125,43.65958],[-7.60125,43.65958]]},"properties":{"source":"emodnet_dtm_2024","level":2}},{"type":"Feature","geometry":{"type":"LineString","coordinates":[[-7.59708,43.66375],[-7.59708,43.66375]]},"properties":{"source":"emodnet_dtm_2024","level":2}},{"type":"Feature","geometry":{"type":"LineString","coordinates":[[-7.84958,43.67042],[-7.84958,43.67042]]},"properties":{"source":"emodnet_dtm_2024","level":2}},{"type":"Feature","geometry":{"type":"LineString","coordinates":[[-7.88542,43.68708],[-7.88542,43.68708]]},"properties":{"source":"emodnet_dtm_2024","level":2}},{"type":"Feature","geometry":{"type":"LineString","coordinates":[[-7.83458,43.68875],[-7.83458,43.68875]]},"properties":{"source":"emodnet_dtm_2024","level":2}},{"type":"Feature","geometry":{"type":"LineString","coordinates":[[-7.82458,43.68875],[-7.82458,43.68875]]},"properties":{"source":"emodnet_dtm_2024","level":2}},{"type":"Feature","geometry":{"type":"LineString","coordinates":[[-7.87875,43.69375],[-7.87875,43.69375]]},"properties":{"source":"emodnet_dtm_2024","level":2}},{"type":"Feature","geometry":{"type":"LineString","coordinates":[[-7.87792,43.69542],[-7.87792,43.69542]]},"properties":{"source":"emodnet_dtm_2024","level":2}},{"type":"Feature","geometry":{"type":"LineString","coordinates":[[-7.83458,43.69542],[-7.83458,43.69542]]},"properties":{"source":"emodnet_dtm_2024","level":2}},{"type":"Feature","geometry":{"type":"LineString","coordinates":[[-7.83625,43.69875],[-7.83625,43.69875]]},"properties":{"source":"emodnet_dtm_2024","level":2}},{"type":"Feature","geometry":{"type":"LineString","coordinates":[[-7.83708,43.69958],[-7.83708,43.69958]]},"properties":{"source":"emodnet_dtm_2024","level":2}},{"type":"Feature","geometry":{"type":"LineString","coordinates":[[-7.87375,43.70292],[-7.87375,43.70292]]},"properties":{"source":"emodnet_dtm_2024","level":2}},{"type":"Feature","geometry":{"type":"LineString","coordinates":[[-7.69542,43.71125],[-7.69542,43.71125]]},"properties":{"source":"emodnet_dtm_2024","level":2}},{"type":"Feature","geometry":{"type":"LineString","coordinates":[[-7.69042,43.71292],[-7.69042,43.71292]]},"properties":{"source":"emodnet_dtm_2024","level":2}},{"type":"Feature","geometry":{"type":"LineString","coordinates":[[-7.69125,43.71375],[-7.69125,43.71375]]},"properties":{"source":"emodnet_dtm_2024","level":2}},{"type":"Feature","geometry":{"type":"LineString","coordinates":[[-7.69625,43.71708],[-7.69625,43.71708]]},"properties":{"source":"emodnet_dtm_2024","level":2}},{"type":"Feature","geometry":{"type":"LineString","coordinates":[[-7.69958,43.71792],[-7.69958,43.71792]]},"properties":{"source":"emodnet_dtm_2024","level":2}},{"type":"Feature","geometry":{"type":"LineString","coordinates":[[-7.70042,43.71958],[-7.70042,43.71958]]},"properties":{"source":"emodnet_dtm_2024","level":2}},{"type":"Feature","geometry":{"type":"LineString","coordinates":[[-7.69958,43.73208],[-7.69958,43.73208]]},"properties":{"source":"emodnet_dtm_2024","level":2}},{"type":"Feature","geometry":{"type":"LineString","coordinates":[[-1.15125,45.66958],[-1.15125,45.66958]]},"properties":{"source":"emodnet_dtm_2024","level":2}},{"type":"Feature","geometry":{"type":"LineString","coordinates":[[-1.15208,45.67042],[-1.15208,45.67042]]},"properties":{"source":"emodnet_dtm_2024","level":2}},{"type":"Feature","geometry":{"type":"LineString","coordinates":[[-8.63208,42.35042],[-8.63208,42.35042]]},"properties":{"source":"emodnet_dtm_2024","level":2}},{"type":"Feature","geometry":{"type":"LineString","coordinates":[[-8.64292,42.43542],[-8.64292,42.43542]]},"properties":{"source":"emodnet_dtm_2024","level":2}},{"type":"Feature","geometry":{"type":"LineString","coordinates":[[-8.74458,42.65875],[-8.74458,42.65875]]},"properties":{"source":"emodnet_dtm_2024","level":2}},{"type":"Feature","geometry":{"type":"LineString","coordinates":[[-8.74292,42.66042],[-8.74292,42.66042]]},"properties":{"source":"emodnet_dtm_2024","level":2}},{"type":"Feature","geometry":{"type":"LineString","coordinates":[[-8.72875,42.67292],[-8.72875,42.67292]]},"properties":{"source":"emodnet_dtm_2024","level":2}},{"type":"Feature","geometry":{"type":"LineString","coordinates":[[-8.72625,42.67458],[-8.72625,42.67458]]},"properties":{"source":"emodnet_dtm_2024","level":2}},{"type":"Feature","geometry":{"type":"LineString","coordinates":[[-8.72792,42.68208],[-8.72792,42.68208]]},"properties":{"source":"emodnet_dtm_2024","level":2}},{"type":"Feature","geometry":{"type":"LineString","coordinates":[[-8.72958,42.68542],[-8.72958,42.68542]]},"properties":{"source":"emodnet_dtm_2024","level":2}},{"type":"Feature","geometry":{"type":"LineString","coordinates":[[-8.72875,42.68708],[-8.72875,42.68708]]},"properties":{"source":"emodnet_dtm_2024","level":2}},{"type":"Feature","geometry":{"type":"LineString","coordinates":[[-9.10542,42.83226],[-9.10463,42.83208],[-9.10542,42.83226]]},"properties":{"source":"emodnet_dtm_2024","level":2}},{"type":"Feature","geometry":{"type":"LineString","coordinates":[[-2.96208,43.27292],[-2.96208,43.27292]]},"properties":{"source":"emodnet_dtm_2024","level":2}},{"type":"Feature","geometry":{"type":"LineString","coordinates":[[-2.25042,43.28375],[-2.25042,43.28375]]},"properties":{"source":"emodnet_dtm_2024","level":2}},{"type":"Feature","geometry":{"type":"LineString","coordinates":[[-2.24875,43.28542],[-2.24875,43.28542]]},"properties":{"source":"emodnet_dtm_2024","level":2}},{"type":"Feature","geometry":{"type":"LineString","coordinates":[[-8.21792,43.29375],[-8.21792,43.29375]]},"properties":{"source":"emodnet_dtm_2024","level":2}},{"type":"Feature","geometry":{"type":"LineString","coordinates":[[-2.97542,43.29792],[-2.97542,43.29792]]},"properties":{"source":"emodnet_dtm_2024","level":2}},{"type":"Feature","geometry":{"type":"LineString","coordinates":[[-2.24958,43.29792],[-2.24958,43.29792]]},"properties":{"source":"emodnet_dtm_2024","level":2}},{"type":"Feature","geometry":{"type":"LineString","coordinates":[[-8.22458,43.30208],[-8.22458,43.30208]]},"properties":{"source":"emodnet_dtm_2024","level":2}},{"type":"Feature","geometry":{"type":"LineString","coordinates":[[-8.22208,43.30458],[-8.22208,43.30458]]},"properties":{"source":"emodnet_dtm_2024","level":2}},{"type":"Feature","geometry":{"type":"LineString","coordinates":[[-8.22042,43.30792],[-8.22042,43.30792]]},"properties":{"source":"emodnet_dtm_2024","level":2}},{"type":"Feature","geometry":{"type":"LineString","coordinates":[[-8.21792,43.31042],[-8.21792,43.31042]]},"properties":{"source":"emodnet_dtm_2024","level":2}},{"type":"Feature","geometry":{"type":"LineString","coordinates":[[-2.97958,43.31042],[-2.97958,43.31042]]},"properties":{"source":"emodnet_dtm_2024","level":2}},{"type":"Feature","geometry":{"type":"LineString","coordinates":[[-8.21625,43.31125],[-8.21625,43.31125]]},"properties":{"source":"emodnet_dtm_2024","level":2}},{"type":"Feature","geometry":{"type":"LineString","coordinates":[[-2.98625,43.31125],[-2.98625,43.31125]]},"properties":{"source":"emodnet_dtm_2024","level":2}},{"type":"Feature","geometry":{"type":"LineString","coordinates":[[-8.21542,43.31208],[-8.21542,43.31208]]},"properties":{"source":"emodnet_dtm_2024","level":2}},{"type":"Feature","geometry":{"type":"LineString","coordinates":[[-8.21375,43.31542],[-8.21375,43.31542]]},"properties":{"source":"emodnet_dtm_2024","level":2}},{"type":"Feature","geometry":{"type":"LineString","coordinates":[[-8.21292,43.31625],[-8.21292,43.31625]]},"properties":{"source":"emodnet_dtm_2024","level":2}},{"type":"Feature","geometry":{"type":"LineString","coordinates":[[-8.21208,43.31875],[-8.21208,43.31875]]},"properties":{"source":"emodnet_dtm_2024","level":2}},{"type":"Feature","geometry":{"type":"LineString","coordinates":[[-1.92458,43.32292],[-1.92458,43.32292]]},"properties":{"source":"emodnet_dtm_2024","level":2}},{"type":"Feature","geometry":{"type":"LineString","coordinates":[[-1.90542,43.32292],[-1.90542,43.32292]]},"properties":{"source":"emodnet_dtm_2024","level":2}},{"type":"Feature","geometry":{"type":"LineString","coordinates":[[-1.92375,43.32375],[-1.92375,43.32375]]},"properties":{"source":"emodnet_dtm_2024","level":2}},{"type":"Feature","geometry":{"type":"LineString","coordinates":[[-1.92042,43.32542],[-1.92042,43.32542]]},"properties":{"source":"emodnet_dtm_2024","level":2}},{"type":"Feature","geometry":{"type":"LineString","coordinates":[[-8.20875,43.32708],[-8.20875,43.32708]]},"properties":{"source":"emodnet_dtm_2024","level":2}},{"type":"Feature","geometry":{"type":"LineString","coordinates":[[-1.92458,43.33208],[-1.92458,43.33208]]},"properties":{"source":"emodnet_dtm_2024","level":2}},{"type":"Feature","geometry":{"type":"LineString","coordinates":[[-8.20708,43.35458],[-8.20708,43.35458]]},"properties":{"source":"emodnet_dtm_2024","level":2}},{"type":"Feature","geometry":{"type":"LineString","coordinates":[[-8.20542,43.35625],[-8.20542,43.35625]]},"properties":{"source":"emodnet_dtm_2024","level":2}},{"type":"Feature","geometry":{"type":"LineString","coordinates":[[-1.79542,43.37708],[-1.79542,43.37708]]},"properties":{"source":"emodnet_dtm_2024","level":2}},{"type":"Feature","geometry":{"type":"LineString","coordinates":[[-3.81208,43.39792],[-3.81208,43.39792]]},"properties":{"source":"emodnet_dtm_2024","level":2}},{"type":"Feature","geometry":{"type":"LineString","coordinates":[[-8.17042,43.41125],[-8.17042,43.41125]]},"properties":{"source":"emodnet_dtm_2024","level":2}},{"type":"Feature","geometry":{"type":"LineString","coordinates":[[-8.16708,43.41125],[-8.16708,43.41125]]},"properties":{"source":"emodnet_dtm_2024","level":2}},{"type":"Feature","geometry":{"type":"LineString","coordinates":[[-8.16542,43.41208],[-8.16542,43.41208]]},"properties":{"source":"emodnet_dtm_2024","level":2}},{"type":"Feature","geometry":{"type":"LineString","coordinates":[[-8.15458,43.41208],[-8.15458,43.41208]]},"properties":{"source":"emodnet_dtm_2024","level":2}},{"type":"Feature","geometry":{"type":"LineString","coordinates":[[-8.15042,43.41292],[-8.15042,43.41292]]},"properties":{"source":"emodnet_dtm_2024","level":2}},{"type":"Feature","geometry":{"type":"LineString","coordinates":[[-8.14958,43.41542],[-8.14958,43.41542]]},"properties":{"source":"emodnet_dtm_2024","level":2}},{"type":"Feature","geometry":{"type":"LineString","coordinates":[[-3.82375,43.45042],[-3.82375,43.45042]]},"properties":{"source":"emodnet_dtm_2024","level":2}},{"type":"Feature","geometry":{"type":"LineString","coordinates":[[-3.82208,43.45208],[-3.82208,43.45208]]},"properties":{"source":"emodnet_dtm_2024","level":2}},{"type":"Feature","geometry":{"type":"LineString","coordinates":[[-7.05375,43.47292],[-7.05375,43.47292]]},"properties":{"source":"emodnet_dtm_2024","level":2}},{"type":"Feature","geometry":{"type":"LineString","coordinates":[[-7.04708,43.47708],[-7.04708,43.47708]]},"properties":{"source":"emodnet_dtm_2024","level":2}},{"type":"Feature","geometry":{"type":"LineString","coordinates":[[-3.58875,43.48958],[-3.58875,43.48958]]},"properties":{"source":"emodnet_dtm_2024","level":2}},{"type":"Feature","geometry":{"type":"LineString","coordinates":[[-7.04208,43.51042],[-7.04208,43.51042]]},"properties":{"source":"emodnet_dtm_2024","level":2}},{"type":"Feature","geometry":{"type":"LineString","coordinates":[[-8.15792,43.51208],[-8.15792,43.51208]]},"properties":{"source":"emodnet_dtm_2024","level":2}},{"type":"Feature","geometry":{"type":"LineString","coordinates":[[-8.15375,43.51292],[-8.15375,43.51292]]},"properties":{"source":"emodnet_dtm_2024","level":2}},{"type":"Feature","geometry":{"type":"LineString","coordinates":[[-7.04542,43.52042],[-7.04542,43.52042]]},"properties":{"source":"emodnet_dtm_2024","level":2}},{"type":"Feature","geometry":{"type":"LineString","coordinates":[[-7.03708,43.53125],[-7.03708,43.53125]]},"properties":{"source":"emodnet_dtm_2024","level":2}},{"type":"Feature","geometry":{"type":"LineString","coordinates":[[-7.03625,43.53208],[-7.03625,43.53208]]},"properties":{"source":"emodnet_dtm_2024","level":2}},{"type":"Feature","geometry":{"type":"LineString","coordinates":[[-6.72542,43.54042],[-6.72542,43.54042]]},"properties":{"source":"emodnet_dtm_2024","level":2}},{"type":"Feature","geometry":{"type":"LineString","coordinates":[[-6.72458,43.54542],[-6.72458,43.54542]]},"properties":{"source":"emodnet_dtm_2024","level":2}},{"type":"Feature","geometry":{"type":"LineString","coordinates":[[-7.26375,43.54792],[-7.26375,43.54792]]},"properties":{"source":"emodnet_dtm_2024","level":2}},{"type":"Feature","geometry":{"type":"LineString","coordinates":[[-6.53792,43.54875],[-6.53792,43.54875]]},"properties":{"source":"emodnet_dtm_2024","level":2}},{"type":"Feature","geometry":{"type":"LineString","coordinates":[[-7.26208,43.54958],[-7.26208,43.54958]]},"properties":{"source":"emodnet_dtm_2024","level":2}},{"type":"Feature","geometry":{"type":"LineString","coordinates":[[-6.72792,43.54958],[-6.72792,43.54958]]},"properties":{"source":"emodnet_dtm_2024","level":2}},{"type":"Feature","geometry":{"type":"LineString","coordinates":[[-6.72542,43.55042],[-6.72542,43.55042]]},"properties":{"source":"emodnet_dtm_2024","level":2}},{"type":"Feature","geometry":{"type":"LineString","coordinates":[[-7.25792,43.55208],[-7.25792,43.55208]]},"properties":{"source":"emodnet_dtm_2024","level":2}},{"type":"Feature","geometry":{"type":"LineString","coordinates":[[-7.25542,43.55292],[-7.25542,43.55292]]},"properties":{"source":"emodnet_dtm_2024","level":2}},{"type":"Feature","geometry":{"type":"LineString","coordinates":[[-7.26125,43.55792],[-7.26125,43.55792]]},"properties":{"source":"emodnet_dtm_2024","level":2}},{"type":"Feature","geometry":{"type":"LineString","coordinates":[[-7.25792,43.55875],[-7.25792,43.55875]]},"properties":{"source":"emodnet_dtm_2024","level":2}},{"type":"Feature","geometry":{"type":"LineString","coordinates":[[-7.25542,43.56458],[-7.25542,43.56458]]},"properties":{"source":"emodnet_dtm_2024","level":2}},{"type":"Feature","geometry":{"type":"LineString","coordinates":[[-7.25375,43.56542],[-7.25375,43.56542]]},"properties":{"source":"emodnet_dtm_2024","level":2}},{"type":"Feature","geometry":{"type":"LineString","coordinates":[[-7.25125,43.56625],[-7.25125,43.56625]]},"properties":{"source":"emodnet_dtm_2024","level":2}},{"type":"Feature","geometry":{"type":"LineString","coordinates":[[-8.08292,43.63708],[-8.08292,43.63708]]},"properties":{"source":"emodnet_dtm_2024","level":2}},{"type":"Feature","geometry":{"type":"LineString","coordinates":[[-8.06958,43.63958],[-8.06958,43.63958]]},"properties":{"source":"emodnet_dtm_2024","level":2}},{"type":"Feature","geometry":{"type":"LineString","coordinates":[[-8.06625,43.63958],[-8.06625,43.63958]]},"properties":{"source":"emodnet_dtm_2024","level":2}},{"type":"Feature","geometry":{"type":"LineString","coordinates":[[-8.06792,43.64042],[-8.06792,43.64042]]},"properties":{"source":"emodnet_dtm_2024","level":2}},{"type":"Feature","geometry":{"type":"LineString","coordinates":[[-8.06375,43.64042],[-8.06375,43.64042]]},"properties":{"source":"emodnet_dtm_2024","level":2}},{"type":"Feature","geometry":{"type":"LineString","coordinates":[[-8.06292,43.64125],[-8.06292,43.64125]]},"properties":{"source":"emodnet_dtm_2024","level":2}},{"type":"Feature","geometry":{"type":"LineString","coordinates":[[-7.60125,43.66125],[-7.60125,43.66125]]},"properties":{"source":"emodnet_dtm_2024","level":2}},{"type":"Feature","geometry":{"type":"LineString","coordinates":[[-7.60042,43.66208],[-7.60042,43.66208]]},"properties":{"source":"emodnet_dtm_2024","level":2}},{"type":"Feature","geometry":{"type":"LineString","coordinates":[[-7.59875,43.66542],[-7.59875,43.66542]]},"properties":{"source":"emodnet_dtm_2024","level":2}},{"type":"Feature","geometry":{"type":"LineString","coordinates":[[-7.84958,43.67125],[-7.84958,43.67125]]},"properties":{"source":"emodnet_dtm_2024","level":2}},{"type":"Feature","geometry":{"type":"LineString","coordinates":[[-7.84875,43.67292],[-7.84875,43.67292]]},"properties":{"source":"emodnet_dtm_2024","level":2}},{"type":"Feature","geometry":{"type":"LineString","coordinates":[[-7.84708,43.67458],[-7.84708,43.67458]]},"properties":{"source":"emodnet_dtm_2024","level":2}},{"type":"Feature","geometry":{"type":"LineString","coordinates":[[-7.84625,43.67542],[-7.84625,43.67542]]},"properties":{"source":"emodnet_dtm_2024","level":2}},{"type":"Feature","geometry":{"type":"LineString","coordinates":[[-7.83458,43.69125],[-7.83458,43.69125]]},"properties":{"source":"emodnet_dtm_2024","level":2}},{"type":"Feature","geometry":{"type":"LineString","coordinates":[[-7.84125,43.69542],[-7.84125,43.69542]]},"properties":{"source":"emodnet_dtm_2024","level":2}},{"type":"Feature","geometry":{"type":"LineString","coordinates":[[-7.81208,43.69542],[-7.81208,43.69542]]},"properties":{"source":"emodnet_dtm_2024","level":2}},{"type":"Feature","geometry":{"type":"LineString","coordinates":[[-7.80958,43.69625],[-7.80958,43.69625]]},"properties":{"source":"emodnet_dtm_2024","level":2}},{"type":"Feature","geometry":{"type":"LineString","coordinates":[[-7.83708,43.70042],[-7.83708,43.70042]]},"properties":{"source":"emodnet_dtm_2024","level":2}},{"type":"Feature","geometry":{"type":"LineString","coordinates":[[-7.83292,43.70208],[-7.83292,43.70208]]},"properties":{"source":"emodnet_dtm_2024","level":2}},{"type":"Feature","geometry":{"type":"LineString","coordinates":[[-7.87375,43.70375],[-7.87375,43.70375]]},"properties":{"source":"emodnet_dtm_2024","level":2}},{"type":"Feature","geometry":{"type":"LineString","coordinates":[[-7.70875,43.71042],[-7.70875,43.71042]]},"properties":{"source":"emodnet_dtm_2024","level":2}},{"type":"Feature","geometry":{"type":"LineString","coordinates":[[-7.70125,43.71208],[-7.70125,43.71208]]},"properties":{"source":"emodnet_dtm_2024","level":2}},{"type":"Feature","geometry":{"type":"LineString","coordinates":[[-7.69958,43.71458],[-7.69958,43.71458]]},"properties":{"source":"emodnet_dtm_2024","level":2}},{"type":"Feature","geometry":{"type":"LineString","coordinates":[[-7.70042,43.72125],[-7.70042,43.72125]]},"properties":{"source":"emodnet_dtm_2024","level":2}},{"type":"Feature","geometry":{"type":"LineString","coordinates":[[-7.69958,43.72375],[-7.69958,43.72375]]},"properties":{"source":"emodnet_dtm_2024","level":2}},{"type":"Feature","geometry":{"type":"LineString","coordinates":[[-1.04625,45.53208],[-1.04625,45.53208]]},"properties":{"source":"emodnet_dtm_2024","level":2}},{"type":"Feature","geometry":{"type":"LineString","coordinates":[[-1.05125,45.53625],[-1.05125,45.53625]]},"properties":{"source":"emodnet_dtm_2024","level":2}},{"type":"Feature","geometry":{"type":"LineString","coordinates":[[-8.82292,42.55875],[-8.82292,42.55875]]},"properties":{"source":"emodnet_dtm_2024","level":2}},{"type":"Feature","geometry":{"type":"LineString","coordinates":[[-8.81875,42.56042],[-8.81875,42.56042]]},"properties":{"source":"emodnet_dtm_2024","level":2}},{"type":"Feature","geometry":{"type":"LineString","coordinates":[[-8.74125,42.65542],[-8.74125,42.65542]]},"properties":{"source":"emodnet_dtm_2024","level":2}},{"type":"Feature","geometry":{"type":"LineString","coordinates":[[-8.72458,42.67875],[-8.72458,42.67875]]},"properties":{"source":"emodnet_dtm_2024","level":2}},{"type":"Feature","geometry":{"type":"LineString","coordinates":[[-8.72542,42.67958],[-8.72542,42.67958]]},"properties":{"source":"emodnet_dtm_2024","level":2}},{"type":"Feature","geometry":{"type":"LineString","coordinates":[[-8.72708,42.68208],[-8.72708,42.68208]]},"properties":{"source":"emodnet_dtm_2024","level":2}},{"type":"Feature","geometry":{"type":"LineString","coordinates":[[-8.72708,42.68708],[-8.72708,42.68708]]},"properties":{"source":"emodnet_dtm_2024","level":2}},{"type":"Feature","geometry":{"type":"LineString","coordinates":[[-9.10625,42.82125],[-9.10625,42.82125]]},"properties":{"source":"emodnet_dtm_2024","level":2}},{"type":"Feature","geometry":{"type":"LineString","coordinates":[[-2.96458,43.27875],[-2.96458,43.27875]]},"properties":{"source":"emodnet_dtm_2024","level":2}},{"type":"Feature","geometry":{"type":"LineString","coordinates":[[-2.24708,43.28542],[-2.24708,43.28542]]},"properties":{"source":"emodnet_dtm_2024","level":2}},{"type":"Feature","geometry":{"type":"LineString","coordinates":[[-2.24375,43.28708],[-2.24375,43.28708]]},"properties":{"source":"emodnet_dtm_2024","level":2}},{"type":"Feature","geometry":{"type":"LineString","coordinates":[[-2.97292,43.29458],[-2.97292,43.29458]]},"properties":{"source":"emodnet_dtm_2024","level":2}},{"type":"Feature","geometry":{"type":"LineString","coordinates":[[-2.97625,43.30042],[-2.97625,43.30042]]},"properties":{"source":"emodnet_dtm_2024","level":2}},{"type":"Feature","geometry":{"type":"LineString","coordinates":[[-8.21042,43.30292],[-8.21042,43.30292]]},"properties":{"source":"emodnet_dtm_2024","level":2}},{"type":"Feature","geometry":{"type":"LineString","coordinates":[[-2.97708,43.30292],[-2.97708,43.30292]]},"properties":{"source":"emodnet_dtm_2024","level":2}},{"type":"Feature","geometry":{"type":"LineString","coordinates":[[-2.97875,43.30708],[-2.97875,43.30708]]},"properties":{"source":"emodnet_dtm_2024","level":2}},{"type":"Feature","geometry":{"type":"LineString","coordinates":[[-2.98125,43.30875],[-2.98125,43.30875]]},"properties":{"source":"emodnet_dtm_2024","level":2}},{"type":"Feature","geometry":{"type":"LineString","coordinates":[[-2.98125,43.31125],[-2.98125,43.31125]]},"properties":{"source":"emodnet_dtm_2024","level":2}},{"type":"Feature","geometry":{"type":"LineString","coordinates":[[-8.20958,43.31458],[-8.20958,43.31458]]},"properties":{"source":"emodnet_dtm_2024","level":2}},{"type":"Feature","geometry":{"type":"LineString","coordinates":[[-2.99125,43.31458],[-2.99125,43.31458]]},"properties":{"source":"emodnet_dtm_2024","level":2}},{"type":"Feature","geometry":{"type":"LineString","coordinates":[[-2.99375,43.31542],[-2.99375,43.31542]]},"properties":{"source":"emodnet_dtm_2024","level":2}},{"type":"Feature","geometry":{"type":"LineString","coordinates":[[-2.99792,43.31625],[-2.99792,43.31625]]},"properties":{"source":"emodnet_dtm_2024","level":2}},{"type":"Feature","geometry":{"type":"LineString","coordinates":[[-1.91292,43.32042],[-1.91292,43.32042]]},"properties":{"source":"emodnet_dtm_2024","level":2}},{"type":"Feature","geometry":{"type":"LineString","coordinates":[[-1.91458,43.32125],[-1.91458,43.32125]]},"properties":{"source":"emodnet_dtm_2024","level":2}},{"type":"Feature","geometry":{"type":"LineString","coordinates":[[-1.91708,43.32292],[-1.91708,43.32292]]},"properties":{"source":"emodnet_dtm_2024","level":2}},{"type":"Feature","geometry":{"type":"LineString","coordinates":[[-1.91792,43.32375],[-1.91792,43.32375]]},"properties":{"source":"emodnet_dtm_2024","level":2}},{"type":"Feature","geometry":{"type":"LineString","coordinates":[[-8.20208,43.32542],[-8.20208,43.32542]]},"properties":{"source":"emodnet_dtm_2024","level":2}},{"type":"Feature","geometry":{"type":"LineString","coordinates":[[-3.02542,43.32875],[-3.02542,43.32875]]},"properties":{"source":"emodnet_dtm_2024","level":2}},{"type":"Feature","geometry":{"type":"LineString","coordinates":[[-3.02708,43.32958],[-3.02708,43.32958]]},"properties":{"source":"emodnet_dtm_2024","level":2}},{"type":"Feature","geometry":{"type":"LineString","coordinates":[[-3.80458,43.39542],[-3.80458,43.39542]]},"properties":{"source":"emodnet_dtm_2024","level":2}},{"type":"Feature","geometry":{"type":"LineString","coordinates":[[-2.94375,43.39875],[-2.94375,43.39875]]},"properties":{"source":"emodnet_dtm_2024","level":2}},{"type":"Feature","geometry":{"type":"LineString","coordinates":[[-3.79542,43.39958],[-3.79542,43.39958]]},"properties":{"source":"emodnet_dtm_2024","level":2}},{"type":"Feature","geometry":{"type":"LineString","coordinates":[[-3.82708,43.40792],[-3.82708,43.40792]]},"properties":{"source":"emodnet_dtm_2024","level":2}},{"type":"Feature","geometry":{"type":"LineString","coordinates":[[-8.16875,43.41125],[-8.16875,43.41125]]},"properties":{"source":"emodnet_dtm_2024","level":2}},{"type":"Feature","geometry":{"type":"LineString","coordinates":[[-8.15792,43.41208],[-8.15792,43.41208]]},"properties":{"source":"emodnet_dtm_2024","level":2}},{"type":"Feature","geometry":{"type":"LineString","coordinates":[[-8.14792,43.41542],[-8.14792,43.41542]]},"properties":{"source":"emodnet_dtm_2024","level":2}},{"type":"Feature","geometry":{"type":"LineString","coordinates":[[-8.14708,43.42042],[-8.14708,43.42042]]},"properties":{"source":"emodnet_dtm_2024","level":2}},{"type":"Feature","geometry":{"type":"LineString","coordinates":[[-4.03125,43.43625],[-4.03125,43.43625]]},"properties":{"source":"emodnet_dtm_2024","level":2}},{"type":"Feature","geometry":{"type":"LineString","coordinates":[[-3.83542,43.47958],[-3.83542,43.47958]]},"properties":{"source":"emodnet_dtm_2024","level":2}},{"type":"Feature","geometry":{"type":"LineString","coordinates":[[-8.16875,43.51292],[-8.16875,43.51292]]},"properties":{"source":"emodnet_dtm_2024","level":2}},{"type":"Feature","geometry":{"type":"LineString","coordinates":[[-6.73125,43.51958],[-6.73125,43.51958]]},"properties":{"source":"emodnet_dtm_2024","level":2}},{"type":"Feature","geometry":{"type":"LineString","coordinates":[[-6.72458,43.53542],[-6.72458,43.53542]]},"properties":{"source":"emodnet_dtm_2024","level":2}},{"type":"Feature","geometry":{"type":"LineString","coordinates":[[-6.72625,43.54625],[-6.72625,43.54625]]},"properties":{"source":"emodnet_dtm_2024","level":2}},{"type":"Feature","geometry":{"type":"LineString","coordinates":[[-7.25958,43.54875],[-7.25958,43.54875]]},"properties":{"source":"emodnet_dtm_2024","level":2}},{"type":"Feature","geometry":{"type":"LineString","coordinates":[[-6.72708,43.54958],[-6.72708,43.54958]]},"properties":{"source":"emodnet_dtm_2024","level":2}},{"type":"Feature","geometry":{"type":"LineString","coordinates":[[-7.12292,43.55542],[-7.12292,43.55542]]},"properties":{"source":"emodnet_dtm_2024","level":2}},{"type":"Feature","geometry":{"type":"LineString","coordinates":[[-7.24292,43.55625],[-7.24292,43.55625]]},"properties":{"source":"emodnet_dtm_2024","level":2}},{"type":"Feature","geometry":{"type":"LineString","coordinates":[[-7.24375,43.55792],[-7.24375,43.55792]]},"properties":{"source":"emodnet_dtm_2024","level":2}},{"type":"Feature","geometry":{"type":"LineString","coordinates":[[-7.24375,43.56042],[-7.24375,43.56042]]},"properties":{"source":"emodnet_dtm_2024","level":2}},{"type":"Feature","geometry":{"type":"LineString","coordinates":[[-8.05542,43.63542],[-8.05542,43.63542]]},"properties":{"source":"emodnet_dtm_2024","level":2}},{"type":"Feature","geometry":{"type":"LineString","coordinates":[[-8.05625,43.63625],[-8.05625,43.63625]]},"properties":{"source":"emodnet_dtm_2024","level":2}},{"type":"Feature","geometry":{"type":"LineString","coordinates":[[-8.08042,43.63708],[-8.08042,43.63708]]},"properties":{"source":"emodnet_dtm_2024","level":2}},{"type":"Feature","geometry":{"type":"LineString","coordinates":[[-8.05625,43.63792],[-8.05625,43.63792]]},"properties":{"source":"emodnet_dtm_2024","level":2}},{"type":"Feature","geometry":{"type":"LineString","coordinates":[[-8.05958,43.63958],[-8.05958,43.63958]]},"properties":{"source":"emodnet_dtm_2024","level":2}},{"type":"Feature","geometry":{"type":"LineString","coordinates":[[-7.59958,43.66208],[-7.59958,43.66208]]},"properties":{"source":"emodnet_dtm_2024","level":2}},{"type":"Feature","geometry":{"type":"LineString","coordinates":[[-7.59375,43.66708],[-7.59375,43.66708]]},"properties":{"source":"emodnet_dtm_2024","level":2}},{"type":"Feature","geometry":{"type":"LineString","coordinates":[[-7.84292,43.67292],[-7.84292,43.67292]]},"properties":{"source":"emodnet_dtm_2024","level":2}},{"type":"Feature","geometry":{"type":"LineString","coordinates":[[-7.84375,43.67458],[-7.84375,43.67458]]},"properties":{"source":"emodnet_dtm_2024","level":2}},{"type":"Feature","geometry":{"type":"LineString","coordinates":[[-7.86792,43.69542],[-7.86792,43.69542]]},"properties":{"source":"emodnet_dtm_2024","level":2}},{"type":"Feature","geometry":{"type":"LineString","coordinates":[[-7.80625,43.69542],[-7.80625,43.69542]]},"properties":{"source":"emodnet_dtm_2024","level":2}},{"type":"Feature","geometry":{"type":"LineString","coordinates":[[-7.80875,43.69625],[-7.80875,43.69625]]},"properties":{"source":"emodnet_dtm_2024","level":2}},{"type":"Feature","geometry":{"type":"LineString","coordinates":[[-7.81292,43.69792],[-7.81292,43.69792]]},"properties":{"source":"emodnet_dtm_2024","level":2}},{"type":"Feature","geometry":{"type":"LineString","coordinates":[[-7.81458,43.69875],[-7.81458,43.69875]]},"properties":{"source":"emodnet_dtm_2024","level":2}},{"type":"Feature","geometry":{"type":"LineString","coordinates":[[-7.81708,43.69958],[-7.81708,43.69958]]},"properties":{"source":"emodnet_dtm_2024","level":2}},{"type":"Feature","geometry":{"type":"LineString","coordinates":[[-7.82542,43.70042],[-7.82542,43.70042]]},"properties":{"source":"emodnet_dtm_2024","level":2}},{"type":"Feature","geometry":{"type":"LineString","coordinates":[[-7.83125,43.70208],[-7.83125,43.70208]]},"properties":{"source":"emodnet_dtm_2024","level":2}},{"type":"Feature","geometry":{"type":"LineString","coordinates":[[-7.69125,43.70792],[-7.69125,43.70792]]},"properties":{"source":"emodnet_dtm_2024","level":2}},{"type":"Feature","geometry":{"type":"LineString","coordinates":[[-7.69375,43.71042],[-7.69375,43.71042]]},"properties":{"source":"emodnet_dtm_2024","level":2}},{"type":"Feature","geometry":{"type":"LineString","coordinates":[[-7.68875,43.71292],[-7.68875,43.71292]]},"properties":{"source":"emodnet_dtm_2024","level":2}},{"type":"Feature","geometry":{"type":"LineString","coordinates":[[-7.68958,43.71458],[-7.68958,43.71458]]},"properties":{"source":"emodnet_dtm_2024","level":2}},{"type":"Feature","geometry":{"type":"LineString","coordinates":[[-7.69125,43.71542],[-7.69125,43.71542]]},"properties":{"source":"emodnet_dtm_2024","level":2}},{"type":"Feature","geometry":{"type":"LineString","coordinates":[[-7.69208,43.71625],[-7.69208,43.71625]]},"properties":{"source":"emodnet_dtm_2024","level":2}},{"type":"Feature","geometry":{"type":"LineString","coordinates":[[-7.69292,43.71708],[-7.69292,43.71708]]},"properties":{"source":"emodnet_dtm_2024","level":2}},{"type":"Feature","geometry":{"type":"LineString","coordinates":[[-7.69375,43.71875],[-7.69375,43.71875]]},"properties":{"source":"emodnet_dtm_2024","level":2}},{"type":"Feature","geometry":{"type":"LineString","coordinates":[[-7.69375,43.72458],[-7.69375,43.72458]]},"properties":{"source":"emodnet_dtm_2024","level":2}},{"type":"Feature","geometry":{"type":"LineString","coordinates":[[-7.69542,43.72708],[-7.69542,43.72708]]},"properties":{"source":"emodnet_dtm_2024","level":2}},{"type":"Feature","geometry":{"type":"LineString","coordinates":[[-7.69625,43.72792],[-7.69625,43.72792]]},"properties":{"source":"emodnet_dtm_2024","level":2}},{"type":"Feature","geometry":{"type":"LineString","coordinates":[[-7.69708,43.72958],[-7.69708,43.72958]]},"properties":{"source":"emodnet_dtm_2024","level":2}},{"type":"Feature","geometry":{"type":"LineString","coordinates":[[-7.69792,43.73125],[-7.69792,43.73125]]},"properties":{"source":"emodnet_dtm_2024","level":2}},{"type":"Feature","geometry":{"type":"LineString","coordinates":[[-1.25542,44.51625],[-1.25542,44.51625]]},"properties":{"source":"emodnet_dtm_2024","level":2}},{"type":"Feature","geometry":{"type":"LineString","coordinates":[[-0.96792,45.56042],[-0.96792,45.56042]]},"properties":{"source":"emodnet_dtm_2024","level":2}},{"type":"Feature","geometry":{"type":"LineString","coordinates":[[-1.00125,45.59792],[-1.00125,45.59792]]},"properties":{"source":"emodnet_dtm_2024","level":2}},{"type":"Feature","geometry":{"type":"LineString","coordinates":[[-2.97708,43.30125],[-2.97708,43.30125]]},"properties":{"source":"emodnet_dtm_2024","level":2}},{"type":"Feature","geometry":{"type":"LineString","coordinates":[[-2.98292,43.30958],[-2.98292,43.30958]]},"properties":{"source":"emodnet_dtm_2024","level":2}},{"type":"Feature","geometry":{"type":"LineString","coordinates":[[-8.05792,43.63708],[-8.05792,43.63708]]},"properties":{"source":"emodnet_dtm_2024","level":2}},{"type":"Feature","geometry":{"type":"LineString","coordinates":[[-7.69375,43.70875],[-7.69375,43.70875]]},"properties":{"source":"emodnet_dtm_2024","level":2}},{"type":"Feature","geometry":{"type":"LineString","coordinates":[[-8.20792,43.32542],[-8.20792,43.32542]]},"properties":{"source":"emodnet_dtm_2024","level":2}},{"type":"Feature","geometry":{"type":"LineString","coordinates":[[-7.69458,43.71042],[-7.69458,43.71042]]},"properties":{"source":"emodnet_dtm_2024","level":2}},{"type":"Feature","geometry":{"type":"LineString","coordinates":[[-7.69875,43.73125],[-7.69875,43.73125]]},"properties":{"source":"emodnet_dtm_2024","level":2}},{"type":"Feature","geometry":{"type":"LineString","coordinates":[[-9.10625,42.83125],[-9.10625,42.83125]]},"properties":{"source":"emodnet_dtm_2024","level":2}},{"type":"Feature","geometry":{"type":"LineString","coordinates":[[-9.13708,43.13208],[-9.13708,43.13208]]},"properties":{"source":"emodnet_dtm_2024","level":2}},{"type":"Feature","geometry":{"type":"LineString","coordinates":[[-1.90958,43.31958],[-1.90958,43.31958]]},"properties":{"source":"emodnet_dtm_2024","level":2}},{"type":"Feature","geometry":{"type":"LineString","coordinates":[[-8.15125,43.41208],[-8.15125,43.41208]]},"properties":{"source":"emodnet_dtm_2024","level":2}},{"type":"Feature","geometry":{"type":"LineString","coordinates":[[-7.04792,43.47542],[-7.04792,43.47542]]},"properties":{"source":"emodnet_dtm_2024","level":2}},{"type":"Feature","geometry":{"type":"LineString","coordinates":[[-7.25792,43.54792],[-7.25792,43.54792]]},"properties":{"source":"emodnet_dtm_2024","level":2}},{"type":"Feature","geometry":{"type":"LineString","coordinates":[[-7.59792,43.66125],[-7.59792,43.66125]]},"properties":{"source":"emodnet_dtm_2024","level":2}},{"type":"Feature","geometry":{"type":"LineString","coordinates":[[-7.59708,43.66542],[-7.59708,43.66542]]},"properties":{"source":"emodnet_dtm_2024","level":2}},{"type":"Feature","geometry":{"type":"LineString","coordinates":[[-7.83958,43.69542],[-7.83958,43.69542]]},"properties":{"source":"emodnet_dtm_2024","level":2}},{"type":"Feature","geometry":{"type":"LineString","coordinates":[[-7.25708,43.54875],[-7.25708,43.54875]]},"properties":{"source":"emodnet_dtm_2024","level":2}},{"type":"Feature","geometry":{"type":"LineString","coordinates":[[-7.69958,43.71375],[-7.69958,43.71375]]},"properties":{"source":"emodnet_dtm_2024","level":2}}]}