{"type":"FeatureCollection","features":[{"type":"Feature","geometry":{"type":"LineString","coordinates":[[-4.3864,47.81375],[-4.38431,47.81458],[-4.38375,47.817],[-4.38361,47.81458],[-4.38249,47.81375]]},"properties":{"source":"emodnet_dtm_2024","level":2}},{"type":"Feature","geometry":{"type":"LineString","coordinates":[[-3.86994,47.81375],[-3.87125,47.81567],[-3.87169,47.81458],[-3.87237,47.81458],[-3.87183,47.81625],[-3.8747,47.81875],[-3.88167,47.82208],[-3.88375,47.82491],[-3.88416,47.82292],[-3.88351,47.82125],[-3.88458,47.82026],[-3.88452,47.82208],[-3.88661,47.82375],[-3.88527,47.82458],[-3.88593,47.82625],[-3.88498,47.82625],[-3.88521,47.82542],[-3.88458,47.82513],[-3.884,47.82542],[-3.88466,47.82708],[-3.88625,47.82821],[-3.88708,47.82737],[-3.88761,47.82875],[-3.88958,47.82969],[-3.89208,47.83226],[-3.89292,47.8299],[-3.89368,47.83125],[-3.89284,47.83292],[-3.89375,47.83356],[-3.90125,47.83469],[-3.90208,47.83345],[-3.90317,47.83375],[-3.90559,47.83958],[-3.90456,47.84208],[-3.90375,47.84258],[-3.90125,47.84216],[-3.89954,47.84292],[-3.89957,47.84625],[-3.90074,47.84875],[-3.90208,47.84931],[-3.90375,47.84911],[-3.90542,47.85014],[-3.9075,47.85042],[-3.90958,47.85275],[-3.90994,47.85042],[-3.91042,47.85005],[-3.91125,47.85028],[-3.91208,47.85265],[-3.90975,47.85292],[-3.91208,47.85403],[-3.91292,47.85324],[-3.91542,47.85565],[-3.91556,47.85708],[-3.91708,47.85748],[-3.91792,47.85765],[-3.91829,47.85542],[-3.92001,47.85292],[-3.92042,47.85257],[-3.92078,47.85292],[-3.92125,47.85588],[-3.91875,47.85797],[-3.91643,47.85875],[-3.91496,47.86125],[-3.91208,47.86112],[-3.90792,47.85889],[-3.90625,47.85937],[-3.90618,47.86042],[-3.90708,47.86048],[-3.90775,47.86125],[-3.90789,47.86292],[-3.90892,47.86375],[-3.91042,47.86979],[-3.91125,47.86948],[-3.91375,47.87059],[-3.91431,47.87042],[-3.91375,47.86927],[-3.91269,47.86875],[-3.91291,47.86792],[-3.91625,47.86702],[-3.9184,47.86792],[-3.91875,47.86894],[-3.91998,47.86875],[-3.92042,47.86804],[-3.92292,47.86929],[-3.92458,47.8691],[-3.92542,47.86789],[-3.92708,47.86898],[-3.92875,47.86702],[-3.93007,47.86792],[-3.92971,47.86958],[-3.93292,47.87101],[-3.93421,47.87292],[-3.93375,47.87405],[-3.9307,47.87458],[-3.93264,47.87625],[-3.93254,47.87875],[-3.93401,47.88042],[-3.93397,47.88125],[-3.93542,47.88213],[-3.94042,47.88253],[-3.94208,47.88343],[-3.94375,47.88594],[-3.94725,47.88708],[-3.94792,47.88971],[-3.95792,47.89145],[-3.96625,47.89029],[-3.96792,47.89208],[-3.96958,47.89189],[-3.97125,47.89266],[-3.97208,47.89178],[-3.97542,47.89129],[-3.97708,47.88958],[-3.98125,47.8875],[-3.98375,47.88546],[-3.98381,47.88458],[-3.98542,47.88295],[-3.98671,47.88292],[-3.9873,47.88208],[-3.98709,47.88042],[-3.98542,47.88033],[-3.9847,47.87958],[-3.98468,47.87792],[-3.9832,47.87542],[-3.98318,47.87042],[-3.98256,47.86958],[-3.98388,47.86708],[-3.98316,47.86625],[-3.98301,47.86292],[-3.98125,47.86007],[-3.97842,47.85792],[-3.97838,47.85542],[-3.97951,47.85375],[-3.98125,47.85319],[-3.98542,47.85292],[-3.98958,47.85312],[-3.99292,47.85247],[-3.99375,47.8511],[-3.99792,47.8509],[-3.99958,47.85035],[-4.00458,47.85005],[-4.01458,47.85069],[-4.01875,47.85],[-4.02292,47.85069],[-4.02847,47.84958],[-4.03125,47.84792],[-4.03875,47.84792],[-4.03542,47.84792],[-4.03542,47.84708],[-4.0342,47.84625],[-4.03708,47.84412],[-4.03808,47.84125],[-4.0368,47.83625],[-4.03792,47.83702],[-4.04125,47.83652],[-4.04183,47.83708],[-4.04164,47.83875],[-4.04208,47.83902],[-4.04375,47.83733],[-4.0446,47.83792],[-4.04434,47.83958],[-4.04542,47.84106],[-4.04582,47.84042],[-4.04685,47.84042],[-4.04625,47.84215],[-4.04542,47.84145],[-4.04431,47.84542],[-4.04609,47.84875],[-4.05005,47.85125],[-4.05042,47.85235],[-4.05821,47.85542],[-4.06042,47.85903],[-4.06319,47.85792],[-4.06542,47.85787],[-4.06875,47.85875],[-4.07042,47.86042],[-4.07208,47.86067],[-4.07292,47.8615],[-4.08458,47.86156],[-4.09125,47.8596],[-4.09444,47.86125],[-4.09542,47.86046],[-4.09708,47.86168],[-4.09875,47.86212],[-4.10042,47.86149],[-4.10125,47.8617],[-4.10067,47.86458],[-4.1016,47.86542],[-4.10202,47.86958],[-4.10625,47.87066],[-4.11125,47.87039],[-4.11222,47.87292],[-4.11635,47.87542],[-4.11653,47.87708],[-4.11748,47.87792],[-4.11708,47.87826],[-4.11625,47.87773],[-4.11454,47.87958],[-4.11375,47.88125],[-4.11458,47.88262],[-4.11542,47.88264],[-4.11792,47.88447],[-4.12042,47.88478],[-4.12292,47.8875],[-4.12375,47.88704],[-4.12361,47.88958],[-4.12458,47.88899],[-4.12551,47.89125],[-4.12875,47.89191],[-4.13042,47.89497],[-4.13208,47.89515],[-4.13458,47.89683],[-4.13542,47.89645],[-4.13824,47.89708],[-4.13787,47.89792],[-4.13958,47.89974],[-4.14042,47.89903],[-4.14163,47.89958],[-4.1431,47.90458],[-4.14266,47.90708],[-4.14353,47.91125],[-4.14229,47.91625],[-4.14292,47.91654],[-4.14587,47.91458],[-4.14582,47.91292],[-4.14652,47.91208],[-4.14658,47.90542],[-4.14489,47.90208],[-4.14458,47.89637],[-4.13708,47.89498],[-4.13542,47.89426],[-4.13458,47.892],[-4.13042,47.89063],[-4.12792,47.88687],[-4.12625,47.88651],[-4.12485,47.88542],[-4.12458,47.8843],[-4.1234,47.88375],[-4.12292,47.87708],[-4.11958,47.8748],[-4.11685,47.87375],[-4.11542,47.87138],[-4.11375,47.87125],[-4.11196,47.86708],[-4.11172,47.86375],[-4.11213,47.86292],[-4.11458,47.86208],[-4.11958,47.86286],[-4.12042,47.86338],[-4.1253,47.86375],[-4.12708,47.86458],[-4.13125,47.86458],[-4.13259,47.86208],[-4.13458,47.86073],[-4.13542,47.85908],[-4.1385,47.85958],[-4.13958,47.86181],[-4.14375,47.8625],[-4.14625,47.86161],[-4.14792,47.86042],[-4.14792,47.85625],[-4.15208,47.85208],[-4.15298,47.85208],[-4.15375,47.85024],[-4.15792,47.84723],[-4.15896,47.84708],[-4.15929,47.84625],[-4.15836,47.84542],[-4.15875,47.84407],[-4.15958,47.84416],[-4.16171,47.84208],[-4.15998,47.84125],[-4.16386,47.83792],[-4.16625,47.83778],[-4.16708,47.83852],[-4.16875,47.83823],[-4.17014,47.83875],[-4.17042,47.84042],[-4.17258,47.84292],[-4.17292,47.84563],[-4.17382,47.84708],[-4.17275,47.84958],[-4.17292,47.85143],[-4.17458,47.85242],[-4.17542,47.8511],[-4.17708,47.85208],[-4.17708,47.85312],[-4.18042,47.85313],[-4.18017,47.85125],[-4.17875,47.85011],[-4.17631,47.84958],[-4.17958,47.84903],[-4.18096,47.85042],[-4.18062,47.85208],[-4.18292,47.85245],[-4.18319,47.85125],[-4.18208,47.84859],[-4.18042,47.84836],[-4.17995,47.84625],[-4.17542,47.84263],[-4.17585,47.83792],[-4.17542,47.8376],[-4.17458,47.83807],[-4.17208,47.83635],[-4.16875,47.83653],[-4.16792,47.83484],[-4.1659,47.83458],[-4.16042,47.82917],[-4.15814,47.83042],[-4.15906,47.83125],[-4.15897,47.83208],[-4.16042,47.83362],[-4.16125,47.83359],[-4.16125,47.83413],[-4.1594,47.83375],[-4.15792,47.83209],[-4.15745,47.83042],[-4.15916,47.82792],[-4.15799,47.82458],[-4.15958,47.82302],[-4.16042,47.82292],[-4.15918,47.82042],[-4.15958,47.81956],[-4.16325,47.81875],[-4.16264,47.81708],[-4.16323,47.81625],[-4.16156,47.81542],[-4.16125,47.81375]]},"properties":{"source":"emodnet_dtm_2024","level":2}},{"type":"Feature","geometry":{"type":"LineString","coordinates":[[-3.74625,47.81625],[-3.74458,47.81458],[-3.74542,47.81458],[-3.74542,47.81708],[-3.74625,47.81625],[-3.74708,47.81625],[-3.74625,47.81625]]},"properties":{"source":"emodnet_dtm_2024","level":2}},{"type":"Feature","geometry":{"type":"LineString","coordinates":[[-3.70208,47.81625],[-3.70125,47.81542],[-3.69875,47.81792],[-3.69708,47.81792],[-3.69625,47.81875],[-3.69292,47.81875],[-3.69292,47.81958],[-3.69625,47.81958],[-3.69708,47.82042],[-3.69708,47.81875],[-3.69792,47.81792],[-3.70042,47.81792],[-3.70208,47.81625],[-3.70292,47.81625],[-3.70208,47.81625]]},"properties":{"source":"emodnet_dtm_2024","level":2}},{"type":"Feature","geometry":{"type":"LineString","coordinates":[[-4.15125,47.82263],[-4.15125,47.82174],[-4.15174,47.82208],[-4.15125,47.82263]]},"properties":{"source":"emodnet_dtm_2024","level":2}},{"type":"Feature","geometry":{"type":"LineString","coordinates":[[-4.37625,47.8248],[-4.37625,47.82439],[-4.37676,47.82458],[-4.37625,47.8248]]},"properties":{"source":"emodnet_dtm_2024","level":2}},{"type":"Feature","geometry":{"type":"LineString","coordinates":[[-4.37042,47.82638],[-4.37152,47.82625],[-4.37042,47.82638]]},"properties":{"source":"emodnet_dtm_2024","level":2}},{"type":"Feature","geometry":{"type":"LineString","coordinates":[[-3.74542,47.82708],[-3.74458,47.82625],[-3.74375,47.82625],[-3.74375,47.82792],[-3.74458,47.82792],[-3.74792,47.83042],[-3.74958,47.83042],[-3.75042,47.83125],[-3.75125,47.83458],[-3.74958,47.83708],[-3.74792,47.83708],[-3.75042,47.83792],[-3.75125,47.83542],[-3.75208,47.83458],[-3.75375,47.83458],[-3.75292,47.83375],[-3.75375,47.83292],[-3.75375,47.83125],[-3.75208,47.83125],[-3.75042,47.82958],[-3.75042,47.82875],[-3.74708,47.82875],[-3.74625,47.82708],[-3.74542,47.82708]]},"properties":{"source":"emodnet_dtm_2024","level":2}},{"type":"Feature","geometry":{"type":"LineString","coordinates":[[-4.36625,47.82898],[-4.36625,47.82852],[-4.36756,47.82875],[-4.36625,47.82898]]},"properties":{"source":"emodnet_dtm_2024","level":2}},{"type":"Feature","geometry":{"type":"LineString","coordinates":[[-4.15375,47.82884],[-4.15542,47.82833],[-4.15598,47.82875],[-4.15458,47.82937],[-4.15375,47.82884]]},"properties":{"source":"emodnet_dtm_2024","level":2}},{"type":"Feature","geometry":{"type":"LineString","coordinates":[[-4.36292,47.8297],[-4.36249,47.82875],[-4.36292,47.82826],[-4.36375,47.82834],[-4.36375,47.82929],[-4.36292,47.8297]]},"properties":{"source":"emodnet_dtm_2024","level":2}},{"type":"Feature","geometry":{"type":"LineString","coordinates":[[-3.89958,47.83333],[-3.89958,47.83259],[-3.89958,47.83333]]},"properties":{"source":"emodnet_dtm_2024","level":2}},{"type":"Feature","geometry":{"type":"LineString","coordinates":[[-4.16292,47.83479],[-4.16228,47.83458],[-4.16375,47.83417],[-4.16375,47.83503],[-4.16292,47.83479]]},"properties":{"source":"emodnet_dtm_2024","level":2}},{"type":"Feature","geometry":{"type":"LineString","coordinates":[[-4.05208,47.84149],[-4.05176,47.84125],[-4.05292,47.84104],[-4.05292,47.84151],[-4.05208,47.84149]]},"properties":{"source":"emodnet_dtm_2024","level":2}},{"type":"Feature","geometry":{"type":"LineString","coordinates":[[-4.05042,47.84129],[-4.05042,47.84129]]},"properties":{"source":"emodnet_dtm_2024","level":2}},{"type":"Feature","geometry":{"type":"LineString","coordinates":[[-4.15792,47.84663],[-4.15792,47.84604],[-4.15792,47.84663]]},"properties":{"source":"emodnet_dtm_2024","level":2}},{"type":"Feature","geometry":{"type":"LineString","coordinates":[[-4.17542,47.84799],[-4.17474,47.84708],[-4.17542,47.84664],[-4.17542,47.84799]]},"properties":{"source":"emodnet_dtm_2024","level":2}},{"type":"Feature","geometry":{"type":"LineString","coordinates":[[-3.90958,47.84997],[-3.90958,47.84932],[-3.90958,47.84997]]},"properties":{"source":"emodnet_dtm_2024","level":2}},{"type":"Feature","geometry":{"type":"LineString","coordinates":[[-4.18875,47.85125],[-4.18792,47.85042],[-4.18708,47.85042],[-4.18625,47.85125],[-4.18458,47.85125],[-4.18375,47.85458],[-4.18458,47.85459],[-4.18542,47.85625],[-4.18792,47.85708],[-4.18958,47.85875],[-4.18875,47.86042],[-4.19125,47.86042],[-4.19292,47.86292],[-4.19542,47.86125],[-4.19458,47.85708],[-4.19292,47.85708],[-4.19209,47.85625],[-4.19292,47.85458],[-4.19042,47.85292],[-4.19042,47.85125],[-4.18875,47.85125]]},"properties":{"source":"emodnet_dtm_2024","level":2}},{"type":"Feature","geometry":{"type":"LineString","coordinates":[[-3.97625,47.85238],[-3.97625,47.85168],[-3.97814,47.85208],[-3.97625,47.85238]]},"properties":{"source":"emodnet_dtm_2024","level":2}},{"type":"Feature","geometry":{"type":"LineString","coordinates":[[-3.91708,47.85463],[-3.91708,47.85463]]},"properties":{"source":"emodnet_dtm_2024","level":2}},{"type":"Feature","geometry":{"type":"LineString","coordinates":[[-4.07542,47.86098],[-4.07542,47.85923],[-4.07642,47.86042],[-4.07542,47.86098]]},"properties":{"source":"emodnet_dtm_2024","level":2}},{"type":"Feature","geometry":{"type":"LineString","coordinates":[[-4.11125,47.8613],[-4.11125,47.8613]]},"properties":{"source":"emodnet_dtm_2024","level":2}},{"type":"Feature","geometry":{"type":"LineString","coordinates":[[-3.93458,47.86267],[-3.93403,47.86208],[-3.93542,47.86096],[-3.93625,47.86093],[-3.93705,47.86208],[-3.93625,47.8628],[-3.93458,47.86267]]},"properties":{"source":"emodnet_dtm_2024","level":2}},{"type":"Feature","geometry":{"type":"LineString","coordinates":[[-3.92958,47.86334],[-3.92958,47.86169],[-3.93098,47.86208],[-3.92958,47.86334]]},"properties":{"source":"emodnet_dtm_2024","level":2}},{"type":"Feature","geometry":{"type":"LineString","coordinates":[[-3.93875,47.87172],[-3.93875,47.87102],[-3.93993,47.87125],[-3.93875,47.87172]]},"properties":{"source":"emodnet_dtm_2024","level":2}},{"type":"Feature","geometry":{"type":"LineString","coordinates":[[-4.12208,47.87938],[-4.12143,47.87875],[-4.12208,47.87808],[-4.12284,47.87875],[-4.12208,47.87938]]},"properties":{"source":"emodnet_dtm_2024","level":2}},{"type":"Feature","geometry":{"type":"LineString","coordinates":[[-4.11708,47.87994],[-4.1166,47.87958],[-4.11708,47.87914],[-4.11708,47.87994]]},"properties":{"source":"emodnet_dtm_2024","level":2}},{"type":"Feature","geometry":{"type":"LineString","coordinates":[[-4.16875,47.89708],[-4.16708,47.89542],[-4.16792,47.89542],[-4.16792,47.89792],[-4.16875,47.89875],[-4.17042,47.89875],[-4.16958,47.89708],[-4.16875,47.89708]]},"properties":{"source":"emodnet_dtm_2024","level":2}},{"type":"Feature","geometry":{"type":"LineString","coordinates":[[-4.14042,47.91882],[-4.13958,47.91804],[-4.139,47.91875],[-4.13958,47.92004],[-4.14042,47.92004],[-4.14042,47.91882]]},"properties":{"source":"emodnet_dtm_2024","level":2}},{"type":"Feature","geometry":{"type":"LineString","coordinates":[[-4.11208,47.94681],[-4.11148,47.94625],[-4.11141,47.94208],[-4.11042,47.9419],[-4.10958,47.94236],[-4.10874,47.94458],[-4.11005,47.94625],[-4.11011,47.94958],[-4.10875,47.95019],[-4.10708,47.95301],[-4.10292,47.95691],[-4.10237,47.95792],[-4.10292,47.95815],[-4.10458,47.95665],[-4.10542,47.95698],[-4.10792,47.95579],[-4.11125,47.95249],[-4.11158,47.95042],[-4.1108,47.94958],[-4.11238,47.94875],[-4.11208,47.94681]]},"properties":{"source":"emodnet_dtm_2024","level":2}},{"type":"Feature","geometry":{"type":"LineString","coordinates":[[-4.11875,47.95292],[-4.11792,47.95208],[-4.11708,47.95292],[-4.11458,47.95292],[-4.11958,47.95292],[-4.11875,47.95292]]},"properties":{"source":"emodnet_dtm_2024","level":2}},{"type":"Feature","geometry":{"type":"LineString","coordinates":[[-4.11292,47.96292],[-4.11208,47.96208],[-4.11208,47.96542],[-4.11292,47.96542],[-4.11375,47.96458],[-4.11292,47.96292]]},"properties":{"source":"emodnet_dtm_2024","level":2}},{"type":"Feature","geometry":{"type":"LineString","coordinates":[[-4.56708,47.99876],[-4.56708,47.99876]]},"properties":{"source":"emodnet_dtm_2024","level":2}},{"type":"Feature","geometry":{"type":"LineString","coordinates":[[-4.59292,48.00905],[-4.59292,48.00675],[-4.59395,48.00875],[-4.59292,48.00905]]},"properties":{"source":"emodnet_dtm_2024","level":2}},{"type":"Feature","geometry":{"type":"LineString","coordinates":[[-4.63875,48.02525],[-4.63805,48.02458],[-4.63875,48.02379],[-4.63941,48.02458],[-4.63875,48.02525]]},"properties":{"source":"emodnet_dtm_2024","level":2}},{"type":"Feature","geometry":{"type":"LineString","coordinates":[[-4.83958,48.03018],[-4.83958,48.02934],[-4.84208,48.02958],[-4.84458,48.02908],[-4.8477,48.02958],[-4.84542,48.02981],[-4.84458,48.03174],[-4.84292,48.03173],[-4.84272,48.03208],[-4.84292,48.03305],[-4.84375,48.03233],[-4.84708,48.03261],[-4.84792,48.03353],[-4.84993,48.03375],[-4.84958,48.03416],[-4.84708,48.0341],[-4.84649,48.03458],[-4.84724,48.03708],[-4.84625,48.04071],[-4.84493,48.03958],[-4.84511,48.03792],[-4.84292,48.03628],[-4.83875,48.03438],[-4.83792,48.03432],[-4.83708,48.03512],[-4.83625,48.03497],[-4.83375,48.03442],[-4.83079,48.03292],[-4.83208,48.0306],[-4.83458,48.02909],[-4.83458,48.0325],[-4.83708,48.03228],[-4.83792,48.03125],[-4.83958,48.03065],[-4.84042,48.03093],[-4.84042,48.0299],[-4.83958,48.03018]]},"properties":{"source":"emodnet_dtm_2024","level":2}},{"type":"Feature","geometry":{"type":"LineString","coordinates":[[-4.85042,48.03257],[-4.85042,48.0303],[-4.85292,48.03115],[-4.85371,48.03208],[-4.85292,48.03437],[-4.85208,48.03429],[-4.85042,48.03257]]},"properties":{"source":"emodnet_dtm_2024","level":2}},{"type":"Feature","geometry":{"type":"LineString","coordinates":[[-4.86125,48.03351],[-4.86125,48.03288],[-4.86125,48.03351]]},"properties":{"source":"emodnet_dtm_2024","level":2}},{"type":"Feature","geometry":{"type":"LineString","coordinates":[[-4.86375,48.03641],[-4.86498,48.03292],[-4.86625,48.03266],[-4.86792,48.03328],[-4.86947,48.03542],[-4.87208,48.03692],[-4.87448,48.03708],[-4.87502,48.03792],[-4.87444,48.03958],[-4.87642,48.04125],[-4.87582,48.04292],[-4.87674,48.04458],[-4.87625,48.04506],[-4.87542,48.04473],[-4.87458,48.04575],[-4.87292,48.04586],[-4.87208,48.04395],[-4.87125,48.04557],[-4.87042,48.04413],[-4.86875,48.04609],[-4.86208,48.04613],[-4.86208,48.05],[-4.86069,48.04875],[-4.86052,48.04625],[-4.85738,48.04542],[-4.85792,48.04487],[-4.85875,48.04524],[-4.86278,48.04208],[-4.86208,48.04166],[-4.85958,48.04261],[-4.85625,48.04265],[-4.85498,48.04208],[-4.85458,48.04059],[-4.85375,48.04062],[-4.85292,48.04164],[-4.85208,48.04174],[-4.85148,48.04125],[-4.85208,48.04058],[-4.85337,48.04042],[-4.853,48.03875],[-4.85375,48.03542],[-4.85625,48.03219],[-4.85958,48.03381],[-4.86125,48.03378],[-4.86186,48.03625],[-4.86375,48.03785],[-4.86375,48.03641]]},"properties":{"source":"emodnet_dtm_2024","level":2}},{"type":"Feature","geometry":{"type":"LineString","coordinates":[[-4.83292,48.03657],[-4.83232,48.03625],[-4.83292,48.03593],[-4.83348,48.03625],[-4.83292,48.03657]]},"properties":{"source":"emodnet_dtm_2024","level":2}},{"type":"Feature","geometry":{"type":"LineString","coordinates":[[-4.90875,48.03803],[-4.90875,48.03803]]},"properties":{"source":"emodnet_dtm_2024","level":2}},{"type":"Feature","geometry":{"type":"LineString","coordinates":[[-4.88208,48.03846],[-4.88154,48.03792],[-4.88292,48.03684],[-4.88412,48.03708],[-4.88458,48.03787],[-4.88625,48.03753],[-4.88708,48.03673],[-4.88792,48.0379],[-4.89042,48.03747],[-4.89208,48.03806],[-4.89375,48.03794],[-4.89474,48.03958],[-4.89445,48.04125],[-4.89567,48.04375],[-4.89542,48.04472],[-4.89458,48.04527],[-4.89413,48.04292],[-4.89292,48.04229],[-4.89125,48.04162],[-4.89042,48.04228],[-4.88975,48.04208],[-4.89033,48.04125],[-4.88958,48.0408],[-4.88798,48.04208],[-4.88813,48.04375],[-4.88708,48.04298],[-4.88625,48.04436],[-4.88542,48.04451],[-4.8834,48.04292],[-4.88458,48.04081],[-4.88536,48.04125],[-4.88493,48.04208],[-4.88644,48.04208],[-4.88544,48.04125],[-4.88606,48.04042],[-4.88567,48.03958],[-4.88458,48.03798],[-4.88208,48.03846]]},"properties":{"source":"emodnet_dtm_2024","level":2}},{"type":"Feature","geometry":{"type":"LineString","coordinates":[[-4.74708,48.04055],[-4.74754,48.04042],[-4.74708,48.04055]]},"properties":{"source":"emodnet_dtm_2024","level":2}},{"type":"Feature","geometry":{"type":"LineString","coordinates":[[-4.91042,48.04184],[-4.90971,48.04125],[-4.91042,48.0409],[-4.9121,48.04125],[-4.91208,48.04197],[-4.91042,48.04184]]},"properties":{"source":"emodnet_dtm_2024","level":2}},{"type":"Feature","geometry":{"type":"LineString","coordinates":[[-4.85042,48.04138],[-4.85042,48.04096],[-4.85042,48.04138]]},"properties":{"source":"emodnet_dtm_2024","level":2}},{"type":"Feature","geometry":{"type":"LineString","coordinates":[[-4.73792,48.04143],[-4.73792,48.04076],[-4.73792,48.04143]]},"properties":{"source":"emodnet_dtm_2024","level":2}},{"type":"Feature","geometry":{"type":"LineString","coordinates":[[-4.84542,48.04257],[-4.84489,48.04208],[-4.84542,48.04154],[-4.84591,48.04208],[-4.84542,48.04257]]},"properties":{"source":"emodnet_dtm_2024","level":2}},{"type":"Feature","geometry":{"type":"LineString","coordinates":[[-4.3789,47.81375],[-4.37768,47.81458],[-4.37798,47.81875],[-4.37512,47.82042],[-4.37292,47.82396],[-4.36792,47.82431],[-4.36458,47.82589],[-4.35863,47.82625],[-4.35958,47.82636],[-4.36,47.82708],[-4.35958,47.82857],[-4.35292,47.83209],[-4.35094,47.83625],[-4.34977,47.83708],[-4.35375,47.83741],[-4.35458,47.83505],[-4.356,47.83708],[-4.35375,47.83868],[-4.35101,47.83958],[-4.35102,47.84042],[-4.35605,47.85958],[-4.36274,47.87542],[-4.37625,47.90094],[-4.38863,47.92042],[-4.39125,47.92358],[-4.40542,47.93791],[-4.4121,47.94125],[-4.4134,47.94292],[-4.41454,47.94708],[-4.41761,47.95125],[-4.41861,47.95375],[-4.42038,47.95458],[-4.42708,47.96125],[-4.4311,47.96292],[-4.43762,47.96875],[-4.43958,47.96959],[-4.44292,47.96973],[-4.44421,47.97042],[-4.44396,47.97125],[-4.44675,47.97208],[-4.45239,47.97792],[-4.45399,47.98125],[-4.45792,47.98182],[-4.46042,47.98312],[-4.47042,47.98336],[-4.47125,47.98395],[-4.47458,47.98431],[-4.47542,47.98565],[-4.47904,47.98792],[-4.48081,47.98792],[-4.48102,47.99042],[-4.48208,47.99046],[-4.48458,47.9918],[-4.48542,47.99384],[-4.49042,47.99477],[-4.49476,47.99792],[-4.50125,47.9997],[-4.50208,48.00042],[-4.50792,48.00099],[-4.50958,48.00257],[-4.51208,48.00282],[-4.51458,48.00203],[-4.51708,48.00352],[-4.51958,48.00321],[-4.52042,48.00376],[-4.52458,48.00399],[-4.52958,48.0053],[-4.53042,48.00682],[-4.53521,48.00875],[-4.53708,48.0106],[-4.53889,48.01042],[-4.53929,48.01208],[-4.5381,48.01375],[-4.53912,48.01875],[-4.53792,48.02297],[-4.53971,48.02292],[-4.54042,48.01938],[-4.54389,48.01875],[-4.54458,48.0153],[-4.54625,48.01482],[-4.55225,48.01458],[-4.55292,48.01125],[-4.5564,48.01042],[-4.55699,48.00708],[-4.56057,48.00625],[-4.56125,48.00283],[-4.56458,48.00223],[-4.57375,48.00235],[-4.57928,48.00375],[-4.58125,48.0064],[-4.58542,48.00651],[-4.58733,48.00708],[-4.58875,48.00851],[-4.58958,48.01068],[-4.59458,48.0109],[-4.60042,48.01339],[-4.60208,48.01495],[-4.60792,48.01591],[-4.60954,48.01708],[-4.61042,48.01887],[-4.62042,48.01914],[-4.62208,48.02014],[-4.62292,48.02315],[-4.62708,48.02338],[-4.62875,48.02392],[-4.62942,48.02375],[-4.62958,48.02186],[-4.62971,48.02375],[-4.63229,48.02458],[-4.63208,48.02555],[-4.63125,48.02567],[-4.63042,48.02503],[-4.63024,48.02542],[-4.63125,48.0274],[-4.6324,48.02708],[-4.63292,48.02568],[-4.63625,48.02603],[-4.63643,48.02708],[-4.63708,48.02726],[-4.67708,48.02717],[-4.67875,48.02583],[-4.68375,48.02557],[-4.68458,48.02504],[-4.68542,48.02568],[-4.68708,48.02564],[-4.68792,48.02499],[-4.69042,48.02508],[-4.69251,48.02625],[-4.69292,48.02732],[-4.70042,48.02763],[-4.70292,48.02816],[-4.70375,48.02901],[-4.70708,48.0293],[-4.71042,48.03265],[-4.72458,48.03284],[-4.72615,48.03375],[-4.72708,48.03549],[-4.73542,48.03756],[-4.73819,48.03958],[-4.73375,48.04154],[-4.73042,48.04125],[-4.72792,48.04201],[-4.72458,48.04187],[-4.72375,48.04241],[-4.72208,48.04243],[-4.72125,48.04185],[-4.71958,48.04278],[-4.71792,48.04286],[-4.71625,48.04206],[-4.71458,48.04209],[-4.71243,48.04375],[-4.71021,48.04708],[-4.70948,48.04958],[-4.71042,48.05232],[-4.71386,48.05458],[-4.71446,48.06042],[-4.71125,48.06479],[-4.70958,48.06471],[-4.70875,48.06396],[-4.70792,48.06433],[-4.70708,48.06352],[-4.70292,48.06264],[-4.69792,48.06286],[-4.69458,48.06146],[-4.69125,48.06255],[-4.69042,48.06407],[-4.68708,48.06442],[-4.68594,48.06208],[-4.68373,48.06208],[-4.68208,48.06281],[-4.68042,48.06281],[-4.67792,48.06201],[-4.67375,48.06228],[-4.67125,48.06568],[-4.66936,48.06708],[-4.66965,48.06958],[-4.66708,48.07156],[-4.66675,48.07125],[-4.66765,48.07042],[-4.66708,48.06977],[-4.66458,48.07117],[-4.66208,48.07118],[-4.66125,48.06974],[-4.65875,48.07012],[-4.65792,48.06948],[-4.65407,48.06958],[-4.65208,48.06799],[-4.64958,48.07008],[-4.64625,48.06929],[-4.64292,48.06765],[-4.64125,48.06753],[-4.63792,48.06927],[-4.63708,48.06803],[-4.63458,48.06832],[-4.63292,48.06785],[-4.63125,48.06828],[-4.63019,48.06958],[-4.62991,48.07125],[-4.63097,48.07208],[-4.63042,48.07328],[-4.62958,48.07263],[-4.62875,48.0732],[-4.62792,48.07199],[-4.62458,48.07172],[-4.62208,48.07035],[-4.6195,48.07042],[-4.61663,48.07125],[-4.61625,48.07294],[-4.61542,48.07219],[-4.61042,48.07216],[-4.60792,48.07466],[-4.60511,48.07542],[-4.60458,48.07657],[-4.60375,48.07572],[-4.60292,48.07627],[-4.60125,48.07591],[-4.59792,48.07621],[-4.59375,48.07586],[-4.59292,48.07534],[-4.59208,48.07622],[-4.58958,48.07647],[-4.58673,48.07958],[-4.58704,48.08042],[-4.58625,48.08096],[-4.58458,48.08014],[-4.58375,48.08155],[-4.58292,48.08078],[-4.58125,48.08117],[-4.56875,48.08118],[-4.56208,48.08055],[-4.56042,48.08001],[-4.55875,48.07867],[-4.55708,48.07922],[-4.55542,48.07915],[-4.55292,48.07789],[-4.55125,48.07879],[-4.54707,48.07875],[-4.5472,48.08125],[-4.54625,48.08119],[-4.54576,48.08208],[-4.54708,48.08235],[-4.54746,48.08292],[-4.54625,48.0831],[-4.54542,48.08241],[-4.54292,48.08267],[-4.54333,48.08375],[-4.54125,48.08652],[-4.54042,48.08477],[-4.53542,48.08535],[-4.52292,48.08536],[-4.5214,48.08875],[-4.51958,48.08938],[-4.51792,48.08951],[-4.51708,48.08871],[-4.51625,48.08951],[-4.50542,48.08952],[-4.50458,48.0887],[-4.50375,48.08952],[-4.49792,48.0895],[-4.49708,48.08855],[-4.49542,48.08818],[-4.49292,48.08928],[-4.49208,48.09133],[-4.49155,48.08792],[-4.48958,48.08768],[-4.48875,48.08703],[-4.48625,48.0887],[-4.48535,48.08875],[-4.48525,48.08958],[-4.48292,48.09127],[-4.47958,48.09246],[-4.47875,48.09346],[-4.47792,48.09313],[-4.47292,48.09368],[-4.4717,48.09625],[-4.46828,48.09708],[-4.46708,48.09922],[-4.46625,48.09755],[-4.45625,48.09773],[-4.45042,48.09919],[-4.44792,48.09924],[-4.44708,48.09862],[-4.44292,48.09844],[-4.44125,48.09695],[-4.43875,48.09704],[-4.43708,48.09788],[-4.43625,48.09724],[-4.43375,48.09729],[-4.43292,48.0982],[-4.43208,48.09735],[-4.43125,48.09739],[-4.42875,48.10056],[-4.42792,48.10022],[-4.42292,48.10104],[-4.41985,48.10458],[-4.42042,48.10555],[-4.41875,48.1064],[-4.41792,48.10543],[-4.41677,48.10625],[-4.41708,48.10726],[-4.41208,48.10753],[-4.40875,48.10661],[-4.40792,48.10519],[-4.40542,48.10445],[-4.40292,48.10591],[-4.40042,48.1058],[-4.39875,48.10503],[-4.39458,48.10477],[-4.39125,48.10551],[-4.38875,48.10513],[-4.38708,48.10592],[-4.38542,48.10539],[-4.38458,48.10681],[-4.38375,48.10553],[-4.38125,48.10577],[-4.37989,48.10708],[-4.38042,48.10748],[-4.38125,48.10667],[-4.38261,48.10708],[-4.37792,48.10914],[-4.37625,48.10893],[-4.37542,48.11074],[-4.37458,48.10901],[-4.37042,48.10917],[-4.36958,48.11063],[-4.36542,48.10918],[-4.36208,48.10967],[-4.35708,48.10669],[-4.35208,48.10836],[-4.35127,48.10792],[-4.35348,48.10708],[-4.35208,48.10427],[-4.34897,48.10292],[-4.34792,48.10162],[-4.34625,48.10139],[-4.34542,48.10229],[-4.34292,48.10182],[-4.34208,48.10066],[-4.34125,48.10117],[-4.33875,48.09921],[-4.33792,48.09952],[-4.33042,48.09793],[-4.32875,48.09915],[-4.3288,48.09792],[-4.32792,48.09721],[-4.32208,48.09583],[-4.32125,48.09435],[-4.31958,48.09428],[-4.31699,48.09292],[-4.31458,48.09329],[-4.31137,48.09208],[-4.30875,48.0921],[-4.30458,48.09384],[-4.29958,48.09705],[-4.29625,48.0999],[-4.29118,48.10625],[-4.28511,48.12375],[-4.28523,48.12458],[-4.28708,48.12517],[-4.28752,48.12625],[-4.28708,48.12719],[-4.28542,48.12728],[-4.28375,48.12849],[-4.28225,48.12875],[-4.28138,48.13042],[-4.28103,48.13708],[-4.28178,48.14875],[-4.28419,48.15375],[-4.28292,48.15504],[-4.28125,48.15515],[-4.2811,48.15625],[-4.28875,48.15661],[-4.28958,48.15729],[-4.29208,48.15767],[-4.29375,48.16146],[-4.29458,48.16157],[-4.29524,48.16292],[-4.29708,48.16305],[-4.29792,48.16461],[-4.29875,48.16414],[-4.29922,48.16458],[-4.30008,48.16792],[-4.29958,48.16879],[-4.29875,48.16749],[-4.29792,48.16799],[-4.29736,48.16875],[-4.29892,48.16958],[-4.29754,48.17042],[-4.29761,48.17125],[-4.29871,48.17292],[-4.29875,48.17559],[-4.30263,48.18292],[-4.30758,48.18958],[-4.30817,48.19125],[-4.31024,48.19292],[-4.3109,48.19458],[-4.31492,48.19708],[-4.31625,48.19892],[-4.32042,48.20232],[-4.32125,48.20196],[-4.32792,48.20238],[-4.32875,48.20148],[-4.33125,48.20303],[-4.33232,48.20292],[-4.33375,48.20435],[-4.33458,48.20384],[-4.33625,48.20444],[-4.33708,48.20389],[-4.34125,48.2039],[-4.34292,48.20471],[-4.34818,48.20458],[-4.3474,48.20542],[-4.34792,48.20638],[-4.36625,48.20647],[-4.37208,48.20741],[-4.37375,48.20813],[-4.37458,48.20665],[-4.37551,48.20792],[-4.37395,48.21042],[-4.3773,48.21292],[-4.37875,48.21537],[-4.38208,48.21668],[-4.38792,48.21727],[-4.38958,48.21645],[-4.39125,48.21627],[-4.39208,48.21678],[-4.39292,48.21592],[-4.39437,48.21708],[-4.39506,48.21875],[-4.39708,48.21961],[-4.39792,48.21918],[-4.40042,48.21921],[-4.40125,48.21972],[-4.40292,48.21974],[-4.40605,48.22208],[-4.40625,48.22297],[-4.41208,48.22307],[-4.41375,48.22349],[-4.41405,48.22208],[-4.41458,48.22171],[-4.41553,48.22208],[-4.41681,48.22542],[-4.41625,48.22582],[-4.41542,48.22504],[-4.41458,48.22506],[-4.41458,48.22719],[-4.41708,48.22736],[-4.4182,48.22792],[-4.41875,48.23145],[-4.42375,48.23199],[-4.42542,48.23274],[-4.42708,48.23571],[-4.42958,48.23565],[-4.4297,48.23458],[-4.42887,48.23375],[-4.43125,48.23137],[-4.43208,48.23137],[-4.4328,48.23208],[-4.43292,48.23387],[-4.43708,48.23387],[-4.43792,48.23555],[-4.45625,48.23554],[-4.45958,48.2359],[-4.46042,48.23424],[-4.46458,48.23722],[-4.46708,48.23654],[-4.46792,48.23716],[-4.47208,48.23576],[-4.47458,48.23559],[-4.47509,48.23458],[-4.47625,48.23423],[-4.47705,48.23458],[-4.47706,48.23542],[-4.47792,48.23542],[-4.47794,48.23458],[-4.47958,48.23406],[-4.48042,48.23553],[-4.48375,48.23327],[-4.48625,48.23317],[-4.48875,48.23406],[-4.49125,48.23355],[-4.49542,48.23171],[-4.49775,48.22958],[-4.49843,48.22792],[-4.49746,48.22542],[-4.49809,48.22458],[-4.49797,48.21875],[-4.49875,48.21563],[-4.50292,48.21476],[-4.50375,48.21338],[-4.50878,48.21125],[-4.50916,48.20875],[-4.51224,48.20625],[-4.51304,48.20458],[-4.51222,48.20292],[-4.51458,48.20238],[-4.51486,48.19875],[-4.51616,48.19792],[-4.51708,48.19633],[-4.51792,48.19799],[-4.52292,48.19799],[-4.52326,48.19458],[-4.52458,48.19392],[-4.52708,48.19382],[-4.52734,48.19042],[-4.52792,48.18984],[-4.53125,48.18963],[-4.53208,48.18572],[-4.53542,48.18548],[-4.53608,48.18208],[-4.53958,48.18131],[-4.54042,48.17736],[-4.54792,48.17714],[-4.54816,48.17375],[-4.54875,48.17316],[-4.55215,48.17292],[-4.55245,48.17042],[-4.55292,48.16956],[-4.55488,48.16875],[-4.55517,48.16708],[-4.55708,48.16698],[-4.55745,48.16875],[-4.55875,48.16914],[-4.56292,48.16906],[-4.56328,48.16958],[-4.56116,48.17125],[-4.56096,48.17292],[-4.55971,48.17458],[-4.56042,48.17459],[-4.56112,48.17542],[-4.56146,48.17792],[-4.56042,48.17884],[-4.55645,48.17958],[-4.55353,48.18208],[-4.55352,48.18292],[-4.55507,48.18375],[-4.5555,48.18542],[-4.55458,48.18672],[-4.55375,48.18682],[-4.55365,48.18792],[-4.55542,48.18751],[-4.5562,48.18792],[-4.55511,48.18875],[-4.55547,48.19125],[-4.5544,48.19375],[-4.5563,48.19875],[-4.55739,48.20792],[-4.55835,48.20958],[-4.55958,48.21034],[-4.56125,48.21043],[-4.56167,48.21125],[-4.56017,48.21292],[-4.56229,48.21958],[-4.56208,48.22371],[-4.56405,48.22542],[-4.56523,48.22958],[-4.56741,48.23042],[-4.56815,48.23542],[-4.57042,48.23601],[-4.57375,48.23585],[-4.57458,48.23457],[-4.5748,48.23542],[-4.57458,48.23641],[-4.57375,48.23676],[-4.57042,48.23646],[-4.56792,48.2377],[-4.56458,48.23772],[-4.55875,48.23898],[-4.55792,48.23991],[-4.55542,48.23873],[-4.55602,48.24042],[-4.55458,48.2419],[-4.55375,48.24106],[-4.55273,48.24125],[-4.5532,48.24208],[-4.55458,48.24243],[-4.55458,48.24349],[-4.55292,48.24399],[-4.55125,48.24361],[-4.55013,48.24542],[-4.55089,48.24958],[-4.55311,48.25042],[-4.55233,48.25125],[-4.55325,48.25208],[-4.55958,48.25479],[-4.56042,48.25625],[-4.56155,48.25542],[-4.56458,48.25453],[-4.56625,48.25328],[-4.57042,48.25305],[-4.57125,48.25244],[-4.57292,48.25295],[-4.57625,48.25302],[-4.57708,48.25238],[-4.58292,48.25216],[-4.58375,48.25018],[-4.58458,48.25216],[-4.58542,48.25073],[-4.58792,48.25118],[-4.59042,48.25054],[-4.59173,48.25125],[-4.59208,48.25233],[-4.59625,48.25248],[-4.59708,48.25083],[-4.59844,48.25292],[-4.59831,48.25458],[-4.59958,48.25464],[-4.60042,48.2564],[-4.60125,48.25631],[-4.60208,48.25715],[-4.60458,48.25722],[-4.61227,48.26042],[-4.61542,48.26062],[-4.6171,48.26208],[-4.61829,48.26375],[-4.61851,48.26542],[-4.61968,48.26625],[-4.61846,48.26708],[-4.61787,48.26958],[-4.61957,48.27292],[-4.62194,48.27542],[-4.62113,48.27708],[-4.62292,48.27721],[-4.62542,48.27856],[-4.62835,48.28125],[-4.61542,48.28246],[-4.61412,48.28208],[-4.61271,48.28042],[-4.60875,48.28375],[-4.60868,48.28625],[-4.60792,48.28666],[-4.60708,48.28471],[-4.60542,48.28497],[-4.60042,48.28418],[-4.59958,48.2855],[-4.59811,48.28375],[-4.59367,48.28208],[-4.59807,48.28125],[-4.59486,48.28042],[-4.59645,48.27958],[-4.59199,48.27625],[-4.58958,48.27616],[-4.58956,48.27708],[-4.58875,48.27763],[-4.58708,48.27609],[-4.58504,48.27625],[-4.58436,48.27708],[-4.57708,48.27952],[-4.5762,48.28042],[-4.57625,48.28315],[-4.57502,48.28292],[-4.57458,48.28099],[-4.57355,48.28208],[-4.57408,48.28292],[-4.57125,48.28415],[-4.57105,48.28542],[-4.5687,48.28792],[-4.56935,48.29042],[-4.5682,48.29208],[-4.56827,48.29375],[-4.56983,48.29458],[-4.56872,48.29542],[-4.56874,48.29625],[-4.57042,48.29635],[-4.57169,48.29708],[-4.5718,48.30375],[-4.57292,48.30498],[-4.57458,48.30551],[-4.5764,48.31458],[-4.58071,48.31792],[-4.58071,48.31958],[-4.582,48.32042],[-4.57969,48.32125],[-4.57875,48.32316],[-4.57792,48.32224],[-4.57708,48.32248],[-4.57543,48.32542],[-4.57258,48.32625],[-4.57173,48.32792],[-4.56886,48.32958],[-4.57042,48.32994],[-4.57125,48.32901],[-4.57162,48.32958],[-4.57042,48.33101],[-4.56875,48.33163],[-4.56792,48.32986],[-4.56626,48.33042],[-4.56458,48.33114],[-4.56453,48.33208],[-4.56208,48.33403],[-4.56121,48.33375],[-4.55958,48.33511],[-4.55875,48.33458],[-4.55625,48.3351],[-4.55527,48.33625],[-4.55653,48.33708],[-4.55542,48.33822],[-4.55458,48.33684],[-4.55189,48.33792],[-4.55458,48.33853],[-4.55458,48.3391],[-4.55125,48.3386],[-4.55042,48.33983],[-4.54958,48.33835],[-4.54875,48.33989],[-4.54792,48.33951],[-4.54625,48.34],[-4.54542,48.33888],[-4.54375,48.339],[-4.54125,48.34123],[-4.53708,48.34167],[-4.5358,48.33958],[-4.53617,48.33625],[-4.53708,48.3357],[-4.53965,48.33542],[-4.53988,48.32875],[-4.54125,48.32745],[-4.54391,48.32708],[-4.54399,48.32458],[-4.54468,48.32375],[-4.54405,48.32292],[-4.54434,48.32042],[-4.54542,48.31919],[-4.54802,48.31875],[-4.54861,48.31125],[-4.55216,48.31042],[-4.55289,48.30458],[-4.55119,48.30375],[-4.55462,48.30042],[-4.55292,48.29707],[-4.55208,48.29702],[-4.54832,48.29458],[-4.54208,48.29253],[-4.53958,48.29445],[-4.53792,48.29465],[-4.5366,48.29375],[-4.53625,48.29257],[-4.53375,48.29183],[-4.53245,48.29042],[-4.53125,48.2902],[-4.52958,48.29037],[-4.52857,48.29125],[-4.52711,48.29458],[-4.52608,48.29458],[-4.52542,48.29672],[-4.52208,48.29695],[-4.52125,48.29828],[-4.51944,48.29375],[-4.51625,48.2931],[-4.51542,48.29429],[-4.51458,48.29429],[-4.51361,48.29375],[-4.51293,48.29208],[-4.51125,48.2922],[-4.51015,48.29125],[-4.51208,48.29066],[-4.51502,48.29125],[-4.51458,48.28527],[-4.50542,48.28492],[-4.50458,48.28558],[-4.50208,48.28309],[-4.49577,48.28292],[-4.49458,48.28361],[-4.48792,48.28368],[-4.48458,48.28436],[-4.48416,48.28542],[-4.48292,48.28611],[-4.47208,48.28751],[-4.46958,48.2886],[-4.46708,48.28875],[-4.46625,48.28938],[-4.46042,48.28952],[-4.46005,48.29208],[-4.45792,48.29376],[-4.4579,48.29292],[-4.45708,48.29275],[-4.45458,48.29361],[-4.44708,48.29202],[-4.43708,48.29278],[-4.42708,48.29168],[-4.42458,48.29256],[-4.42208,48.29269],[-4.42042,48.29378],[-4.41781,48.29042],[-4.41763,48.28458],[-4.41475,48.28375],[-4.41292,48.28011],[-4.40875,48.27728],[-4.40588,48.27625],[-4.39625,48.27562],[-4.38875,48.27615],[-4.38125,48.27604],[-4.37625,48.27801],[-4.37208,48.27903],[-4.36458,48.27944],[-4.36292,48.28192],[-4.35875,48.28391],[-4.35625,48.28428],[-4.35612,48.28542],[-4.35458,48.28663],[-4.35375,48.2868],[-4.35327,48.28625],[-4.35375,48.28574],[-4.35458,48.28594],[-4.35458,48.2852],[-4.34792,48.28534],[-4.34792,48.28653],[-4.35062,48.28708],[-4.34875,48.28786],[-4.33875,48.28736],[-4.33542,48.2889],[-4.33458,48.2886],[-4.33375,48.2902],[-4.33042,48.29171],[-4.32292,48.29221],[-4.31542,48.29601],[-4.31292,48.29622],[-4.31208,48.29731],[-4.31125,48.29752],[-4.31025,48.29708],[-4.31018,48.29792],[-4.30875,48.29844],[-4.30792,48.29849],[-4.30748,48.29792],[-4.30792,48.29645],[-4.30958,48.29666],[-4.31042,48.29559],[-4.31208,48.29567],[-4.31292,48.29475],[-4.31542,48.29497],[-4.31625,48.29393],[-4.31722,48.29375],[-4.29792,48.29371],[-4.29771,48.29708],[-4.29708,48.29771],[-4.28708,48.29787],[-4.28625,48.29893],[-4.28125,48.29868],[-4.27958,48.29845],[-4.27792,48.29725],[-4.27375,48.29704],[-4.27292,48.2978],[-4.27125,48.29768],[-4.26781,48.29625],[-4.27317,48.29542],[-4.27292,48.29358],[-4.27042,48.29332],[-4.26918,48.29208],[-4.26933,48.28708],[-4.27125,48.28626],[-4.27458,48.28827],[-4.28042,48.28818],[-4.28125,48.28736],[-4.28292,48.28761],[-4.28458,48.28642],[-4.28542,48.28963],[-4.28573,48.28208],[-4.28708,48.28141],[-4.28966,48.28125],[-4.28965,48.27708],[-4.28375,48.27686],[-4.28292,48.27503],[-4.28147,48.27458],[-4.28138,48.27292],[-4.27708,48.27286],[-4.27625,48.27208],[-4.27208,48.2718],[-4.26414,48.26792],[-4.25919,48.26708],[-4.26042,48.26694],[-4.26094,48.26625],[-4.26058,48.26375],[-4.26125,48.26107],[-4.26292,48.26063],[-4.26875,48.26051],[-4.26875,48.26017],[-4.25875,48.26019],[-4.25708,48.2618],[-4.25458,48.26172],[-4.25375,48.2628],[-4.25292,48.2628],[-4.25203,48.26042],[-4.24875,48.25602],[-4.24708,48.25539],[-4.24625,48.25435],[-4.24352,48.25375],[-4.24292,48.2504],[-4.24208,48.25107],[-4.23542,48.25105],[-4.23458,48.25033],[-4.23292,48.25059],[-4.23208,48.25161],[-4.23042,48.25121],[-4.22958,48.25162],[-4.22875,48.2512],[-4.22792,48.25194],[-4.22672,48.25208],[-4.22866,48.25292],[-4.22817,48.25375],[-4.22625,48.25474],[-4.22542,48.25641],[-4.22298,48.25792],[-4.22208,48.25923],[-4.22125,48.25923],[-4.21936,48.25542],[-4.21894,48.25208],[-4.21625,48.25182],[-4.2151,48.25125],[-4.21458,48.2477],[-4.21208,48.24737],[-4.21111,48.24792],[-4.20968,48.24542],[-4.21042,48.2436],[-4.20193,48.24375],[-4.20208,48.24482],[-4.20375,48.24476],[-4.20439,48.24542],[-4.20375,48.24806],[-4.20292,48.2463],[-4.20208,48.24612],[-4.20083,48.24625],[-4.19958,48.24746],[-4.19875,48.2474],[-4.19708,48.24908],[-4.19625,48.24813],[-4.19467,48.24875],[-4.19458,48.24974],[-4.19208,48.24961],[-4.19343,48.24875],[-4.19208,48.24867],[-4.19125,48.24763],[-4.18792,48.24912],[-4.18625,48.24929],[-4.18292,48.24916],[-4.18208,48.24835],[-4.17208,48.2484],[-4.17031,48.24875],[-4.16875,48.25],[-4.1687,48.25208],[-4.18875,48.25229],[-4.18938,48.25292],[-4.18958,48.25631],[-4.20792,48.25655],[-4.20958,48.25745],[-4.21042,48.26045],[-4.24542,48.26072],[-4.24625,48.25932],[-4.24792,48.26464],[-4.24958,48.26469],[-4.25125,48.26635],[-4.25292,48.2664],[-4.25375,48.26721],[-4.25542,48.26752],[-4.25625,48.2689],[-4.26208,48.26909],[-4.26375,48.27066],[-4.26542,48.27069],[-4.26708,48.27163],[-4.26792,48.27313],[-4.27375,48.27412],[-4.27542,48.27499],[-4.27682,48.27625],[-4.27686,48.27708],[-4.27641,48.28042],[-4.27514,48.28125],[-4.27542,48.28273],[-4.27401,48.28042],[-4.27208,48.2803],[-4.27071,48.27958],[-4.26875,48.27956],[-4.26792,48.28024],[-4.26625,48.27958],[-4.26458,48.27959],[-4.26238,48.28042],[-4.25938,48.28042],[-4.25935,48.28125],[-4.25792,48.28194],[-4.25599,48.28208],[-4.25292,48.2837],[-4.25147,48.28375],[-4.2477,48.28708],[-4.24447,48.28875],[-4.24378,48.28958],[-4.24384,48.29208],[-4.24208,48.29376],[-4.23958,48.29407],[-4.23708,48.29276],[-4.23625,48.29284],[-4.23625,48.29549],[-4.23715,48.29625],[-4.24042,48.29659],[-4.24208,48.29801],[-4.24458,48.29905],[-4.24589,48.30042],[-4.24708,48.30058],[-4.24792,48.30234],[-4.25038,48.30208],[-4.25038,48.30125],[-4.24892,48.30042],[-4.24875,48.29926],[-4.24738,48.29875],[-4.24875,48.29774],[-4.25085,48.29958],[-4.25045,48.30208],[-4.25292,48.30222],[-4.25375,48.30164],[-4.25542,48.3045],[-4.25958,48.30478],[-4.26292,48.30613],[-4.26542,48.30592],[-4.26708,48.30644],[-4.26958,48.30595],[-4.27458,48.30703],[-4.27875,48.30672],[-4.2801,48.30708],[-4.27958,48.30848],[-4.27542,48.30724],[-4.27458,48.30723],[-4.27423,48.30792],[-4.27542,48.30793],[-4.27625,48.30883],[-4.27792,48.3091],[-4.2787,48.31042],[-4.27977,48.31042],[-4.28042,48.3098],[-4.28208,48.31215],[-4.28292,48.3114],[-4.2838,48.31292],[-4.2832,48.31542],[-4.28458,48.31545],[-4.28625,48.31458],[-4.28673,48.31292],[-4.28875,48.31169],[-4.29042,48.31145],[-4.29125,48.3108],[-4.29375,48.31059],[-4.29542,48.31063],[-4.29625,48.31132],[-4.29875,48.31136],[-4.29958,48.31203],[-4.30042,48.31146],[-4.30125,48.31213],[-4.30292,48.31229],[-4.30375,48.31308],[-4.30766,48.31375],[-4.30792,48.3146],[-4.31208,48.31484],[-4.31281,48.31458],[-4.31292,48.31368],[-4.31305,48.31458],[-4.31375,48.31479],[-4.31792,48.31492],[-4.31874,48.31458],[-4.31875,48.31375],[-4.32042,48.31489],[-4.32708,48.31483],[-4.33002,48.31542],[-4.33084,48.31708],[-4.33277,48.31792],[-4.33222,48.31875],[-4.32958,48.32164],[-4.32875,48.322],[-4.32752,48.32125],[-4.32667,48.32375],[-4.32464,48.32458],[-4.32512,48.32792],[-4.32434,48.32875],[-4.32375,48.32924],[-4.32042,48.32956],[-4.31781,48.33125],[-4.32056,48.33292],[-4.32042,48.33388],[-4.32125,48.33392],[-4.32228,48.33292],[-4.32208,48.33168],[-4.32292,48.33221],[-4.32375,48.33184],[-4.32435,48.33292],[-4.32375,48.33429],[-4.32208,48.3344],[-4.32125,48.33595],[-4.31958,48.3358],[-4.31625,48.33686],[-4.31559,48.33625],[-4.31625,48.33559],[-4.31708,48.33567],[-4.31708,48.33426],[-4.31458,48.33495],[-4.31042,48.33458],[-4.31012,48.33542],[-4.31292,48.33555],[-4.31459,48.33708],[-4.31125,48.33758],[-4.30958,48.33888],[-4.30792,48.33922],[-4.30708,48.33857],[-4.30375,48.33933],[-4.30313,48.33875],[-4.30189,48.33875],[-4.30147,48.34125],[-4.30291,48.34208],[-4.30125,48.34226],[-4.30042,48.34418],[-4.29893,48.34375],[-4.29998,48.34125],[-4.29919,48.33958],[-4.29615,48.34042],[-4.29387,48.34292],[-4.29625,48.3444],[-4.29708,48.34393],[-4.29792,48.34659],[-4.30125,48.34633],[-4.30208,48.34803],[-4.30339,48.34542],[-4.30469,48.34458],[-4.30875,48.344],[-4.3189,48.34375],[-4.31958,48.34104],[-4.31375,48.3414],[-4.31125,48.34083],[-4.31044,48.34125],[-4.31136,48.34208],[-4.30958,48.34253],[-4.30742,48.34208],[-4.30708,48.34141],[-4.30542,48.34133],[-4.30667,48.34042],[-4.31042,48.34017],[-4.31208,48.33955],[-4.31708,48.33939],[-4.31889,48.33958],[-4.32012,48.34042],[-4.32125,48.34045],[-4.32208,48.33964],[-4.32292,48.33961],[-4.33125,48.34016],[-4.33169,48.34208],[-4.33326,48.34292],[-4.33458,48.34552],[-4.33542,48.34584],[-4.33875,48.3454],[-4.34042,48.34566],[-4.34101,48.34625],[-4.34042,48.34684],[-4.33792,48.34679],[-4.33708,48.3485],[-4.33542,48.34829],[-4.33458,48.35015],[-4.33375,48.35014],[-4.33292,48.3492],[-4.33208,48.35013],[-4.33067,48.35042],[-4.32951,48.35375],[-4.32708,48.35521],[-4.32639,48.35625],[-4.33125,48.35641],[-4.33224,48.35292],[-4.33458,48.35233],[-4.33958,48.3523],[-4.34125,48.34878],[-4.34375,48.34826],[-4.34792,48.34833],[-4.34952,48.34458],[-4.35542,48.34409],[-4.35625,48.34223],[-4.35989,48.34292],[-4.3622,48.34458],[-4.36293,48.34458],[-4.36375,48.34301],[-4.36457,48.34375],[-4.36542,48.34375],[-4.3655,48.34125],[-4.36709,48.33792],[-4.36625,48.33611],[-4.36917,48.33542],[-4.3702,48.33292],[-4.37319,48.33125],[-4.37375,48.32847],[-4.37458,48.32778],[-4.37708,48.32736],[-4.37792,48.32461],[-4.37875,48.32418],[-4.38292,48.32402],[-4.38375,48.32338],[-4.38458,48.32396],[-4.38542,48.32341],[-4.38708,48.324],[-4.39542,48.32391],[-4.39708,48.32323],[-4.39875,48.32381],[-4.40042,48.3231],[-4.41042,48.32312],[-4.41375,48.32359],[-4.41458,48.32554],[-4.41542,48.32563],[-4.41625,48.32487],[-4.41718,48.32542],[-4.41208,48.33153],[-4.41125,48.33086],[-4.41015,48.33125],[-4.41167,48.33208],[-4.41031,48.33375],[-4.40999,48.33542],[-4.41208,48.33667],[-4.41292,48.33583],[-4.41625,48.33551],[-4.42708,48.33547],[-4.42762,48.33208],[-4.42875,48.33154],[-4.44375,48.3316],[-4.44792,48.32958],[-4.44875,48.33073],[-4.44958,48.32996],[-4.45008,48.33042],[-4.4492,48.33375],[-4.44736,48.33625],[-4.44375,48.33828],[-4.44328,48.33958],[-4.44457,48.34042],[-4.44228,48.34125],[-4.44195,48.34208],[-4.44264,48.34458],[-4.44458,48.34488],[-4.44419,48.34708],[-4.44499,48.34792],[-4.44375,48.34817],[-4.44346,48.34708],[-4.44208,48.34669],[-4.43958,48.3476],[-4.43939,48.35375],[-4.44093,48.35458],[-4.43792,48.35546],[-4.43708,48.35842],[-4.43542,48.3578],[-4.43458,48.35987],[-4.43125,48.36031],[-4.43084,48.36292],[-4.43292,48.36318],[-4.43458,48.36053],[-4.437,48.36125],[-4.43458,48.36384],[-4.42958,48.36662],[-4.42708,48.36692],[-4.42375,48.36823],[-4.42292,48.36789],[-4.42125,48.3693],[-4.42042,48.36869],[-4.41867,48.36875],[-4.41974,48.36958],[-4.41836,48.37042],[-4.41642,48.37292],[-4.41458,48.37284],[-4.41544,48.37375],[-4.41458,48.37462],[-4.41292,48.37536],[-4.41208,48.377],[-4.41014,48.37708],[-4.41116,48.37792],[-4.40988,48.37875],[-4.40941,48.38125],[-4.40854,48.38208],[-4.40292,48.38469],[-4.40125,48.38485],[-4.39535,48.38792],[-4.39042,48.38919],[-4.38662,48.39125],[-4.38375,48.39221],[-4.38125,48.39241],[-4.37958,48.39338],[-4.37875,48.3931],[-4.37458,48.39446],[-4.37167,48.39458],[-4.36972,48.39542],[-4.36554,48.39958],[-4.36375,48.40037],[-4.36208,48.4032],[-4.35875,48.40449],[-4.35792,48.40385],[-4.35208,48.40363],[-4.35125,48.40277],[-4.34792,48.40192],[-4.34625,48.40367],[-4.34208,48.40372],[-4.34042,48.40538],[-4.33906,48.40542],[-4.33923,48.40708],[-4.33875,48.40763],[-4.33696,48.40792],[-4.33649,48.40875],[-4.33708,48.40905],[-4.33875,48.40913],[-4.34125,48.40754],[-4.34208,48.40822],[-4.34365,48.40708],[-4.34419,48.40542],[-4.34542,48.40471],[-4.34697,48.40542],[-4.34708,48.40648],[-4.34958,48.4075],[-4.34958,48.40575],[-4.35125,48.40752],[-4.3526,48.40792],[-4.35708,48.4083],[-4.35792,48.40723],[-4.35958,48.40821],[-4.36042,48.40817],[-4.36575,48.40625],[-4.36792,48.40267],[-4.37375,48.40083],[-4.37452,48.39875],[-4.37625,48.3981],[-4.37708,48.39681],[-4.37923,48.39708],[-4.38056,48.39792],[-4.38009,48.39958],[-4.37875,48.40093],[-4.375,48.40208],[-4.37958,48.40339],[-4.38125,48.40651],[-4.38542,48.40645],[-4.38616,48.40292],[-4.3898,48.40208],[-4.39042,48.39901],[-4.39405,48.39792],[-4.39524,48.39458],[-4.39792,48.39405],[-4.39958,48.39218],[-4.40125,48.39136],[-4.40792,48.39046],[-4.40875,48.38932],[-4.41042,48.38947],[-4.41473,48.39208],[-4.42375,48.39338],[-4.42625,48.39305],[-4.42708,48.39223],[-4.42758,48.39375],[-4.42875,48.39434],[-4.43034,48.39375],[-4.43125,48.39206],[-4.43208,48.39206],[-4.43253,48.39375],[-4.43542,48.39391],[-4.43641,48.39042],[-4.44018,48.38958],[-4.44018,48.38542],[-4.44097,48.38375],[-4.44375,48.38229],[-4.44625,48.38238],[-4.44708,48.38318],[-4.44958,48.38328],[-4.45042,48.38276],[-4.45375,48.38335],[-4.45458,48.383],[-4.45375,48.38637],[-4.45458,48.38637],[-4.45542,48.38563],[-4.45708,48.38567],[-4.45792,48.3835],[-4.45958,48.38418],[-4.46208,48.38418],[-4.46375,48.38293],[-4.46875,48.38185],[-4.46958,48.38186],[-4.47042,48.3857],[-4.49042,48.38558],[-4.49542,48.38568],[-4.49625,48.38609],[-4.49792,48.38576],[-4.49855,48.38208],[-4.50042,48.38146],[-4.50125,48.38559],[-4.53458,48.38547],[-4.53458,48.37953],[-4.50958,48.37936],[-4.50642,48.37875],[-4.5066,48.37792],[-4.50708,48.37743],[-4.51051,48.37708],[-4.51125,48.3742],[-4.51208,48.37353],[-4.51458,48.37301],[-4.51625,48.36978],[-4.51875,48.36905],[-4.52292,48.36884],[-4.52411,48.36625],[-4.52708,48.3649],[-4.52936,48.36208],[-4.53125,48.36115],[-4.53247,48.35875],[-4.53375,48.3577],[-4.53792,48.35712],[-4.54125,48.35772],[-4.54277,48.35875],[-4.54375,48.36079],[-4.54958,48.36075],[-4.55042,48.36127],[-4.55125,48.36064],[-4.55208,48.36087],[-4.55375,48.35799],[-4.55625,48.35712],[-4.55864,48.35375],[-4.56007,48.35458],[-4.56375,48.35484],[-4.56625,48.35297],[-4.56875,48.35225],[-4.56965,48.35042],[-4.57125,48.34934],[-4.58542,48.34808],[-4.58799,48.34542],[-4.59208,48.34427],[-4.59392,48.34292],[-4.59625,48.34243],[-4.59792,48.34104],[-4.60292,48.33996],[-4.60345,48.33875],[-4.60542,48.33762],[-4.61208,48.33711],[-4.61292,48.33635],[-4.61542,48.33606],[-4.61625,48.33692],[-4.61875,48.33754],[-4.62042,48.33741],[-4.62125,48.33681],[-4.62375,48.33686],[-4.62577,48.33792],[-4.62708,48.33966],[-4.63375,48.34052],[-4.63458,48.34145],[-4.63708,48.34193],[-4.63958,48.34422],[-4.65125,48.34489],[-4.65439,48.34625],[-4.65625,48.34862],[-4.65792,48.34851],[-4.65958,48.34956],[-4.66125,48.34935],[-4.66458,48.35077],[-4.66708,48.35108],[-4.66815,48.35208],[-4.67042,48.35214],[-4.67292,48.35302],[-4.67625,48.35285],[-4.67792,48.35351],[-4.67875,48.35319],[-4.68042,48.35402],[-4.68375,48.35274],[-4.68875,48.35302],[-4.69466,48.35208],[-4.69499,48.35042],[-4.69711,48.34958],[-4.69765,48.34708],[-4.69958,48.34636],[-4.69958,48.34375],[-4.69829,48.34125],[-4.69896,48.34042],[-4.6981,48.33958],[-4.69875,48.33839],[-4.70189,48.33625],[-4.70625,48.33564],[-4.70721,48.33292],[-4.70958,48.33157],[-4.72708,48.33134],[-4.73542,48.33214],[-4.74375,48.33135],[-4.76458,48.33142],[-4.77336,48.33208],[-4.77288,48.33375],[-4.77869,48.33542],[-4.77758,48.33792],[-4.77409,48.34208],[-4.7736,48.34542],[-4.77201,48.34625],[-4.77256,48.34708],[-4.77205,48.34792],[-4.77292,48.34878],[-4.77458,48.34901],[-4.77792,48.35058],[-4.7792,48.35208],[-4.77958,48.35417],[-4.78125,48.3534],[-4.78207,48.35375],[-4.78092,48.35458],[-4.78048,48.35708],[-4.77708,48.35972],[-4.77604,48.36375],[-4.77292,48.36458],[-4.77458,48.36482],[-4.77526,48.36542],[-4.77375,48.36566],[-4.76655,48.37125],[-4.76292,48.37611],[-4.76287,48.37792],[-4.76604,48.37958],[-4.7663,48.38125],[-4.76544,48.38292],[-4.77042,48.38338],[-4.77185,48.38292],[-4.77172,48.38625],[-4.77522,48.38875],[-4.77586,48.39208],[-4.77506,48.39625],[-4.77584,48.40125],[-4.77482,48.40292],[-4.7754,48.40458],[-4.77875,48.40472],[-4.78125,48.40358],[-4.78208,48.40373],[-4.78342,48.40458],[-4.78458,48.40653],[-4.78542,48.40471],[-4.78645,48.40542],[-4.78625,48.40641],[-4.78508,48.40708],[-4.78542,48.40814],[-4.78625,48.40821],[-4.78847,48.40958],[-4.78958,48.41109],[-4.79125,48.41125],[-4.79208,48.41218],[-4.79292,48.41208],[-4.79542,48.41347],[-4.7959,48.41292],[-4.79536,48.41208],[-4.79625,48.41198],[-4.79657,48.41292],[-4.79542,48.41594],[-4.79314,48.41792],[-4.79277,48.42125],[-4.78971,48.42375],[-4.78814,48.42625],[-4.78669,48.43042],[-4.78696,48.43292],[-4.78574,48.43375],[-4.78708,48.43384],[-4.78848,48.43625],[-4.78708,48.43654],[-4.78708,48.43839],[-4.78875,48.43823],[-4.78958,48.43729],[-4.79042,48.43738],[-4.79125,48.43876],[-4.78958,48.43982],[-4.78708,48.43996],[-4.78542,48.44084],[-4.78292,48.44091],[-4.78208,48.44178],[-4.78342,48.44375],[-4.78542,48.4451],[-4.78565,48.44625],[-4.78458,48.44784],[-4.78292,48.44797],[-4.78042,48.45005],[-4.77875,48.45],[-4.7783,48.45042],[-4.77987,48.45125],[-4.7803,48.45375],[-4.77875,48.45457],[-4.77625,48.45438],[-4.77458,48.45541],[-4.77375,48.45453],[-4.77289,48.45458],[-4.77266,48.45542],[-4.77447,48.45708],[-4.77425,48.45792],[-4.77281,48.45875],[-4.77297,48.46208],[-4.77542,48.46618],[-4.77708,48.46653],[-4.7774,48.46708],[-4.77458,48.46743],[-4.77375,48.46861],[-4.77208,48.46732],[-4.76875,48.467],[-4.76625,48.46862],[-4.76524,48.46875],[-4.76477,48.46958],[-4.76542,48.47064],[-4.76737,48.47125],[-4.76767,48.47208],[-4.76927,48.47292],[-4.76899,48.47458],[-4.76792,48.47585],[-4.76875,48.47591],[-4.77042,48.47491],[-4.77176,48.47542],[-4.7711,48.47625],[-4.77197,48.47792],[-4.77042,48.47862],[-4.76958,48.47742],[-4.76836,48.47792],[-4.76842,48.47875],[-4.77093,48.47958],[-4.7706,48.48208],[-4.77125,48.48212],[-4.77208,48.48007],[-4.77333,48.48042],[-4.77307,48.47875],[-4.77375,48.47833],[-4.77606,48.47958],[-4.7752,48.48125],[-4.77458,48.4816],[-4.77375,48.48112],[-4.77292,48.482],[-4.77423,48.48292],[-4.77375,48.48336],[-4.77205,48.48292],[-4.77215,48.48375],[-4.77375,48.48391],[-4.77458,48.48347],[-4.77586,48.48625],[-4.77542,48.48748],[-4.77458,48.4868],[-4.77254,48.48708],[-4.77262,48.48958],[-4.77542,48.49135],[-4.77625,48.49266],[-4.77792,48.49247],[-4.77875,48.49072],[-4.78074,48.49542],[-4.78168,48.49625],[-4.7818,48.49875],[-4.78026,48.50125],[-4.78184,48.50208],[-4.78199,48.50375],[-4.77958,48.5043],[-4.77875,48.50544],[-4.77625,48.50641],[-4.77363,48.50875],[-4.7727,48.51042],[-4.77276,48.51208],[-4.77181,48.51292],[-4.77208,48.51562],[-4.77083,48.51875],[-4.77375,48.51894],[-4.77436,48.51958],[-4.77375,48.52032],[-4.77042,48.52024],[-4.77096,48.52125],[-4.76928,48.52375],[-4.77069,48.52458],[-4.77125,48.5264],[-4.77205,48.52542],[-4.77147,48.52458],[-4.77199,48.52375],[-4.77375,48.52266],[-4.77458,48.52275],[-4.77542,48.52371],[-4.77875,48.52354],[-4.77924,48.52458],[-4.77708,48.52468],[-4.77542,48.52378],[-4.77292,48.52439],[-4.77125,48.5281],[-4.76792,48.52936],[-4.76625,48.53163],[-4.76458,48.53277],[-4.76258,48.53292],[-4.76208,48.53437],[-4.75958,48.53441],[-4.75875,48.53512],[-4.75625,48.5346],[-4.75875,48.53408],[-4.75875,48.53272],[-4.75458,48.53317],[-4.75366,48.53375],[-4.75039,48.53708],[-4.75074,48.53792],[-4.75237,48.53875],[-4.75208,48.54018],[-4.75061,48.54042],[-4.74698,48.54458],[-4.7503,48.54542],[-4.74542,48.54759],[-4.74208,48.54844],[-4.73958,48.54755],[-4.73919,48.54792],[-4.74018,48.54875],[-4.73625,48.55115],[-4.73533,48.55458],[-4.72989,48.55792],[-4.72887,48.55958],[-4.72542,48.55908],[-4.72208,48.56028],[-4.72042,48.55931],[-4.71875,48.5599],[-4.71766,48.55958],[-4.71625,48.56059],[-4.71542,48.55923],[-4.71375,48.56063],[-4.71125,48.56084],[-4.71023,48.56208],[-4.71024,48.56375],[-4.70674,48.56625],[-4.70673,48.56792],[-4.70525,48.56958],[-4.70792,48.57037],[-4.70875,48.56772],[-4.70972,48.56958],[-4.70875,48.57041],[-4.70708,48.57042],[-4.70413,48.57208],[-4.70429,48.57542],[-4.70292,48.57608],[-4.70176,48.57542],[-4.70342,48.57458],[-4.70292,48.57391],[-4.70042,48.57386],[-4.69958,48.57462],[-4.69792,48.57399],[-4.69635,48.57458],[-4.69542,48.57584],[-4.69375,48.57636],[-4.69292,48.57615],[-4.69208,48.57678],[-4.69162,48.57625],[-4.69316,48.57458],[-4.69292,48.5733],[-4.68958,48.57338],[-4.68958,48.57422],[-4.69042,48.57397],[-4.69084,48.57458],[-4.69042,48.57513],[-4.68875,48.57425],[-4.68375,48.57327],[-4.68292,48.57205],[-4.68042,48.57222],[-4.67958,48.57081],[-4.67625,48.57143],[-4.67528,48.57208],[-4.67466,48.57375],[-4.6766,48.57708],[-4.6726,48.57792],[-4.67292,48.57828],[-4.67458,48.5781],[-4.67521,48.57875],[-4.67558,48.57958],[-4.67458,48.57975],[-4.67451,48.58042],[-4.67638,48.58375],[-4.67042,48.58599],[-4.66904,48.58542],[-4.66761,48.58375],[-4.66792,48.58323],[-4.66958,48.58341],[-4.67042,48.58416],[-4.67158,48.58292],[-4.67125,48.5816],[-4.66958,48.5823],[-4.66375,48.58247],[-4.66204,48.58125],[-4.66208,48.58024],[-4.66125,48.58006],[-4.65962,48.57708],[-4.65875,48.57668],[-4.65625,48.57732],[-4.65458,48.57681],[-4.65292,48.57731],[-4.64958,48.57642],[-4.64625,48.57717],[-4.64375,48.57663],[-4.64236,48.57792],[-4.64233,48.57875],[-4.64265,48.58042],[-4.64399,48.58125],[-4.64458,48.58283],[-4.64575,48.58292],[-4.64642,48.58125],[-4.64792,48.58053],[-4.64875,48.58073],[-4.64955,48.58208],[-4.64958,48.58424],[-4.64458,48.58396],[-4.64412,48.58458],[-4.64458,48.58625],[-4.64612,48.58792],[-4.64601,48.58958],[-4.64687,48.58958],[-4.64729,48.58875],[-4.64642,48.58792],[-4.64708,48.58735],[-4.64875,48.5876],[-4.648,48.58875],[-4.64894,48.59042],[-4.64875,48.59213],[-4.64792,48.5922],[-4.64708,48.59131],[-4.64625,48.59167],[-4.64542,48.58982],[-4.64375,48.58996],[-4.64292,48.59138],[-4.64102,48.59125],[-4.6417,48.59042],[-4.6416,48.58792],[-4.64068,48.58708],[-4.64158,48.58625],[-4.64165,48.58458],[-4.64125,48.58388],[-4.63958,48.58403],[-4.63875,48.58481],[-4.6378,48.58375],[-4.63933,48.58125],[-4.63792,48.57792],[-4.63708,48.57789],[-4.63458,48.57931],[-4.63179,48.57958],[-4.62958,48.58102],[-4.62458,48.58085],[-4.62292,48.58269],[-4.62264,48.58208],[-4.62042,48.58131],[-4.61651,48.57875],[-4.61542,48.5765],[-4.61042,48.57282],[-4.60625,48.5728],[-4.60375,48.57368],[-4.60125,48.57348],[-4.60125,48.57398],[-4.60458,48.57402],[-4.60542,48.57478],[-4.60875,48.57443],[-4.61123,48.57542],[-4.61515,48.58125],[-4.61875,48.58356],[-4.62085,48.58375],[-4.62149,48.58625],[-4.61959,48.58792],[-4.62,48.58875],[-4.62125,48.58889],[-4.62458,48.58777],[-4.62542,48.5884],[-4.62643,48.59458],[-4.62342,48.59458],[-4.62325,48.59542],[-4.62625,48.59792],[-4.62792,48.5976],[-4.62834,48.59792],[-4.62856,48.59875],[-4.62732,48.59958],[-4.6274,48.60208],[-4.62625,48.60304],[-4.62792,48.60374],[-4.63208,48.5999],[-4.63343,48.60042],[-4.63458,48.6028],[-4.63625,48.6027],[-4.6366,48.60125],[-4.63708,48.60083],[-4.63792,48.60102],[-4.63875,48.60023],[-4.63856,48.60208],[-4.63708,48.60322],[-4.63458,48.6031],[-4.6337,48.60292],[-4.63352,48.60125],[-4.63246,48.60125],[-4.63075,48.60208],[-4.63149,48.60375],[-4.62875,48.60554],[-4.62792,48.60491],[-4.62625,48.60506],[-4.62578,48.60375],[-4.62458,48.60326],[-4.62375,48.6052],[-4.62291,48.60542],[-4.62458,48.60507],[-4.62547,48.60542],[-4.62434,48.60792],[-4.6257,48.60958],[-4.62542,48.61003],[-4.62375,48.6099],[-4.62042,48.61209],[-4.61792,48.61172],[-4.61708,48.61354],[-4.61542,48.61345],[-4.61458,48.61282],[-4.61292,48.6134],[-4.61042,48.61269],[-4.60838,48.61292],[-4.6145,48.61458],[-4.61404,48.61625],[-4.61208,48.61693],[-4.60542,48.61572],[-4.6051,48.61375],[-4.60292,48.61173],[-4.60125,48.61172],[-4.59958,48.61055],[-4.59708,48.61006],[-4.59542,48.60902],[-4.59292,48.60919],[-4.59125,48.61053],[-4.58542,48.60812],[-4.58542,48.60756],[-4.58732,48.60708],[-4.5873,48.60542],[-4.58625,48.60441],[-4.58458,48.60427],[-4.58313,48.60542],[-4.58292,48.60642],[-4.57375,48.60074],[-4.57042,48.60062],[-4.56875,48.59981],[-4.56375,48.59927],[-4.56306,48.59875],[-4.56375,48.59806],[-4.56792,48.59842],[-4.56792,48.59757],[-4.55845,48.59792],[-4.5595,48.59875],[-4.55771,48.60042],[-4.55998,48.60125],[-4.56021,48.60292],[-4.55958,48.60357],[-4.55875,48.60273],[-4.5553,48.60292],[-4.55833,48.60625],[-4.56042,48.60384],[-4.56218,48.60375],[-4.56157,48.60208],[-4.56208,48.60157],[-4.56625,48.60182],[-4.57125,48.60351],[-4.57125,48.60392],[-4.56875,48.60393],[-4.56747,48.60542],[-4.56792,48.60708],[-4.57083,48.60792],[-4.57292,48.61146],[-4.57458,48.61141],[-4.57458,48.60541],[-4.57926,48.60792],[-4.58375,48.61115],[-4.58678,48.61375],[-4.58659,48.61458],[-4.58367,48.61625],[-4.58378,48.61708],[-4.58288,48.61792],[-4.58375,48.61886],[-4.58708,48.62028],[-4.59042,48.61959],[-4.59115,48.62042],[-4.58921,48.62125],[-4.58931,48.62375],[-4.59042,48.62406],[-4.59125,48.62307],[-4.59187,48.62375],[-4.59078,48.62542],[-4.59458,48.62573],[-4.59625,48.62332],[-4.59763,48.62375],[-4.59766,48.62625],[-4.59542,48.62708],[-4.59208,48.62732],[-4.59125,48.62881],[-4.58949,48.62792],[-4.58875,48.62661],[-4.58792,48.62796],[-4.58591,48.62792],[-4.58803,48.63208],[-4.58784,48.63292],[-4.58708,48.63384],[-4.58263,48.63458],[-4.58292,48.63715],[-4.5807,48.63542],[-4.58094,48.63375],[-4.57875,48.63354],[-4.57792,48.63212],[-4.57699,48.63208],[-4.57708,48.63014],[-4.57625,48.6298],[-4.57542,48.63037],[-4.57484,48.62958],[-4.5756,48.62875],[-4.57542,48.62777],[-4.57458,48.62853],[-4.57292,48.62854],[-4.57208,48.62762],[-4.57087,48.62875],[-4.57192,48.62958],[-4.57125,48.63025],[-4.56993,48.63042],[-4.56993,48.63125],[-4.56792,48.63165],[-4.56694,48.63125],[-4.56792,48.63638],[-4.56625,48.63696],[-4.56542,48.63417],[-4.56375,48.63405],[-4.56337,48.63542],[-4.56208,48.63574],[-4.55912,48.63375],[-4.55875,48.6326],[-4.55625,48.63285],[-4.55542,48.63196],[-4.55427,48.63292],[-4.55542,48.63395],[-4.55292,48.6344],[-4.55125,48.63336],[-4.54958,48.63354],[-4.54929,48.63542],[-4.55011,48.63625],[-4.54963,48.63708],[-4.54734,48.63708],[-4.54798,48.63875],[-4.54708,48.63888],[-4.54542,48.63821],[-4.54178,48.63792],[-4.54542,48.63773],[-4.54616,48.63708],[-4.54458,48.63614],[-4.54375,48.63646],[-4.54077,48.63542],[-4.53958,48.63423],[-4.53708,48.63454],[-4.53625,48.63529],[-4.53375,48.63478],[-4.53208,48.63568],[-4.53175,48.63375],[-4.52875,48.63238],[-4.52708,48.6327],[-4.5256,48.63458],[-4.52208,48.6361],[-4.52182,48.63458],[-4.52292,48.63326],[-4.52418,48.63292],[-4.52458,48.6309],[-4.52042,48.63038],[-4.51875,48.62685],[-4.51208,48.62664],[-4.51125,48.62847],[-4.50958,48.62842],[-4.50875,48.62763],[-4.50625,48.6276],[-4.50399,48.62875],[-4.50375,48.62974],[-4.50125,48.62996],[-4.50058,48.62792],[-4.49792,48.62618],[-4.49208,48.62805],[-4.49042,48.62692],[-4.48125,48.62697],[-4.47708,48.62774],[-4.47375,48.62763],[-4.46708,48.62958],[-4.46391,48.63125],[-4.46223,48.63458],[-4.46248,48.63625],[-4.46168,48.63708],[-4.46208,48.63849],[-4.46292,48.63828],[-4.46335,48.63875],[-4.46292,48.64004],[-4.46208,48.63953],[-4.45958,48.63998],[-4.45792,48.64097],[-4.45542,48.64043],[-4.45292,48.64119],[-4.45311,48.64375],[-4.45125,48.64418],[-4.44958,48.64565],[-4.4466,48.64458],[-4.44958,48.64421],[-4.45008,48.64375],[-4.44895,48.64042],[-4.44792,48.64026],[-4.44625,48.64413],[-4.44542,48.64379],[-4.44458,48.64411],[-4.43895,48.64875],[-4.43915,48.65208],[-4.44042,48.65475],[-4.44375,48.654],[-4.4464,48.65458],[-4.44542,48.65803],[-4.442,48.65875],[-4.44292,48.66105],[-4.44458,48.66105],[-4.44507,48.65958],[-4.44542,48.65927],[-4.44614,48.65958],[-4.44542,48.66174],[-4.44208,48.66146],[-4.44042,48.66053],[-4.43958,48.6609],[-4.43792,48.65695],[-4.43542,48.65792],[-4.43669,48.65875],[-4.43643,48.66125],[-4.43458,48.66108],[-4.43375,48.65919],[-4.43292,48.65993],[-4.43299,48.65542],[-4.43458,48.65382],[-4.43542,48.65347],[-4.43625,48.6538],[-4.43737,48.65292],[-4.43767,48.65125],[-4.43708,48.65075],[-4.43375,48.65109],[-4.43308,48.65042],[-4.43292,48.64692],[-4.43125,48.647],[-4.43042,48.64608],[-4.42708,48.64616],[-4.42578,48.64542],[-4.42708,48.64861],[-4.42875,48.64907],[-4.43009,48.65042],[-4.43081,48.65708],[-4.43042,48.65819],[-4.42958,48.65844],[-4.42625,48.65657],[-4.42537,48.65708],[-4.42542,48.66104],[-4.42375,48.65879],[-4.42307,48.65958],[-4.42444,48.66125],[-4.42542,48.66147],[-4.42542,48.66301],[-4.42458,48.6622],[-4.42292,48.66209],[-4.42125,48.66007],[-4.41958,48.66286],[-4.41792,48.66315],[-4.41852,48.66208],[-4.41792,48.66077],[-4.41708,48.66149],[-4.41632,48.66125],[-4.41448,48.65792],[-4.41208,48.65745],[-4.40875,48.65763],[-4.40792,48.65876],[-4.40708,48.65813],[-4.40542,48.65789],[-4.40375,48.65895],[-4.40042,48.65838],[-4.39625,48.65906],[-4.39458,48.66021],[-4.39436,48.66125],[-4.39625,48.66141],[-4.39733,48.66208],[-4.3973,48.66292],[-4.39625,48.66339],[-4.39458,48.6632],[-4.39292,48.66482],[-4.39208,48.66316],[-4.38958,48.66338],[-4.38921,48.66458],[-4.39042,48.66569],[-4.38708,48.66768],[-4.38367,48.66792],[-4.38322,48.66708],[-4.38375,48.66362],[-4.38125,48.66458],[-4.38042,48.66552],[-4.37792,48.6656],[-4.37542,48.66667],[-4.37485,48.66708],[-4.37625,48.66737],[-4.3766,48.66792],[-4.37645,48.66958],[-4.37708,48.67028],[-4.37818,48.67042],[-4.37792,48.67129],[-4.37625,48.67159],[-4.37542,48.67282],[-4.37458,48.67215],[-4.37292,48.67331],[-4.37256,48.67125],[-4.37125,48.671],[-4.37042,48.67023],[-4.36708,48.67095],[-4.36625,48.67354],[-4.36458,48.67459],[-4.36208,48.67423],[-4.35833,48.67708],[-4.35625,48.67755],[-4.35542,48.67707],[-4.35458,48.67773],[-4.34792,48.67792],[-4.34708,48.6786],[-4.34625,48.67838],[-4.34542,48.67976],[-4.34458,48.67872],[-4.34292,48.6789],[-4.34227,48.67958],[-4.3425,48.68208],[-4.34125,48.68262],[-4.34042,48.6815],[-4.33958,48.68156],[-4.33875,48.67856],[-4.33838,48.67958],[-4.33708,48.68023],[-4.33458,48.68094],[-4.33386,48.68042],[-4.33356,48.67958],[-4.33459,48.67875],[-4.33333,48.67792],[-4.33375,48.67731],[-4.33646,48.67708],[-4.33542,48.67656],[-4.33125,48.67656],[-4.32958,48.67574],[-4.32852,48.67625],[-4.32801,48.67792],[-4.32875,48.67851],[-4.33321,48.67875],[-4.33042,48.67926],[-4.32875,48.68051],[-4.32748,48.67958],[-4.32708,48.67786],[-4.32542,48.67809],[-4.32497,48.67958],[-4.32375,48.68009],[-4.32057,48.67875],[-4.31958,48.67557],[-4.31792,48.6766],[-4.31458,48.67598],[-4.31375,48.67769],[-4.31042,48.67715],[-4.30875,48.67806],[-4.30792,48.67702],[-4.30795,48.67958],[-4.30708,48.67921],[-4.30458,48.67972],[-4.30567,48.67875],[-4.30542,48.677],[-4.30709,48.67625],[-4.30501,48.67458],[-4.30375,48.67427],[-4.30208,48.67499],[-4.30125,48.67482],[-4.29958,48.67294],[-4.29792,48.67262],[-4.29589,48.67292],[-4.29542,48.67452],[-4.29208,48.67273],[-4.29125,48.67166],[-4.29042,48.67222],[-4.28958,48.67209],[-4.28958,48.67125],[-4.28792,48.67145],[-4.28625,48.6725],[-4.28541,48.67208],[-4.28564,48.67042],[-4.28458,48.66932],[-4.28261,48.66958],[-4.28292,48.67381],[-4.28208,48.67408],[-4.27958,48.67312],[-4.27792,48.67453],[-4.27644,48.67375],[-4.27606,48.67292],[-4.27721,48.67042],[-4.27634,48.66875],[-4.27458,48.66811],[-4.27292,48.66907],[-4.26958,48.66898],[-4.26869,48.66792],[-4.26875,48.66669],[-4.26708,48.66536],[-4.26624,48.66625],[-4.26708,48.66629],[-4.26767,48.66708],[-4.26542,48.6679],[-4.26458,48.66765],[-4.26198,48.66542],[-4.26125,48.66381],[-4.25958,48.66353],[-4.25927,48.66042],[-4.25751,48.65875],[-4.25542,48.65852],[-4.25511,48.65708],[-4.25458,48.65643],[-4.25375,48.65671],[-4.25208,48.6536],[-4.25042,48.65346],[-4.24958,48.65402],[-4.24441,48.65292],[-4.24042,48.65281],[-4.23692,48.65375],[-4.23482,48.66042],[-4.23375,48.66065],[-4.23292,48.66209],[-4.23042,48.66326],[-4.22458,48.6628],[-4.22103,48.66375],[-4.22,48.66458],[-4.21991,48.66708],[-4.21816,48.66875],[-4.21458,48.66991],[-4.20958,48.67263],[-4.21008,48.67458],[-4.20875,48.67551],[-4.20708,48.67571],[-4.2035,48.67875],[-4.20458,48.67909],[-4.20542,48.67816],[-4.20719,48.67875],[-4.2063,48.67958],[-4.20606,48.68125],[-4.20208,48.68139],[-4.20125,48.67992],[-4.20042,48.67989],[-4.19625,48.68504],[-4.19458,48.68557],[-4.19292,48.68524],[-4.19208,48.68557],[-4.19125,48.68507],[-4.19042,48.68734],[-4.18792,48.68846],[-4.18292,48.68914],[-4.18042,48.68818],[-4.17958,48.68932],[-4.17708,48.68839],[-4.17542,48.69016],[-4.17375,48.69017],[-4.17042,48.69219],[-4.16958,48.69176],[-4.16875,48.69199],[-4.16708,48.6933],[-4.16542,48.69328],[-4.16458,48.69396],[-4.16208,48.69454],[-4.16042,48.69422],[-4.16157,48.69625],[-4.16094,48.69792],[-4.15875,48.69917],[-4.15792,48.69883],[-4.15458,48.70138],[-4.15208,48.69881],[-4.14958,48.69969],[-4.14625,48.69629],[-4.14458,48.69682],[-4.14392,48.69625],[-4.14475,48.69542],[-4.14208,48.69476],[-4.13662,48.69542],[-4.13548,48.69708],[-4.13578,48.69875],[-4.13292,48.69965],[-4.13216,48.69958],[-4.13292,48.6995],[-4.13329,48.69875],[-4.13292,48.69686],[-4.13208,48.69957],[-4.13042,48.69902],[-4.12792,48.69715],[-4.12625,48.69671],[-4.12273,48.69792],[-4.12042,48.69805],[-4.11875,48.69671],[-4.11208,48.69742],[-4.10542,48.69536],[-4.10208,48.69574],[-4.10042,48.6968],[-4.09875,48.69704],[-4.09715,48.69625],[-4.09958,48.69577],[-4.09974,48.69458],[-4.09792,48.69427],[-4.09708,48.69549],[-4.09542,48.69392],[-4.09458,48.69404],[-4.09292,48.69311],[-4.09125,48.69342],[-4.08875,48.69306],[-4.08747,48.69375],[-4.08625,48.69545],[-4.08458,48.6948],[-4.07958,48.69481],[-4.07792,48.69323],[-4.07042,48.6916],[-4.06766,48.69292],[-4.06625,48.69521],[-4.06584,48.69292],[-4.06458,48.69271],[-4.06434,48.69458],[-4.06592,48.69542],[-4.06556,48.69875],[-4.06792,48.70035],[-4.06763,48.70208],[-4.06992,48.70375],[-4.06958,48.70414],[-4.06708,48.70433],[-4.06625,48.70349],[-4.06292,48.70361],[-4.06208,48.70276],[-4.05958,48.70291],[-4.05868,48.70458],[-4.05933,48.70625],[-4.05958,48.70664],[-4.06042,48.70468],[-4.06208,48.70468],[-4.06292,48.70645],[-4.07125,48.7064],[-4.07208,48.70478],[-4.07411,48.70542],[-4.07375,48.70704],[-4.07208,48.70798],[-4.06875,48.70752],[-4.0669,48.70792],[-4.06587,48.70875],[-4.06542,48.71159],[-4.06458,48.71191],[-4.06439,48.70875],[-4.06208,48.70779],[-4.05792,48.70764],[-4.05427,48.70875],[-4.0526,48.70958],[-4.05292,48.71042],[-4.05125,48.71049],[-4.05042,48.71158],[-4.04958,48.71167],[-4.04875,48.71075],[-4.04708,48.71098],[-4.0456,48.71208],[-4.04694,48.71292],[-4.04625,48.71593],[-4.04375,48.71593],[-4.0417,48.71708],[-4.04125,48.71902],[-4.04113,48.71708],[-4.03958,48.71667],[-4.03708,48.71682],[-4.03625,48.71755],[-4.03375,48.71758],[-4.03292,48.71964],[-4.03125,48.71916],[-4.02973,48.71958],[-4.03045,48.72042],[-4.02879,48.72042],[-4.02958,48.71867],[-4.02792,48.71948],[-4.02458,48.7187],[-4.02125,48.71964],[-4.02065,48.72042],[-4.02124,48.72458],[-4.02042,48.72522],[-4.01869,48.72542],[-4.02003,48.72625],[-4.01958,48.72905],[-4.0184,48.72875],[-4.01722,48.72625],[-4.01625,48.72625],[-4.01654,48.72958],[-4.01542,48.73085],[-4.01458,48.73084],[-4.01292,48.72951],[-4.0122,48.72958],[-4.01125,48.73212],[-4.00625,48.73251],[-4.00458,48.73216],[-4.00375,48.73256],[-4.00208,48.73161],[-4.00125,48.73188],[-4.00078,48.72958],[-3.99958,48.72931],[-3.99875,48.73304],[-3.99792,48.73358],[-3.99625,48.73318],[-3.9953,48.73375],[-3.99611,48.73542],[-3.99464,48.73625],[-3.99542,48.73723],[-4.00375,48.73786],[-4.00958,48.73768],[-4.01042,48.73825],[-4.01375,48.73835],[-4.01458,48.73979],[-4.01625,48.73999],[-4.01819,48.73958],[-4.01792,48.73758],[-4.01875,48.73834],[-4.01958,48.73834],[-4.02042,48.73989],[-4.02542,48.74007],[-4.02625,48.73866],[-4.02875,48.74021],[-4.02958,48.73942],[-4.03208,48.73997],[-4.03375,48.73904],[-4.03458,48.7391],[-4.03792,48.74036],[-4.03849,48.74125],[-4.03924,48.74292],[-4.03792,48.74437],[-4.03728,48.74375],[-4.03771,48.74208],[-4.03708,48.74157],[-4.03542,48.74174],[-4.03458,48.74077],[-4.03018,48.74208],[-4.03087,48.74375],[-4.03042,48.74602],[-4.02958,48.74697],[-4.02792,48.74744],[-4.02042,48.74761],[-4.01042,48.74708],[-4.00708,48.74765],[-4.00125,48.74768],[-4.00125,48.74806],[-4.00292,48.74803],[-4.00359,48.74958],[-4.00458,48.74968],[-4.00532,48.75042],[-4.00542,48.75312],[-4.01292,48.75304],[-4.01375,48.75217],[-4.01792,48.75225],[-4.01875,48.75313],[-4.02208,48.75304],[-4.02292,48.75217],[-4.02389,48.75208],[-4.02542,48.74884],[-4.02625,48.74971],[-4.02792,48.74974],[-4.02875,48.74888],[-4.03208,48.74891],[-4.03218,48.74708],[-4.03292,48.74634],[-4.03375,48.74637],[-4.03447,48.74708],[-4.03458,48.74806],[-4.03708,48.74804],[-4.03792,48.74636],[-4.03875,48.74645],[-4.03958,48.74559],[-4.04071,48.74542],[-4.03906,48.74458],[-4.04042,48.74377],[-4.04267,48.74458],[-4.04292,48.74564],[-4.04625,48.74556],[-4.04818,48.74625],[-4.04542,48.74799],[-4.04125,48.74759],[-4.04042,48.74798],[-4.03954,48.74958],[-4.04125,48.751],[-4.04355,48.75125],[-4.04255,48.75208],[-4.03914,48.75292],[-4.03958,48.75393],[-4.03042,48.7509],[-4.02792,48.7524],[-4.02625,48.75262],[-4.02708,48.75405],[-4.0289,48.75458],[-4.02781,48.75625],[-4.02958,48.75767],[-4.0298,48.75958],[-4.0276,48.76208],[-4.02625,48.76236],[-4.02524,48.76208],[-4.02392,48.76042],[-4.02383,48.75625],[-4.02208,48.75543],[-4.02125,48.75572],[-4.02122,48.75792],[-4.02042,48.75821],[-4.01858,48.75792],[-4.01792,48.75684],[-4.01732,48.75708],[-4.01755,48.75875],[-4.01625,48.75962],[-4.01358,48.75958],[-4.01292,48.7589],[-4.01181,48.75958],[-4.01042,48.75961],[-4.00708,48.75731],[-4.00651,48.75875],[-4.00542,48.75892],[-4.00386,48.75458],[-4.00292,48.75392],[-4.00208,48.7543],[-4.0026,48.75542],[-4.00217,48.75625],[-4.00042,48.7565],[-3.99875,48.75567],[-3.99792,48.75441],[-3.99448,48.75375],[-3.99375,48.75239],[-3.99164,48.75125],[-3.99375,48.75053],[-3.99458,48.7514],[-3.99542,48.75141],[-3.99664,48.75042],[-3.99542,48.74924],[-3.99011,48.74958],[-3.99081,48.75208],[-3.98625,48.75403],[-3.98453,48.75375],[-3.98402,48.75208],[-3.98458,48.75117],[-3.98756,48.75042],[-3.98708,48.74999],[-3.98458,48.75004],[-3.98375,48.7476],[-3.98292,48.75077],[-3.98042,48.75084],[-3.97936,48.75042],[-3.98236,48.74792],[-3.97958,48.74773],[-3.97821,48.74708],[-3.97894,48.74625],[-3.97834,48.74375],[-3.97625,48.74179],[-3.97542,48.7397],[-3.97458,48.74062],[-3.97292,48.74042],[-3.97269,48.73875],[-3.9696,48.73792],[-3.97171,48.73625],[-3.9717,48.73458],[-3.97125,48.7339],[-3.96908,48.73375],[-3.96917,48.73292],[-3.97042,48.73239],[-3.97208,48.73337],[-3.97542,48.73455],[-3.97738,48.73458],[-3.97958,48.73572],[-3.98375,48.73555],[-3.98792,48.73427],[-3.99125,48.73553],[-3.99208,48.7365],[-3.99455,48.73625],[-3.99299,48.73458],[-3.9933,48.73375],[-3.99208,48.73275],[-3.98625,48.73356],[-3.98375,48.73262],[-3.98208,48.73291],[-3.97958,48.73167],[-3.97625,48.73149],[-3.97292,48.73008],[-3.96936,48.72958],[-3.96958,48.72901],[-3.97097,48.72875],[-3.96958,48.72865],[-3.969,48.72792],[-3.97069,48.72708],[-3.96907,48.72292],[-3.96898,48.71458],[-3.96875,48.71389],[-3.96792,48.71491],[-3.96645,48.71375],[-3.96742,48.71208],[-3.96574,48.70958],[-3.96627,48.70792],[-3.96491,48.70708],[-3.96489,48.70292],[-3.95875,48.70227],[-3.95625,48.70401],[-3.95542,48.70404],[-3.95497,48.70208],[-3.95629,48.70042],[-3.95542,48.69988],[-3.95292,48.70106],[-3.95125,48.70021],[-3.94846,48.70125],[-3.94814,48.70042],[-3.94932,48.69792],[-3.94708,48.69624],[-3.94599,48.69458],[-3.94506,48.68625],[-3.94458,48.68544],[-3.94125,48.68595],[-3.94097,48.68375],[-3.93773,48.67708],[-3.93756,48.67458],[-3.94042,48.66738],[-3.94071,48.66875],[-3.94227,48.66875],[-3.94228,48.66708],[-3.9412,48.66625],[-3.9425,48.66375],[-3.94208,48.66345],[-3.94152,48.66375],[-3.93765,48.66708],[-3.93336,48.67625],[-3.93615,48.68708],[-3.93866,48.69125],[-3.93903,48.69458],[-3.93875,48.6956],[-3.93656,48.69708],[-3.93503,48.69958],[-3.93689,48.70208],[-3.93625,48.70447],[-3.93458,48.70391],[-3.93292,48.70405],[-3.92958,48.70294],[-3.92875,48.70186],[-3.92708,48.70197],[-3.92625,48.70147],[-3.92875,48.69987],[-3.93079,48.69958],[-3.93042,48.69923],[-3.92708,48.69918],[-3.92542,48.70081],[-3.92371,48.70042],[-3.92375,48.69934],[-3.92542,48.69895],[-3.92639,48.69792],[-3.92644,48.69625],[-3.92549,48.69542],[-3.92625,48.69466],[-3.92708,48.6956],[-3.92792,48.6956],[-3.92892,48.69375],[-3.92893,48.69125],[-3.92708,48.69114],[-3.92554,48.68958],[-3.92542,48.68819],[-3.92396,48.68625],[-3.92383,48.68375],[-3.92217,48.68292],[-3.92458,48.68139],[-3.92625,48.68221],[-3.92625,48.67942],[-3.92458,48.67939],[-3.92375,48.67854],[-3.92292,48.67855],[-3.92104,48.67958],[-3.92109,48.68125],[-3.92197,48.68208],[-3.92125,48.68281],[-3.91759,48.68292],[-3.91854,48.68625],[-3.92021,48.68708],[-3.91958,48.68843],[-3.91839,48.68875],[-3.91792,48.69083],[-3.91625,48.68803],[-3.91542,48.68752],[-3.91322,48.68792],[-3.91501,48.68125],[-3.91544,48.68042],[-3.91708,48.67986],[-3.91708,48.6792],[-3.91562,48.67958],[-3.91542,48.68038],[-3.91292,48.67915],[-3.91042,48.67901],[-3.90895,48.67542],[-3.90708,48.67458],[-3.90458,48.67433],[-3.90375,48.67502],[-3.90125,48.67449],[-3.89958,48.67531],[-3.89625,48.67421],[-3.89559,48.67292],[-3.89625,48.67142],[-3.89792,48.67422],[-3.89974,48.67375],[-3.89822,48.67042],[-3.89834,48.66375],[-3.89767,48.66375],[-3.89708,48.66517],[-3.89542,48.66515],[-3.89458,48.66599],[-3.89375,48.66599],[-3.89292,48.66505],[-3.89208,48.66494],[-3.89125,48.66566],[-3.89044,48.66542],[-3.89042,48.66136],[-3.88625,48.66054],[-3.88544,48.65625],[-3.88458,48.65545],[-3.88375,48.65513],[-3.88292,48.65551],[-3.88171,48.65458],[-3.87958,48.65113],[-3.87902,48.65458],[-3.88087,48.65875],[-3.88042,48.65989],[-3.87845,48.65958],[-3.87275,48.65458],[-3.86958,48.6495],[-3.86542,48.64523],[-3.86125,48.64203],[-3.86042,48.64038],[-3.85875,48.63901],[-3.85799,48.63958],[-3.85826,48.64125],[-3.86017,48.64292],[-3.86425,48.64958],[-3.86745,48.65708],[-3.87241,48.66292],[-3.87057,48.66458],[-3.87068,48.66625],[-3.87125,48.66676],[-3.87208,48.66665],[-3.87273,48.66542],[-3.87375,48.665],[-3.87554,48.66625],[-3.87542,48.66732],[-3.87375,48.66705],[-3.87263,48.66792],[-3.87292,48.66875],[-3.87542,48.66914],[-3.87615,48.67042],[-3.87458,48.67049],[-3.87414,48.67292],[-3.87458,48.67343],[-3.87588,48.67292],[-3.87625,48.67051],[-3.87725,48.67208],[-3.87686,48.67375],[-3.87292,48.67832],[-3.87042,48.67853],[-3.86987,48.67792],[-3.87241,48.67708],[-3.87208,48.67496],[-3.87042,48.6751],[-3.86958,48.67597],[-3.86708,48.67513],[-3.86625,48.67605],[-3.86375,48.67436],[-3.86269,48.67458],[-3.86208,48.67715],[-3.86125,48.67696],[-3.85958,48.67757],[-3.85708,48.67677],[-3.85542,48.67732],[-3.85443,48.67875],[-3.85455,48.68208],[-3.8526,48.68375],[-3.85208,48.68542],[-3.85375,48.68693],[-3.85458,48.68553],[-3.8559,48.68542],[-3.85593,48.68458],[-3.85477,48.68375],[-3.85542,48.68245],[-3.85625,48.68279],[-3.85702,48.68375],[-3.85767,48.68875],[-3.85899,48.68958],[-3.86,48.69208],[-3.85958,48.69311],[-3.85888,48.69208],[-3.85792,48.69181],[-3.85657,48.69208],[-3.85587,48.69292],[-3.85745,48.69458],[-3.85789,48.69625],[-3.85458,48.69939],[-3.85125,48.69837],[-3.84958,48.69885],[-3.84792,48.69798],[-3.84375,48.69808],[-3.84243,48.69958],[-3.84263,48.70208],[-3.84325,48.70375],[-3.84504,48.70458],[-3.8466,48.70625],[-3.84292,48.70832],[-3.83792,48.70897],[-3.83744,48.71042],[-3.83792,48.71088],[-3.83943,48.71042],[-3.83958,48.70905],[-3.84029,48.71208],[-3.83792,48.71219],[-3.83708,48.7111],[-3.83625,48.71117],[-3.83413,48.71208],[-3.83333,48.71375],[-3.83125,48.71542],[-3.82792,48.71587],[-3.82488,48.71292],[-3.82625,48.71132],[-3.82875,48.71142],[-3.82925,48.71208],[-3.82818,48.71292],[-3.82958,48.71324],[-3.83042,48.71527],[-3.83125,48.71331],[-3.83271,48.71292],[-3.83065,48.71208],[-3.83125,48.71143],[-3.83292,48.71169],[-3.83375,48.71067],[-3.83458,48.71084],[-3.83488,48.70875],[-3.83388,48.70875],[-3.83208,48.7099],[-3.82875,48.71054],[-3.82792,48.71113],[-3.82542,48.71105],[-3.82375,48.71236],[-3.82208,48.71198],[-3.82203,48.71292],[-3.82458,48.71507],[-3.8249,48.71625],[-3.82125,48.7172],[-3.82042,48.71663],[-3.81958,48.71675],[-3.81875,48.71829],[-3.81708,48.71829],[-3.81708,48.71888],[-3.81875,48.71892],[-3.8198,48.71958],[-3.81792,48.7216],[-3.81292,48.72132],[-3.81125,48.72217],[-3.80875,48.72149],[-3.80821,48.72042],[-3.81208,48.7188],[-3.81292,48.71968],[-3.81293,48.71875],[-3.81208,48.71874],[-3.80792,48.71485],[-3.80542,48.71371],[-3.80292,48.71364],[-3.80042,48.71448],[-3.79958,48.71354],[-3.79792,48.71341],[-3.79708,48.71198],[-3.79958,48.71236],[-3.80042,48.71331],[-3.80125,48.71237],[-3.8029,48.71208],[-3.80225,48.71042],[-3.79792,48.71031],[-3.79708,48.71088],[-3.79375,48.70996],[-3.79331,48.70958],[-3.7946,48.70792],[-3.79371,48.70708],[-3.79386,48.70625],[-3.79208,48.70608],[-3.79042,48.70526],[-3.78542,48.70453],[-3.78292,48.70482],[-3.7816,48.70625],[-3.78154,48.70958],[-3.77958,48.71008],[-3.77708,48.7074],[-3.77542,48.70755],[-3.7759,48.70625],[-3.77542,48.70499],[-3.77292,48.70611],[-3.72958,48.70619],[-3.73042,48.70642],[-3.73125,48.70787],[-3.73208,48.70793],[-3.72792,48.70752],[-3.72458,48.70847],[-3.72146,48.70792],[-3.72087,48.70708],[-3.72542,48.70619],[-3.72125,48.70596],[-3.72042,48.70668],[-3.71958,48.70603],[-3.71708,48.70562],[-3.7168,48.70458],[-3.71542,48.70424],[-3.71496,48.70375],[-3.71625,48.70114],[-3.71292,48.69969],[-3.70875,48.6997],[-3.70812,48.69792],[-3.70625,48.69787],[-3.70493,48.69625],[-3.70292,48.69511],[-3.69958,48.69414],[-3.68792,48.69277],[-3.68708,48.69178],[-3.68485,48.69125],[-3.68571,48.69042],[-3.68542,48.6895],[-3.68419,48.68958],[-3.6849,48.69042],[-3.68458,48.69106],[-3.68375,48.69009],[-3.68125,48.68989],[-3.67458,48.69163],[-3.67208,48.6917],[-3.66751,48.69375],[-3.66505,48.69625],[-3.66643,48.69708],[-3.66662,48.69958],[-3.66778,48.70042],[-3.66791,48.70125],[-3.66708,48.70175],[-3.66208,48.70067],[-3.66308,48.69875],[-3.66042,48.69708],[-3.65542,48.69804],[-3.65375,48.69742],[-3.64625,48.69805],[-3.64208,48.70046],[-3.63981,48.69958],[-3.64018,48.69542],[-3.63845,48.68958],[-3.63708,48.6882],[-3.63375,48.68655],[-3.62875,48.68567],[-3.62375,48.68776],[-3.62143,48.68792],[-3.62129,48.68708],[-3.62208,48.68655],[-3.62458,48.68664],[-3.62542,48.68555],[-3.62625,48.68579],[-3.62638,48.68542],[-3.62208,48.68529],[-3.62125,48.68623],[-3.62042,48.68516],[-3.61958,48.68608],[-3.61792,48.6861],[-3.61721,48.68458],[-3.61792,48.68386],[-3.61901,48.68375],[-3.61875,48.68116],[-3.61458,48.68093],[-3.61431,48.68292],[-3.61375,48.68346],[-3.61292,48.68263],[-3.61208,48.6842],[-3.60042,48.68368],[-3.59792,48.6842],[-3.59534,48.68542],[-3.59208,48.68853],[-3.58708,48.68945],[-3.58592,48.69208],[-3.58369,48.69292],[-3.581,48.69958],[-3.58241,48.70042],[-3.58266,48.70292],[-3.58497,48.70625],[-3.5838,48.70875],[-3.58414,48.71125],[-3.58352,48.71292],[-3.584,48.71458],[-3.58542,48.71523],[-3.58608,48.71625],[-3.5854,48.72042],[-3.58629,48.72125],[-3.5863,48.72292],[-3.58542,48.72303],[-3.58518,48.72458],[-3.58792,48.72486],[-3.58875,48.72411],[-3.58958,48.72414],[-3.59114,48.72542],[-3.58958,48.72665],[-3.58792,48.72649],[-3.58458,48.72758],[-3.58125,48.72752],[-3.58023,48.72792],[-3.58042,48.72897],[-3.58292,48.72914],[-3.58375,48.72822],[-3.5841,48.72958],[-3.5868,48.73125],[-3.58644,48.73292],[-3.58458,48.73335],[-3.58238,48.73125],[-3.57625,48.73017],[-3.57458,48.72844],[-3.57375,48.7283],[-3.57039,48.72875],[-3.56542,48.73084],[-3.56208,48.73109],[-3.56125,48.73187],[-3.55958,48.73145],[-3.55594,48.73375],[-3.5533,48.73792],[-3.55418,48.74125],[-3.55366,48.74458],[-3.55558,48.74625],[-3.55875,48.75161],[-3.55868,48.75292],[-3.56052,48.75292],[-3.56042,48.75464],[-3.56375,48.7556],[-3.56806,48.75792],[-3.57436,48.75792],[-3.57542,48.75669],[-3.57792,48.75664],[-3.57958,48.75722],[-3.58042,48.75546],[-3.58125,48.75667],[-3.58367,48.75708],[-3.58398,48.75792],[-3.58467,48.75792],[-3.58542,48.75694],[-3.58625,48.75671],[-3.58675,48.75708],[-3.58707,48.75792],[-3.58596,48.76042],[-3.58194,48.76208],[-3.5826,48.76375],[-3.58684,48.76625],[-3.58611,48.76708],[-3.5875,48.76875],[-3.58792,48.77083],[-3.58894,48.76958],[-3.58875,48.76649],[-3.58958,48.76728],[-3.59125,48.76734],[-3.59292,48.77013],[-3.59458,48.77003],[-3.59458,48.77095],[-3.59199,48.77125],[-3.5933,48.77542],[-3.59208,48.77713],[-3.59037,48.77708],[-3.59034,48.77792],[-3.59125,48.7789],[-3.59208,48.77858],[-3.59458,48.7792],[-3.59542,48.77991],[-3.59708,48.77988],[-3.59767,48.78042],[-3.59542,48.78414],[-3.5929,48.78458],[-3.59235,48.78542],[-3.59292,48.78776],[-3.59471,48.78875],[-3.59493,48.79042],[-3.59375,48.79084],[-3.59351,48.79208],[-3.59492,48.79208],[-3.59542,48.79087],[-3.60042,48.79144],[-3.60177,48.79375],[-3.60542,48.79585],[-3.60708,48.796],[-3.60801,48.79708],[-3.60792,48.7983],[-3.60708,48.79777],[-3.60542,48.79855],[-3.60458,48.79818],[-3.60208,48.7985],[-3.60042,48.79588],[-3.59708,48.79591],[-3.59625,48.79685],[-3.59458,48.79526],[-3.59292,48.7953],[-3.59208,48.79435],[-3.59125,48.79525],[-3.58958,48.79521],[-3.58958,48.79637],[-3.59208,48.7964],[-3.59276,48.79792],[-3.59125,48.79996],[-3.58502,48.80042],[-3.58542,48.80208],[-3.58883,48.80292],[-3.58839,48.80625],[-3.58721,48.80792],[-3.58542,48.80812],[-3.58292,48.80764],[-3.58125,48.80855],[-3.57859,48.80875],[-3.5778,48.80958],[-3.57799,48.81042],[-3.57958,48.81302],[-3.57875,48.81377],[-3.57625,48.81372],[-3.5742,48.81292],[-3.57591,48.81208],[-3.57596,48.81125],[-3.57426,48.81042],[-3.57375,48.8091],[-3.57241,48.80958],[-3.57208,48.81086],[-3.57042,48.80995],[-3.56792,48.80999],[-3.56566,48.80875],[-3.56708,48.80826],[-3.56792,48.80726],[-3.57208,48.80733],[-3.57292,48.80634],[-3.57477,48.80625],[-3.57341,48.80375],[-3.57366,48.79958],[-3.57458,48.79866],[-3.57792,48.79824],[-3.57801,48.79625],[-3.57885,48.79542],[-3.57708,48.79529],[-3.57625,48.79445],[-3.57458,48.79615],[-3.57375,48.79532],[-3.57292,48.79532],[-3.57208,48.79532],[-3.57125,48.79615],[-3.56958,48.79616],[-3.56875,48.79616],[-3.56792,48.79533],[-3.56708,48.79616],[-3.56634,48.79542],[-3.56792,48.79383],[-3.57125,48.79384],[-3.57125,48.79323],[-3.56458,48.79329],[-3.56343,48.79542],[-3.56458,48.79635],[-3.56542,48.79635],[-3.56615,48.79792],[-3.56364,48.79958],[-3.56193,48.80292],[-3.56274,48.80625],[-3.56431,48.80708],[-3.56375,48.80824],[-3.56195,48.80875],[-3.56292,48.8089],[-3.56625,48.81168],[-3.56708,48.814],[-3.56867,48.81542],[-3.56921,48.81792],[-3.56792,48.81857],[-3.56375,48.81917],[-3.56081,48.82292],[-3.5613,48.82458],[-3.55958,48.82496],[-3.55875,48.8275],[-3.55542,48.82739],[-3.55375,48.82923],[-3.54958,48.83115],[-3.54708,48.83049],[-3.54458,48.83078],[-3.54042,48.82899],[-3.53625,48.82922],[-3.53504,48.82875],[-3.53458,48.82779],[-3.53292,48.82809],[-3.53208,48.82913],[-3.52958,48.83008],[-3.52875,48.83245],[-3.52821,48.83042],[-3.52708,48.83014],[-3.52684,48.83125],[-3.52542,48.83258],[-3.52401,48.83125],[-3.52399,48.83042],[-3.52565,48.82958],[-3.5256,48.82625],[-3.52458,48.82612],[-3.52386,48.82458],[-3.52469,48.82375],[-3.52469,48.82125],[-3.52542,48.82052],[-3.52625,48.8205],[-3.527,48.82125],[-3.52708,48.82303],[-3.53042,48.82303],[-3.53114,48.82375],[-3.52944,48.82542],[-3.53042,48.82732],[-3.53208,48.82744],[-3.53308,48.82542],[-3.53222,48.82458],[-3.53292,48.82389],[-3.53458,48.82394],[-3.53542,48.82486],[-3.53625,48.8249],[-3.53792,48.82478],[-3.53875,48.82396],[-3.54292,48.82392],[-3.54375,48.82494],[-3.54458,48.82493],[-3.54486,48.82208],[-3.54125,48.82189],[-3.5406,48.82042],[-3.53958,48.82032],[-3.53885,48.81958],[-3.53958,48.81885],[-3.54056,48.81875],[-3.54042,48.81836],[-3.52292,48.81849],[-3.52232,48.81875],[-3.52283,48.82042],[-3.52161,48.82542],[-3.51843,48.82708],[-3.51843,48.83208],[-3.51958,48.83224],[-3.5197,48.83042],[-3.52042,48.82971],[-3.52208,48.83244],[-3.52375,48.83245],[-3.52491,48.83375],[-3.52458,48.83804],[-3.52292,48.83759],[-3.52174,48.83792],[-3.51984,48.84042],[-3.51875,48.84059],[-3.51792,48.84016],[-3.51574,48.84042],[-3.51657,48.83875],[-3.51542,48.8374],[-3.51406,48.83792],[-3.51375,48.83917],[-3.51208,48.83886],[-3.51125,48.83815],[-3.5114,48.84125],[-3.50958,48.84261],[-3.50853,48.84208],[-3.50935,48.83708],[-3.50875,48.83658],[-3.50792,48.83683],[-3.50764,48.83792],[-3.50625,48.83851],[-3.50542,48.84002],[-3.50487,48.83792],[-3.50792,48.83552],[-3.51125,48.83542],[-3.50814,48.83458],[-3.50542,48.83276],[-3.50375,48.83273],[-3.50292,48.83357],[-3.50208,48.83357],[-3.50042,48.83592],[-3.49958,48.83588],[-3.49875,48.83663],[-3.49708,48.83662],[-3.49668,48.83708],[-3.49875,48.83754],[-3.49958,48.83851],[-3.50125,48.83855],[-3.50125,48.839],[-3.49958,48.83962],[-3.49875,48.83909],[-3.49625,48.83961],[-3.49375,48.83688],[-3.49292,48.83405],[-3.49125,48.83403],[-3.49043,48.83458],[-3.49042,48.83548],[-3.48792,48.83349],[-3.48542,48.83264],[-3.48125,48.83458],[-3.47458,48.8318],[-3.47375,48.83254],[-3.47292,48.83249],[-3.47243,48.83208],[-3.47338,48.83125],[-3.47193,48.83042],[-3.47125,48.82851],[-3.46958,48.82784],[-3.46875,48.82931],[-3.46792,48.8293],[-3.46708,48.82542],[-3.46375,48.82381],[-3.46208,48.82118],[-3.46022,48.82125],[-3.46042,48.81858],[-3.45875,48.81853],[-3.45792,48.81932],[-3.45625,48.81837],[-3.45208,48.81846],[-3.44875,48.81965],[-3.44458,48.81991],[-3.44201,48.82208],[-3.44042,48.82228],[-3.43708,48.82085],[-3.43708,48.82009],[-3.44042,48.82032],[-3.44208,48.82],[-3.44292,48.81904],[-3.44625,48.81945],[-3.44658,48.81875],[-3.43542,48.81852],[-3.43208,48.81532],[-3.43125,48.81353],[-3.43042,48.81348],[-3.43013,48.81458],[-3.42875,48.81571],[-3.42625,48.81587],[-3.42542,48.81657],[-3.42291,48.81208],[-3.41875,48.81015],[-3.41707,48.81042],[-3.41806,48.81292],[-3.41708,48.81406],[-3.41542,48.81438],[-3.41458,48.81407],[-3.41375,48.81211],[-3.41125,48.81187],[-3.40958,48.81445],[-3.40792,48.81501],[-3.40601,48.81458],[-3.40438,48.81208],[-3.40042,48.81123],[-3.39792,48.81141],[-3.39604,48.81375],[-3.39607,48.81875],[-3.39178,48.82042],[-3.38901,48.82708],[-3.38708,48.82772],[-3.38625,48.82707],[-3.38292,48.82792],[-3.38229,48.83125],[-3.37958,48.83176],[-3.37792,48.83366],[-3.37125,48.8306],[-3.36875,48.83131],[-3.36708,48.8308],[-3.3637,48.82708],[-3.36208,48.82396],[-3.35875,48.82445],[-3.35792,48.82334],[-3.35532,48.82542],[-3.35625,48.8266],[-3.35708,48.82673],[-3.35792,48.82577],[-3.35848,48.82625],[-3.35627,48.82875],[-3.35292,48.82937],[-3.35042,48.83116],[-3.34792,48.8316],[-3.34458,48.83517],[-3.34125,48.83521],[-3.33857,48.83958],[-3.33625,48.8419],[-3.32903,48.84542],[-3.32625,48.84766],[-3.32208,48.84701],[-3.32138,48.84625],[-3.32208,48.84483],[-3.32375,48.84482],[-3.32458,48.84577],[-3.32573,48.84542],[-3.32542,48.84433],[-3.32385,48.84375],[-3.32375,48.84285],[-3.32285,48.84292],[-3.32208,48.84435],[-3.31875,48.84401],[-3.31749,48.84042],[-3.31292,48.83879],[-3.31103,48.84042],[-3.31406,48.84625],[-3.31268,48.84708],[-3.31267,48.84792],[-3.31538,48.84875],[-3.31599,48.85042],[-3.31375,48.8547],[-3.31125,48.85637],[-3.30625,48.8563],[-3.30375,48.85537],[-3.30184,48.85542],[-3.30063,48.85375],[-3.29958,48.85335],[-3.29849,48.85375],[-3.29836,48.85542],[-3.29708,48.85661],[-3.29125,48.85462],[-3.28971,48.85292],[-3.29125,48.8523],[-3.29217,48.85042],[-3.29134,48.84958],[-3.29131,48.84708],[-3.28875,48.847],[-3.28792,48.84615],[-3.28458,48.84613],[-3.28387,48.84458],[-3.28218,48.84375],[-3.28301,48.84042],[-3.28375,48.83968],[-3.28458,48.84052],[-3.28625,48.84052],[-3.28625,48.83934],[-3.27875,48.83924],[-3.27778,48.83875],[-3.27708,48.83533],[-3.27042,48.8352],[-3.27111,48.84042],[-3.27375,48.84134],[-3.2745,48.84208],[-3.27533,48.84625],[-3.27695,48.84708],[-3.27708,48.84901],[-3.28042,48.84896],[-3.28125,48.84807],[-3.28208,48.84809],[-3.28292,48.84637],[-3.28708,48.84635],[-3.28782,48.84708],[-3.28857,48.84875],[-3.28766,48.84958],[-3.28943,48.85125],[-3.28708,48.85458],[-3.28542,48.85549],[-3.28375,48.85564],[-3.28292,48.85501],[-3.28042,48.85498],[-3.27947,48.85542],[-3.28029,48.85625],[-3.28292,48.85715],[-3.28458,48.86001],[-3.29125,48.86138],[-3.29248,48.86292],[-3.29202,48.86458],[-3.28708,48.86713],[-3.28458,48.86538],[-3.28042,48.86471],[-3.27875,48.86528],[-3.27792,48.86472],[-3.27625,48.86216],[-3.27482,48.86125],[-3.27415,48.85792],[-3.2741,48.85625],[-3.276,48.85375],[-3.27625,48.85208],[-3.27042,48.8493],[-3.26708,48.85524],[-3.26375,48.85689],[-3.26208,48.86109],[-3.26042,48.86123],[-3.25792,48.86284],[-3.25458,48.86256],[-3.25079,48.86625],[-3.24875,48.86714],[-3.24125,48.86743],[-3.23958,48.86693],[-3.23792,48.86516],[-3.23405,48.86542],[-3.23237,48.86708],[-3.23375,48.86723],[-3.23458,48.8691],[-3.23486,48.86708],[-3.23625,48.86651],[-3.23739,48.86792],[-3.23625,48.86979],[-3.23458,48.87102],[-3.22875,48.87232],[-3.22708,48.8742],[-3.22625,48.87403],[-3.22375,48.87588],[-3.22292,48.876],[-3.22042,48.87475],[-3.21875,48.87247],[-3.21708,48.87161],[-3.21208,48.87442],[-3.20875,48.87405],[-3.20666,48.87208],[-3.20721,48.86792],[-3.20625,48.86748],[-3.20458,48.87123],[-3.20458,48.87326],[-3.20375,48.87405],[-3.20125,48.87256],[-3.20083,48.87375],[-3.20375,48.87556],[-3.205,48.87708],[-3.20576,48.88375],[-3.20208,48.88761],[-3.20042,48.88788],[-3.19875,48.88674],[-3.19792,48.88672],[-3.19754,48.88708],[-3.19887,48.88875],[-3.19863,48.89042],[-3.19542,48.89244],[-3.19292,48.89195],[-3.19148,48.89042],[-3.19125,48.88708],[-3.19306,48.88458],[-3.19301,48.88292],[-3.19042,48.88176],[-3.18875,48.88216],[-3.18792,48.88185],[-3.18625,48.88042],[-3.18458,48.88061],[-3.18208,48.87942],[-3.18042,48.87952],[-3.17875,48.878],[-3.17708,48.87772],[-3.17542,48.87601],[-3.17208,48.87505],[-3.17075,48.87125],[-3.17458,48.8679],[-3.17875,48.86153],[-3.18292,48.85862],[-3.18292,48.85687],[-3.18208,48.85583],[-3.18125,48.85635],[-3.18125,48.85524],[-3.18375,48.85483],[-3.18708,48.85548],[-3.19106,48.85375],[-3.19516,48.84875],[-3.19792,48.84696],[-3.19958,48.84392],[-3.20026,48.84375],[-3.19958,48.84353],[-3.1986,48.84125],[-3.19915,48.83625],[-3.19958,48.83557],[-3.20042,48.83552],[-3.20125,48.83634],[-3.20283,48.83625],[-3.20259,48.83375],[-3.20042,48.8334],[-3.20008,48.83292],[-3.20174,48.83042],[-3.20208,48.82738],[-3.20292,48.8272],[-3.20375,48.82812],[-3.20625,48.8275],[-3.20653,48.81625],[-3.20708,48.81515],[-3.21051,48.81458],[-3.21079,48.80875],[-3.2124,48.80625],[-3.21208,48.80513],[-3.21125,48.80615],[-3.21042,48.8057],[-3.20977,48.80625],[-3.20922,48.81042],[-3.20875,48.81084],[-3.20792,48.80877],[-3.20451,48.81208],[-3.20458,48.8126],[-3.20568,48.81292],[-3.20528,48.81875],[-3.20405,48.81958],[-3.20445,48.82292],[-3.20375,48.82362],[-3.20295,48.82208],[-3.20374,48.81875],[-3.20323,48.81542],[-3.20448,48.81292],[-3.20375,48.81269],[-3.20208,48.81321],[-3.20086,48.81625],[-3.20203,48.81875],[-3.19993,48.82125],[-3.1998,48.82625],[-3.19778,48.83292],[-3.19454,48.83792],[-3.19481,48.84042],[-3.19353,48.84125],[-3.19125,48.8455],[-3.18625,48.84819],[-3.18375,48.8504],[-3.18292,48.85087],[-3.17958,48.85032],[-3.17375,48.8553],[-3.17125,48.8563],[-3.16958,48.85853],[-3.16708,48.85982],[-3.16542,48.85988],[-3.16208,48.86114],[-3.15792,48.86432],[-3.15458,48.86387],[-3.15042,48.86502],[-3.14542,48.8678],[-3.14208,48.86885],[-3.13958,48.86847],[-3.13708,48.86983],[-3.13458,48.86925],[-3.13125,48.87084],[-3.12765,48.87125],[-3.12208,48.87495],[-3.12042,48.87491],[-3.11945,48.87542],[-3.11792,48.87747],[-3.11625,48.87724],[-3.11565,48.87792],[-3.11563,48.88125],[-3.11708,48.88236],[-3.11958,48.88213],[-3.12208,48.88338],[-3.1233,48.88458],[-3.12292,48.8858],[-3.12,48.88542],[-3.11542,48.8832],[-3.11292,48.88333],[-3.10875,48.88488],[-3.10625,48.88417],[-3.10375,48.88664],[-3.10042,48.88865],[-3.09875,48.88901],[-3.09625,48.88844],[-3.09375,48.89088],[-3.08625,48.89354],[-3.08208,48.89601],[-3.07958,48.89531],[-3.07708,48.89557],[-3.07292,48.89713],[-3.07125,48.89682],[-3.06708,48.8974],[-3.06542,48.89912],[-3.06375,48.89921],[-3.06292,48.89975],[-3.05208,48.90028],[-3.05042,48.90063],[-3.04958,48.90145],[-3.04458,48.89974],[-3.04375,48.89691],[-3.04171,48.89625],[-3.04057,48.89375],[-3.03584,48.88958],[-3.03425,48.87958],[-3.03681,48.87542],[-3.03611,48.87292],[-3.03458,48.8719],[-3.03208,48.87405],[-3.02875,48.87499],[-3.0264,48.87125],[-3.02642,48.86958],[-3.0311,48.86458],[-3.03125,48.86326],[-3.03375,48.86299],[-3.03458,48.86465],[-3.03542,48.86298],[-3.03625,48.86298],[-3.03708,48.86464],[-3.03713,48.86375],[-3.03792,48.86296],[-3.03875,48.86298],[-3.03958,48.86129],[-3.04546,48.86125],[-3.04464,48.85958],[-3.04636,48.85792],[-3.04625,48.85507],[-3.04292,48.8548],[-3.04231,48.85542],[-3.04268,48.85708],[-3.04367,48.85792],[-3.04292,48.85867],[-3.03875,48.85833],[-3.03708,48.86092],[-3.03625,48.85931],[-3.03468,48.85875],[-3.03875,48.85582],[-3.04375,48.8537],[-3.04542,48.85348],[-3.05972,48.84458],[-3.06283,48.84458],[-3.06169,48.84542],[-3.06212,48.84792],[-3.06292,48.84994],[-3.06458,48.85047],[-3.06511,48.84958],[-3.06412,48.84542],[-3.06295,48.84458],[-3.06369,48.84375],[-3.07458,48.83942],[-3.07525,48.83875],[-3.07375,48.83831],[-3.06875,48.83822],[-3.06708,48.83734],[-3.06292,48.83806],[-3.06213,48.83708],[-3.06242,48.83542],[-3.06458,48.83417],[-3.06664,48.83375],[-3.06708,48.83091],[-3.06958,48.82998],[-3.0735,48.82542],[-3.07792,48.82196],[-3.07958,48.82161],[-3.08042,48.82021],[-3.08208,48.82001],[-3.08375,48.81813],[-3.08458,48.81912],[-3.08542,48.81894],[-3.0852,48.81625],[-3.08625,48.81591],[-3.08744,48.81292],[-3.08689,48.81208],[-3.08875,48.80928],[-3.09042,48.80902],[-3.09497,48.80458],[-3.09708,48.79986],[-3.09724,48.79708],[-3.0959,48.79458],[-3.09673,48.79375],[-3.09677,48.79208],[-3.09882,48.79125],[-3.09775,48.79042],[-3.09812,48.78875],[-3.09905,48.78792],[-3.09733,48.78458],[-3.09875,48.78417],[-3.09958,48.78568],[-3.10208,48.78542],[-3.10276,48.78292],[-3.10458,48.78249],[-3.10625,48.77986],[-3.10708,48.77983],[-3.10792,48.77851],[-3.10958,48.77757],[-3.11137,48.77708],[-3.11458,48.77395],[-3.11585,48.77375],[-3.11589,48.77292],[-3.11921,48.76875],[-3.11916,48.76708],[-3.12042,48.76607],[-3.12072,48.76375],[-3.11792,48.76621],[-3.11292,48.7725],[-3.10958,48.77393],[-3.10634,48.77708],[-3.10473,48.77875],[-3.10458,48.77993],[-3.10359,48.77958],[-3.10444,48.77875],[-3.104,48.77792],[-3.10208,48.77775],[-3.10135,48.77708],[-3.10125,48.7756],[-3.10042,48.77634],[-3.09792,48.77679],[-3.09736,48.77958],[-3.09611,48.78042],[-3.09482,48.78375],[-3.09337,48.78458],[-3.09256,48.79125],[-3.09125,48.79291],[-3.08946,48.79375],[-3.08948,48.79792],[-3.09123,48.79875],[-3.09127,48.80042],[-3.08877,48.80625],[-3.08842,48.80375],[-3.08739,48.80292],[-3.08708,48.80161],[-3.08542,48.80198],[-3.08487,48.80792],[-3.08375,48.80942],[-3.08117,48.81042],[-3.0808,48.81458],[-3.07958,48.8158],[-3.07708,48.81657],[-3.07458,48.81834],[-3.07292,48.81822],[-3.07125,48.82131],[-3.06958,48.82217],[-3.06708,48.82178],[-3.06458,48.82276],[-3.06375,48.82193],[-3.06292,48.82301],[-3.05875,48.82245],[-3.05625,48.82125],[-3.05042,48.82108],[-3.04708,48.82239],[-3.04208,48.8226],[-3.04125,48.822],[-3.04042,48.82233],[-3.03875,48.82113],[-3.03625,48.82111],[-3.03042,48.82198],[-3.02708,48.82354],[-3.02542,48.82363],[-3.02542,48.82455],[-3.02625,48.82396],[-3.02792,48.82452],[-3.02708,48.82483],[-3.00792,48.82497],[-3.00542,48.82593],[-3.00458,48.82571],[-3.00445,48.82458],[-3.00607,48.82208],[-3.00585,48.81792],[-3.00458,48.81573],[-3.00083,48.81625],[-2.99995,48.81042],[-3.00209,48.80625],[-3.00205,48.80542],[-3.00042,48.80375],[-3.00125,48.80304],[-3.00208,48.80405],[-3.00375,48.80396],[-3.00458,48.8048],[-3.00542,48.80387],[-3.00639,48.80375],[-3.00677,48.79875],[-3.00552,48.79792],[-3.00554,48.79625],[-3.0053,48.79792],[-3.0036,48.79875],[-3.00444,48.80042],[-3.00357,48.80208],[-3.00292,48.80274],[-3.00208,48.80274],[-3.00124,48.80208],[-3.00163,48.79958],[-3.00125,48.79891],[-3.00025,48.79875],[-3.00009,48.79708],[-2.99821,48.79625],[-2.99718,48.79375],[-2.99705,48.79125],[-2.99862,48.78875],[-2.99792,48.78815],[-2.99292,48.78861],[-2.99016,48.78792],[-2.99056,48.78542],[-2.99194,48.78375],[-2.99128,48.78292],[-2.99042,48.78311],[-2.98958,48.78423],[-2.98625,48.78401],[-2.98458,48.78457],[-2.98125,48.78374],[-2.98034,48.78292],[-2.98042,48.78196],[-2.98526,48.77958],[-2.98625,48.77775],[-2.98708,48.77816],[-2.98792,48.77696],[-2.99042,48.77605],[-2.99125,48.77498],[-2.99208,48.77546],[-2.99208,48.77169],[-2.98977,48.77292],[-2.98875,48.77483],[-2.98792,48.77283],[-2.98721,48.77542],[-2.98542,48.77636],[-2.98394,48.77625],[-2.98389,48.77458],[-2.98208,48.7735],[-2.98125,48.77346],[-2.97958,48.77455],[-2.97708,48.7745],[-2.97542,48.77371],[-2.97125,48.77805],[-2.97042,48.77775],[-2.96542,48.77916],[-2.96292,48.77892],[-2.96125,48.77993],[-2.95792,48.77829],[-2.95625,48.77834],[-2.95375,48.77956],[-2.95329,48.77875],[-2.95375,48.778],[-2.95488,48.77792],[-2.95488,48.77708],[-2.95375,48.77597],[-2.95292,48.77617],[-2.95125,48.77518],[-2.95042,48.77746],[-2.94938,48.77708],[-2.95074,48.77458],[-2.95052,48.77375],[-2.95151,48.77292],[-2.95042,48.77261],[-2.94986,48.77125],[-2.9476,48.76958],[-2.94748,48.76792],[-2.94792,48.76739],[-2.95003,48.76708],[-2.95002,48.76625],[-2.94708,48.76236],[-2.94375,48.76109],[-2.94292,48.75951],[-2.93997,48.75792],[-2.93577,48.75792],[-2.93375,48.75846]]},"properties":{"source":"emodnet_dtm_2024","level":2}},{"type":"Feature","geometry":{"type":"LineString","coordinates":[[-4.88125,48.04386],[-4.88208,48.04368],[-4.88125,48.04386]]},"properties":{"source":"emodnet_dtm_2024","level":2}},{"type":"Feature","geometry":{"type":"LineString","coordinates":[[-4.88958,48.04582],[-4.88958,48.04483],[-4.89042,48.04507],[-4.89042,48.04626],[-4.88958,48.04582]]},"properties":{"source":"emodnet_dtm_2024","level":2}},{"type":"Feature","geometry":{"type":"LineString","coordinates":[[-4.83292,48.0456],[-4.83292,48.04523],[-4.83292,48.0456]]},"properties":{"source":"emodnet_dtm_2024","level":2}},{"type":"Feature","geometry":{"type":"LineString","coordinates":[[-4.87875,48.0468],[-4.87845,48.04625],[-4.87958,48.04485],[-4.88014,48.04542],[-4.87875,48.0468]]},"properties":{"source":"emodnet_dtm_2024","level":2}},{"type":"Feature","geometry":{"type":"LineString","coordinates":[[-4.85375,48.04673],[-4.85375,48.04598],[-4.85433,48.04625],[-4.85375,48.04673]]},"properties":{"source":"emodnet_dtm_2024","level":2}},{"type":"Feature","geometry":{"type":"LineString","coordinates":[[-4.89542,48.04724],[-4.89542,48.04724]]},"properties":{"source":"emodnet_dtm_2024","level":2}},{"type":"Feature","geometry":{"type":"LineString","coordinates":[[-4.88792,48.04773],[-4.88792,48.04679],[-4.88792,48.04773]]},"properties":{"source":"emodnet_dtm_2024","level":2}},{"type":"Feature","geometry":{"type":"LineString","coordinates":[[-4.88458,48.04738],[-4.88458,48.04572],[-4.88542,48.04555],[-4.88625,48.04616],[-4.88708,48.04585],[-4.88708,48.04669],[-4.88625,48.04627],[-4.88458,48.04738]]},"properties":{"source":"emodnet_dtm_2024","level":2}},{"type":"Feature","geometry":{"type":"LineString","coordinates":[[-4.87042,48.04715],[-4.87042,48.04715]]},"properties":{"source":"emodnet_dtm_2024","level":2}},{"type":"Feature","geometry":{"type":"LineString","coordinates":[[-4.88958,48.04981],[-4.88958,48.04981]]},"properties":{"source":"emodnet_dtm_2024","level":2}},{"type":"Feature","geometry":{"type":"LineString","coordinates":[[-4.87875,48.04992],[-4.87875,48.04891],[-4.88002,48.04958],[-4.87875,48.04992]]},"properties":{"source":"emodnet_dtm_2024","level":2}},{"type":"Feature","geometry":{"type":"LineString","coordinates":[[-4.86542,48.04966],[-4.86625,48.04812],[-4.86708,48.04903],[-4.86992,48.04958],[-4.86792,48.05072],[-4.86542,48.04966]]},"properties":{"source":"emodnet_dtm_2024","level":2}},{"type":"Feature","geometry":{"type":"LineString","coordinates":[[-4.85958,48.0499],[-4.85958,48.04931],[-4.8604,48.04958],[-4.85958,48.0499]]},"properties":{"source":"emodnet_dtm_2024","level":2}},{"type":"Feature","geometry":{"type":"LineString","coordinates":[[-4.85792,48.04963],[-4.85792,48.04963]]},"properties":{"source":"emodnet_dtm_2024","level":2}},{"type":"Feature","geometry":{"type":"LineString","coordinates":[[-4.85042,48.04995],[-4.85042,48.0492],[-4.85091,48.04958],[-4.85042,48.04995]]},"properties":{"source":"emodnet_dtm_2024","level":2}},{"type":"Feature","geometry":{"type":"LineString","coordinates":[[-4.86042,48.05055],[-4.86042,48.04965],[-4.86042,48.05055]]},"properties":{"source":"emodnet_dtm_2024","level":2}},{"type":"Feature","geometry":{"type":"LineString","coordinates":[[-4.91792,48.05161],[-4.91792,48.05095],[-4.91875,48.05076],[-4.91956,48.05125],[-4.91875,48.05197],[-4.91792,48.05161]]},"properties":{"source":"emodnet_dtm_2024","level":2}},{"type":"Feature","geometry":{"type":"LineString","coordinates":[[-4.86125,48.05128],[-4.86125,48.05128]]},"properties":{"source":"emodnet_dtm_2024","level":2}},{"type":"Feature","geometry":{"type":"LineString","coordinates":[[-4.94542,48.05242],[-4.94502,48.05125],[-4.94625,48.05093],[-4.94708,48.05176],[-4.94708,48.05311],[-4.94542,48.05242]]},"properties":{"source":"emodnet_dtm_2024","level":2}},{"type":"Feature","geometry":{"type":"LineString","coordinates":[[-4.92042,48.05217],[-4.92042,48.0513],[-4.92042,48.05217]]},"properties":{"source":"emodnet_dtm_2024","level":2}},{"type":"Feature","geometry":{"type":"LineString","coordinates":[[-4.88292,48.05375],[-4.88292,48.05375]]},"properties":{"source":"emodnet_dtm_2024","level":2}},{"type":"Feature","geometry":{"type":"LineString","coordinates":[[-4.89625,48.05464],[-4.89625,48.05464]]},"properties":{"source":"emodnet_dtm_2024","level":2}},{"type":"Feature","geometry":{"type":"LineString","coordinates":[[-4.71708,48.06132],[-4.71708,48.06132]]},"properties":{"source":"emodnet_dtm_2024","level":2}},{"type":"Feature","geometry":{"type":"LineString","coordinates":[[-4.68958,48.06616],[-4.68898,48.06542],[-4.68958,48.06472],[-4.69101,48.06542],[-4.68958,48.06616]]},"properties":{"source":"emodnet_dtm_2024","level":2}},{"type":"Feature","geometry":{"type":"LineString","coordinates":[[-4.71458,48.06657],[-4.71458,48.06596],[-4.71569,48.06625],[-4.71458,48.06657]]},"properties":{"source":"emodnet_dtm_2024","level":2}},{"type":"Feature","geometry":{"type":"LineString","coordinates":[[-4.65208,48.06991],[-4.65208,48.06941],[-4.65271,48.06958],[-4.65208,48.06991]]},"properties":{"source":"emodnet_dtm_2024","level":2}},{"type":"Feature","geometry":{"type":"LineString","coordinates":[[-4.66292,48.07218],[-4.66292,48.07161],[-4.66292,48.07218]]},"properties":{"source":"emodnet_dtm_2024","level":2}},{"type":"Feature","geometry":{"type":"LineString","coordinates":[[-4.79792,48.07307],[-4.79792,48.07196],[-4.79908,48.07208],[-4.79792,48.07307]]},"properties":{"source":"emodnet_dtm_2024","level":2}},{"type":"Feature","geometry":{"type":"LineString","coordinates":[[-4.66458,48.07318],[-4.66458,48.07138],[-4.66613,48.07208],[-4.66458,48.07318]]},"properties":{"source":"emodnet_dtm_2024","level":2}},{"type":"Feature","geometry":{"type":"LineString","coordinates":[[-4.63125,48.07464],[-4.63125,48.07464]]},"properties":{"source":"emodnet_dtm_2024","level":2}},{"type":"Feature","geometry":{"type":"LineString","coordinates":[[-4.58958,48.07796],[-4.58958,48.07796]]},"properties":{"source":"emodnet_dtm_2024","level":2}},{"type":"Feature","geometry":{"type":"LineString","coordinates":[[-4.58875,48.07987],[-4.58875,48.07909],[-4.58933,48.07958],[-4.58875,48.07987]]},"properties":{"source":"emodnet_dtm_2024","level":2}},{"type":"Feature","geometry":{"type":"LineString","coordinates":[[-4.58708,48.08317],[-4.58708,48.08173],[-4.58801,48.08292],[-4.58708,48.08317]]},"properties":{"source":"emodnet_dtm_2024","level":2}},{"type":"Feature","geometry":{"type":"LineString","coordinates":[[-4.57542,48.08299],[-4.57708,48.08135],[-4.57792,48.08135],[-4.57792,48.08245],[-4.57542,48.08299]]},"properties":{"source":"emodnet_dtm_2024","level":2}},{"type":"Feature","geometry":{"type":"LineString","coordinates":[[-4.53042,48.08769],[-4.53042,48.08663],[-4.53042,48.08769]]},"properties":{"source":"emodnet_dtm_2024","level":2}},{"type":"Feature","geometry":{"type":"LineString","coordinates":[[-4.52542,48.08741],[-4.52542,48.08662],[-4.52613,48.08708],[-4.52542,48.08741]]},"properties":{"source":"emodnet_dtm_2024","level":2}},{"type":"Feature","geometry":{"type":"LineString","coordinates":[[-4.53292,48.08975],[-4.53292,48.08843],[-4.53292,48.08975]]},"properties":{"source":"emodnet_dtm_2024","level":2}},{"type":"Feature","geometry":{"type":"LineString","coordinates":[[-4.51208,48.09051],[-4.51208,48.09011],[-4.51208,48.09051]]},"properties":{"source":"emodnet_dtm_2024","level":2}},{"type":"Feature","geometry":{"type":"LineString","coordinates":[[-4.50875,48.09067],[-4.50875,48.0898],[-4.50875,48.09067]]},"properties":{"source":"emodnet_dtm_2024","level":2}},{"type":"Feature","geometry":{"type":"LineString","coordinates":[[-4.50042,48.09126],[-4.50042,48.09126]]},"properties":{"source":"emodnet_dtm_2024","level":2}},{"type":"Feature","geometry":{"type":"LineString","coordinates":[[-4.47458,48.09633],[-4.47625,48.09587],[-4.47665,48.09625],[-4.47625,48.09672],[-4.47458,48.09633]]},"properties":{"source":"emodnet_dtm_2024","level":2}},{"type":"Feature","geometry":{"type":"LineString","coordinates":[[-4.46458,48.09962],[-4.46677,48.09958],[-4.46458,48.09962]]},"properties":{"source":"emodnet_dtm_2024","level":2}},{"type":"Feature","geometry":{"type":"LineString","coordinates":[[-4.43042,48.09971],[-4.43125,48.09833],[-4.43225,48.09875],[-4.43042,48.09971]]},"properties":{"source":"emodnet_dtm_2024","level":2}},{"type":"Feature","geometry":{"type":"LineString","coordinates":[[-4.33875,48.1007],[-4.33875,48.10002],[-4.33929,48.10042],[-4.33875,48.1007]]},"properties":{"source":"emodnet_dtm_2024","level":2}},{"type":"Feature","geometry":{"type":"LineString","coordinates":[[-4.32708,48.10073],[-4.32708,48.10021],[-4.32821,48.10042],[-4.32708,48.10073]]},"properties":{"source":"emodnet_dtm_2024","level":2}},{"type":"Feature","geometry":{"type":"LineString","coordinates":[[-4.42292,48.10386],[-4.42292,48.10386]]},"properties":{"source":"emodnet_dtm_2024","level":2}},{"type":"Feature","geometry":{"type":"LineString","coordinates":[[-4.34708,48.10392],[-4.34708,48.10356],[-4.34806,48.10375],[-4.34708,48.10392]]},"properties":{"source":"emodnet_dtm_2024","level":2}},{"type":"Feature","geometry":{"type":"LineString","coordinates":[[-4.33708,48.10401],[-4.33708,48.10354],[-4.33882,48.10375],[-4.33708,48.10401]]},"properties":{"source":"emodnet_dtm_2024","level":2}},{"type":"Feature","geometry":{"type":"LineString","coordinates":[[-4.29542,48.15815],[-4.29542,48.15764],[-4.29542,48.15815]]},"properties":{"source":"emodnet_dtm_2024","level":2}},{"type":"Feature","geometry":{"type":"LineString","coordinates":[[-4.29625,48.15912],[-4.29625,48.15841],[-4.29625,48.15912]]},"properties":{"source":"emodnet_dtm_2024","level":2}},{"type":"Feature","geometry":{"type":"LineString","coordinates":[[-4.29708,48.16206],[-4.29642,48.16125],[-4.29708,48.16059],[-4.29803,48.16125],[-4.29708,48.16206]]},"properties":{"source":"emodnet_dtm_2024","level":2}},{"type":"Feature","geometry":{"type":"LineString","coordinates":[[-4.54208,48.16649],[-4.54208,48.16587],[-4.54292,48.16568],[-4.54364,48.16625],[-4.54208,48.16649]]},"properties":{"source":"emodnet_dtm_2024","level":2}},{"type":"Feature","geometry":{"type":"LineString","coordinates":[[-4.54542,48.16728],[-4.54542,48.16692],[-4.54542,48.16728]]},"properties":{"source":"emodnet_dtm_2024","level":2}},{"type":"Feature","geometry":{"type":"LineString","coordinates":[[-4.53875,48.17239],[-4.53875,48.1719],[-4.53875,48.17239]]},"properties":{"source":"emodnet_dtm_2024","level":2}},{"type":"Feature","geometry":{"type":"LineString","coordinates":[[-4.52458,48.18756],[-4.52406,48.18625],[-4.52458,48.18592],[-4.52507,48.18625],[-4.52458,48.18756]]},"properties":{"source":"emodnet_dtm_2024","level":2}},{"type":"Feature","geometry":{"type":"LineString","coordinates":[[-4.51708,48.19142],[-4.51708,48.19104],[-4.51708,48.19142]]},"properties":{"source":"emodnet_dtm_2024","level":2}},{"type":"Feature","geometry":{"type":"LineString","coordinates":[[-4.51792,48.19513],[-4.51792,48.19408],[-4.51855,48.19458],[-4.51792,48.19513]]},"properties":{"source":"emodnet_dtm_2024","level":2}},{"type":"Feature","geometry":{"type":"LineString","coordinates":[[-4.56208,48.19815],[-4.56141,48.19708],[-4.56208,48.19686],[-4.56297,48.19708],[-4.56208,48.19815]]},"properties":{"source":"emodnet_dtm_2024","level":2}},{"type":"Feature","geometry":{"type":"LineString","coordinates":[[-4.50875,48.19961],[-4.50875,48.19961]]},"properties":{"source":"emodnet_dtm_2024","level":2}},{"type":"Feature","geometry":{"type":"LineString","coordinates":[[-4.50958,48.20279],[-4.50906,48.20208],[-4.50958,48.20072],[-4.51042,48.20262],[-4.51198,48.20292],[-4.51125,48.20339],[-4.50958,48.20279]]},"properties":{"source":"emodnet_dtm_2024","level":2}},{"type":"Feature","geometry":{"type":"LineString","coordinates":[[-4.35958,48.20502],[-4.35958,48.2042],[-4.36049,48.20458],[-4.35958,48.20502]]},"properties":{"source":"emodnet_dtm_2024","level":2}},{"type":"Feature","geometry":{"type":"LineString","coordinates":[[-4.37792,48.20793],[-4.37792,48.20793]]},"properties":{"source":"emodnet_dtm_2024","level":2}},{"type":"Feature","geometry":{"type":"LineString","coordinates":[[-4.44042,48.20962],[-4.44042,48.20962]]},"properties":{"source":"emodnet_dtm_2024","level":2}},{"type":"Feature","geometry":{"type":"LineString","coordinates":[[-4.49208,48.22202],[-4.49208,48.22082],[-4.49292,48.22062],[-4.49357,48.22125],[-4.49208,48.22202]]},"properties":{"source":"emodnet_dtm_2024","level":2}},{"type":"Feature","geometry":{"type":"LineString","coordinates":[[-4.43542,48.22353],[-4.43494,48.22208],[-4.43792,48.22094],[-4.43846,48.22125],[-4.43792,48.22332],[-4.43542,48.22353]]},"properties":{"source":"emodnet_dtm_2024","level":2}},{"type":"Feature","geometry":{"type":"LineString","coordinates":[[-4.43375,48.2249],[-4.43375,48.2243],[-4.43375,48.2249]]},"properties":{"source":"emodnet_dtm_2024","level":2}},{"type":"Feature","geometry":{"type":"LineString","coordinates":[[-4.42208,48.22584],[-4.42208,48.22509],[-4.42287,48.22542],[-4.42208,48.22584]]},"properties":{"source":"emodnet_dtm_2024","level":2}},{"type":"Feature","geometry":{"type":"LineString","coordinates":[[-4.43292,48.22752],[-4.4324,48.22625],[-4.43292,48.22589],[-4.43292,48.22752]]},"properties":{"source":"emodnet_dtm_2024","level":2}},{"type":"Feature","geometry":{"type":"LineString","coordinates":[[-4.42458,48.22741],[-4.42458,48.22636],[-4.42542,48.22615],[-4.42656,48.22708],[-4.42625,48.2285],[-4.42542,48.22841],[-4.42458,48.22741]]},"properties":{"source":"emodnet_dtm_2024","level":2}},{"type":"Feature","geometry":{"type":"LineString","coordinates":[[-4.43375,48.22948],[-4.43303,48.22875],[-4.43542,48.2272],[-4.43625,48.22723],[-4.43639,48.22625],[-4.43708,48.22561],[-4.43792,48.22566],[-4.43875,48.22389],[-4.43958,48.22411],[-4.44039,48.22542],[-4.44047,48.22792],[-4.44125,48.22891],[-4.44625,48.2318],[-4.45042,48.23283],[-4.45156,48.23375],[-4.45042,48.2342],[-4.44542,48.23444],[-4.44458,48.23354],[-4.44292,48.23365],[-4.44042,48.23192],[-4.43792,48.23194],[-4.43708,48.23027],[-4.43458,48.2303],[-4.43375,48.22948]]},"properties":{"source":"emodnet_dtm_2024","level":2}},{"type":"Feature","geometry":{"type":"LineString","coordinates":[[-4.57125,48.23342],[-4.57076,48.23292],[-4.57208,48.23183],[-4.57265,48.23208],[-4.57225,48.23292],[-4.57125,48.23342]]},"properties":{"source":"emodnet_dtm_2024","level":2}},{"type":"Feature","geometry":{"type":"LineString","coordinates":[[-4.45375,48.2338],[-4.45375,48.2338]]},"properties":{"source":"emodnet_dtm_2024","level":2}},{"type":"Feature","geometry":{"type":"LineString","coordinates":[[-4.20542,48.24784],[-4.20469,48.24625],[-4.20542,48.24554],[-4.20625,48.24667],[-4.20708,48.24665],[-4.21095,48.25125],[-4.21125,48.25738],[-4.21042,48.25737],[-4.20921,48.25625],[-4.20914,48.25125],[-4.20708,48.24922],[-4.20458,48.24916],[-4.20417,48.24875],[-4.20542,48.24784]]},"properties":{"source":"emodnet_dtm_2024","level":2}},{"type":"Feature","geometry":{"type":"LineString","coordinates":[[-4.62875,48.25054],[-4.62875,48.25054]]},"properties":{"source":"emodnet_dtm_2024","level":2}},{"type":"Feature","geometry":{"type":"LineString","coordinates":[[-4.62292,48.25273],[-4.62244,48.25125],[-4.62375,48.2508],[-4.62469,48.25125],[-4.62436,48.25208],[-4.62292,48.25273]]},"properties":{"source":"emodnet_dtm_2024","level":2}},{"type":"Feature","geometry":{"type":"LineString","coordinates":[[-4.24125,48.25394],[-4.24125,48.25351],[-4.24125,48.25394]]},"properties":{"source":"emodnet_dtm_2024","level":2}},{"type":"Feature","geometry":{"type":"LineString","coordinates":[[-4.21458,48.25571],[-4.21458,48.25515],[-4.21542,48.25515],[-4.21542,48.25657],[-4.21458,48.25571]]},"properties":{"source":"emodnet_dtm_2024","level":2}},{"type":"Feature","geometry":{"type":"LineString","coordinates":[[-4.24292,48.25636],[-4.24292,48.2553],[-4.24292,48.25636]]},"properties":{"source":"emodnet_dtm_2024","level":2}},{"type":"Feature","geometry":{"type":"LineString","coordinates":[[-4.24375,48.25744],[-4.24375,48.25671],[-4.24458,48.25649],[-4.24502,48.25708],[-4.24375,48.25744]]},"properties":{"source":"emodnet_dtm_2024","level":2}},{"type":"Feature","geometry":{"type":"LineString","coordinates":[[-4.21625,48.258],[-4.21625,48.258]]},"properties":{"source":"emodnet_dtm_2024","level":2}},{"type":"Feature","geometry":{"type":"LineString","coordinates":[[-4.21208,48.25795],[-4.21208,48.25795]]},"properties":{"source":"emodnet_dtm_2024","level":2}},{"type":"Feature","geometry":{"type":"LineString","coordinates":[[-4.22792,48.25911],[-4.22765,48.25708],[-4.22875,48.25655],[-4.22958,48.25478],[-4.23297,48.25458],[-4.23308,48.25375],[-4.23542,48.25323],[-4.23625,48.25347],[-4.23798,48.25625],[-4.23708,48.25979],[-4.23042,48.26023],[-4.22875,48.25997],[-4.22792,48.25911]]},"properties":{"source":"emodnet_dtm_2024","level":2}},{"type":"Feature","geometry":{"type":"LineString","coordinates":[[-4.21292,48.25896],[-4.21292,48.25852],[-4.21292,48.25896]]},"properties":{"source":"emodnet_dtm_2024","level":2}},{"type":"Feature","geometry":{"type":"LineString","coordinates":[[-4.62042,48.26202],[-4.61991,48.26042],[-4.62025,48.25625],[-4.62125,48.25454],[-4.62292,48.25351],[-4.6233,48.25375],[-4.62247,48.25458],[-4.62477,48.25542],[-4.62557,48.25792],[-4.62487,48.26042],[-4.62375,48.26166],[-4.62245,48.26208],[-4.62042,48.26489],[-4.6199,48.26375],[-4.62063,48.26292],[-4.62042,48.26202]]},"properties":{"source":"emodnet_dtm_2024","level":2}},{"type":"Feature","geometry":{"type":"LineString","coordinates":[[-4.25458,48.26437],[-4.25402,48.26375],[-4.25458,48.26346],[-4.25528,48.26375],[-4.25458,48.26437]]},"properties":{"source":"emodnet_dtm_2024","level":2}},{"type":"Feature","geometry":{"type":"LineString","coordinates":[[-4.25708,48.26591],[-4.25633,48.26542],[-4.25708,48.26485],[-4.25708,48.26591]]},"properties":{"source":"emodnet_dtm_2024","level":2}},{"type":"Feature","geometry":{"type":"LineString","coordinates":[[-4.25792,48.26632],[-4.25792,48.26632]]},"properties":{"source":"emodnet_dtm_2024","level":2}},{"type":"Feature","geometry":{"type":"LineString","coordinates":[[-4.64375,48.27139],[-4.64375,48.27105],[-4.64542,48.27112],[-4.64375,48.27139]]},"properties":{"source":"emodnet_dtm_2024","level":2}},{"type":"Feature","geometry":{"type":"LineString","coordinates":[[-4.66375,48.27479],[-4.66375,48.27421],[-4.66464,48.27458],[-4.66375,48.27479]]},"properties":{"source":"emodnet_dtm_2024","level":2}},{"type":"Feature","geometry":{"type":"LineString","coordinates":[[-4.64042,48.27473],[-4.6415,48.27458],[-4.64042,48.27473]]},"properties":{"source":"emodnet_dtm_2024","level":2}},{"type":"Feature","geometry":{"type":"LineString","coordinates":[[-4.58958,48.27875],[-4.59208,48.27946],[-4.59239,48.27875],[-4.58958,48.27875]]},"properties":{"source":"emodnet_dtm_2024","level":2}},{"type":"Feature","geometry":{"type":"LineString","coordinates":[[-4.59125,48.28126],[-4.59061,48.28042],[-4.59125,48.27964],[-4.59308,48.27958],[-4.59248,48.28125],[-4.59125,48.28126]]},"properties":{"source":"emodnet_dtm_2024","level":2}},{"type":"Feature","geometry":{"type":"LineString","coordinates":[[-4.27875,48.2816],[-4.27832,48.28042],[-4.27958,48.27927],[-4.28042,48.27929],[-4.28125,48.27979],[-4.28121,48.28125],[-4.27875,48.2816]]},"properties":{"source":"emodnet_dtm_2024","level":2}},{"type":"Feature","geometry":{"type":"LineString","coordinates":[[-4.27625,48.28478],[-4.27625,48.28439],[-4.27625,48.28478]]},"properties":{"source":"emodnet_dtm_2024","level":2}},{"type":"Feature","geometry":{"type":"LineString","coordinates":[[-4.27958,48.28644],[-4.2788,48.28625],[-4.27958,48.28602],[-4.27996,48.28458],[-4.28125,48.28353],[-4.28208,48.2835],[-4.28164,48.28542],[-4.27958,48.28644]]},"properties":{"source":"emodnet_dtm_2024","level":2}},{"type":"Feature","geometry":{"type":"LineString","coordinates":[[-4.60458,48.28739],[-4.60458,48.28671],[-4.6072,48.28708],[-4.60458,48.28739]]},"properties":{"source":"emodnet_dtm_2024","level":2}},{"type":"Feature","geometry":{"type":"LineString","coordinates":[[-4.60125,48.28804],[-4.60125,48.28804]]},"properties":{"source":"emodnet_dtm_2024","level":2}},{"type":"Feature","geometry":{"type":"LineString","coordinates":[[-4.50625,48.28823],[-4.50568,48.28708],[-4.50625,48.28646],[-4.50708,48.28646],[-4.50771,48.28708],[-4.50744,48.28792],[-4.5093,48.28875],[-4.50958,48.29057],[-4.50765,48.28958],[-4.50708,48.28828],[-4.50625,48.28823]]},"properties":{"source":"emodnet_dtm_2024","level":2}},{"type":"Feature","geometry":{"type":"LineString","coordinates":[[-4.53958,48.2903],[-4.53875,48.28943],[-4.53819,48.28958],[-4.53692,48.29208],[-4.53792,48.29215],[-4.53958,48.29055],[-4.54292,48.29064],[-4.54375,48.29163],[-4.54402,48.29125],[-4.54375,48.28943],[-4.54125,48.28935],[-4.54042,48.2903],[-4.53958,48.2903]]},"properties":{"source":"emodnet_dtm_2024","level":2}},{"type":"Feature","geometry":{"type":"LineString","coordinates":[[-4.46375,48.29092],[-4.46313,48.29042],[-4.46375,48.28971],[-4.46542,48.29002],[-4.46542,48.29076],[-4.46375,48.29092]]},"properties":{"source":"emodnet_dtm_2024","level":2}},{"type":"Feature","geometry":{"type":"LineString","coordinates":[[-4.25375,48.2922],[-4.25375,48.29085],[-4.25743,48.28708],[-4.26375,48.28463],[-4.26429,48.28542],[-4.26274,48.28792],[-4.2636,48.28875],[-4.2636,48.29042],[-4.26208,48.29191],[-4.26042,48.2919],[-4.25875,48.29331],[-4.25375,48.2922]]},"properties":{"source":"emodnet_dtm_2024","level":2}},{"type":"Feature","geometry":{"type":"LineString","coordinates":[[-4.20125,48.29298],[-4.19792,48.29226],[-4.19708,48.29242],[-4.19673,48.29375],[-4.19708,48.29419],[-4.19958,48.29402],[-4.20042,48.29492],[-4.20125,48.29489],[-4.20208,48.29406],[-4.20458,48.29395],[-4.20458,48.29348],[-4.20125,48.29298]]},"properties":{"source":"emodnet_dtm_2024","level":2}},{"type":"Feature","geometry":{"type":"LineString","coordinates":[[-4.24458,48.29412],[-4.24458,48.2936],[-4.24552,48.29375],[-4.24458,48.29412]]},"properties":{"source":"emodnet_dtm_2024","level":2}},{"type":"Feature","geometry":{"type":"LineString","coordinates":[[-4.46292,48.29481],[-4.46292,48.29426],[-4.46292,48.29481]]},"properties":{"source":"emodnet_dtm_2024","level":2}},{"type":"Feature","geometry":{"type":"LineString","coordinates":[[-4.41875,48.29491],[-4.41875,48.29421],[-4.41925,48.29458],[-4.41875,48.29491]]},"properties":{"source":"emodnet_dtm_2024","level":2}},{"type":"Feature","geometry":{"type":"LineString","coordinates":[[-4.26208,48.29484],[-4.26141,48.29458],[-4.26142,48.29292],[-4.26208,48.29225],[-4.26375,48.29227],[-4.26458,48.29419],[-4.26708,48.29394],[-4.26772,48.29458],[-4.26708,48.2961],[-4.26208,48.29484]]},"properties":{"source":"emodnet_dtm_2024","level":2}},{"type":"Feature","geometry":{"type":"LineString","coordinates":[[-4.51042,48.29608],[-4.50986,48.29542],[-4.51042,48.29475],[-4.51208,48.29478],[-4.51279,48.29542],[-4.51208,48.29611],[-4.51042,48.29608]]},"properties":{"source":"emodnet_dtm_2024","level":2}},{"type":"Feature","geometry":{"type":"LineString","coordinates":[[-4.22292,48.29552],[-4.22208,48.29467],[-4.22042,48.29478],[-4.21958,48.29558],[-4.21458,48.29585],[-4.21375,48.29687],[-4.21292,48.29698],[-4.20542,48.297],[-4.20458,48.29592],[-4.20125,48.29601],[-4.20042,48.29694],[-4.19875,48.29591],[-4.19542,48.29591],[-4.19375,48.29607],[-4.19276,48.29708],[-4.19292,48.29792],[-4.19375,48.29804],[-4.23225,48.29792],[-4.23208,48.29686],[-4.22958,48.29696],[-4.22875,48.29609],[-4.22292,48.29552]]},"properties":{"source":"emodnet_dtm_2024","level":2}},{"type":"Feature","geometry":{"type":"LineString","coordinates":[[-4.51042,48.2986],[-4.50985,48.29708],[-4.51042,48.29642],[-4.51125,48.2964],[-4.51194,48.29792],[-4.51125,48.2986],[-4.51042,48.2986]]},"properties":{"source":"emodnet_dtm_2024","level":2}},{"type":"Feature","geometry":{"type":"LineString","coordinates":[[-4.51792,48.29942],[-4.51723,48.29875],[-4.51792,48.29801],[-4.51955,48.29875],[-4.51792,48.29942]]},"properties":{"source":"emodnet_dtm_2024","level":2}},{"type":"Feature","geometry":{"type":"LineString","coordinates":[[-4.28958,48.29952],[-4.28958,48.29814],[-4.30592,48.29875],[-4.29292,48.29932],[-4.29125,48.2998],[-4.28958,48.29952]]},"properties":{"source":"emodnet_dtm_2024","level":2}},{"type":"Feature","geometry":{"type":"LineString","coordinates":[[-4.55625,48.30149],[-4.55513,48.30125],[-4.55542,48.30255],[-4.55625,48.30233],[-4.55625,48.30149]]},"properties":{"source":"emodnet_dtm_2024","level":2}},{"type":"Feature","geometry":{"type":"LineString","coordinates":[[-4.52542,48.30149],[-4.52542,48.30108],[-4.52648,48.30125],[-4.52542,48.30149]]},"properties":{"source":"emodnet_dtm_2024","level":2}},{"type":"Feature","geometry":{"type":"LineString","coordinates":[[-4.23958,48.3044],[-4.23843,48.30375],[-4.23708,48.30509],[-4.23542,48.30556],[-4.23542,48.30887],[-4.23958,48.30729],[-4.24012,48.30458],[-4.23958,48.3044]]},"properties":{"source":"emodnet_dtm_2024","level":2}},{"type":"Feature","geometry":{"type":"LineString","coordinates":[[-4.53542,48.30503],[-4.53542,48.30416],[-4.53812,48.30458],[-4.53708,48.30512],[-4.53542,48.30503]]},"properties":{"source":"emodnet_dtm_2024","level":2}},{"type":"Feature","geometry":{"type":"LineString","coordinates":[[-4.88042,48.30724],[-4.88042,48.30691],[-4.88042,48.30724]]},"properties":{"source":"emodnet_dtm_2024","level":2}},{"type":"Feature","geometry":{"type":"LineString","coordinates":[[-4.52958,48.30757],[-4.52958,48.30665],[-4.53045,48.30708],[-4.52958,48.30757]]},"properties":{"source":"emodnet_dtm_2024","level":2}},{"type":"Feature","geometry":{"type":"LineString","coordinates":[[-4.50375,48.3113],[-4.50632,48.31125],[-4.50375,48.3113]]},"properties":{"source":"emodnet_dtm_2024","level":2}},{"type":"Feature","geometry":{"type":"LineString","coordinates":[[-4.33875,48.3135],[-4.3382,48.31292],[-4.33875,48.31239],[-4.34042,48.31231],[-4.34042,48.31343],[-4.33875,48.3135]]},"properties":{"source":"emodnet_dtm_2024","level":2}},{"type":"Feature","geometry":{"type":"LineString","coordinates":[[-4.33708,48.31604],[-4.33653,48.31458],[-4.33708,48.31243],[-4.33768,48.31542],[-4.33708,48.31604]]},"properties":{"source":"emodnet_dtm_2024","level":2}},{"type":"Feature","geometry":{"type":"LineString","coordinates":[[-4.89458,48.31735],[-4.8941,48.31625],[-4.89542,48.31524],[-4.89578,48.31708],[-4.89542,48.31749],[-4.89458,48.31735]]},"properties":{"source":"emodnet_dtm_2024","level":2}},{"type":"Feature","geometry":{"type":"LineString","coordinates":[[-4.33375,48.31756],[-4.33318,48.31708],[-4.33375,48.31651],[-4.33625,48.31651],[-4.33682,48.31708],[-4.33625,48.31777],[-4.33375,48.31756]]},"properties":{"source":"emodnet_dtm_2024","level":2}},{"type":"Feature","geometry":{"type":"LineString","coordinates":[[-4.91375,48.32052],[-4.91375,48.32052]]},"properties":{"source":"emodnet_dtm_2024","level":2}},{"type":"Feature","geometry":{"type":"LineString","coordinates":[[-4.83208,48.32068],[-4.83208,48.32007],[-4.83208,48.32068]]},"properties":{"source":"emodnet_dtm_2024","level":2}},{"type":"Feature","geometry":{"type":"LineString","coordinates":[[-4.84125,48.32346],[-4.84065,48.32292],[-4.84125,48.32191],[-4.84125,48.32346]]},"properties":{"source":"emodnet_dtm_2024","level":2}},{"type":"Feature","geometry":{"type":"LineString","coordinates":[[-4.46125,48.32463],[-4.46125,48.32463]]},"properties":{"source":"emodnet_dtm_2024","level":2}},{"type":"Feature","geometry":{"type":"LineString","coordinates":[[-4.57708,48.32564],[-4.57708,48.32517],[-4.57892,48.32542],[-4.57708,48.32564]]},"properties":{"source":"emodnet_dtm_2024","level":2}},{"type":"Feature","geometry":{"type":"LineString","coordinates":[[-4.37125,48.32598],[-4.37056,48.32542],[-4.37125,48.32483],[-4.37181,48.32542],[-4.37125,48.32598]]},"properties":{"source":"emodnet_dtm_2024","level":2}},{"type":"Feature","geometry":{"type":"LineString","coordinates":[[-4.36958,48.32613],[-4.36884,48.32542],[-4.36958,48.32518],[-4.36958,48.32613]]},"properties":{"source":"emodnet_dtm_2024","level":2}},{"type":"Feature","geometry":{"type":"LineString","coordinates":[[-4.76042,48.3277],[-4.76055,48.32542],[-4.76125,48.325],[-4.76292,48.32511],[-4.76292,48.32727],[-4.76042,48.3277]]},"properties":{"source":"emodnet_dtm_2024","level":2}},{"type":"Feature","geometry":{"type":"LineString","coordinates":[[-4.45958,48.32726],[-4.45958,48.32615],[-4.45958,48.32726]]},"properties":{"source":"emodnet_dtm_2024","level":2}},{"type":"Feature","geometry":{"type":"LineString","coordinates":[[-4.71875,48.32898],[-4.71824,48.32875],[-4.71973,48.32875],[-4.71875,48.32898]]},"properties":{"source":"emodnet_dtm_2024","level":2}},{"type":"Feature","geometry":{"type":"LineString","coordinates":[[-4.45542,48.3291],[-4.45542,48.32823],[-4.45787,48.32875],[-4.45542,48.3291]]},"properties":{"source":"emodnet_dtm_2024","level":2}},{"type":"Feature","geometry":{"type":"LineString","coordinates":[[-4.45208,48.32992],[-4.45168,48.32958],[-4.45375,48.32823],[-4.45375,48.32926],[-4.45292,48.33001],[-4.45208,48.32992]]},"properties":{"source":"emodnet_dtm_2024","level":2}},{"type":"Feature","geometry":{"type":"LineString","coordinates":[[-4.37042,48.33161],[-4.37042,48.33019],[-4.37042,48.33161]]},"properties":{"source":"emodnet_dtm_2024","level":2}},{"type":"Feature","geometry":{"type":"LineString","coordinates":[[-4.77458,48.33249],[-4.77392,48.33208],[-4.77458,48.32953],[-4.77657,48.33125],[-4.77625,48.33216],[-4.77458,48.33249]]},"properties":{"source":"emodnet_dtm_2024","level":2}},{"type":"Feature","geometry":{"type":"LineString","coordinates":[[-4.84208,48.33627],[-4.84292,48.33439],[-4.84375,48.3341],[-4.84375,48.33576],[-4.84292,48.33637],[-4.84208,48.33627]]},"properties":{"source":"emodnet_dtm_2024","level":2}},{"type":"Feature","geometry":{"type":"LineString","coordinates":[[-4.86292,48.33731],[-4.86292,48.33624],[-4.8638,48.33708],[-4.86292,48.33731]]},"properties":{"source":"emodnet_dtm_2024","level":2}},{"type":"Feature","geometry":{"type":"LineString","coordinates":[[-4.85625,48.33758],[-4.85625,48.33689],[-4.85792,48.33645],[-4.85841,48.33708],[-4.85792,48.33774],[-4.85625,48.33758]]},"properties":{"source":"emodnet_dtm_2024","level":2}},{"type":"Feature","geometry":{"type":"LineString","coordinates":[[-4.45042,48.33739],[-4.45042,48.33675],[-4.45042,48.33739]]},"properties":{"source":"emodnet_dtm_2024","level":2}},{"type":"Feature","geometry":{"type":"LineString","coordinates":[[-4.85208,48.33809],[-4.85201,48.33708],[-4.85292,48.33675],[-4.85346,48.33792],[-4.85292,48.33868],[-4.85208,48.33809]]},"properties":{"source":"emodnet_dtm_2024","level":2}},{"type":"Feature","geometry":{"type":"LineString","coordinates":[[-4.69542,48.33813],[-4.69542,48.3378],[-4.69542,48.33813]]},"properties":{"source":"emodnet_dtm_2024","level":2}},{"type":"Feature","geometry":{"type":"LineString","coordinates":[[-4.44792,48.3382],[-4.44792,48.33752],[-4.44925,48.33792],[-4.44792,48.3382]]},"properties":{"source":"emodnet_dtm_2024","level":2}},{"type":"Feature","geometry":{"type":"LineString","coordinates":[[-4.34125,48.33917],[-4.34125,48.33856],[-4.34342,48.33875],[-4.34292,48.33948],[-4.34125,48.33917]]},"properties":{"source":"emodnet_dtm_2024","level":2}},{"type":"Feature","geometry":{"type":"LineString","coordinates":[[-4.44625,48.33986],[-4.44625,48.33823],[-4.44625,48.33986]]},"properties":{"source":"emodnet_dtm_2024","level":2}},{"type":"Feature","geometry":{"type":"LineString","coordinates":[[-4.84542,48.3405],[-4.84542,48.34012],[-4.84542,48.3405]]},"properties":{"source":"emodnet_dtm_2024","level":2}},{"type":"Feature","geometry":{"type":"LineString","coordinates":[[-4.54375,48.34064],[-4.54375,48.34019],[-4.54431,48.34042],[-4.54375,48.34064]]},"properties":{"source":"emodnet_dtm_2024","level":2}},{"type":"Feature","geometry":{"type":"LineString","coordinates":[[-4.87542,48.34259],[-4.87425,48.34208],[-4.87472,48.34375],[-4.87375,48.3451],[-4.87208,48.34499],[-4.87125,48.34422],[-4.86875,48.3441],[-4.86708,48.34489],[-4.86625,48.34476],[-4.86501,48.34625],[-4.86625,48.34752],[-4.86708,48.34741],[-4.86755,48.34792],[-4.86722,48.34958],[-4.86542,48.34999],[-4.86375,48.34925],[-4.86292,48.35046],[-4.86208,48.34994],[-4.86125,48.35304],[-4.85875,48.3536],[-4.85625,48.35352],[-4.85398,48.35458],[-4.85375,48.3557],[-4.85117,48.35542],[-4.85034,48.35625],[-4.85076,48.35875],[-4.84958,48.36011],[-4.84792,48.35965],[-4.84714,48.35875],[-4.84542,48.35476],[-4.84165,48.35292],[-4.84208,48.3498],[-4.84379,48.34875],[-4.84375,48.34749],[-4.84292,48.34717],[-4.84208,48.34865],[-4.84042,48.34573],[-4.83895,48.34708],[-4.83972,48.34875],[-4.83875,48.34887],[-4.83864,48.34708],[-4.83739,48.34625],[-4.83875,48.34508],[-4.83958,48.34518],[-4.84125,48.34438],[-4.84375,48.34436],[-4.84542,48.34239],[-4.84729,48.34208],[-4.84958,48.33931],[-4.8527,48.34125],[-4.84943,48.34208],[-4.84875,48.34356],[-4.84402,48.34542],[-4.84542,48.3458],[-4.84625,48.34666],[-4.84956,48.34458],[-4.85125,48.34234],[-4.85375,48.34232],[-4.85542,48.34063],[-4.85875,48.34087],[-4.85958,48.34002],[-4.86125,48.33997],[-4.86208,48.3392],[-4.86375,48.33982],[-4.86625,48.33791],[-4.86708,48.33871],[-4.86792,48.33818],[-4.87042,48.33818],[-4.87125,48.33762],[-4.87171,48.33792],[-4.87157,48.34042],[-4.87042,48.34218],[-4.87292,48.34169],[-4.87542,48.33952],[-4.87791,48.34208],[-4.87708,48.3427],[-4.87542,48.34259]]},"properties":{"source":"emodnet_dtm_2024","level":2}},{"type":"Feature","geometry":{"type":"LineString","coordinates":[[-4.53125,48.34215],[-4.53484,48.34208],[-4.53375,48.34241],[-4.53125,48.34215]]},"properties":{"source":"emodnet_dtm_2024","level":2}},{"type":"Feature","geometry":{"type":"LineString","coordinates":[[-4.87958,48.343],[-4.88129,48.34292],[-4.87958,48.343]]},"properties":{"source":"emodnet_dtm_2024","level":2}},{"type":"Feature","geometry":{"type":"LineString","coordinates":[[-4.83542,48.34462],[-4.83542,48.34462]]},"properties":{"source":"emodnet_dtm_2024","level":2}},{"type":"Feature","geometry":{"type":"LineString","coordinates":[[-4.29208,48.34862],[-4.29125,48.34692],[-4.28922,48.34708],[-4.28872,48.34958],[-4.28958,48.35051],[-4.29125,48.35057],[-4.29231,48.34958],[-4.29208,48.34862]]},"properties":{"source":"emodnet_dtm_2024","level":2}},{"type":"Feature","geometry":{"type":"LineString","coordinates":[[-4.86958,48.34889],[-4.86958,48.34789],[-4.87018,48.34875],[-4.86958,48.34889]]},"properties":{"source":"emodnet_dtm_2024","level":2}},{"type":"Feature","geometry":{"type":"LineString","coordinates":[[-4.85292,48.35143],[-4.84958,48.35144],[-4.84792,48.35208],[-4.8492,48.35375],[-4.85125,48.35305],[-4.85208,48.35216],[-4.85417,48.35208],[-4.85292,48.35143]]},"properties":{"source":"emodnet_dtm_2024","level":2}},{"type":"Feature","geometry":{"type":"LineString","coordinates":[[-4.84125,48.35378],[-4.84125,48.35378]]},"properties":{"source":"emodnet_dtm_2024","level":2}},{"type":"Feature","geometry":{"type":"LineString","coordinates":[[-4.44208,48.35406],[-4.44144,48.35125],[-4.44292,48.34979],[-4.44481,48.35042],[-4.44289,48.35125],[-4.44208,48.35406]]},"properties":{"source":"emodnet_dtm_2024","level":2}},{"type":"Feature","geometry":{"type":"LineString","coordinates":[[-4.91875,48.35735],[-4.91875,48.35638],[-4.91958,48.35612],[-4.92099,48.35708],[-4.92042,48.35813],[-4.91875,48.35735]]},"properties":{"source":"emodnet_dtm_2024","level":2}},{"type":"Feature","geometry":{"type":"LineString","coordinates":[[-4.84542,48.35737],[-4.84542,48.35662],[-4.84599,48.35708],[-4.84542,48.35737]]},"properties":{"source":"emodnet_dtm_2024","level":2}},{"type":"Feature","geometry":{"type":"LineString","coordinates":[[-4.84125,48.35736],[-4.84125,48.35524],[-4.84137,48.35625],[-4.84241,48.35708],[-4.84125,48.35736]]},"properties":{"source":"emodnet_dtm_2024","level":2}},{"type":"Feature","geometry":{"type":"LineString","coordinates":[[-4.78125,48.35824],[-4.78125,48.35745],[-4.78208,48.35737],[-4.7828,48.35792],[-4.78125,48.35824]]},"properties":{"source":"emodnet_dtm_2024","level":2}},{"type":"Feature","geometry":{"type":"LineString","coordinates":[[-4.94875,48.36089],[-4.94839,48.36042],[-4.94958,48.35956],[-4.95125,48.36226],[-4.95375,48.36171],[-4.95477,48.36208],[-4.95527,48.36292],[-4.95458,48.36371],[-4.95375,48.36422],[-4.95042,48.36278],[-4.94958,48.36334],[-4.94875,48.36089]]},"properties":{"source":"emodnet_dtm_2024","level":2}},{"type":"Feature","geometry":{"type":"LineString","coordinates":[[-4.88125,48.36142],[-4.88054,48.36125],[-4.88125,48.36065],[-4.88181,48.36125],[-4.88125,48.36142]]},"properties":{"source":"emodnet_dtm_2024","level":2}},{"type":"Feature","geometry":{"type":"LineString","coordinates":[[-4.78708,48.36142],[-4.78708,48.36051],[-4.78708,48.36142]]},"properties":{"source":"emodnet_dtm_2024","level":2}},{"type":"Feature","geometry":{"type":"LineString","coordinates":[[-4.77875,48.3617],[-4.77827,48.36125],[-4.77942,48.36042],[-4.77934,48.35958],[-4.78042,48.35954],[-4.78048,48.36042],[-4.77875,48.3617]]},"properties":{"source":"emodnet_dtm_2024","level":2}},{"type":"Feature","geometry":{"type":"LineString","coordinates":[[-4.84625,48.3623],[-4.84625,48.36011],[-4.8497,48.36208],[-4.84875,48.36263],[-4.84625,48.3623]]},"properties":{"source":"emodnet_dtm_2024","level":2}},{"type":"Feature","geometry":{"type":"LineString","coordinates":[[-4.84292,48.36219],[-4.84247,48.36208],[-4.84292,48.36219]]},"properties":{"source":"emodnet_dtm_2024","level":2}},{"type":"Feature","geometry":{"type":"LineString","coordinates":[[-4.78958,48.36253],[-4.78958,48.36156],[-4.79042,48.36168],[-4.79042,48.36233],[-4.78958,48.36253]]},"properties":{"source":"emodnet_dtm_2024","level":2}},{"type":"Feature","geometry":{"type":"LineString","coordinates":[[-4.85458,48.36324],[-4.85458,48.3617],[-4.85578,48.36292],[-4.85458,48.36324]]},"properties":{"source":"emodnet_dtm_2024","level":2}},{"type":"Feature","geometry":{"type":"LineString","coordinates":[[-4.78708,48.3647],[-4.78688,48.36375],[-4.78792,48.36245],[-4.78866,48.36292],[-4.78708,48.3647]]},"properties":{"source":"emodnet_dtm_2024","level":2}},{"type":"Feature","geometry":{"type":"LineString","coordinates":[[-4.86208,48.36551],[-4.86208,48.36551]]},"properties":{"source":"emodnet_dtm_2024","level":2}},{"type":"Feature","geometry":{"type":"LineString","coordinates":[[-4.87875,48.36684],[-4.87807,48.36625],[-4.87875,48.36534],[-4.87937,48.36625],[-4.87875,48.36684]]},"properties":{"source":"emodnet_dtm_2024","level":2}},{"type":"Feature","geometry":{"type":"LineString","coordinates":[[-4.78792,48.36776],[-4.78743,48.36708],[-4.78792,48.36666],[-4.78792,48.36776]]},"properties":{"source":"emodnet_dtm_2024","level":2}},{"type":"Feature","geometry":{"type":"LineString","coordinates":[[-4.49958,48.36732],[-4.49958,48.36696],[-4.49958,48.36732]]},"properties":{"source":"emodnet_dtm_2024","level":2}},{"type":"Feature","geometry":{"type":"LineString","coordinates":[[-4.93708,48.36977],[-4.93792,48.36866],[-4.93901,48.36875],[-4.93958,48.3697],[-4.94042,48.36969],[-4.94208,48.36824],[-4.94292,48.36881],[-4.94458,48.36689],[-4.94603,48.36708],[-4.94708,48.36812],[-4.94875,48.36818],[-4.94926,48.36958],[-4.94808,48.37208],[-4.94625,48.37372],[-4.94527,48.37708],[-4.94554,48.37792],[-4.94792,48.37882],[-4.94986,48.38042],[-4.94875,48.38226],[-4.94655,48.38292],[-4.94792,48.38559],[-4.95042,48.3861],[-4.95208,48.38527],[-4.95292,48.38551],[-4.95375,48.38687],[-4.95458,48.38623],[-4.95625,48.3866],[-4.95875,48.38591],[-4.96042,48.38815],[-4.96375,48.38858],[-4.96542,48.388],[-4.96714,48.39125],[-4.96875,48.39253],[-4.96987,48.39208],[-4.9701,48.39125],[-4.97125,48.391],[-4.97208,48.38973],[-4.97458,48.38854],[-4.97632,48.38875],[-4.97797,48.39125],[-4.97542,48.39258],[-4.97496,48.39458],[-4.97586,48.39542],[-4.97481,48.39625],[-4.97534,48.39708],[-4.97375,48.39942],[-4.97261,48.39958],[-4.97458,48.39969],[-4.97539,48.40042],[-4.97601,48.40292],[-4.97431,48.40292],[-4.974,48.40208],[-4.97292,48.40166],[-4.97125,48.40223],[-4.96875,48.3991],[-4.96679,48.40042],[-4.96458,48.40032],[-4.96528,48.40125],[-4.96458,48.40315],[-4.96292,48.40324],[-4.96208,48.40261],[-4.96125,48.40321],[-4.95958,48.40322],[-4.95875,48.40423],[-4.95808,48.40375],[-4.9584,48.40292],[-4.95958,48.40275],[-4.95958,48.40117],[-4.95792,48.40121],[-4.95708,48.39956],[-4.95458,48.39956],[-4.95292,48.40204],[-4.94958,48.40408],[-4.94958,48.40678],[-4.95042,48.40423],[-4.95135,48.40542],[-4.94923,48.40875],[-4.94792,48.40912],[-4.94708,48.40873],[-4.94542,48.41035],[-4.94439,48.40958],[-4.94582,48.40875],[-4.94542,48.40801],[-4.94208,48.40907],[-4.94161,48.40708],[-4.94292,48.40539],[-4.94375,48.40674],[-4.94542,48.40671],[-4.94708,48.40316],[-4.94875,48.40319],[-4.95042,48.40065],[-4.95357,48.40042],[-4.95162,48.39958],[-4.95042,48.39681],[-4.94958,48.3968],[-4.94919,48.39792],[-4.94708,48.39919],[-4.9457,48.39792],[-4.94564,48.39708],[-4.94708,48.39578],[-4.95133,48.39375],[-4.95361,48.39125],[-4.95292,48.38982],[-4.95208,48.38954],[-4.94875,48.38929],[-4.94542,48.39081],[-4.94208,48.38957],[-4.93792,48.39266],[-4.93761,48.39125],[-4.93893,48.38958],[-4.93775,48.38542],[-4.93708,48.38489],[-4.93375,48.38758],[-4.93208,48.38661],[-4.93208,48.38588],[-4.93458,48.38329],[-4.93625,48.38384],[-4.93659,48.38292],[-4.93561,48.38125],[-4.93665,48.37958],[-4.93383,48.37542],[-4.93542,48.37458],[-4.93681,48.37292],[-4.93708,48.36977]]},"properties":{"source":"emodnet_dtm_2024","level":2}},{"type":"Feature","geometry":{"type":"LineString","coordinates":[[-4.86375,48.37004],[-4.86292,48.36926],[-4.86125,48.37114],[-4.85958,48.37073],[-4.86042,48.36671],[-4.86208,48.36658],[-4.86375,48.36761],[-4.86542,48.36728],[-4.86625,48.36777],[-4.86542,48.36939],[-4.86375,48.37004]]},"properties":{"source":"emodnet_dtm_2024","level":2}},{"type":"Feature","geometry":{"type":"LineString","coordinates":[[-4.91542,48.37096],[-4.91542,48.37021],[-4.91542,48.37096]]},"properties":{"source":"emodnet_dtm_2024","level":2}},{"type":"Feature","geometry":{"type":"LineString","coordinates":[[-4.89375,48.37105],[-4.893,48.37042],[-4.89375,48.36963],[-4.89792,48.36684],[-4.89875,48.36718],[-4.90042,48.36978],[-4.90458,48.36944],[-4.90625,48.36874],[-4.90792,48.36924],[-4.90958,48.36907],[-4.91262,48.37208],[-4.91542,48.37222],[-4.91706,48.37375],[-4.91542,48.37764],[-4.91161,48.37875],[-4.91125,48.37979],[-4.91208,48.37969],[-4.91276,48.38042],[-4.91208,48.3819],[-4.91032,48.38042],[-4.90951,48.38208],[-4.91006,48.38375],[-4.90907,48.38542],[-4.90708,48.38502],[-4.90542,48.3835],[-4.90476,48.38375],[-4.90389,48.38625],[-4.90513,48.38792],[-4.90458,48.38879],[-4.89924,48.38792],[-4.89901,48.38625],[-4.89807,48.38542],[-4.89458,48.38456],[-4.89347,48.38542],[-4.89356,48.38708],[-4.89147,48.38708],[-4.89055,48.38292],[-4.89292,48.38228],[-4.89542,48.38026],[-4.89542,48.38271],[-4.89546,48.38208],[-4.89708,48.3818],[-4.89748,48.38292],[-4.89958,48.38303],[-4.90042,48.3839],[-4.90125,48.38387],[-4.90148,48.38292],[-4.90042,48.38282],[-4.8997,48.38208],[-4.89958,48.38027],[-4.89653,48.37875],[-4.89542,48.37928],[-4.89249,48.37875],[-4.89375,48.37673],[-4.89474,48.37625],[-4.89306,48.37542],[-4.89492,48.37458],[-4.89514,48.37125],[-4.89375,48.37105]]},"properties":{"source":"emodnet_dtm_2024","level":2}},{"type":"Feature","geometry":{"type":"LineString","coordinates":[[-4.87458,48.37069],[-4.87542,48.36814],[-4.87708,48.36958],[-4.88042,48.36774],[-4.88125,48.36751],[-4.88233,48.36792],[-4.88208,48.36899],[-4.88042,48.37019],[-4.87875,48.37005],[-4.87792,48.37201],[-4.87708,48.37186],[-4.87625,48.36988],[-4.87458,48.37069]]},"properties":{"source":"emodnet_dtm_2024","level":2}},{"type":"Feature","geometry":{"type":"LineString","coordinates":[[-4.95708,48.37139],[-4.95666,48.37125],[-4.95801,48.37125],[-4.95708,48.37139]]},"properties":{"source":"emodnet_dtm_2024","level":2}},{"type":"Feature","geometry":{"type":"LineString","coordinates":[[-4.93042,48.37155],[-4.93125,48.37064],[-4.93292,48.37082],[-4.93375,48.36921],[-4.93458,48.36894],[-4.93505,48.37125],[-4.93458,48.3717],[-4.93292,48.37145],[-4.93208,48.3735],[-4.93056,48.37292],[-4.93042,48.37155]]},"properties":{"source":"emodnet_dtm_2024","level":2}},{"type":"Feature","geometry":{"type":"LineString","coordinates":[[-4.95458,48.37209],[-4.95458,48.37209]]},"properties":{"source":"emodnet_dtm_2024","level":2}},{"type":"Feature","geometry":{"type":"LineString","coordinates":[[-4.95125,48.37216],[-4.95125,48.37113],[-4.95343,48.37125],[-4.95125,48.37216]]},"properties":{"source":"emodnet_dtm_2024","level":2}},{"type":"Feature","geometry":{"type":"LineString","coordinates":[[-4.88292,48.37225],[-4.88225,48.37125],[-4.88499,48.36958],[-4.88542,48.36726],[-4.88625,48.36679],[-4.88708,48.36703],[-4.88655,48.36875],[-4.88708,48.36978],[-4.88848,48.37042],[-4.88708,48.37186],[-4.88458,48.37299],[-4.88292,48.37225]]},"properties":{"source":"emodnet_dtm_2024","level":2}},{"type":"Feature","geometry":{"type":"LineString","coordinates":[[-4.87958,48.37286],[-4.87948,48.37208],[-4.88042,48.3716],[-4.88042,48.3729],[-4.87958,48.37286]]},"properties":{"source":"emodnet_dtm_2024","level":2}},{"type":"Feature","geometry":{"type":"LineString","coordinates":[[-4.85958,48.37218],[-4.86042,48.37151],[-4.86292,48.37137],[-4.86375,48.37053],[-4.86553,48.37125],[-4.86458,48.37192],[-4.86375,48.37178],[-4.86378,48.37292],[-4.86208,48.37457],[-4.85958,48.37218]]},"properties":{"source":"emodnet_dtm_2024","level":2}},{"type":"Feature","geometry":{"type":"LineString","coordinates":[[-4.85792,48.37235],[-4.85792,48.37176],[-4.85792,48.37235]]},"properties":{"source":"emodnet_dtm_2024","level":2}},{"type":"Feature","geometry":{"type":"LineString","coordinates":[[-4.48458,48.37307],[-4.48458,48.37196],[-4.48458,48.37307]]},"properties":{"source":"emodnet_dtm_2024","level":2}},{"type":"Feature","geometry":{"type":"LineString","coordinates":[[-4.96042,48.3746],[-4.96165,48.37458],[-4.96125,48.37491],[-4.96042,48.3746]]},"properties":{"source":"emodnet_dtm_2024","level":2}},{"type":"Feature","geometry":{"type":"LineString","coordinates":[[-4.93125,48.37522],[-4.93051,48.37458],[-4.93208,48.37398],[-4.93363,48.37542],[-4.93292,48.37625],[-4.93227,48.37542],[-4.93125,48.37522]]},"properties":{"source":"emodnet_dtm_2024","level":2}},{"type":"Feature","geometry":{"type":"LineString","coordinates":[[-4.91875,48.37576],[-4.91875,48.37512],[-4.92125,48.37458],[-4.92042,48.37585],[-4.91875,48.37576]]},"properties":{"source":"emodnet_dtm_2024","level":2}},{"type":"Feature","geometry":{"type":"LineString","coordinates":[[-4.88292,48.37571],[-4.88209,48.37458],[-4.88292,48.37403],[-4.88375,48.37533],[-4.88458,48.37478],[-4.88523,48.37542],[-4.88458,48.37702],[-4.88375,48.37566],[-4.88292,48.37571]]},"properties":{"source":"emodnet_dtm_2024","level":2}},{"type":"Feature","geometry":{"type":"LineString","coordinates":[[-4.87458,48.37543],[-4.87388,48.37458],[-4.87458,48.3728],[-4.87542,48.37318],[-4.87594,48.37458],[-4.87458,48.37543]]},"properties":{"source":"emodnet_dtm_2024","level":2}},{"type":"Feature","geometry":{"type":"LineString","coordinates":[[-4.88792,48.37757],[-4.88719,48.37542],[-4.88875,48.37407],[-4.88972,48.37458],[-4.88887,48.37542],[-4.89065,48.37708],[-4.89127,48.37958],[-4.89042,48.38137],[-4.88958,48.38164],[-4.88792,48.3811],[-4.88708,48.38155],[-4.88375,48.38158],[-4.88292,48.38076],[-4.88125,48.38032],[-4.88125,48.37832],[-4.88375,48.37845],[-4.88458,48.3772],[-4.88625,48.37725],[-4.88708,48.3789],[-4.88792,48.37887],[-4.88792,48.37757]]},"properties":{"source":"emodnet_dtm_2024","level":2}},{"type":"Feature","geometry":{"type":"LineString","coordinates":[[-4.99292,48.37793],[-4.99292,48.37793]]},"properties":{"source":"emodnet_dtm_2024","level":2}},{"type":"Feature","geometry":{"type":"LineString","coordinates":[[-4.93375,48.38032],[-4.93375,48.37903],[-4.93481,48.37958],[-4.93375,48.38032]]},"properties":{"source":"emodnet_dtm_2024","level":2}},{"type":"Feature","geometry":{"type":"LineString","coordinates":[[-4.95208,48.38048],[-4.95292,48.37922],[-4.95423,48.38042],[-4.95375,48.38152],[-4.95208,48.38048]]},"properties":{"source":"emodnet_dtm_2024","level":2}},{"type":"Feature","geometry":{"type":"LineString","coordinates":[[-4.91792,48.38045],[-4.91919,48.38042],[-4.91875,48.38137],[-4.91792,48.38045]]},"properties":{"source":"emodnet_dtm_2024","level":2}},{"type":"Feature","geometry":{"type":"LineString","coordinates":[[-4.97542,48.38126],[-4.97542,48.38126]]},"properties":{"source":"emodnet_dtm_2024","level":2}},{"type":"Feature","geometry":{"type":"LineString","coordinates":[[-4.97125,48.38323],[-4.97088,48.38208],[-4.97208,48.38131],[-4.97273,48.38208],[-4.97125,48.38323]]},"properties":{"source":"emodnet_dtm_2024","level":2}},{"type":"Feature","geometry":{"type":"LineString","coordinates":[[-4.88542,48.38322],[-4.88503,48.38292],[-4.88625,48.38216],[-4.8874,48.38292],[-4.88625,48.38347],[-4.88542,48.38322]]},"properties":{"source":"emodnet_dtm_2024","level":2}},{"type":"Feature","geometry":{"type":"LineString","coordinates":[[-4.96542,48.38407],[-4.96491,48.38375],[-4.96625,48.38274],[-4.96861,48.38375],[-4.96792,48.38442],[-4.96542,48.38407]]},"properties":{"source":"emodnet_dtm_2024","level":2}},{"type":"Feature","geometry":{"type":"LineString","coordinates":[[-4.94958,48.38429],[-4.94893,48.38375],[-4.94958,48.38337],[-4.94958,48.38429]]},"properties":{"source":"emodnet_dtm_2024","level":2}},{"type":"Feature","geometry":{"type":"LineString","coordinates":[[-4.88042,48.38462],[-4.8819,48.38458],[-4.88125,48.38537],[-4.88042,48.38462]]},"properties":{"source":"emodnet_dtm_2024","level":2}},{"type":"Feature","geometry":{"type":"LineString","coordinates":[[-4.43125,48.39097],[-4.43125,48.38986],[-4.43208,48.38986],[-4.43264,48.39042],[-4.43125,48.39097]]},"properties":{"source":"emodnet_dtm_2024","level":2}},{"type":"Feature","geometry":{"type":"LineString","coordinates":[[-4.93458,48.39127],[-4.93458,48.39088],[-4.93458,48.39127]]},"properties":{"source":"emodnet_dtm_2024","level":2}},{"type":"Feature","geometry":{"type":"LineString","coordinates":[[-4.86292,48.39204],[-4.86292,48.39106],[-4.86292,48.39204]]},"properties":{"source":"emodnet_dtm_2024","level":2}},{"type":"Feature","geometry":{"type":"LineString","coordinates":[[-4.94292,48.39263],[-4.94292,48.39162],[-4.94458,48.39165],[-4.94458,48.39246],[-4.94292,48.39263]]},"properties":{"source":"emodnet_dtm_2024","level":2}},{"type":"Feature","geometry":{"type":"LineString","coordinates":[[-4.77708,48.39236],[-4.77708,48.39179],[-4.77792,48.39179],[-4.77792,48.39236],[-4.77708,48.39236]]},"properties":{"source":"emodnet_dtm_2024","level":2}},{"type":"Feature","geometry":{"type":"LineString","coordinates":[[-4.87542,48.39332],[-4.87542,48.39198],[-4.87542,48.39332]]},"properties":{"source":"emodnet_dtm_2024","level":2}},{"type":"Feature","geometry":{"type":"LineString","coordinates":[[-4.49875,48.39301],[-4.49792,48.39213],[-4.49713,48.39375],[-4.49792,48.39461],[-4.5001,48.39375],[-4.49958,48.39251],[-4.49875,48.39301]]},"properties":{"source":"emodnet_dtm_2024","level":2}},{"type":"Feature","geometry":{"type":"LineString","coordinates":[[-4.98375,48.39492],[-4.98322,48.39458],[-4.98375,48.39388],[-4.98375,48.39492]]},"properties":{"source":"emodnet_dtm_2024","level":2}},{"type":"Feature","geometry":{"type":"LineString","coordinates":[[-4.89542,48.39553],[-4.89542,48.3945],[-4.89542,48.39553]]},"properties":{"source":"emodnet_dtm_2024","level":2}},{"type":"Feature","geometry":{"type":"LineString","coordinates":[[-4.38542,48.39635],[-4.38792,48.39594],[-4.39292,48.39407],[-4.39322,48.39458],[-4.39125,48.39673],[-4.38542,48.39635]]},"properties":{"source":"emodnet_dtm_2024","level":2}},{"type":"Feature","geometry":{"type":"LineString","coordinates":[[-4.93792,48.39717],[-4.93717,48.39625],[-4.93792,48.39504],[-4.93943,48.39625],[-4.93875,48.39743],[-4.93792,48.39717]]},"properties":{"source":"emodnet_dtm_2024","level":2}},{"type":"Feature","geometry":{"type":"LineString","coordinates":[[-4.97625,48.4004],[-4.97562,48.39958],[-4.97625,48.39881],[-4.97625,48.4004]]},"properties":{"source":"emodnet_dtm_2024","level":2}},{"type":"Feature","geometry":{"type":"LineString","coordinates":[[-4.98042,48.40057],[-4.98101,48.39875],[-4.98292,48.39688],[-4.98609,48.39875],[-4.98635,48.39958],[-4.98542,48.40013],[-4.98375,48.40006],[-4.98125,48.40093],[-4.98042,48.40057]]},"properties":{"source":"emodnet_dtm_2024","level":2}},{"type":"Feature","geometry":{"type":"LineString","coordinates":[[-4.94375,48.40135],[-4.94542,48.39923],[-4.94625,48.40031],[-4.94635,48.40208],[-4.94542,48.40329],[-4.94375,48.40135]]},"properties":{"source":"emodnet_dtm_2024","level":2}},{"type":"Feature","geometry":{"type":"LineString","coordinates":[[-4.97208,48.40413],[-4.97152,48.40375],[-4.97208,48.40295],[-4.97292,48.40306],[-4.97343,48.40375],[-4.97208,48.40413]]},"properties":{"source":"emodnet_dtm_2024","level":2}},{"type":"Feature","geometry":{"type":"LineString","coordinates":[[-4.98792,48.40745],[-4.98792,48.40622],[-4.9891,48.40708],[-4.98898,48.40792],[-4.98792,48.40745]]},"properties":{"source":"emodnet_dtm_2024","level":2}},{"type":"Feature","geometry":{"type":"LineString","coordinates":[[-4.35375,48.40759],[-4.35315,48.40708],[-4.35375,48.40694],[-4.35375,48.40759]]},"properties":{"source":"emodnet_dtm_2024","level":2}},{"type":"Feature","geometry":{"type":"LineString","coordinates":[[-4.89958,48.40888],[-4.89909,48.40792],[-4.89958,48.40768],[-4.9036,48.40792],[-4.90292,48.40882],[-4.89958,48.40888]]},"properties":{"source":"emodnet_dtm_2024","level":2}},{"type":"Feature","geometry":{"type":"LineString","coordinates":[[-4.96875,48.41308],[-4.96815,48.41208],[-4.97042,48.41056],[-4.97208,48.41133],[-4.97375,48.41042],[-4.97542,48.41124],[-4.97708,48.40941],[-4.97875,48.40913],[-4.97934,48.40958],[-4.97833,48.41125],[-4.97904,48.41292],[-4.97792,48.41397],[-4.97542,48.41483],[-4.97458,48.41405],[-4.97292,48.41367],[-4.97042,48.41415],[-4.96875,48.41308]]},"properties":{"source":"emodnet_dtm_2024","level":2}},{"type":"Feature","geometry":{"type":"LineString","coordinates":[[-4.96625,48.41323],[-4.96575,48.41292],[-4.96625,48.41254],[-4.96706,48.41292],[-4.96625,48.41323]]},"properties":{"source":"emodnet_dtm_2024","level":2}},{"type":"Feature","geometry":{"type":"LineString","coordinates":[[-5.00292,48.41406],[-5.00235,48.41375],[-5.00292,48.41266],[-5.00514,48.41292],[-5.00292,48.41406]]},"properties":{"source":"emodnet_dtm_2024","level":2}},{"type":"Feature","geometry":{"type":"LineString","coordinates":[[-4.99208,48.41448],[-4.99126,48.41292],[-4.99208,48.41235],[-4.99284,48.41292],[-4.99208,48.41448]]},"properties":{"source":"emodnet_dtm_2024","level":2}},{"type":"Feature","geometry":{"type":"LineString","coordinates":[[-4.97958,48.41619],[-4.97958,48.41527],[-4.98375,48.41272],[-4.98403,48.41542],[-4.98625,48.41616],[-4.98725,48.41542],[-4.98792,48.41362],[-4.98917,48.41375],[-4.98958,48.4128],[-4.99122,48.41292],[-4.98954,48.41458],[-4.98978,48.41708],[-4.99073,48.41875],[-4.98875,48.42248],[-4.98638,48.42458],[-4.98527,48.42708],[-4.98375,48.42843],[-4.98292,48.42689],[-4.98134,48.42625],[-4.98207,48.42458],[-4.98042,48.42087],[-4.97458,48.42252],[-4.97208,48.41958],[-4.97198,48.41625],[-4.97375,48.41551],[-4.97458,48.41556],[-4.97605,48.41708],[-4.97542,48.41772],[-4.97458,48.41658],[-4.97458,48.41888],[-4.97708,48.41905],[-4.97875,48.41983],[-4.97958,48.41891],[-4.98125,48.41994],[-4.98218,48.41875],[-4.98194,48.41792],[-4.97958,48.41619]]},"properties":{"source":"emodnet_dtm_2024","level":2}},{"type":"Feature","geometry":{"type":"LineString","coordinates":[[-4.99292,48.41704],[-4.99236,48.41625],[-4.99292,48.41545],[-4.99392,48.41625],[-4.99292,48.41704]]},"properties":{"source":"emodnet_dtm_2024","level":2}},{"type":"Feature","geometry":{"type":"LineString","coordinates":[[-4.99875,48.41737],[-4.99839,48.41625],[-4.99958,48.4151],[-5.00044,48.41625],[-4.99958,48.41808],[-4.99875,48.41737]]},"properties":{"source":"emodnet_dtm_2024","level":2}},{"type":"Feature","geometry":{"type":"LineString","coordinates":[[-5.02125,48.41908],[-5.02125,48.41729],[-5.02223,48.41792],[-5.02125,48.41908]]},"properties":{"source":"emodnet_dtm_2024","level":2}},{"type":"Feature","geometry":{"type":"LineString","coordinates":[[-5.01792,48.42043],[-5.01741,48.41875],[-5.01792,48.41788],[-5.01876,48.41958],[-5.01792,48.42043]]},"properties":{"source":"emodnet_dtm_2024","level":2}},{"type":"Feature","geometry":{"type":"LineString","coordinates":[[-5.01042,48.42406],[-5.01042,48.42321],[-5.01125,48.42308],[-5.01149,48.42375],[-5.01042,48.42406]]},"properties":{"source":"emodnet_dtm_2024","level":2}},{"type":"Feature","geometry":{"type":"LineString","coordinates":[[-5.01375,48.42484],[-5.01375,48.42434],[-5.01542,48.42435],[-5.01625,48.42357],[-5.01708,48.42375],[-5.01708,48.42571],[-5.01542,48.42646],[-5.01422,48.42792],[-5.01375,48.43158],[-5.01208,48.43247],[-5.01138,48.43208],[-5.01208,48.43192],[-5.01353,48.42958],[-5.01344,48.42625],[-5.01437,48.42542],[-5.01375,48.42484]]},"properties":{"source":"emodnet_dtm_2024","level":2}},{"type":"Feature","geometry":{"type":"LineString","coordinates":[[-4.97875,48.42537],[-4.97819,48.42458],[-4.97875,48.42377],[-4.98,48.42542],[-4.97958,48.4258],[-4.97875,48.42537]]},"properties":{"source":"emodnet_dtm_2024","level":2}},{"type":"Feature","geometry":{"type":"LineString","coordinates":[[-4.97375,48.42625],[-4.97329,48.42542],[-4.97375,48.42462],[-4.97792,48.42569],[-4.97917,48.42792],[-4.97894,48.42875],[-4.97542,48.42898],[-4.97375,48.42625]]},"properties":{"source":"emodnet_dtm_2024","level":2}},{"type":"Feature","geometry":{"type":"LineString","coordinates":[[-5.00875,48.42812],[-5.00958,48.42756],[-5.00996,48.42792],[-5.00958,48.42831],[-5.00875,48.42812]]},"properties":{"source":"emodnet_dtm_2024","level":2}},{"type":"Feature","geometry":{"type":"LineString","coordinates":[[-5.00875,48.42977],[-5.00875,48.42941],[-5.00875,48.42977]]},"properties":{"source":"emodnet_dtm_2024","level":2}},{"type":"Feature","geometry":{"type":"LineString","coordinates":[[-4.79792,48.4298],[-4.79792,48.42942],[-4.7995,48.42958],[-4.79792,48.4298]]},"properties":{"source":"emodnet_dtm_2024","level":2}},{"type":"Feature","geometry":{"type":"LineString","coordinates":[[-5.00208,48.4321],[-5.00208,48.43117],[-5.00208,48.4321]]},"properties":{"source":"emodnet_dtm_2024","level":2}},{"type":"Feature","geometry":{"type":"LineString","coordinates":[[-4.79042,48.43437],[-4.78959,48.43375],[-4.79042,48.43347],[-4.7913,48.43375],[-4.79129,48.43458],[-4.79042,48.43437]]},"properties":{"source":"emodnet_dtm_2024","level":2}},{"type":"Feature","geometry":{"type":"LineString","coordinates":[[-5.11458,48.43603],[-5.11411,48.43542],[-5.11708,48.43183],[-5.11861,48.43458],[-5.11875,48.43625],[-5.11966,48.43708],[-5.11625,48.43735],[-5.11542,48.43584],[-5.11458,48.43603]]},"properties":{"source":"emodnet_dtm_2024","level":2}},{"type":"Feature","geometry":{"type":"LineString","coordinates":[[-5.10875,48.43545],[-5.10875,48.43545]]},"properties":{"source":"emodnet_dtm_2024","level":2}},{"type":"Feature","geometry":{"type":"LineString","coordinates":[[-5.12125,48.43626],[-5.12304,48.43542],[-5.12323,48.43625],[-5.12208,48.43715],[-5.12125,48.43626]]},"properties":{"source":"emodnet_dtm_2024","level":2}},{"type":"Feature","geometry":{"type":"LineString","coordinates":[[-5.09125,48.43678],[-5.0909,48.43625],[-5.09179,48.43625],[-5.09125,48.43678]]},"properties":{"source":"emodnet_dtm_2024","level":2}},{"type":"Feature","geometry":{"type":"LineString","coordinates":[[-5.01292,48.43632],[-5.01292,48.43541],[-5.01375,48.43485],[-5.01546,48.43625],[-5.01458,48.43626],[-5.01375,48.43734],[-5.01292,48.43632]]},"properties":{"source":"emodnet_dtm_2024","level":2}},{"type":"Feature","geometry":{"type":"LineString","coordinates":[[-5.02042,48.43709],[-5.02042,48.43709]]},"properties":{"source":"emodnet_dtm_2024","level":2}},{"type":"Feature","geometry":{"type":"LineString","coordinates":[[-5.08958,48.43809],[-5.08958,48.43718],[-5.09007,48.43792],[-5.08958,48.43809]]},"properties":{"source":"emodnet_dtm_2024","level":2}},{"type":"Feature","geometry":{"type":"LineString","coordinates":[[-5.01458,48.43807],[-5.01625,48.43778],[-5.01708,48.43665],[-5.01909,48.43708],[-5.01708,48.43876],[-5.01458,48.43807]]},"properties":{"source":"emodnet_dtm_2024","level":2}},{"type":"Feature","geometry":{"type":"LineString","coordinates":[[-4.79708,48.43883],[-4.79708,48.43816],[-4.79794,48.43875],[-4.79708,48.43883]]},"properties":{"source":"emodnet_dtm_2024","level":2}},{"type":"Feature","geometry":{"type":"LineString","coordinates":[[-5.12125,48.43964],[-5.12125,48.43775],[-5.12186,48.43792],[-5.12125,48.43964]]},"properties":{"source":"emodnet_dtm_2024","level":2}},{"type":"Feature","geometry":{"type":"LineString","coordinates":[[-5.11792,48.43981],[-5.11792,48.43862],[-5.11792,48.43981]]},"properties":{"source":"emodnet_dtm_2024","level":2}},{"type":"Feature","geometry":{"type":"LineString","coordinates":[[-4.79958,48.44133],[-4.79917,48.44042],[-4.79958,48.43961],[-4.80042,48.43953],[-4.80154,48.44125],[-4.79958,48.44133]]},"properties":{"source":"emodnet_dtm_2024","level":2}},{"type":"Feature","geometry":{"type":"LineString","coordinates":[[-4.78708,48.44127],[-4.78708,48.44127]]},"properties":{"source":"emodnet_dtm_2024","level":2}},{"type":"Feature","geometry":{"type":"LineString","coordinates":[[-5.11375,48.44216],[-5.11375,48.44216]]},"properties":{"source":"emodnet_dtm_2024","level":2}},{"type":"Feature","geometry":{"type":"LineString","coordinates":[[-5.10958,48.44399],[-5.10958,48.44265],[-5.11161,48.44292],[-5.10958,48.44399]]},"properties":{"source":"emodnet_dtm_2024","level":2}},{"type":"Feature","geometry":{"type":"LineString","coordinates":[[-5.08542,48.44393],[-5.08542,48.44279],[-5.08875,48.44042],[-5.08958,48.4401],[-5.09375,48.44056],[-5.09542,48.44031],[-5.09958,48.43842],[-5.10208,48.43653],[-5.10625,48.43681],[-5.10958,48.43819],[-5.11208,48.43832],[-5.11208,48.44238],[-5.11125,48.44051],[-5.10875,48.4409],[-5.10792,48.4405],[-5.10625,48.44097],[-5.10375,48.44254],[-5.10229,48.44458],[-5.10246,48.44542],[-5.09792,48.44642],[-5.09604,48.44792],[-5.0971,48.44875],[-5.09492,48.44958],[-5.0946,48.45042],[-5.09542,48.45244],[-5.09875,48.45308],[-5.09958,48.45396],[-5.1016,48.45292],[-5.10292,48.45284],[-5.10375,48.4513],[-5.10458,48.45118],[-5.10708,48.45124],[-5.10559,48.45292],[-5.11042,48.45434],[-5.11875,48.45182],[-5.12292,48.45288],[-5.12958,48.45087],[-5.13708,48.45044],[-5.13824,48.44958],[-5.13883,48.44792],[-5.13958,48.44747],[-5.14042,48.44767],[-5.14125,48.4463],[-5.14208,48.44672],[-5.14245,48.44792],[-5.1412,48.44875],[-5.14097,48.45208],[-5.13867,48.45292],[-5.14066,48.45375],[-5.13965,48.45458],[-5.13958,48.4558],[-5.13792,48.4564],[-5.13744,48.45375],[-5.13542,48.45375],[-5.13426,48.45458],[-5.13488,48.45542],[-5.13458,48.4569],[-5.13375,48.45517],[-5.13125,48.45972],[-5.12917,48.46042],[-5.12848,48.46125],[-5.12708,48.46171],[-5.12625,48.46119],[-5.12431,48.46208],[-5.12375,48.46316],[-5.12069,48.46292],[-5.12042,48.4642],[-5.11958,48.46418],[-5.11789,48.46542],[-5.11601,48.46542],[-5.11751,48.46458],[-5.11708,48.46368],[-5.11375,48.46605],[-5.11208,48.46584],[-5.10958,48.46671],[-5.10792,48.46875],[-5.10489,48.47042],[-5.10042,48.47449],[-5.09708,48.47441],[-5.09625,48.47546],[-5.09278,48.47625],[-5.09278,48.47708],[-5.09195,48.47708],[-5.09208,48.47525],[-5.08958,48.47466],[-5.08875,48.47372],[-5.08542,48.47363],[-5.08125,48.47185],[-5.07896,48.47375],[-5.07879,48.47458],[-5.07625,48.47483],[-5.07375,48.47785],[-5.07292,48.47789],[-5.07199,48.47875],[-5.07389,48.47958],[-5.07292,48.48162],[-5.06875,48.48214],[-5.06792,48.48184],[-5.06042,48.47824],[-5.05958,48.47602],[-5.05792,48.47638],[-5.05625,48.47545],[-5.05208,48.47812],[-5.05076,48.47708],[-5.05114,48.47542],[-5.05342,48.47292],[-5.05406,48.47125],[-5.05192,48.47042],[-5.05337,48.46958],[-5.05375,48.4674],[-5.05546,48.46708],[-5.05375,48.46681],[-5.05292,48.46612],[-5.05125,48.46619],[-5.05042,48.46672],[-5.04905,48.46625],[-5.04708,48.46348],[-5.04646,48.46458],[-5.04458,48.4655],[-5.03875,48.46508],[-5.0376,48.46458],[-5.03671,48.46208],[-5.03628,48.46042],[-5.03708,48.45927],[-5.03958,48.45796],[-5.04375,48.45711],[-5.04542,48.45771],[-5.04958,48.45742],[-5.05178,48.45458],[-5.05375,48.45402],[-5.05422,48.45292],[-5.05708,48.45229],[-5.05779,48.45125],[-5.06042,48.45025],[-5.07292,48.4503],[-5.07625,48.449],[-5.07708,48.44787],[-5.07958,48.44894],[-5.08042,48.44838],[-5.08208,48.44828],[-5.08207,48.44625],[-5.08665,48.44458],[-5.08542,48.44393]]},"properties":{"source":"emodnet_dtm_2024","level":2}},{"type":"Feature","geometry":{"type":"LineString","coordinates":[[-5.10458,48.44552],[-5.10512,48.44542],[-5.10458,48.44552]]},"properties":{"source":"emodnet_dtm_2024","level":2}},{"type":"Feature","geometry":{"type":"LineString","coordinates":[[-5.11625,48.4464],[-5.11709,48.44625],[-5.11625,48.4464]]},"properties":{"source":"emodnet_dtm_2024","level":2}},{"type":"Feature","geometry":{"type":"LineString","coordinates":[[-5.05875,48.44894],[-5.05875,48.44894]]},"properties":{"source":"emodnet_dtm_2024","level":2}},{"type":"Feature","geometry":{"type":"LineString","coordinates":[[-5.14208,48.45313],[-5.14208,48.45209],[-5.14208,48.45313]]},"properties":{"source":"emodnet_dtm_2024","level":2}},{"type":"Feature","geometry":{"type":"LineString","coordinates":[[-5.14375,48.45467],[-5.14375,48.45343],[-5.14537,48.45375],[-5.14375,48.45467]]},"properties":{"source":"emodnet_dtm_2024","level":2}},{"type":"Feature","geometry":{"type":"LineString","coordinates":[[-5.03542,48.45809],[-5.03532,48.45708],[-5.03625,48.45699],[-5.03648,48.45792],[-5.03542,48.45809]]},"properties":{"source":"emodnet_dtm_2024","level":2}},{"type":"Feature","geometry":{"type":"LineString","coordinates":[[-5.13375,48.46055],[-5.13375,48.45939],[-5.13375,48.46055]]},"properties":{"source":"emodnet_dtm_2024","level":2}},{"type":"Feature","geometry":{"type":"LineString","coordinates":[[-5.03458,48.46479],[-5.03458,48.46356],[-5.03458,48.46479]]},"properties":{"source":"emodnet_dtm_2024","level":2}},{"type":"Feature","geometry":{"type":"LineString","coordinates":[[-4.77875,48.46575],[-4.77792,48.46458],[-4.77875,48.46403],[-4.77932,48.46458],[-4.77875,48.46575]]},"properties":{"source":"emodnet_dtm_2024","level":2}},{"type":"Feature","geometry":{"type":"LineString","coordinates":[[-5.12708,48.46664],[-5.12708,48.4661],[-5.12877,48.46625],[-5.12708,48.46664]]},"properties":{"source":"emodnet_dtm_2024","level":2}},{"type":"Feature","geometry":{"type":"LineString","coordinates":[[-5.11875,48.46973],[-5.11875,48.46973]]},"properties":{"source":"emodnet_dtm_2024","level":2}},{"type":"Feature","geometry":{"type":"LineString","coordinates":[[-5.10875,48.46984],[-5.10875,48.46904],[-5.10958,48.46934],[-5.11018,48.46875],[-5.11042,48.4675],[-5.11158,48.46875],[-5.1113,48.46958],[-5.10875,48.46984]]},"properties":{"source":"emodnet_dtm_2024","level":2}},{"type":"Feature","geometry":{"type":"LineString","coordinates":[[-5.11042,48.47136],[-5.1113,48.47125],[-5.11042,48.47136]]},"properties":{"source":"emodnet_dtm_2024","level":2}},{"type":"Feature","geometry":{"type":"LineString","coordinates":[[-4.77042,48.47341],[-4.76956,48.47208],[-4.77042,48.47128],[-4.77134,48.47208],[-4.77042,48.47341]]},"properties":{"source":"emodnet_dtm_2024","level":2}},{"type":"Feature","geometry":{"type":"LineString","coordinates":[[-5.10542,48.47388],[-5.10542,48.47388]]},"properties":{"source":"emodnet_dtm_2024","level":2}},{"type":"Feature","geometry":{"type":"LineString","coordinates":[[-5.08125,48.47398],[-5.08125,48.47351],[-5.08178,48.47375],[-5.08125,48.47398]]},"properties":{"source":"emodnet_dtm_2024","level":2}},{"type":"Feature","geometry":{"type":"LineString","coordinates":[[-4.77958,48.4752],[-4.77884,48.47458],[-4.78042,48.47408],[-4.78124,48.47458],[-4.78042,48.47532],[-4.77958,48.4752]]},"properties":{"source":"emodnet_dtm_2024","level":2}},{"type":"Feature","geometry":{"type":"LineString","coordinates":[[-5.10375,48.47959],[-5.10375,48.47959]]},"properties":{"source":"emodnet_dtm_2024","level":2}},{"type":"Feature","geometry":{"type":"LineString","coordinates":[[-4.78125,48.47964],[-4.78125,48.47871],[-4.78125,48.47964]]},"properties":{"source":"emodnet_dtm_2024","level":2}},{"type":"Feature","geometry":{"type":"LineString","coordinates":[[-4.77958,48.48048],[-4.77958,48.48048]]},"properties":{"source":"emodnet_dtm_2024","level":2}},{"type":"Feature","geometry":{"type":"LineString","coordinates":[[-5.10542,48.48136],[-5.10542,48.48022],[-5.10593,48.48042],[-5.10542,48.48136]]},"properties":{"source":"emodnet_dtm_2024","level":2}},{"type":"Feature","geometry":{"type":"LineString","coordinates":[[-5.09208,48.48134],[-5.09147,48.48125],[-5.09375,48.47795],[-5.1,48.47958],[-5.10239,48.48125],[-5.09792,48.48217],[-5.09625,48.48184],[-5.09375,48.48218],[-5.09208,48.48134]]},"properties":{"source":"emodnet_dtm_2024","level":2}},{"type":"Feature","geometry":{"type":"LineString","coordinates":[[-5.10375,48.48214],[-5.10375,48.48214]]},"properties":{"source":"emodnet_dtm_2024","level":2}},{"type":"Feature","geometry":{"type":"LineString","coordinates":[[-5.10208,48.48304],[-5.10208,48.4827],[-5.10265,48.48292],[-5.10208,48.48304]]},"properties":{"source":"emodnet_dtm_2024","level":2}},{"type":"Feature","geometry":{"type":"LineString","coordinates":[[-5.07125,48.48664],[-5.07125,48.48457],[-5.07375,48.4845],[-5.07125,48.48664]]},"properties":{"source":"emodnet_dtm_2024","level":2}},{"type":"Feature","geometry":{"type":"LineString","coordinates":[[-4.77875,48.48763],[-4.77829,48.48708],[-4.77958,48.48554],[-4.78042,48.48542],[-4.78233,48.48792],[-4.78208,48.48835],[-4.78125,48.48882],[-4.78083,48.48792],[-4.77875,48.48763]]},"properties":{"source":"emodnet_dtm_2024","level":2}},{"type":"Feature","geometry":{"type":"LineString","coordinates":[[-4.80542,48.49237],[-4.80502,48.49208],[-4.80625,48.49133],[-4.80708,48.4928],[-4.80542,48.49237]]},"properties":{"source":"emodnet_dtm_2024","level":2}},{"type":"Feature","geometry":{"type":"LineString","coordinates":[[-4.78708,48.49355],[-4.78708,48.49212],[-4.78759,48.49292],[-4.78708,48.49355]]},"properties":{"source":"emodnet_dtm_2024","level":2}},{"type":"Feature","geometry":{"type":"LineString","coordinates":[[-4.77958,48.49669],[-4.77875,48.49587],[-4.77679,48.49625],[-4.77708,48.49979],[-4.77792,48.49992],[-4.77875,48.49903],[-4.78005,48.49875],[-4.77958,48.49669]]},"properties":{"source":"emodnet_dtm_2024","level":2}},{"type":"Feature","geometry":{"type":"LineString","coordinates":[[-4.77458,48.51137],[-4.77398,48.50958],[-4.77458,48.50904],[-4.77781,48.50958],[-4.77615,48.51125],[-4.77458,48.51137]]},"properties":{"source":"emodnet_dtm_2024","level":2}},{"type":"Feature","geometry":{"type":"LineString","coordinates":[[-4.77542,48.51767],[-4.77478,48.51708],[-4.77542,48.51644],[-4.77792,48.51663],[-4.77828,48.51625],[-4.77875,48.51302],[-4.77984,48.51542],[-4.78311,48.51625],[-4.78208,48.51771],[-4.77958,48.51835],[-4.77792,48.51823],[-4.77625,48.52004],[-4.77542,48.51767]]},"properties":{"source":"emodnet_dtm_2024","level":2}},{"type":"Feature","geometry":{"type":"LineString","coordinates":[[-4.78292,48.51892],[-4.78235,48.51875],[-4.78292,48.51846],[-4.78292,48.51892]]},"properties":{"source":"emodnet_dtm_2024","level":2}},{"type":"Feature","geometry":{"type":"LineString","coordinates":[[-4.77542,48.52543],[-4.77625,48.5249],[-4.77645,48.52542],[-4.77542,48.52543]]},"properties":{"source":"emodnet_dtm_2024","level":2}},{"type":"Feature","geometry":{"type":"LineString","coordinates":[[-4.79542,48.52659],[-4.79542,48.52539],[-4.79598,48.52625],[-4.79542,48.52659]]},"properties":{"source":"emodnet_dtm_2024","level":2}},{"type":"Feature","geometry":{"type":"LineString","coordinates":[[-4.79625,48.52716],[-4.7969,48.52708],[-4.79625,48.52716]]},"properties":{"source":"emodnet_dtm_2024","level":2}},{"type":"Feature","geometry":{"type":"LineString","coordinates":[[-4.77708,48.52809],[-4.77708,48.52572],[-4.77827,48.52792],[-4.77708,48.52809]]},"properties":{"source":"emodnet_dtm_2024","level":2}},{"type":"Feature","geometry":{"type":"LineString","coordinates":[[-4.76625,48.52839],[-4.76542,48.52613],[-4.76458,48.52639],[-4.76365,48.52792],[-4.76458,48.52927],[-4.76625,48.52925],[-4.76625,48.52839]]},"properties":{"source":"emodnet_dtm_2024","level":2}},{"type":"Feature","geometry":{"type":"LineString","coordinates":[[-4.79958,48.5296],[-4.79958,48.5296]]},"properties":{"source":"emodnet_dtm_2024","level":2}},{"type":"Feature","geometry":{"type":"LineString","coordinates":[[-4.77458,48.5317],[-4.77458,48.53013],[-4.77677,48.53042],[-4.77604,48.53125],[-4.77458,48.5317]]},"properties":{"source":"emodnet_dtm_2024","level":2}},{"type":"Feature","geometry":{"type":"LineString","coordinates":[[-4.53875,48.55708],[-4.53792,48.55625],[-4.53792,48.55458],[-4.53458,48.55458],[-4.53542,48.55625],[-4.53708,48.55625],[-4.53875,48.55792],[-4.53875,48.55875],[-4.54042,48.55875],[-4.54125,48.55792],[-4.54292,48.55792],[-4.54375,48.55708],[-4.54625,48.55708],[-4.54542,48.55792],[-4.54292,48.55792],[-4.54208,48.55875],[-4.54125,48.55792],[-4.53958,48.55792],[-4.53875,48.55708]]},"properties":{"source":"emodnet_dtm_2024","level":2}},{"type":"Feature","geometry":{"type":"LineString","coordinates":[[-4.58958,48.56125],[-4.58875,48.56042],[-4.58875,48.55792],[-4.58958,48.55708],[-4.59042,48.55708],[-4.59042,48.55542],[-4.58792,48.55542],[-4.58708,48.55708],[-4.58375,48.55708],[-4.58542,48.55875],[-4.58542,48.56125],[-4.58708,48.56125],[-4.58958,48.56375],[-4.58875,48.56625],[-4.59042,48.56875],[-4.58958,48.56875],[-4.58958,48.56625],[-4.59125,48.56458],[-4.59292,48.56458],[-4.59292,48.56292],[-4.59208,48.56292],[-4.59042,48.56125],[-4.58958,48.56125]]},"properties":{"source":"emodnet_dtm_2024","level":2}},{"type":"Feature","geometry":{"type":"LineString","coordinates":[[-4.73125,48.56628],[-4.73125,48.56628]]},"properties":{"source":"emodnet_dtm_2024","level":2}},{"type":"Feature","geometry":{"type":"LineString","coordinates":[[-4.71875,48.56646],[-4.71823,48.56625],[-4.71958,48.56514],[-4.72208,48.56444],[-4.72208,48.56623],[-4.72042,48.56672],[-4.71875,48.56646]]},"properties":{"source":"emodnet_dtm_2024","level":2}},{"type":"Feature","geometry":{"type":"LineString","coordinates":[[-4.72208,48.56748],[-4.72208,48.56632],[-4.72375,48.56619],[-4.72375,48.56723],[-4.72208,48.56748]]},"properties":{"source":"emodnet_dtm_2024","level":2}},{"type":"Feature","geometry":{"type":"LineString","coordinates":[[-4.71125,48.56727],[-4.71125,48.56686],[-4.71208,48.56686],[-4.71208,48.56724],[-4.71125,48.56727]]},"properties":{"source":"emodnet_dtm_2024","level":2}},{"type":"Feature","geometry":{"type":"LineString","coordinates":[[-4.74625,48.56802],[-4.74625,48.56802]]},"properties":{"source":"emodnet_dtm_2024","level":2}},{"type":"Feature","geometry":{"type":"LineString","coordinates":[[-4.75125,48.56963],[-4.75125,48.56963]]},"properties":{"source":"emodnet_dtm_2024","level":2}},{"type":"Feature","geometry":{"type":"LineString","coordinates":[[-4.74792,48.57064],[-4.74731,48.57042],[-4.74819,48.56958],[-4.74825,48.56792],[-4.74958,48.56759],[-4.75037,48.56792],[-4.75011,48.56875],[-4.74902,48.57042],[-4.74792,48.57064]]},"properties":{"source":"emodnet_dtm_2024","level":2}},{"type":"Feature","geometry":{"type":"LineString","coordinates":[[-4.73375,48.57077],[-4.73375,48.57019],[-4.73458,48.56999],[-4.73583,48.57042],[-4.73458,48.57095],[-4.73375,48.57077]]},"properties":{"source":"emodnet_dtm_2024","level":2}},{"type":"Feature","geometry":{"type":"LineString","coordinates":[[-4.59958,48.57145],[-4.59906,48.57125],[-4.59958,48.56985],[-4.60208,48.56905],[-4.60208,48.56856],[-4.59792,48.5684],[-4.59542,48.57173],[-4.59458,48.56958],[-4.59292,48.57015],[-4.59375,48.57381],[-4.59473,48.57375],[-4.59542,48.5731],[-4.59958,48.57324],[-4.59958,48.57145]]},"properties":{"source":"emodnet_dtm_2024","level":2}},{"type":"Feature","geometry":{"type":"LineString","coordinates":[[-4.68792,48.57208],[-4.68708,48.57153],[-4.68708,48.57344],[-4.68875,48.57292],[-4.68792,48.57208]]},"properties":{"source":"emodnet_dtm_2024","level":2}},{"type":"Feature","geometry":{"type":"LineString","coordinates":[[-4.73542,48.5733],[-4.73542,48.57191],[-4.7363,48.57208],[-4.73658,48.57292],[-4.73625,48.57342],[-4.73542,48.5733]]},"properties":{"source":"emodnet_dtm_2024","level":2}},{"type":"Feature","geometry":{"type":"LineString","coordinates":[[-4.48458,48.57375],[-4.48375,48.57208],[-4.48375,48.57375],[-4.48458,48.57375]]},"properties":{"source":"emodnet_dtm_2024","level":2}},{"type":"Feature","geometry":{"type":"LineString","coordinates":[[-4.73708,48.5759],[-4.73649,48.57542],[-4.73685,48.57458],[-4.73792,48.57454],[-4.73708,48.5759]]},"properties":{"source":"emodnet_dtm_2024","level":2}},{"type":"Feature","geometry":{"type":"LineString","coordinates":[[-4.69708,48.57599],[-4.69634,48.57542],[-4.69875,48.57501],[-4.69875,48.5758],[-4.69708,48.57599]]},"properties":{"source":"emodnet_dtm_2024","level":2}},{"type":"Feature","geometry":{"type":"LineString","coordinates":[[-4.48958,48.57625],[-4.48875,48.57542],[-4.48792,48.57542],[-4.48875,48.57708],[-4.48958,48.57792],[-4.49042,48.57792],[-4.49292,48.58042],[-4.49292,48.58125],[-4.49292,48.57875],[-4.49208,48.57875],[-4.49042,48.57708],[-4.49042,48.57625],[-4.48958,48.57625]]},"properties":{"source":"emodnet_dtm_2024","level":2}},{"type":"Feature","geometry":{"type":"LineString","coordinates":[[-4.70042,48.57742],[-4.7001,48.57625],[-4.70125,48.57595],[-4.70173,48.57625],[-4.70042,48.57742]]},"properties":{"source":"emodnet_dtm_2024","level":2}},{"type":"Feature","geometry":{"type":"LineString","coordinates":[[-4.72875,48.57826],[-4.72958,48.57698],[-4.73042,48.57862],[-4.73292,48.57763],[-4.73314,48.57792],[-4.73314,48.57958],[-4.73125,48.58187],[-4.72994,48.58125],[-4.73009,48.57958],[-4.72875,48.57826]]},"properties":{"source":"emodnet_dtm_2024","level":2}},{"type":"Feature","geometry":{"type":"LineString","coordinates":[[-4.67708,48.57826],[-4.67708,48.57738],[-4.67792,48.57709],[-4.67895,48.57792],[-4.67708,48.57826]]},"properties":{"source":"emodnet_dtm_2024","level":2}},{"type":"Feature","geometry":{"type":"LineString","coordinates":[[-4.71042,48.5803],[-4.71023,48.57875],[-4.71125,48.57832],[-4.71317,48.58042],[-4.71312,48.58125],[-4.71042,48.5803]]},"properties":{"source":"emodnet_dtm_2024","level":2}},{"type":"Feature","geometry":{"type":"LineString","coordinates":[[-4.71625,48.5809],[-4.71577,48.58042],[-4.71625,48.57957],[-4.71717,48.58042],[-4.71625,48.5809]]},"properties":{"source":"emodnet_dtm_2024","level":2}},{"type":"Feature","geometry":{"type":"LineString","coordinates":[[-4.67958,48.58064],[-4.68042,48.5799],[-4.68091,48.58042],[-4.68042,48.58197],[-4.67958,48.58064]]},"properties":{"source":"emodnet_dtm_2024","level":2}},{"type":"Feature","geometry":{"type":"LineString","coordinates":[[-4.67708,48.5807],[-4.67708,48.58007],[-4.67792,48.5801],[-4.67792,48.58069],[-4.67708,48.5807]]},"properties":{"source":"emodnet_dtm_2024","level":2}},{"type":"Feature","geometry":{"type":"LineString","coordinates":[[-4.72792,48.58222],[-4.72753,48.58125],[-4.72875,48.58059],[-4.72922,48.58125],[-4.72875,48.58263],[-4.72792,48.58222]]},"properties":{"source":"emodnet_dtm_2024","level":2}},{"type":"Feature","geometry":{"type":"LineString","coordinates":[[-4.68125,48.58224],[-4.68068,48.58208],[-4.68208,48.58193],[-4.68258,48.58125],[-4.68292,48.57927],[-4.68357,48.57958],[-4.68318,48.58208],[-4.68125,48.58224]]},"properties":{"source":"emodnet_dtm_2024","level":2}},{"type":"Feature","geometry":{"type":"LineString","coordinates":[[-4.73375,48.58347],[-4.73311,48.58292],[-4.73341,48.58208],[-4.73458,48.58126],[-4.73737,48.58125],[-4.73751,48.58208],[-4.73649,48.58292],[-4.73375,48.58347]]},"properties":{"source":"emodnet_dtm_2024","level":2}},{"type":"Feature","geometry":{"type":"LineString","coordinates":[[-4.61792,48.58419],[-4.61708,48.5832],[-4.61458,48.58325],[-4.61354,48.58458],[-4.61375,48.58643],[-4.61958,48.58675],[-4.61958,48.58408],[-4.61792,48.58419]]},"properties":{"source":"emodnet_dtm_2024","level":2}},{"type":"Feature","geometry":{"type":"LineString","coordinates":[[-4.65125,48.58542],[-4.65125,48.58417],[-4.65292,48.58439],[-4.65292,48.58552],[-4.65208,48.58587],[-4.65125,48.58542]]},"properties":{"source":"emodnet_dtm_2024","level":2}},{"type":"Feature","geometry":{"type":"LineString","coordinates":[[-4.62292,48.58574],[-4.62292,48.58433],[-4.62292,48.58574]]},"properties":{"source":"emodnet_dtm_2024","level":2}},{"type":"Feature","geometry":{"type":"LineString","coordinates":[[-4.63875,48.58647],[-4.63875,48.5855],[-4.63875,48.58647]]},"properties":{"source":"emodnet_dtm_2024","level":2}},{"type":"Feature","geometry":{"type":"LineString","coordinates":[[-4.52042,48.58707],[-4.51958,48.58625],[-4.51875,48.58625],[-4.51792,48.58708],[-4.51625,48.58708],[-4.52042,48.58707]]},"properties":{"source":"emodnet_dtm_2024","level":2}},{"type":"Feature","geometry":{"type":"LineString","coordinates":[[-4.73208,48.58727],[-4.73169,48.58708],[-4.73292,48.58606],[-4.73348,48.58625],[-4.7331,48.58708],[-4.73208,48.58727]]},"properties":{"source":"emodnet_dtm_2024","level":2}},{"type":"Feature","geometry":{"type":"LineString","coordinates":[[-4.65125,48.58814],[-4.65208,48.58665],[-4.65283,48.58708],[-4.65125,48.58814]]},"properties":{"source":"emodnet_dtm_2024","level":2}},{"type":"Feature","geometry":{"type":"LineString","coordinates":[[-4.65708,48.58886],[-4.65708,48.58886]]},"properties":{"source":"emodnet_dtm_2024","level":2}},{"type":"Feature","geometry":{"type":"LineString","coordinates":[[-4.63875,48.58917],[-4.63875,48.58844],[-4.63875,48.58917]]},"properties":{"source":"emodnet_dtm_2024","level":2}},{"type":"Feature","geometry":{"type":"LineString","coordinates":[[-4.65375,48.59075],[-4.65375,48.59029],[-4.65375,48.59075]]},"properties":{"source":"emodnet_dtm_2024","level":2}},{"type":"Feature","geometry":{"type":"LineString","coordinates":[[-4.64708,48.59329],[-4.64708,48.5926],[-4.64708,48.59329]]},"properties":{"source":"emodnet_dtm_2024","level":2}},{"type":"Feature","geometry":{"type":"LineString","coordinates":[[-4.62792,48.59466],[-4.62958,48.59422],[-4.63009,48.59542],[-4.62958,48.59581],[-4.62792,48.59466]]},"properties":{"source":"emodnet_dtm_2024","level":2}},{"type":"Feature","geometry":{"type":"LineString","coordinates":[[-4.61625,48.59599],[-4.61567,48.59542],[-4.6158,48.59292],[-4.61458,48.59262],[-4.61446,48.59625],[-4.61625,48.5964],[-4.61625,48.59599]]},"properties":{"source":"emodnet_dtm_2024","level":2}},{"type":"Feature","geometry":{"type":"LineString","coordinates":[[-4.54125,48.59782],[-4.54042,48.59698],[-4.53777,48.59708],[-4.53792,48.59813],[-4.53958,48.59908],[-4.54292,48.59979],[-4.54375,48.60042],[-4.54914,48.60042],[-4.54458,48.59985],[-4.54172,48.59875],[-4.54208,48.59816],[-4.54875,48.59781],[-4.54125,48.59782]]},"properties":{"source":"emodnet_dtm_2024","level":2}},{"type":"Feature","geometry":{"type":"LineString","coordinates":[[-4.63542,48.59908],[-4.63542,48.59862],[-4.6365,48.59875],[-4.63542,48.59908]]},"properties":{"source":"emodnet_dtm_2024","level":2}},{"type":"Feature","geometry":{"type":"LineString","coordinates":[[-4.62292,48.59945],[-4.62222,48.59875],[-4.62208,48.5967],[-4.62182,48.59792],[-4.62042,48.59852],[-4.6203,48.59958],[-4.61858,48.60042],[-4.62042,48.60053],[-4.62125,48.60235],[-4.62406,48.60208],[-4.62402,48.59958],[-4.62292,48.59945]]},"properties":{"source":"emodnet_dtm_2024","level":2}},{"type":"Feature","geometry":{"type":"LineString","coordinates":[[-4.56125,48.59902],[-4.56044,48.59875],[-4.56125,48.59816],[-4.56184,48.59875],[-4.56125,48.59902]]},"properties":{"source":"emodnet_dtm_2024","level":2}},{"type":"Feature","geometry":{"type":"LineString","coordinates":[[-4.59458,48.59977],[-4.59375,48.59708],[-4.58958,48.59754],[-4.58625,48.60024],[-4.58542,48.60024],[-4.58446,48.60208],[-4.58542,48.60309],[-4.59042,48.60309],[-4.59125,48.60396],[-4.59292,48.60389],[-4.59375,48.60646],[-4.59458,48.60644],[-4.59625,48.60818],[-4.59875,48.60804],[-4.59939,48.60708],[-4.59844,48.60208],[-4.59542,48.60093],[-4.59458,48.59977]]},"properties":{"source":"emodnet_dtm_2024","level":2}},{"type":"Feature","geometry":{"type":"LineString","coordinates":[[-4.57208,48.60509],[-4.57208,48.60425],[-4.57332,48.60458],[-4.57208,48.60509]]},"properties":{"source":"emodnet_dtm_2024","level":2}},{"type":"Feature","geometry":{"type":"LineString","coordinates":[[-4.58042,48.61256],[-4.57958,48.61166],[-4.57875,48.61172],[-4.57625,48.61348],[-4.57292,48.61352],[-4.57292,48.61891],[-4.57458,48.61891],[-4.5747,48.61708],[-4.57708,48.61479],[-4.57875,48.61481],[-4.57887,48.61375],[-4.57958,48.61304],[-4.58072,48.61292],[-4.58042,48.61256]]},"properties":{"source":"emodnet_dtm_2024","level":2}},{"type":"Feature","geometry":{"type":"LineString","coordinates":[[-4.63208,48.61293],[-4.63208,48.61202],[-4.63208,48.61293]]},"properties":{"source":"emodnet_dtm_2024","level":2}},{"type":"Feature","geometry":{"type":"LineString","coordinates":[[-4.60208,48.61416],[-4.60208,48.61312],[-4.60292,48.61322],[-4.60331,48.61458],[-4.60292,48.61486],[-4.60208,48.61416]]},"properties":{"source":"emodnet_dtm_2024","level":2}},{"type":"Feature","geometry":{"type":"LineString","coordinates":[[-4.60375,48.61562],[-4.60375,48.61495],[-4.60375,48.61562]]},"properties":{"source":"emodnet_dtm_2024","level":2}},{"type":"Feature","geometry":{"type":"LineString","coordinates":[[-4.58708,48.61733],[-4.58708,48.61733]]},"properties":{"source":"emodnet_dtm_2024","level":2}},{"type":"Feature","geometry":{"type":"LineString","coordinates":[[-4.57042,48.62029],[-4.56971,48.61958],[-4.56971,48.61625],[-4.56759,48.61625],[-4.56412,48.61875],[-4.56542,48.61886],[-4.56708,48.62057],[-4.56958,48.62057],[-4.57027,48.62125],[-4.57022,48.62375],[-4.57125,48.62478],[-4.57228,48.62375],[-4.57136,48.62208],[-4.57292,48.62053],[-4.57392,48.62042],[-4.57042,48.62029]]},"properties":{"source":"emodnet_dtm_2024","level":2}},{"type":"Feature","geometry":{"type":"LineString","coordinates":[[-4.59542,48.62076],[-4.59504,48.61958],[-4.59625,48.61893],[-4.59792,48.61912],[-4.59981,48.62042],[-4.59958,48.6208],[-4.59708,48.62103],[-4.59542,48.62076]]},"properties":{"source":"emodnet_dtm_2024","level":2}},{"type":"Feature","geometry":{"type":"LineString","coordinates":[[-4.59542,48.62325],[-4.59542,48.62196],[-4.59542,48.62325]]},"properties":{"source":"emodnet_dtm_2024","level":2}},{"type":"Feature","geometry":{"type":"LineString","coordinates":[[-4.56625,48.62444],[-4.56542,48.62194],[-4.56042,48.62245],[-4.55977,48.62375],[-4.56125,48.62388],[-4.56195,48.62458],[-4.56025,48.62542],[-4.56042,48.62825],[-4.56125,48.62825],[-4.56218,48.62708],[-4.56222,48.62542],[-4.56292,48.62472],[-4.56375,48.62565],[-4.56542,48.62568],[-4.56625,48.62444]]},"properties":{"source":"emodnet_dtm_2024","level":2}},{"type":"Feature","geometry":{"type":"LineString","coordinates":[[-4.60042,48.62532],[-4.60042,48.62446],[-4.60042,48.62532]]},"properties":{"source":"emodnet_dtm_2024","level":2}},{"type":"Feature","geometry":{"type":"LineString","coordinates":[[-3.95208,48.62542],[-3.95125,48.62458],[-3.95125,48.62042],[-3.95125,48.62958],[-3.95125,48.62792],[-3.95208,48.62708],[-3.95292,48.62708],[-3.95292,48.62542],[-3.95208,48.62542]]},"properties":{"source":"emodnet_dtm_2024","level":2}},{"type":"Feature","geometry":{"type":"LineString","coordinates":[[-4.60208,48.62812],[-4.60148,48.62792],[-4.60305,48.62792],[-4.60208,48.62812]]},"properties":{"source":"emodnet_dtm_2024","level":2}},{"type":"Feature","geometry":{"type":"LineString","coordinates":[[-4.59875,48.62838],[-4.59831,48.62708],[-4.59958,48.62664],[-4.60042,48.62548],[-4.60168,48.62625],[-4.60125,48.6278],[-4.60042,48.62735],[-4.59958,48.62838],[-4.59875,48.62838]]},"properties":{"source":"emodnet_dtm_2024","level":2}},{"type":"Feature","geometry":{"type":"LineString","coordinates":[[-4.55625,48.6286],[-4.55542,48.62697],[-4.55434,48.63125],[-4.55542,48.62965],[-4.55625,48.63147],[-4.55792,48.63147],[-4.55875,48.62969],[-4.55958,48.63151],[-4.56125,48.63145],[-4.56125,48.62925],[-4.55875,48.6294],[-4.55792,48.62851],[-4.55625,48.6286]]},"properties":{"source":"emodnet_dtm_2024","level":2}},{"type":"Feature","geometry":{"type":"LineString","coordinates":[[-4.60625,48.62899],[-4.60638,48.62708],[-4.60792,48.62574],[-4.60917,48.62542],[-4.60996,48.62625],[-4.60958,48.62675],[-4.60708,48.6289],[-4.60625,48.62899]]},"properties":{"source":"emodnet_dtm_2024","level":2}},{"type":"Feature","geometry":{"type":"LineString","coordinates":[[-3.86542,48.63094],[-3.86458,48.627],[-3.85982,48.62708],[-3.85919,48.62958],[-3.85792,48.63079],[-3.85875,48.63216],[-3.85958,48.6322],[-3.86042,48.63306],[-3.86208,48.63306],[-3.86292,48.63389],[-3.86542,48.63389],[-3.86625,48.63556],[-3.86958,48.63558],[-3.87042,48.63641],[-3.87208,48.6364],[-3.87458,48.63804],[-3.87625,48.63807],[-3.87708,48.63976],[-3.88125,48.63974],[-3.87792,48.63927],[-3.87739,48.63875],[-3.87708,48.63536],[-3.86958,48.63508],[-3.86882,48.63125],[-3.86542,48.63094]]},"properties":{"source":"emodnet_dtm_2024","level":2}},{"type":"Feature","geometry":{"type":"LineString","coordinates":[[-4.50125,48.63127],[-4.50125,48.63057],[-4.50125,48.63127]]},"properties":{"source":"emodnet_dtm_2024","level":2}},{"type":"Feature","geometry":{"type":"LineString","coordinates":[[-4.57208,48.63234],[-4.57292,48.63022],[-4.57458,48.63047],[-4.57522,48.63125],[-4.57471,48.63375],[-4.57534,48.63458],[-4.57532,48.63542],[-4.57458,48.63571],[-4.57404,48.63292],[-4.57208,48.63234]]},"properties":{"source":"emodnet_dtm_2024","level":2}},{"type":"Feature","geometry":{"type":"LineString","coordinates":[[-4.59625,48.63295],[-4.59625,48.63295]]},"properties":{"source":"emodnet_dtm_2024","level":2}},{"type":"Feature","geometry":{"type":"LineString","coordinates":[[-4.56875,48.63322],[-4.5683,48.63292],[-4.56958,48.63249],[-4.56958,48.63348],[-4.56875,48.63322]]},"properties":{"source":"emodnet_dtm_2024","level":2}},{"type":"Feature","geometry":{"type":"LineString","coordinates":[[-4.50375,48.63322],[-4.50445,48.63042],[-4.50542,48.63006],[-4.50625,48.63176],[-4.50892,48.63208],[-4.50875,48.6324],[-4.50542,48.63217],[-4.50458,48.63337],[-4.50375,48.63322]]},"properties":{"source":"emodnet_dtm_2024","level":2}},{"type":"Feature","geometry":{"type":"LineString","coordinates":[[-4.51208,48.63388],[-4.51158,48.63375],[-4.51208,48.63388]]},"properties":{"source":"emodnet_dtm_2024","level":2}},{"type":"Feature","geometry":{"type":"LineString","coordinates":[[-4.50625,48.63389],[-4.50567,48.63375],[-4.50731,48.63375],[-4.50625,48.63389]]},"properties":{"source":"emodnet_dtm_2024","level":2}},{"type":"Feature","geometry":{"type":"LineString","coordinates":[[-4.55125,48.63498],[-4.55125,48.63443],[-4.55125,48.63498]]},"properties":{"source":"emodnet_dtm_2024","level":2}},{"type":"Feature","geometry":{"type":"LineString","coordinates":[[-4.44792,48.63458],[-4.45292,48.6348],[-4.45301,48.63542],[-4.44792,48.6372],[-4.4472,48.63792],[-4.44708,48.63971],[-4.44208,48.63967],[-4.44042,48.64138],[-4.43875,48.64142],[-4.43866,48.63792],[-4.43792,48.63714],[-4.43708,48.63712],[-4.43698,48.63625],[-4.43839,48.63458],[-4.43958,48.63403],[-4.44792,48.63458]]},"properties":{"source":"emodnet_dtm_2024","level":2}},{"type":"Feature","geometry":{"type":"LineString","coordinates":[[-4.52875,48.63587],[-4.52875,48.63385],[-4.53022,48.63458],[-4.53019,48.63542],[-4.52875,48.63587]]},"properties":{"source":"emodnet_dtm_2024","level":2}},{"type":"Feature","geometry":{"type":"LineString","coordinates":[[-4.51625,48.63568],[-4.51542,48.63512],[-4.51458,48.63567],[-4.51458,48.63427],[-4.51625,48.63425],[-4.51625,48.63568]]},"properties":{"source":"emodnet_dtm_2024","level":2}},{"type":"Feature","geometry":{"type":"LineString","coordinates":[[-4.49542,48.63589],[-4.49542,48.63435],[-4.49756,48.63458],[-4.49708,48.63581],[-4.49542,48.63589]]},"properties":{"source":"emodnet_dtm_2024","level":2}},{"type":"Feature","geometry":{"type":"LineString","coordinates":[[-4.57292,48.63642],[-4.57292,48.63592],[-4.57375,48.63596],[-4.57375,48.63642],[-4.57292,48.63642]]},"properties":{"source":"emodnet_dtm_2024","level":2}},{"type":"Feature","geometry":{"type":"LineString","coordinates":[[-4.57042,48.63659],[-4.57042,48.63588],[-4.57042,48.63659]]},"properties":{"source":"emodnet_dtm_2024","level":2}},{"type":"Feature","geometry":{"type":"LineString","coordinates":[[-4.52125,48.63627],[-4.52125,48.63627]]},"properties":{"source":"emodnet_dtm_2024","level":2}},{"type":"Feature","geometry":{"type":"LineString","coordinates":[[-4.53958,48.63749],[-4.53958,48.63669],[-4.54042,48.63663],[-4.54042,48.63749],[-4.53958,48.63749]]},"properties":{"source":"emodnet_dtm_2024","level":2}},{"type":"Feature","geometry":{"type":"LineString","coordinates":[[-4.56292,48.63831],[-4.56232,48.63708],[-4.56292,48.63672],[-4.56375,48.63883],[-4.56292,48.63831]]},"properties":{"source":"emodnet_dtm_2024","level":2}},{"type":"Feature","geometry":{"type":"LineString","coordinates":[[-4.53792,48.6381],[-4.53738,48.63792],[-4.53792,48.6381]]},"properties":{"source":"emodnet_dtm_2024","level":2}},{"type":"Feature","geometry":{"type":"LineString","coordinates":[[-4.47042,48.6391],[-4.47042,48.63851],[-4.47292,48.63854],[-4.47387,48.63958],[-4.47208,48.64022],[-4.47042,48.6391]]},"properties":{"source":"emodnet_dtm_2024","level":2}},{"type":"Feature","geometry":{"type":"LineString","coordinates":[[-4.46458,48.64007],[-4.46458,48.63809],[-4.46572,48.63875],[-4.46458,48.64007]]},"properties":{"source":"emodnet_dtm_2024","level":2}},{"type":"Feature","geometry":{"type":"LineString","coordinates":[[-4.43375,48.6403],[-4.43296,48.63875],[-4.43208,48.63843],[-4.42458,48.63913],[-4.42445,48.63958],[-4.42458,48.64055],[-4.42625,48.64055],[-4.42708,48.63969],[-4.42792,48.63969],[-4.43042,48.6414],[-4.43208,48.64139],[-4.43292,48.64223],[-4.43458,48.64223],[-4.43472,48.64125],[-4.43375,48.6403]]},"properties":{"source":"emodnet_dtm_2024","level":2}},{"type":"Feature","geometry":{"type":"LineString","coordinates":[[-4.30125,48.64029],[-4.30042,48.63915],[-4.29792,48.63924],[-4.29722,48.63958],[-4.29676,48.64125],[-4.30125,48.64138],[-4.30125,48.64029]]},"properties":{"source":"emodnet_dtm_2024","level":2}},{"type":"Feature","geometry":{"type":"LineString","coordinates":[[-4.56708,48.64062],[-4.56633,48.64042],[-4.56708,48.64025],[-4.56708,48.64062]]},"properties":{"source":"emodnet_dtm_2024","level":2}},{"type":"Feature","geometry":{"type":"LineString","coordinates":[[-4.57042,48.64147],[-4.57125,48.64012],[-4.57188,48.64042],[-4.57154,48.64125],[-4.57042,48.64147]]},"properties":{"source":"emodnet_dtm_2024","level":2}},{"type":"Feature","geometry":{"type":"LineString","coordinates":[[-4.47875,48.64175],[-4.47875,48.64086],[-4.47875,48.64175]]},"properties":{"source":"emodnet_dtm_2024","level":2}},{"type":"Feature","geometry":{"type":"LineString","coordinates":[[-4.47542,48.64167],[-4.47542,48.6392],[-4.47542,48.64167]]},"properties":{"source":"emodnet_dtm_2024","level":2}},{"type":"Feature","geometry":{"type":"LineString","coordinates":[[-4.31208,48.64167],[-4.31042,48.64115],[-4.30875,48.64281],[-4.3078,48.64292],[-4.30864,48.64542],[-4.30708,48.64698],[-4.30615,48.64708],[-4.30615,48.64875],[-4.30458,48.65031],[-4.30375,48.65031],[-4.30292,48.65114],[-4.29958,48.65113],[-4.29875,48.65279],[-4.29779,48.65292],[-4.29778,48.65375],[-4.29946,48.65458],[-4.29945,48.65792],[-4.29875,48.65862],[-4.29708,48.65861],[-4.29625,48.65944],[-4.29375,48.65941],[-4.29268,48.66125],[-4.29353,48.66292],[-4.29524,48.66375],[-4.29625,48.66568],[-4.30295,48.66542],[-4.30324,48.66292],[-4.30458,48.66157],[-4.30625,48.66111],[-4.30755,48.65792],[-4.31042,48.65677],[-4.31208,48.65312],[-4.31458,48.6525],[-4.31542,48.64914],[-4.3191,48.64792],[-4.31875,48.64688],[-4.31632,48.64542],[-4.31542,48.64354],[-4.31208,48.64167]]},"properties":{"source":"emodnet_dtm_2024","level":2}},{"type":"Feature","geometry":{"type":"LineString","coordinates":[[-4.52625,48.64976],[-4.52625,48.64943],[-4.52625,48.64976]]},"properties":{"source":"emodnet_dtm_2024","level":2}},{"type":"Feature","geometry":{"type":"LineString","coordinates":[[-4.49875,48.64994],[-4.49821,48.64958],[-4.49875,48.64931],[-4.50125,48.64949],[-4.50345,48.65208],[-4.50335,48.65375],[-4.50208,48.65397],[-4.50125,48.65354],[-4.49972,48.65125],[-4.50012,48.65042],[-4.49875,48.64994]]},"properties":{"source":"emodnet_dtm_2024","level":2}},{"type":"Feature","geometry":{"type":"LineString","coordinates":[[-4.44292,48.64997],[-4.44253,48.64958],[-4.44375,48.64903],[-4.4465,48.65042],[-4.44542,48.65104],[-4.44292,48.64997]]},"properties":{"source":"emodnet_dtm_2024","level":2}},{"type":"Feature","geometry":{"type":"LineString","coordinates":[[-4.53792,48.6524],[-4.53792,48.65111],[-4.53792,48.6524]]},"properties":{"source":"emodnet_dtm_2024","level":2}},{"type":"Feature","geometry":{"type":"LineString","coordinates":[[-4.53958,48.65303],[-4.53958,48.65303]]},"properties":{"source":"emodnet_dtm_2024","level":2}},{"type":"Feature","geometry":{"type":"LineString","coordinates":[[-4.26625,48.65362],[-4.26555,48.65292],[-4.26625,48.65139],[-4.26375,48.65139],[-4.26292,48.65353],[-4.26042,48.65352],[-4.2601,48.65458],[-4.26042,48.65491],[-4.26375,48.65481],[-4.26458,48.65657],[-4.26542,48.65655],[-4.26625,48.65489],[-4.26982,48.65458],[-4.26958,48.65353],[-4.26625,48.65362]]},"properties":{"source":"emodnet_dtm_2024","level":2}},{"type":"Feature","geometry":{"type":"LineString","coordinates":[[-4.50458,48.65445],[-4.50389,48.65375],[-4.50614,48.65375],[-4.50636,48.65458],[-4.50458,48.65445]]},"properties":{"source":"emodnet_dtm_2024","level":2}},{"type":"Feature","geometry":{"type":"LineString","coordinates":[[-4.22125,48.65706],[-4.22042,48.65581],[-4.21042,48.65579],[-4.21004,48.65625],[-4.21042,48.65694],[-4.21875,48.65694],[-4.22208,48.65774],[-4.22208,48.65582],[-4.22125,48.65706]]},"properties":{"source":"emodnet_dtm_2024","level":2}},{"type":"Feature","geometry":{"type":"LineString","coordinates":[[-4.24208,48.65798],[-4.24296,48.65792],[-4.24208,48.65798]]},"properties":{"source":"emodnet_dtm_2024","level":2}},{"type":"Feature","geometry":{"type":"LineString","coordinates":[[-4.45042,48.65919],[-4.44972,48.65875],[-4.45145,48.65875],[-4.45042,48.65919]]},"properties":{"source":"emodnet_dtm_2024","level":2}},{"type":"Feature","geometry":{"type":"LineString","coordinates":[[-4.24292,48.66],[-4.24292,48.65925],[-4.24458,48.65958],[-4.24292,48.66]]},"properties":{"source":"emodnet_dtm_2024","level":2}},{"type":"Feature","geometry":{"type":"LineString","coordinates":[[-4.44792,48.66058],[-4.44792,48.65952],[-4.44792,48.66058]]},"properties":{"source":"emodnet_dtm_2024","level":2}},{"type":"Feature","geometry":{"type":"LineString","coordinates":[[-4.41292,48.6607],[-4.41242,48.66042],[-4.41292,48.65937],[-4.41344,48.66042],[-4.41292,48.6607]]},"properties":{"source":"emodnet_dtm_2024","level":2}},{"type":"Feature","geometry":{"type":"LineString","coordinates":[[-4.40708,48.66048],[-4.40708,48.66048]]},"properties":{"source":"emodnet_dtm_2024","level":2}},{"type":"Feature","geometry":{"type":"LineString","coordinates":[[-4.45208,48.66246],[-4.45159,48.66208],[-4.45285,48.66125],[-4.45582,48.66125],[-4.45609,48.66292],[-4.45542,48.66327],[-4.45208,48.66246]]},"properties":{"source":"emodnet_dtm_2024","level":2}},{"type":"Feature","geometry":{"type":"LineString","coordinates":[[-4.44875,48.66216],[-4.44875,48.66216]]},"properties":{"source":"emodnet_dtm_2024","level":2}},{"type":"Feature","geometry":{"type":"LineString","coordinates":[[-4.43875,48.66296],[-4.43994,48.66292],[-4.43875,48.66296]]},"properties":{"source":"emodnet_dtm_2024","level":2}},{"type":"Feature","geometry":{"type":"LineString","coordinates":[[-4.43708,48.66319],[-4.43708,48.6625],[-4.43708,48.66319]]},"properties":{"source":"emodnet_dtm_2024","level":2}},{"type":"Feature","geometry":{"type":"LineString","coordinates":[[-4.41375,48.66306],[-4.41375,48.66276],[-4.41375,48.66306]]},"properties":{"source":"emodnet_dtm_2024","level":2}},{"type":"Feature","geometry":{"type":"LineString","coordinates":[[-4.42458,48.66404],[-4.42458,48.66361],[-4.42458,48.66404]]},"properties":{"source":"emodnet_dtm_2024","level":2}},{"type":"Feature","geometry":{"type":"LineString","coordinates":[[-4.40458,48.66396],[-4.40458,48.66361],[-4.40458,48.66396]]},"properties":{"source":"emodnet_dtm_2024","level":2}},{"type":"Feature","geometry":{"type":"LineString","coordinates":[[-4.38542,48.66583],[-4.38458,48.66508],[-4.38398,48.66625],[-4.38458,48.6669],[-4.3867,48.66625],[-4.38542,48.66583]]},"properties":{"source":"emodnet_dtm_2024","level":2}},{"type":"Feature","geometry":{"type":"LineString","coordinates":[[-4.23708,48.66551],[-4.23708,48.66551]]},"properties":{"source":"emodnet_dtm_2024","level":2}},{"type":"Feature","geometry":{"type":"LineString","coordinates":[[-4.39208,48.66646],[-4.39375,48.66477],[-4.39458,48.66467],[-4.39458,48.66643],[-4.39208,48.66646]]},"properties":{"source":"emodnet_dtm_2024","level":2}},{"type":"Feature","geometry":{"type":"LineString","coordinates":[[-4.37875,48.66747],[-4.37826,48.66708],[-4.37875,48.66649],[-4.37958,48.66654],[-4.37958,48.66881],[-4.37955,48.66792],[-4.37875,48.66747]]},"properties":{"source":"emodnet_dtm_2024","level":2}},{"type":"Feature","geometry":{"type":"LineString","coordinates":[[-3.85625,48.66736],[-3.85458,48.66644],[-3.85292,48.66777],[-3.85191,48.66792],[-3.85195,48.66958],[-3.85365,48.67042],[-3.85436,48.67375],[-3.85542,48.67386],[-3.85625,48.67301],[-3.86208,48.67304],[-3.86216,48.67208],[-3.86375,48.67118],[-3.86125,48.66756],[-3.85625,48.66736]]},"properties":{"source":"emodnet_dtm_2024","level":2}},{"type":"Feature","geometry":{"type":"LineString","coordinates":[[-3.64458,48.66867],[-3.64375,48.66747],[-3.64256,48.66875],[-3.64375,48.67042],[-3.64375,48.67208],[-3.64625,48.66875],[-3.64625,48.66792],[-3.64542,48.66792],[-3.64458,48.66867]]},"properties":{"source":"emodnet_dtm_2024","level":2}},{"type":"Feature","geometry":{"type":"LineString","coordinates":[[-4.21875,48.66962],[-4.21958,48.66936],[-4.21875,48.66962]]},"properties":{"source":"emodnet_dtm_2024","level":2}},{"type":"Feature","geometry":{"type":"LineString","coordinates":[[-3.88875,48.66997],[-3.88807,48.66958],[-3.88875,48.66914],[-3.88875,48.66997]]},"properties":{"source":"emodnet_dtm_2024","level":2}},{"type":"Feature","geometry":{"type":"LineString","coordinates":[[-4.26958,48.67151],[-4.26879,48.67125],[-4.26958,48.67091],[-4.26958,48.67151]]},"properties":{"source":"emodnet_dtm_2024","level":2}},{"type":"Feature","geometry":{"type":"LineString","coordinates":[[-3.95708,48.67182],[-3.95647,48.66875],[-3.95639,48.65208],[-3.95542,48.65189],[-3.95448,48.65292],[-3.95447,48.65458],[-3.95375,48.6553],[-3.95125,48.65529],[-3.95109,48.65625],[-3.95113,48.66292],[-3.95197,48.66375],[-3.95196,48.66542],[-3.95364,48.66625],[-3.95447,48.66875],[-3.95292,48.67029],[-3.95042,48.67026],[-3.94938,48.67125],[-3.94935,48.67292],[-3.95125,48.67308],[-3.95208,48.67564],[-3.95375,48.67562],[-3.95542,48.673],[-3.95875,48.67302],[-3.95958,48.67387],[-3.96087,48.67375],[-3.96042,48.6727],[-3.95792,48.67237],[-3.95708,48.67182]]},"properties":{"source":"emodnet_dtm_2024","level":2}},{"type":"Feature","geometry":{"type":"LineString","coordinates":[[-3.88875,48.67127],[-3.88958,48.67071],[-3.89292,48.67055],[-3.89363,48.67125],[-3.89208,48.67273],[-3.89042,48.67237],[-3.88875,48.67127]]},"properties":{"source":"emodnet_dtm_2024","level":2}},{"type":"Feature","geometry":{"type":"LineString","coordinates":[[-4.37958,48.67391],[-4.37958,48.67391]]},"properties":{"source":"emodnet_dtm_2024","level":2}},{"type":"Feature","geometry":{"type":"LineString","coordinates":[[-4.32708,48.67375],[-4.32795,48.67458],[-4.32292,48.67494],[-4.32249,48.67458],[-4.32458,48.67353],[-4.32625,48.6733],[-4.32708,48.67375]]},"properties":{"source":"emodnet_dtm_2024","level":2}},{"type":"Feature","geometry":{"type":"LineString","coordinates":[[-3.88875,48.67501],[-3.88833,48.67375],[-3.88958,48.67337],[-3.89018,48.67458],[-3.88875,48.67501]]},"properties":{"source":"emodnet_dtm_2024","level":2}},{"type":"Feature","geometry":{"type":"LineString","coordinates":[[-4.29458,48.67543],[-4.29458,48.67543]]},"properties":{"source":"emodnet_dtm_2024","level":2}},{"type":"Feature","geometry":{"type":"LineString","coordinates":[[-4.37375,48.67681],[-4.37323,48.67625],[-4.37375,48.67552],[-4.37476,48.67542],[-4.37473,48.67708],[-4.37375,48.67681]]},"properties":{"source":"emodnet_dtm_2024","level":2}},{"type":"Feature","geometry":{"type":"LineString","coordinates":[[-4.30292,48.67657],[-4.30292,48.67566],[-4.30406,48.67625],[-4.30292,48.67657]]},"properties":{"source":"emodnet_dtm_2024","level":2}},{"type":"Feature","geometry":{"type":"LineString","coordinates":[[-4.29708,48.67642],[-4.29708,48.67568],[-4.29792,48.6755],[-4.29848,48.67625],[-4.29708,48.67642]]},"properties":{"source":"emodnet_dtm_2024","level":2}},{"type":"Feature","geometry":{"type":"LineString","coordinates":[[-4.36208,48.67816],[-4.36145,48.67625],[-4.36208,48.67563],[-4.36311,48.67625],[-4.36208,48.67816]]},"properties":{"source":"emodnet_dtm_2024","level":2}},{"type":"Feature","geometry":{"type":"LineString","coordinates":[[-4.06208,48.67875],[-4.06125,48.67792],[-4.06042,48.67792],[-4.06042,48.67875],[-4.06542,48.67875],[-4.06625,48.67958],[-4.06708,48.67958],[-4.06625,48.68042],[-4.06708,48.68109],[-4.06907,48.68125],[-4.06928,48.68292],[-4.06708,48.68302],[-4.06636,48.68375],[-4.06635,48.68542],[-4.06708,48.68615],[-4.06792,48.68697],[-4.0697,48.68708],[-4.06875,48.68716],[-4.06792,48.68803],[-4.06708,48.68807],[-4.06542,48.68635],[-4.06384,48.68625],[-4.06375,48.67958],[-4.06292,48.67875],[-4.06208,48.67875]]},"properties":{"source":"emodnet_dtm_2024","level":2}},{"type":"Feature","geometry":{"type":"LineString","coordinates":[[-3.88542,48.6782],[-3.88542,48.67601],[-3.88638,48.67708],[-3.88542,48.6782]]},"properties":{"source":"emodnet_dtm_2024","level":2}},{"type":"Feature","geometry":{"type":"LineString","coordinates":[[-3.86292,48.67831],[-3.86241,48.67792],[-3.86375,48.67738],[-3.86625,48.67737],[-3.86754,48.67792],[-3.86625,48.67914],[-3.86292,48.67831]]},"properties":{"source":"emodnet_dtm_2024","level":2}},{"type":"Feature","geometry":{"type":"LineString","coordinates":[[-4.36625,48.67924],[-4.36625,48.67849],[-4.36625,48.67924]]},"properties":{"source":"emodnet_dtm_2024","level":2}},{"type":"Feature","geometry":{"type":"LineString","coordinates":[[-3.87458,48.67933],[-3.87458,48.67866],[-3.87675,48.67875],[-3.87542,48.67952],[-3.87458,48.67933]]},"properties":{"source":"emodnet_dtm_2024","level":2}},{"type":"Feature","geometry":{"type":"LineString","coordinates":[[-4.36708,48.67971],[-4.36708,48.67971]]},"properties":{"source":"emodnet_dtm_2024","level":2}},{"type":"Feature","geometry":{"type":"LineString","coordinates":[[-4.35875,48.67998],[-4.35811,48.67875],[-4.35875,48.67823],[-4.35875,48.67998]]},"properties":{"source":"emodnet_dtm_2024","level":2}},{"type":"Feature","geometry":{"type":"LineString","coordinates":[[-4.35208,48.67961],[-4.35125,48.6794],[-4.35125,48.67816],[-4.35375,48.67873],[-4.35208,48.67961]]},"properties":{"source":"emodnet_dtm_2024","level":2}},{"type":"Feature","geometry":{"type":"LineString","coordinates":[[-4.35042,48.67966],[-4.35042,48.67966]]},"properties":{"source":"emodnet_dtm_2024","level":2}},{"type":"Feature","geometry":{"type":"LineString","coordinates":[[-4.34792,48.67995],[-4.34745,48.67958],[-4.34792,48.679],[-4.34875,48.6791],[-4.34912,48.67958],[-4.34792,48.67995]]},"properties":{"source":"emodnet_dtm_2024","level":2}},{"type":"Feature","geometry":{"type":"LineString","coordinates":[[-3.89542,48.67959],[-3.89474,48.67792],[-3.89542,48.6772],[-3.89603,48.67792],[-3.89542,48.67959]]},"properties":{"source":"emodnet_dtm_2024","level":2}},{"type":"Feature","geometry":{"type":"LineString","coordinates":[[-4.36375,48.68044],[-4.36375,48.67951],[-4.36375,48.68044]]},"properties":{"source":"emodnet_dtm_2024","level":2}},{"type":"Feature","geometry":{"type":"LineString","coordinates":[[-4.34708,48.68229],[-4.34708,48.68182],[-4.34708,48.68229]]},"properties":{"source":"emodnet_dtm_2024","level":2}},{"type":"Feature","geometry":{"type":"LineString","coordinates":[[-4.20625,48.68216],[-4.20625,48.68174],[-4.20625,48.68216]]},"properties":{"source":"emodnet_dtm_2024","level":2}},{"type":"Feature","geometry":{"type":"LineString","coordinates":[[-3.86708,48.68208],[-3.86708,48.68208]]},"properties":{"source":"emodnet_dtm_2024","level":2}},{"type":"Feature","geometry":{"type":"LineString","coordinates":[[-4.36208,48.68316],[-4.3615,48.68208],[-4.36208,48.68185],[-4.36257,48.68292],[-4.36208,48.68316]]},"properties":{"source":"emodnet_dtm_2024","level":2}},{"type":"Feature","geometry":{"type":"LineString","coordinates":[[-3.95958,48.68357],[-3.95875,48.68267],[-3.95858,48.68375],[-3.96029,48.68625],[-3.95958,48.68694],[-3.95792,48.68687],[-3.95708,48.68766],[-3.95625,48.68764],[-3.95625,48.68821],[-3.96109,48.68792],[-3.96125,48.68458],[-3.95958,48.68357]]},"properties":{"source":"emodnet_dtm_2024","level":2}},{"type":"Feature","geometry":{"type":"LineString","coordinates":[[-4.34292,48.6839],[-4.34292,48.68287],[-4.34292,48.6839]]},"properties":{"source":"emodnet_dtm_2024","level":2}},{"type":"Feature","geometry":{"type":"LineString","coordinates":[[-3.87042,48.68481],[-3.87042,48.68428],[-3.87042,48.68481]]},"properties":{"source":"emodnet_dtm_2024","level":2}},{"type":"Feature","geometry":{"type":"LineString","coordinates":[[-4.20458,48.68568],[-4.20458,48.68437],[-4.20458,48.68568]]},"properties":{"source":"emodnet_dtm_2024","level":2}},{"type":"Feature","geometry":{"type":"LineString","coordinates":[[-3.87458,48.68555],[-3.87381,48.68375],[-3.87792,48.6801],[-3.87875,48.68177],[-3.87958,48.67928],[-3.88125,48.68167],[-3.88292,48.68155],[-3.88375,48.68259],[-3.88458,48.68009],[-3.88629,48.68208],[-3.88667,48.68458],[-3.88792,48.68567],[-3.88821,48.68958],[-3.88692,48.69042],[-3.88701,48.69125],[-3.88817,48.69208],[-3.88777,48.69375],[-3.88625,48.69443],[-3.88542,48.69426],[-3.88494,48.69208],[-3.88375,48.69158],[-3.88322,48.69208],[-3.88335,48.69375],[-3.88421,48.69458],[-3.88375,48.69472],[-3.88292,48.69451],[-3.88208,48.69273],[-3.87958,48.69148],[-3.87792,48.6918],[-3.87671,48.68958],[-3.87681,48.68625],[-3.87458,48.68555]]},"properties":{"source":"emodnet_dtm_2024","level":2}},{"type":"Feature","geometry":{"type":"LineString","coordinates":[[-3.61375,48.68618],[-3.61295,48.68458],[-3.61375,48.68399],[-3.61625,48.68391],[-3.61692,48.68458],[-3.61633,48.68625],[-3.61458,48.68692],[-3.61375,48.68618]]},"properties":{"source":"emodnet_dtm_2024","level":2}},{"type":"Feature","geometry":{"type":"LineString","coordinates":[[-3.57458,48.68697],[-3.57375,48.68614],[-3.57292,48.68614],[-3.5728,48.68958],[-3.57625,48.68991],[-3.57675,48.69042],[-3.57704,48.70208],[-3.58042,48.70254],[-3.58065,48.70042],[-3.57973,48.69958],[-3.57973,48.69625],[-3.58125,48.69385],[-3.58234,48.69375],[-3.58226,48.69292],[-3.58393,48.69125],[-3.58398,48.69042],[-3.58292,48.68852],[-3.57875,48.68863],[-3.57625,48.68696],[-3.57458,48.68697]]},"properties":{"source":"emodnet_dtm_2024","level":2}},{"type":"Feature","geometry":{"type":"LineString","coordinates":[[-4.07792,48.68769],[-4.07708,48.68507],[-4.07292,48.6851],[-4.07042,48.68462],[-4.07028,48.68542],[-4.07125,48.68638],[-4.07458,48.68639],[-4.0761,48.68792],[-4.07523,48.68958],[-4.07625,48.69065],[-4.07708,48.68967],[-4.07792,48.68967],[-4.0802,48.69208],[-4.08042,48.69394],[-4.08375,48.69435],[-4.08392,48.69125],[-4.08458,48.69056],[-4.08625,48.69056],[-4.08708,48.69154],[-4.08792,48.69152],[-4.08875,48.69283],[-4.08958,48.69136],[-4.09072,48.69125],[-4.08542,48.68899],[-4.07958,48.68895],[-4.07792,48.68769]]},"properties":{"source":"emodnet_dtm_2024","level":2}},{"type":"Feature","geometry":{"type":"LineString","coordinates":[[-4.12042,48.69212],[-4.11875,48.69125],[-4.11181,48.69375],[-4.10625,48.69471],[-4.11375,48.69488],[-4.11458,48.69594],[-4.11587,48.69542],[-4.11625,48.69395],[-4.12292,48.69375],[-4.12375,48.69392],[-4.12375,48.69478],[-4.12292,48.69487],[-4.12292,48.69375],[-4.12042,48.69212]]},"properties":{"source":"emodnet_dtm_2024","level":2}},{"type":"Feature","geometry":{"type":"LineString","coordinates":[[-3.89208,48.69302],[-3.89138,48.69208],[-3.89292,48.69186],[-3.89338,48.69208],[-3.89208,48.69302]]},"properties":{"source":"emodnet_dtm_2024","level":2}},{"type":"Feature","geometry":{"type":"LineString","coordinates":[[-3.91875,48.69388],[-3.91792,48.69248],[-3.91708,48.69249],[-3.91571,48.69375],[-3.9138,48.69875],[-3.91432,48.70042],[-3.91208,48.70043],[-3.91237,48.70458],[-3.91042,48.70481],[-3.90844,48.70375],[-3.90995,48.70292],[-3.90875,48.70091],[-3.90618,48.70125],[-3.90625,48.69949],[-3.90792,48.69799],[-3.90976,48.69792],[-3.91208,48.69326],[-3.91542,48.69184],[-3.91792,48.69162],[-3.91875,48.6909],[-3.92042,48.69065],[-3.92125,48.68973],[-3.92208,48.68979],[-3.92271,48.69042],[-3.92173,48.69208],[-3.92271,48.69375],[-3.92443,48.69458],[-3.92444,48.69542],[-3.92375,48.69611],[-3.92208,48.69592],[-3.92125,48.69664],[-3.91875,48.69388]]},"properties":{"source":"emodnet_dtm_2024","level":2}},{"type":"Feature","geometry":{"type":"LineString","coordinates":[[-3.89625,48.69486],[-3.89625,48.69438],[-3.89625,48.69486]]},"properties":{"source":"emodnet_dtm_2024","level":2}},{"type":"Feature","geometry":{"type":"LineString","coordinates":[[-3.64458,48.69602],[-3.64375,48.69021],[-3.64264,48.69208],[-3.6427,48.69625],[-3.64458,48.69602]]},"properties":{"source":"emodnet_dtm_2024","level":2}},{"type":"Feature","geometry":{"type":"LineString","coordinates":[[-3.59625,48.69564],[-3.59625,48.69528],[-3.59696,48.69542],[-3.59625,48.69564]]},"properties":{"source":"emodnet_dtm_2024","level":2}},{"type":"Feature","geometry":{"type":"LineString","coordinates":[[-3.69125,48.69943],[-3.69051,48.69875],[-3.69292,48.69704],[-3.69339,48.69792],[-3.69125,48.69943]]},"properties":{"source":"emodnet_dtm_2024","level":2}},{"type":"Feature","geometry":{"type":"LineString","coordinates":[[-4.14292,48.69993],[-4.14292,48.69933],[-4.14432,48.69958],[-4.14292,48.69993]]},"properties":{"source":"emodnet_dtm_2024","level":2}},{"type":"Feature","geometry":{"type":"LineString","coordinates":[[-4.12792,48.6996],[-4.12792,48.6996]]},"properties":{"source":"emodnet_dtm_2024","level":2}},{"type":"Feature","geometry":{"type":"LineString","coordinates":[[-4.15958,48.70333],[-4.15883,48.70292],[-4.159,48.70208],[-4.16042,48.70127],[-4.16084,48.70292],[-4.15958,48.70333]]},"properties":{"source":"emodnet_dtm_2024","level":2}},{"type":"Feature","geometry":{"type":"LineString","coordinates":[[-4.14042,48.70363],[-4.13994,48.70292],[-4.14125,48.7021],[-4.14158,48.70292],[-4.14042,48.70363]]},"properties":{"source":"emodnet_dtm_2024","level":2}},{"type":"Feature","geometry":{"type":"LineString","coordinates":[[-3.90375,48.70332],[-3.90375,48.70241],[-3.90375,48.70332]]},"properties":{"source":"emodnet_dtm_2024","level":2}},{"type":"Feature","geometry":{"type":"LineString","coordinates":[[-4.07125,48.70403],[-4.07077,48.70292],[-4.07125,48.70251],[-4.07206,48.70292],[-4.07125,48.70403]]},"properties":{"source":"emodnet_dtm_2024","level":2}},{"type":"Feature","geometry":{"type":"LineString","coordinates":[[-3.85208,48.7038],[-3.85458,48.69966],[-3.85708,48.70015],[-3.85815,48.70125],[-3.85792,48.70336],[-3.85458,48.70316],[-3.85208,48.7038]]},"properties":{"source":"emodnet_dtm_2024","level":2}},{"type":"Feature","geometry":{"type":"LineString","coordinates":[[-3.84125,48.70433],[-3.84061,48.70375],[-3.84042,48.70113],[-3.83958,48.70139],[-3.83875,48.70565],[-3.83517,48.70625],[-3.83792,48.7064],[-3.83875,48.70743],[-3.84125,48.70751],[-3.84125,48.70433]]},"properties":{"source":"emodnet_dtm_2024","level":2}},{"type":"Feature","geometry":{"type":"LineString","coordinates":[[-3.65792,48.70412],[-3.6572,48.70292],[-3.65792,48.70236],[-3.65792,48.70412]]},"properties":{"source":"emodnet_dtm_2024","level":2}},{"type":"Feature","geometry":{"type":"LineString","coordinates":[[-3.94208,48.70471],[-3.94208,48.70471]]},"properties":{"source":"emodnet_dtm_2024","level":2}},{"type":"Feature","geometry":{"type":"LineString","coordinates":[[-3.90208,48.70461],[-3.90292,48.70391],[-3.90467,48.70542],[-3.90458,48.70716],[-3.90356,48.70708],[-3.90208,48.70461]]},"properties":{"source":"emodnet_dtm_2024","level":2}},{"type":"Feature","geometry":{"type":"LineString","coordinates":[[-3.58292,48.70495],[-3.58208,48.70432],[-3.58125,48.70439],[-3.58125,48.71134],[-3.58231,48.71125],[-3.58236,48.70875],[-3.58329,48.70792],[-3.58292,48.70495]]},"properties":{"source":"emodnet_dtm_2024","level":2}},{"type":"Feature","geometry":{"type":"LineString","coordinates":[[-4.07708,48.7063],[-4.07708,48.70536],[-4.07797,48.70625],[-4.07708,48.7063]]},"properties":{"source":"emodnet_dtm_2024","level":2}},{"type":"Feature","geometry":{"type":"LineString","coordinates":[[-3.96292,48.7083],[-3.96292,48.70727],[-3.96411,48.70792],[-3.96292,48.7083]]},"properties":{"source":"emodnet_dtm_2024","level":2}},{"type":"Feature","geometry":{"type":"LineString","coordinates":[[-3.74792,48.70846],[-3.74734,48.70792],[-3.74792,48.70727],[-3.74958,48.70738],[-3.74958,48.70839],[-3.74792,48.70846]]},"properties":{"source":"emodnet_dtm_2024","level":2}},{"type":"Feature","geometry":{"type":"LineString","coordinates":[[-3.73958,48.70843],[-3.73902,48.70792],[-3.73958,48.70728],[-3.74125,48.70744],[-3.74125,48.70821],[-3.73958,48.70843]]},"properties":{"source":"emodnet_dtm_2024","level":2}},{"type":"Feature","geometry":{"type":"LineString","coordinates":[[-4.07542,48.70896],[-4.07542,48.70854],[-4.07542,48.70896]]},"properties":{"source":"emodnet_dtm_2024","level":2}},{"type":"Feature","geometry":{"type":"LineString","coordinates":[[-3.75042,48.70892],[-3.75125,48.70826],[-3.75208,48.7093],[-3.75708,48.70938],[-3.75722,48.71042],[-3.75625,48.71014],[-3.75375,48.71098],[-3.75042,48.70892]]},"properties":{"source":"emodnet_dtm_2024","level":2}},{"type":"Feature","geometry":{"type":"LineString","coordinates":[[-3.74292,48.70914],[-3.74292,48.70829],[-3.74542,48.70822],[-3.74625,48.70725],[-3.74695,48.70875],[-3.74458,48.70938],[-3.74292,48.70914]]},"properties":{"source":"emodnet_dtm_2024","level":2}},{"type":"Feature","geometry":{"type":"LineString","coordinates":[[-3.73458,48.70917],[-3.73458,48.70825],[-3.73458,48.70917]]},"properties":{"source":"emodnet_dtm_2024","level":2}},{"type":"Feature","geometry":{"type":"LineString","coordinates":[[-3.77125,48.7096],[-3.76792,48.70891],[-3.76625,48.70994],[-3.76042,48.70984],[-3.75958,48.7099],[-3.75875,48.71081],[-3.75842,48.71042],[-3.75875,48.70916],[-3.76542,48.70931],[-3.76625,48.70819],[-3.76792,48.70862],[-3.77042,48.70843],[-3.77125,48.70739],[-3.7735,48.70792],[-3.77125,48.7096]]},"properties":{"source":"emodnet_dtm_2024","level":2}},{"type":"Feature","geometry":{"type":"LineString","coordinates":[[-3.73542,48.70965],[-3.73625,48.70952],[-3.73708,48.70826],[-3.73825,48.70875],[-3.73708,48.70982],[-3.73542,48.70965]]},"properties":{"source":"emodnet_dtm_2024","level":2}},{"type":"Feature","geometry":{"type":"LineString","coordinates":[[-3.95458,48.71123],[-3.95458,48.71017],[-3.95458,48.71123]]},"properties":{"source":"emodnet_dtm_2024","level":2}},{"type":"Feature","geometry":{"type":"LineString","coordinates":[[-4.05208,48.71266],[-4.0515,48.71208],[-4.05208,48.7115],[-4.05375,48.71161],[-4.05375,48.71248],[-4.05208,48.71266]]},"properties":{"source":"emodnet_dtm_2024","level":2}},{"type":"Feature","geometry":{"type":"LineString","coordinates":[[-3.95958,48.71224],[-3.95921,48.71125],[-3.95958,48.71066],[-3.96042,48.71074],[-3.96042,48.71208],[-3.95958,48.71224]]},"properties":{"source":"emodnet_dtm_2024","level":2}},{"type":"Feature","geometry":{"type":"LineString","coordinates":[[-3.58292,48.71342],[-3.58208,48.71277],[-3.58125,48.71282],[-3.58125,48.71469],[-3.58292,48.71496],[-3.5834,48.71375],[-3.58292,48.71342]]},"properties":{"source":"emodnet_dtm_2024","level":2}},{"type":"Feature","geometry":{"type":"LineString","coordinates":[[-4.04208,48.71522],[-4.04125,48.71372],[-4.04042,48.71522],[-4.03958,48.71523],[-4.03875,48.7143],[-4.03875,48.7157],[-4.04208,48.71568],[-4.04208,48.71522]]},"properties":{"source":"emodnet_dtm_2024","level":2}},{"type":"Feature","geometry":{"type":"LineString","coordinates":[[-3.96208,48.71463],[-3.96221,48.71375],[-3.96375,48.71304],[-3.96609,48.71375],[-3.96457,48.71542],[-3.96375,48.71758],[-3.96208,48.71463]]},"properties":{"source":"emodnet_dtm_2024","level":2}},{"type":"Feature","geometry":{"type":"LineString","coordinates":[[-3.92375,48.71471],[-3.92375,48.71363],[-3.92375,48.71471]]},"properties":{"source":"emodnet_dtm_2024","level":2}},{"type":"Feature","geometry":{"type":"LineString","coordinates":[[-4.05042,48.71592],[-4.04984,48.71542],[-4.05042,48.71473],[-4.05146,48.71542],[-4.05042,48.71592]]},"properties":{"source":"emodnet_dtm_2024","level":2}},{"type":"Feature","geometry":{"type":"LineString","coordinates":[[-3.92792,48.71544],[-3.92933,48.71458],[-3.92958,48.71314],[-3.931,48.71375],[-3.93045,48.71542],[-3.92792,48.71544]]},"properties":{"source":"emodnet_dtm_2024","level":2}},{"type":"Feature","geometry":{"type":"LineString","coordinates":[[-3.70125,48.71594],[-3.70125,48.7151],[-3.70201,48.71542],[-3.70125,48.71594]]},"properties":{"source":"emodnet_dtm_2024","level":2}},{"type":"Feature","geometry":{"type":"LineString","coordinates":[[-4.04708,48.71641],[-4.04659,48.71625],[-4.04708,48.71601],[-4.04708,48.71641]]},"properties":{"source":"emodnet_dtm_2024","level":2}},{"type":"Feature","geometry":{"type":"LineString","coordinates":[[-2.93375,48.7191],[-2.93792,48.71993],[-2.93875,48.71985],[-2.93978,48.71875],[-2.93625,48.71825],[-2.93552,48.71458],[-2.93375,48.71452]]},"properties":{"source":"emodnet_dtm_2024","level":2}},{"type":"Feature","geometry":{"type":"LineString","coordinates":[[-3.99208,48.71948],[-3.99125,48.71841],[-3.98958,48.71847],[-3.9881,48.72208],[-3.98087,48.72292],[-3.98111,48.72542],[-3.98042,48.72616],[-3.97958,48.72614],[-3.97958,48.72731],[-3.98208,48.72725],[-3.98292,48.72553],[-3.98375,48.72726],[-3.98625,48.7272],[-3.98708,48.7281],[-3.98875,48.7281],[-3.98887,48.72625],[-3.9922,48.72375],[-3.99208,48.71948]]},"properties":{"source":"emodnet_dtm_2024","level":2}},{"type":"Feature","geometry":{"type":"LineString","coordinates":[[-4.05042,48.72072],[-4.05042,48.72011],[-4.05042,48.72072]]},"properties":{"source":"emodnet_dtm_2024","level":2}},{"type":"Feature","geometry":{"type":"LineString","coordinates":[[-4.02625,48.72083],[-4.02625,48.72035],[-4.02833,48.72042],[-4.02625,48.72083]]},"properties":{"source":"emodnet_dtm_2024","level":2}},{"type":"Feature","geometry":{"type":"LineString","coordinates":[[-2.93375,48.74902],[-2.93708,48.74811],[-2.93734,48.74625],[-2.93875,48.7447],[-2.94044,48.74458],[-2.94042,48.7422],[-2.93958,48.74215],[-2.93882,48.74042],[-2.93708,48.74025],[-2.93601,48.73958],[-2.93649,48.73625],[-2.93964,48.73542],[-2.93979,48.73042],[-2.94099,48.72708],[-2.9383,48.72292],[-2.93542,48.72035],[-2.93375,48.72026]]},"properties":{"source":"emodnet_dtm_2024","level":2}},{"type":"Feature","geometry":{"type":"LineString","coordinates":[[-4.04208,48.72174],[-4.04175,48.72125],[-4.04292,48.72072],[-4.04346,48.72125],[-4.04292,48.72263],[-4.04208,48.72174]]},"properties":{"source":"emodnet_dtm_2024","level":2}},{"type":"Feature","geometry":{"type":"LineString","coordinates":[[-4.03542,48.72186],[-4.03478,48.72125],[-4.03625,48.72073],[-4.03792,48.71911],[-4.04042,48.71951],[-4.03875,48.72111],[-4.03792,48.72058],[-4.03542,48.72186]]},"properties":{"source":"emodnet_dtm_2024","level":2}},{"type":"Feature","geometry":{"type":"LineString","coordinates":[[-4.03792,48.72269],[-4.03792,48.72175],[-4.03792,48.72269]]},"properties":{"source":"emodnet_dtm_2024","level":2}},{"type":"Feature","geometry":{"type":"LineString","coordinates":[[-3.96625,48.72373],[-3.9655,48.72292],[-3.96625,48.72133],[-3.9685,48.72458],[-3.96792,48.72656],[-3.96595,48.72458],[-3.96625,48.72373]]},"properties":{"source":"emodnet_dtm_2024","level":2}},{"type":"Feature","geometry":{"type":"LineString","coordinates":[[-3.80375,48.72315],[-3.80458,48.72246],[-3.80458,48.72361],[-3.80375,48.72315]]},"properties":{"source":"emodnet_dtm_2024","level":2}},{"type":"Feature","geometry":{"type":"LineString","coordinates":[[-4.05208,48.72391],[-4.05208,48.7235],[-4.05311,48.72375],[-4.05208,48.72391]]},"properties":{"source":"emodnet_dtm_2024","level":2}},{"type":"Feature","geometry":{"type":"LineString","coordinates":[[-4.02708,48.72381],[-4.02708,48.72323],[-4.02792,48.72323],[-4.02792,48.7238],[-4.02708,48.72381]]},"properties":{"source":"emodnet_dtm_2024","level":2}},{"type":"Feature","geometry":{"type":"LineString","coordinates":[[-4.04625,48.72485],[-4.04625,48.72429],[-4.04692,48.72458],[-4.04625,48.72485]]},"properties":{"source":"emodnet_dtm_2024","level":2}},{"type":"Feature","geometry":{"type":"LineString","coordinates":[[-4.00458,48.72477],[-4.00375,48.72361],[-4.00292,48.72451],[-4.00042,48.72528],[-4.00042,48.72728],[-4.00125,48.72727],[-4.00208,48.72553],[-4.00458,48.72546],[-4.00542,48.72723],[-4.00764,48.72708],[-4.00458,48.72477]]},"properties":{"source":"emodnet_dtm_2024","level":2}},{"type":"Feature","geometry":{"type":"LineString","coordinates":[[-3.81292,48.72463],[-3.81292,48.72463]]},"properties":{"source":"emodnet_dtm_2024","level":2}},{"type":"Feature","geometry":{"type":"LineString","coordinates":[[-4.04792,48.72642],[-4.04792,48.72642]]},"properties":{"source":"emodnet_dtm_2024","level":2}},{"type":"Feature","geometry":{"type":"LineString","coordinates":[[-4.04542,48.7263],[-4.0465,48.72625],[-4.04625,48.72665],[-4.04542,48.7263]]},"properties":{"source":"emodnet_dtm_2024","level":2}},{"type":"Feature","geometry":{"type":"LineString","coordinates":[[-3.91625,48.72691],[-3.91593,48.72625],[-3.92042,48.72417],[-3.92208,48.72589],[-3.92625,48.7274],[-3.92875,48.72763],[-3.92923,48.72875],[-3.92792,48.72954],[-3.92625,48.72922],[-3.92458,48.72784],[-3.92125,48.72823],[-3.92042,48.72765],[-3.91958,48.72786],[-3.91792,48.72666],[-3.91625,48.72691]]},"properties":{"source":"emodnet_dtm_2024","level":2}},{"type":"Feature","geometry":{"type":"LineString","coordinates":[[-4.03125,48.72817],[-4.03062,48.72792],[-4.03125,48.7273],[-4.03308,48.72708],[-4.03341,48.72792],[-4.03125,48.72817]]},"properties":{"source":"emodnet_dtm_2024","level":2}},{"type":"Feature","geometry":{"type":"LineString","coordinates":[[-3.99542,48.72859],[-3.99458,48.72777],[-3.99274,48.72792],[-3.99292,48.72896],[-3.99458,48.72896],[-3.99542,48.72995],[-3.99625,48.72991],[-3.99648,48.72875],[-3.99542,48.72859]]},"properties":{"source":"emodnet_dtm_2024","level":2}},{"type":"Feature","geometry":{"type":"LineString","coordinates":[[-4.03708,48.72894],[-4.03833,48.72875],[-4.03708,48.72894]]},"properties":{"source":"emodnet_dtm_2024","level":2}},{"type":"Feature","geometry":{"type":"LineString","coordinates":[[-3.92542,48.72962],[-3.92542,48.72962]]},"properties":{"source":"emodnet_dtm_2024","level":2}},{"type":"Feature","geometry":{"type":"LineString","coordinates":[[-3.78625,48.73016],[-3.78589,48.72875],[-3.78792,48.72855],[-3.78878,48.72958],[-3.78792,48.73095],[-3.78625,48.73016]]},"properties":{"source":"emodnet_dtm_2024","level":2}},{"type":"Feature","geometry":{"type":"LineString","coordinates":[[-4.02208,48.73164],[-4.02208,48.7298],[-4.02273,48.73042],[-4.02208,48.73164]]},"properties":{"source":"emodnet_dtm_2024","level":2}},{"type":"Feature","geometry":{"type":"LineString","coordinates":[[-4.01875,48.73203],[-4.01836,48.73042],[-4.01958,48.72998],[-4.02034,48.73042],[-4.02019,48.73125],[-4.01875,48.73203]]},"properties":{"source":"emodnet_dtm_2024","level":2}},{"type":"Feature","geometry":{"type":"LineString","coordinates":[[-3.77958,48.73152],[-3.77958,48.73117],[-3.77958,48.73152]]},"properties":{"source":"emodnet_dtm_2024","level":2}},{"type":"Feature","geometry":{"type":"LineString","coordinates":[[-4.00042,48.73219],[-4.00042,48.73219]]},"properties":{"source":"emodnet_dtm_2024","level":2}},{"type":"Feature","geometry":{"type":"LineString","coordinates":[[-3.56208,48.73213],[-3.56292,48.73162],[-3.56332,48.73208],[-3.56292,48.73249],[-3.56208,48.73213]]},"properties":{"source":"emodnet_dtm_2024","level":2}},{"type":"Feature","geometry":{"type":"LineString","coordinates":[[-3.98208,48.73444],[-3.98125,48.73375],[-3.98208,48.73292],[-3.98308,48.73375],[-3.98208,48.73444]]},"properties":{"source":"emodnet_dtm_2024","level":2}},{"type":"Feature","geometry":{"type":"LineString","coordinates":[[-3.55125,48.7344],[-3.55042,48.73259],[-3.54542,48.73283],[-3.54125,48.73231],[-3.54042,48.73345],[-3.53958,48.73345],[-3.53792,48.7349],[-3.53117,48.73542],[-3.54292,48.73573],[-3.54375,48.73965],[-3.55042,48.73986],[-3.55088,48.73792],[-3.54978,48.73625],[-3.55152,48.73542],[-3.55125,48.7344]]},"properties":{"source":"emodnet_dtm_2024","level":2}},{"type":"Feature","geometry":{"type":"LineString","coordinates":[[-3.96792,48.73748],[-3.96792,48.73697],[-3.96792,48.73748]]},"properties":{"source":"emodnet_dtm_2024","level":2}},{"type":"Feature","geometry":{"type":"LineString","coordinates":[[-4.02292,48.73827],[-4.02292,48.73777],[-4.02346,48.73792],[-4.02292,48.73827]]},"properties":{"source":"emodnet_dtm_2024","level":2}},{"type":"Feature","geometry":{"type":"LineString","coordinates":[[-3.96875,48.73885],[-3.96875,48.73804],[-3.96875,48.73885]]},"properties":{"source":"emodnet_dtm_2024","level":2}},{"type":"Feature","geometry":{"type":"LineString","coordinates":[[-3.99042,48.74077],[-3.99058,48.73792],[-3.98875,48.7377],[-3.98772,48.73875],[-3.98859,48.74125],[-3.99058,48.74125],[-3.99042,48.74077]]},"properties":{"source":"emodnet_dtm_2024","level":2}},{"type":"Feature","geometry":{"type":"LineString","coordinates":[[-3.99292,48.74301],[-3.99125,48.74226],[-3.99109,48.74375],[-3.98942,48.74458],[-3.98958,48.74553],[-3.99292,48.74554],[-3.99422,48.74458],[-3.99375,48.74315],[-3.99292,48.74301]]},"properties":{"source":"emodnet_dtm_2024","level":2}},{"type":"Feature","geometry":{"type":"LineString","coordinates":[[-3.97542,48.74628],[-3.9764,48.74625],[-3.97542,48.74628]]},"properties":{"source":"emodnet_dtm_2024","level":2}},{"type":"Feature","geometry":{"type":"LineString","coordinates":[[-3.60875,48.74923],[-3.60819,48.74875],[-3.60875,48.74791],[-3.60962,48.74875],[-3.60875,48.74923]]},"properties":{"source":"emodnet_dtm_2024","level":2}},{"type":"Feature","geometry":{"type":"LineString","coordinates":[[-4.04208,48.75582],[-4.04154,48.75542],[-4.04208,48.75521],[-4.04278,48.75542],[-4.04208,48.75582]]},"properties":{"source":"emodnet_dtm_2024","level":2}},{"type":"Feature","geometry":{"type":"LineString","coordinates":[[-4.03958,48.75729],[-4.03958,48.75526],[-4.04071,48.75625],[-4.03958,48.75729]]},"properties":{"source":"emodnet_dtm_2024","level":2}},{"type":"Feature","geometry":{"type":"LineString","coordinates":[[-3.12208,48.76034],[-3.12125,48.75659],[-3.12031,48.75792],[-3.12125,48.76315],[-3.12326,48.76042],[-3.12292,48.75958],[-3.12208,48.76034]]},"properties":{"source":"emodnet_dtm_2024","level":2}},{"type":"Feature","geometry":{"type":"LineString","coordinates":[[-3.60042,48.76677],[-3.59982,48.76625],[-3.60125,48.76521],[-3.60175,48.76625],[-3.60042,48.76677]]},"properties":{"source":"emodnet_dtm_2024","level":2}},{"type":"Feature","geometry":{"type":"LineString","coordinates":[[-3.59625,48.76698],[-3.59552,48.76625],[-3.59625,48.7655],[-3.59698,48.76625],[-3.59625,48.76698]]},"properties":{"source":"emodnet_dtm_2024","level":2}},{"type":"Feature","geometry":{"type":"LineString","coordinates":[[-3.78708,48.77099],[-3.78646,48.77042],[-3.78708,48.77015],[-3.78708,48.77099]]},"properties":{"source":"emodnet_dtm_2024","level":2}},{"type":"Feature","geometry":{"type":"LineString","coordinates":[[-3.59542,48.77138],[-3.59542,48.77138]]},"properties":{"source":"emodnet_dtm_2024","level":2}},{"type":"Feature","geometry":{"type":"LineString","coordinates":[[-3.78708,48.77242],[-3.78708,48.77182],[-3.78708,48.77242]]},"properties":{"source":"emodnet_dtm_2024","level":2}},{"type":"Feature","geometry":{"type":"LineString","coordinates":[[-3.78125,48.77506],[-3.78042,48.77439],[-3.77933,48.77458],[-3.77958,48.77298],[-3.78042,48.77337],[-3.78208,48.77286],[-3.78292,48.77325],[-3.78292,48.77206],[-3.78426,48.77042],[-3.78489,48.77042],[-3.78478,48.77208],[-3.78752,48.77542],[-3.78458,48.77638],[-3.78375,48.77505],[-3.78292,48.7753],[-3.78208,48.77717],[-3.78099,48.77625],[-3.78125,48.77506]]},"properties":{"source":"emodnet_dtm_2024","level":2}},{"type":"Feature","geometry":{"type":"LineString","coordinates":[[-3.61458,48.77537],[-3.61441,48.77458],[-3.61625,48.77417],[-3.6185,48.77625],[-3.61857,48.77708],[-3.61792,48.77764],[-3.61708,48.77709],[-3.61661,48.77792],[-3.61636,48.78208],[-3.61539,48.78292],[-3.61662,48.78375],[-3.61659,48.78542],[-3.61542,48.78683],[-3.61292,48.7865],[-3.61042,48.78711],[-3.60877,48.78375],[-3.60625,48.78268],[-3.60599,48.78208],[-3.6097,48.78125],[-3.60875,48.77939],[-3.60728,48.77875],[-3.60793,48.77792],[-3.61158,48.77625],[-3.61208,48.77539],[-3.61337,48.77542],[-3.61375,48.77602],[-3.61458,48.77537]]},"properties":{"source":"emodnet_dtm_2024","level":2}},{"type":"Feature","geometry":{"type":"LineString","coordinates":[[-3.77958,48.77727],[-3.77958,48.77695],[-3.77958,48.77727]]},"properties":{"source":"emodnet_dtm_2024","level":2}},{"type":"Feature","geometry":{"type":"LineString","coordinates":[[-3.65542,48.77976],[-3.65479,48.77958],[-3.65501,48.77875],[-3.65625,48.77855],[-3.65647,48.77958],[-3.65542,48.77976]]},"properties":{"source":"emodnet_dtm_2024","level":2}},{"type":"Feature","geometry":{"type":"LineString","coordinates":[[-2.94375,48.77963],[-2.94465,48.77958],[-2.94375,48.77963]]},"properties":{"source":"emodnet_dtm_2024","level":2}},{"type":"Feature","geometry":{"type":"LineString","coordinates":[[-2.95458,48.78083],[-2.95458,48.78002],[-2.95458,48.78083]]},"properties":{"source":"emodnet_dtm_2024","level":2}},{"type":"Feature","geometry":{"type":"LineString","coordinates":[[-2.96208,48.78144],[-2.96208,48.78058],[-2.96208,48.78144]]},"properties":{"source":"emodnet_dtm_2024","level":2}},{"type":"Feature","geometry":{"type":"LineString","coordinates":[[-2.94542,48.7815],[-2.94542,48.77995],[-2.94542,48.7815]]},"properties":{"source":"emodnet_dtm_2024","level":2}},{"type":"Feature","geometry":{"type":"LineString","coordinates":[[-2.97875,48.78395],[-2.9791,48.78375],[-2.97875,48.78395]]},"properties":{"source":"emodnet_dtm_2024","level":2}},{"type":"Feature","geometry":{"type":"LineString","coordinates":[[-3.60875,48.78727],[-3.60875,48.78684],[-3.60923,48.78708],[-3.60875,48.78727]]},"properties":{"source":"emodnet_dtm_2024","level":2}},{"type":"Feature","geometry":{"type":"LineString","coordinates":[[-3.58458,48.79439],[-3.58388,48.79292],[-3.58292,48.79283],[-3.58279,48.79458],[-3.58115,48.79542],[-3.58032,48.79792],[-3.58042,48.79837],[-3.58304,48.79875],[-3.58458,48.79965],[-3.58463,48.79875],[-3.58632,48.79792],[-3.58643,48.79542],[-3.58458,48.79439]]},"properties":{"source":"emodnet_dtm_2024","level":2}},{"type":"Feature","geometry":{"type":"LineString","coordinates":[[-3.09375,48.79395],[-3.09375,48.79179],[-3.09513,48.79208],[-3.09509,48.79375],[-3.09375,48.79395]]},"properties":{"source":"emodnet_dtm_2024","level":2}},{"type":"Feature","geometry":{"type":"LineString","coordinates":[[-3.22542,48.79604],[-3.22478,48.79458],[-3.22574,48.79208],[-3.22458,48.79129],[-3.22259,48.79208],[-3.22238,48.79375],[-3.22447,48.79458],[-3.22375,48.79531],[-3.22233,48.79542],[-3.22229,48.79625],[-3.22292,48.7968],[-3.22375,48.79634],[-3.22458,48.7981],[-3.22542,48.79604]]},"properties":{"source":"emodnet_dtm_2024","level":2}},{"type":"Feature","geometry":{"type":"LineString","coordinates":[[-2.98292,48.79585],[-2.98208,48.79506],[-2.98042,48.79506],[-2.97958,48.79614],[-2.97625,48.79594],[-2.97542,48.79641],[-2.97498,48.79542],[-2.97625,48.79404],[-2.97875,48.7938],[-2.97958,48.79309],[-2.98101,48.79292],[-2.98264,48.79042],[-2.98625,48.78897],[-2.98708,48.78889],[-2.99208,48.79099],[-2.99208,48.79365],[-2.98792,48.7974],[-2.98708,48.79781],[-2.98625,48.79601],[-2.98292,48.79585]]},"properties":{"source":"emodnet_dtm_2024","level":2}},{"type":"Feature","geometry":{"type":"LineString","coordinates":[[-2.96708,48.79762],[-2.96708,48.79663],[-2.96763,48.79708],[-2.96708,48.79762]]},"properties":{"source":"emodnet_dtm_2024","level":2}},{"type":"Feature","geometry":{"type":"LineString","coordinates":[[-2.94792,48.7971],[-2.94931,48.79708],[-2.94792,48.7971]]},"properties":{"source":"emodnet_dtm_2024","level":2}},{"type":"Feature","geometry":{"type":"LineString","coordinates":[[-3.09208,48.79808],[-3.09208,48.79695],[-3.09208,48.79808]]},"properties":{"source":"emodnet_dtm_2024","level":2}},{"type":"Feature","geometry":{"type":"LineString","coordinates":[[-3.56708,48.7995],[-3.56634,48.79875],[-3.56708,48.798],[-3.56783,48.79875],[-3.56708,48.7995]]},"properties":{"source":"emodnet_dtm_2024","level":2}},{"type":"Feature","geometry":{"type":"LineString","coordinates":[[-2.98458,48.7991],[-2.98404,48.79875],[-2.98458,48.79814],[-2.98458,48.7991]]},"properties":{"source":"emodnet_dtm_2024","level":2}},{"type":"Feature","geometry":{"type":"LineString","coordinates":[[-2.97292,48.79937],[-2.9724,48.79875],[-2.97292,48.79838],[-2.97625,48.79802],[-2.97708,48.79889],[-2.97875,48.79885],[-2.97958,48.79989],[-2.98208,48.79985],[-2.98285,48.80042],[-2.98208,48.80108],[-2.98042,48.80079],[-2.97865,48.80125],[-2.97625,48.80262],[-2.97534,48.80042],[-2.97292,48.79937]]},"properties":{"source":"emodnet_dtm_2024","level":2}},{"type":"Feature","geometry":{"type":"LineString","coordinates":[[-2.97125,48.79879],[-2.97125,48.79879]]},"properties":{"source":"emodnet_dtm_2024","level":2}},{"type":"Feature","geometry":{"type":"LineString","coordinates":[[-2.95625,48.79888],[-2.9556,48.79875],[-2.95668,48.79708],[-2.95792,48.7968],[-2.95988,48.79792],[-2.96009,48.80125],[-2.96154,48.80458],[-2.96042,48.80903],[-2.95958,48.80912],[-2.95542,48.80621],[-2.95458,48.80604],[-2.95292,48.80722],[-2.95208,48.80709],[-2.94968,48.80458],[-2.95036,48.80292],[-2.94958,48.80251],[-2.94708,48.80346],[-2.94542,48.80221],[-2.94406,48.80208],[-2.94458,48.80077],[-2.94542,48.80196],[-2.94625,48.80195],[-2.94875,48.80064],[-2.95125,48.80009],[-2.95287,48.80125],[-2.95375,48.80102],[-2.95458,48.80192],[-2.95625,48.80207],[-2.95736,48.80125],[-2.95625,48.79888]]},"properties":{"source":"emodnet_dtm_2024","level":2}},{"type":"Feature","geometry":{"type":"LineString","coordinates":[[-2.94958,48.79878],[-2.94924,48.79792],[-2.95042,48.79635],[-2.95292,48.79589],[-2.95409,48.79625],[-2.95375,48.79819],[-2.95292,48.79842],[-2.95125,48.79797],[-2.94958,48.79878]]},"properties":{"source":"emodnet_dtm_2024","level":2}},{"type":"Feature","geometry":{"type":"LineString","coordinates":[[-3.55542,48.80028],[-3.55458,48.79945],[-3.5536,48.79958],[-3.55357,48.80292],[-3.55458,48.80392],[-3.55708,48.80474],[-3.55808,48.80292],[-3.55625,48.80279],[-3.55554,48.80208],[-3.55542,48.80028]]},"properties":{"source":"emodnet_dtm_2024","level":2}},{"type":"Feature","geometry":{"type":"LineString","coordinates":[[-2.96375,48.8003],[-2.96375,48.79827],[-2.9659,48.79958],[-2.96375,48.8003]]},"properties":{"source":"emodnet_dtm_2024","level":2}},{"type":"Feature","geometry":{"type":"LineString","coordinates":[[-2.94375,48.8002],[-2.94316,48.79958],[-2.94375,48.79901],[-2.94497,48.79958],[-2.94458,48.80032],[-2.94375,48.8002]]},"properties":{"source":"emodnet_dtm_2024","level":2}},{"type":"Feature","geometry":{"type":"LineString","coordinates":[[-3.59792,48.8005],[-3.59724,48.80042],[-3.59792,48.79926],[-3.59958,48.79913],[-3.60125,48.80087],[-3.60208,48.79907],[-3.60292,48.79915],[-3.60375,48.80014],[-3.60458,48.79946],[-3.60527,48.79958],[-3.60458,48.80292],[-3.60125,48.80503],[-3.60042,48.80525],[-3.59958,48.80466],[-3.59945,48.80375],[-3.60103,48.80292],[-3.59958,48.80223],[-3.59875,48.80056],[-3.59792,48.8005]]},"properties":{"source":"emodnet_dtm_2024","level":2}},{"type":"Feature","geometry":{"type":"LineString","coordinates":[[-2.96458,48.80138],[-2.96397,48.80125],[-2.96458,48.80083],[-2.96458,48.80138]]},"properties":{"source":"emodnet_dtm_2024","level":2}},{"type":"Feature","geometry":{"type":"LineString","coordinates":[[-2.94125,48.80397],[-2.94125,48.80301],[-2.94193,48.80375],[-2.94125,48.80397]]},"properties":{"source":"emodnet_dtm_2024","level":2}},{"type":"Feature","geometry":{"type":"LineString","coordinates":[[-3.58708,48.80498],[-3.58625,48.80424],[-3.58458,48.80433],[-3.58458,48.80652],[-3.58708,48.80677],[-3.5876,48.80625],[-3.58708,48.80498]]},"properties":{"source":"emodnet_dtm_2024","level":2}},{"type":"Feature","geometry":{"type":"LineString","coordinates":[[-3.43875,48.80535],[-3.43803,48.80458],[-3.43792,48.80273],[-3.43708,48.8044],[-3.43542,48.80435],[-3.43434,48.80542],[-3.43444,48.80708],[-3.43542,48.80806],[-3.43708,48.80658],[-3.43958,48.80625],[-3.43963,48.80542],[-3.43875,48.80535]]},"properties":{"source":"emodnet_dtm_2024","level":2}},{"type":"Feature","geometry":{"type":"LineString","coordinates":[[-2.98958,48.80532],[-2.98875,48.80447],[-2.98774,48.80458],[-2.98875,48.80637],[-2.99042,48.80637],[-2.99051,48.80542],[-2.98958,48.80532]]},"properties":{"source":"emodnet_dtm_2024","level":2}},{"type":"Feature","geometry":{"type":"LineString","coordinates":[[-3.61292,48.80549],[-3.61292,48.80454],[-3.61292,48.80549]]},"properties":{"source":"emodnet_dtm_2024","level":2}},{"type":"Feature","geometry":{"type":"LineString","coordinates":[[-2.94625,48.80715],[-2.94625,48.80715]]},"properties":{"source":"emodnet_dtm_2024","level":2}},{"type":"Feature","geometry":{"type":"LineString","coordinates":[[-3.08708,48.80805],[-3.08649,48.80708],[-3.08708,48.80658],[-3.08814,48.80708],[-3.08708,48.80805]]},"properties":{"source":"emodnet_dtm_2024","level":2}},{"type":"Feature","geometry":{"type":"LineString","coordinates":[[-2.97958,48.80826],[-2.9792,48.80625],[-2.98208,48.80249],[-2.98458,48.80058],[-2.98708,48.80052],[-2.98792,48.79968],[-2.98912,48.79958],[-2.99108,48.79708],[-2.99381,48.79625],[-2.99458,48.79522],[-2.99708,48.79801],[-2.99825,48.80125],[-2.99716,48.80375],[-2.9986,48.80625],[-2.99564,48.81125],[-2.99376,48.81292],[-2.99382,48.81542],[-2.99305,48.81625],[-2.99042,48.81648],[-2.98792,48.81738],[-2.98378,48.81542],[-2.98208,48.81292],[-2.98246,48.81125],[-2.97958,48.80826]]},"properties":{"source":"emodnet_dtm_2024","level":2}},{"type":"Feature","geometry":{"type":"LineString","coordinates":[[-2.96625,48.80837],[-2.96573,48.80708],[-2.9669,48.80458],[-2.96875,48.80392],[-2.97042,48.80125],[-2.97208,48.80131],[-2.97364,48.80292],[-2.97248,48.80542],[-2.97042,48.80751],[-2.96625,48.80837]]},"properties":{"source":"emodnet_dtm_2024","level":2}},{"type":"Feature","geometry":{"type":"LineString","coordinates":[[-3.56208,48.81088],[-3.56125,48.8091],[-3.55764,48.80958],[-3.55875,48.81156],[-3.55958,48.81145],[-3.56208,48.81319],[-3.56321,48.81292],[-3.56208,48.81088]]},"properties":{"source":"emodnet_dtm_2024","level":2}},{"type":"Feature","geometry":{"type":"LineString","coordinates":[[-2.97042,48.81179],[-2.96967,48.81042],[-2.97067,48.80875],[-2.97208,48.80755],[-2.97375,48.80751],[-2.97602,48.80958],[-2.97609,48.81125],[-2.97458,48.81255],[-2.97292,48.81298],[-2.97042,48.81179]]},"properties":{"source":"emodnet_dtm_2024","level":2}},{"type":"Feature","geometry":{"type":"LineString","coordinates":[[-3.57375,48.81249],[-3.57295,48.81208],[-3.57375,48.81185],[-3.57375,48.81249]]},"properties":{"source":"emodnet_dtm_2024","level":2}},{"type":"Feature","geometry":{"type":"LineString","coordinates":[[-3.55625,48.81383],[-3.55436,48.81375],[-3.55454,48.81542],[-3.55375,48.81567],[-3.55333,48.81708],[-3.55418,48.81958],[-3.55625,48.82018],[-3.55875,48.81948],[-3.56012,48.81792],[-3.56055,48.81625],[-3.55958,48.81504],[-3.55625,48.81383]]},"properties":{"source":"emodnet_dtm_2024","level":2}},{"type":"Feature","geometry":{"type":"LineString","coordinates":[[-2.97542,48.8177],[-2.9747,48.81708],[-2.97514,48.81625],[-2.97625,48.81508],[-2.97708,48.81502],[-2.97691,48.81708],[-2.97542,48.8177]]},"properties":{"source":"emodnet_dtm_2024","level":2}},{"type":"Feature","geometry":{"type":"LineString","coordinates":[[-3.42542,48.81857],[-3.42542,48.81777],[-3.42542,48.81857]]},"properties":{"source":"emodnet_dtm_2024","level":2}},{"type":"Feature","geometry":{"type":"LineString","coordinates":[[-3.55208,48.821],[-3.55042,48.82015],[-3.55125,48.82133],[-3.55402,48.82125],[-3.55375,48.82086],[-3.55208,48.821]]},"properties":{"source":"emodnet_dtm_2024","level":2}},{"type":"Feature","geometry":{"type":"LineString","coordinates":[[-3.45875,48.82064],[-3.45875,48.82014],[-3.45958,48.82013],[-3.45958,48.82068],[-3.45875,48.82064]]},"properties":{"source":"emodnet_dtm_2024","level":2}},{"type":"Feature","geometry":{"type":"LineString","coordinates":[[-3.42958,48.82065],[-3.43042,48.81947],[-3.43292,48.81943],[-3.43375,48.82031],[-3.43467,48.82042],[-3.43208,48.82103],[-3.42958,48.82065]]},"properties":{"source":"emodnet_dtm_2024","level":2}},{"type":"Feature","geometry":{"type":"LineString","coordinates":[[-3.42625,48.82136],[-3.42625,48.82136]]},"properties":{"source":"emodnet_dtm_2024","level":2}},{"type":"Feature","geometry":{"type":"LineString","coordinates":[[-2.98542,48.82463],[-2.98625,48.8241],[-2.98661,48.82458],[-2.98542,48.82463]]},"properties":{"source":"emodnet_dtm_2024","level":2}},{"type":"Feature","geometry":{"type":"LineString","coordinates":[[-3.39208,48.82545],[-3.39208,48.82545]]},"properties":{"source":"emodnet_dtm_2024","level":2}},{"type":"Feature","geometry":{"type":"LineString","coordinates":[[-3.03542,48.82558],[-3.03462,48.82375],[-3.03514,48.82292],[-3.03625,48.82235],[-3.03792,48.82244],[-3.03842,48.82375],[-3.03731,48.82542],[-3.03542,48.82558]]},"properties":{"source":"emodnet_dtm_2024","level":2}},{"type":"Feature","geometry":{"type":"LineString","coordinates":[[-2.99542,48.82565],[-2.99479,48.82458],[-2.99542,48.82359],[-2.99355,48.82375],[-2.99375,48.82654],[-2.99292,48.82664],[-2.99035,48.82542],[-2.99001,48.82042],[-2.99125,48.81907],[-2.99208,48.81984],[-2.99292,48.81866],[-2.99375,48.81853],[-2.99708,48.81907],[-2.99875,48.8199],[-2.99958,48.81815],[-3.00082,48.81875],[-3.0011,48.81958],[-3.00049,48.82125],[-2.99875,48.82262],[-2.99708,48.82518],[-2.99542,48.82565]]},"properties":{"source":"emodnet_dtm_2024","level":2}},{"type":"Feature","geometry":{"type":"LineString","coordinates":[[-3.57542,48.82701],[-3.57375,48.8257],[-3.56958,48.82606],[-3.56914,48.82542],[-3.57126,48.81958],[-3.57292,48.81839],[-3.57586,48.81958],[-3.576,48.82292],[-3.57776,48.82542],[-3.57708,48.8268],[-3.57542,48.82701]]},"properties":{"source":"emodnet_dtm_2024","level":2}},{"type":"Feature","geometry":{"type":"LineString","coordinates":[[-3.43875,48.8264],[-3.43805,48.82625],[-3.43875,48.82604],[-3.43875,48.8264]]},"properties":{"source":"emodnet_dtm_2024","level":2}},{"type":"Feature","geometry":{"type":"LineString","coordinates":[[-3.55958,48.82796],[-3.56042,48.82748],[-3.56208,48.82758],[-3.56292,48.82582],[-3.56351,48.82625],[-3.56288,48.82792],[-3.56208,48.82823],[-3.55958,48.82796]]},"properties":{"source":"emodnet_dtm_2024","level":2}},{"type":"Feature","geometry":{"type":"LineString","coordinates":[[-3.07708,48.8286],[-3.07625,48.8277],[-3.07458,48.82768],[-3.07375,48.8285],[-3.07208,48.82831],[-3.0707,48.82958],[-3.07047,48.83208],[-3.06875,48.83214],[-3.06708,48.83685],[-3.06875,48.83558],[-3.06958,48.83558],[-3.07125,48.83308],[-3.07208,48.83305],[-3.07292,48.83213],[-3.07458,48.83214],[-3.07542,48.83131],[-3.07625,48.83133],[-3.07708,48.82968],[-3.08042,48.82972],[-3.08111,48.83042],[-3.08042,48.83306],[-3.08292,48.83311],[-3.08542,48.83137],[-3.08625,48.83139],[-3.08625,48.83104],[-3.08264,48.83042],[-3.08125,48.82776],[-3.08042,48.82776],[-3.07958,48.82862],[-3.07708,48.8286]]},"properties":{"source":"emodnet_dtm_2024","level":2}},{"type":"Feature","geometry":{"type":"LineString","coordinates":[[-3.06042,48.82815],[-3.06042,48.82778],[-3.06042,48.82815]]},"properties":{"source":"emodnet_dtm_2024","level":2}},{"type":"Feature","geometry":{"type":"LineString","coordinates":[[-3.40542,48.82922],[-3.405,48.82875],[-3.40625,48.82755],[-3.40792,48.8273],[-3.40792,48.82977],[-3.40542,48.82922]]},"properties":{"source":"emodnet_dtm_2024","level":2}},{"type":"Feature","geometry":{"type":"LineString","coordinates":[[-3.56708,48.8299],[-3.56629,48.82792],[-3.56708,48.82661],[-3.56875,48.82611],[-3.5684,48.82875],[-3.56708,48.8299]]},"properties":{"source":"emodnet_dtm_2024","level":2}},{"type":"Feature","geometry":{"type":"LineString","coordinates":[[-3.03708,48.83122],[-3.03629,48.82958],[-3.03708,48.82888],[-3.03766,48.82958],[-3.03708,48.83122]]},"properties":{"source":"emodnet_dtm_2024","level":2}},{"type":"Feature","geometry":{"type":"LineString","coordinates":[[-3.35875,48.83126],[-3.35819,48.83042],[-3.35875,48.83012],[-3.3594,48.83042],[-3.35875,48.83126]]},"properties":{"source":"emodnet_dtm_2024","level":2}},{"type":"Feature","geometry":{"type":"LineString","coordinates":[[-3.04958,48.83264],[-3.04875,48.83177],[-3.04708,48.83174],[-3.04652,48.83375],[-3.04708,48.83419],[-3.04958,48.83391],[-3.04958,48.83264]]},"properties":{"source":"emodnet_dtm_2024","level":2}},{"type":"Feature","geometry":{"type":"LineString","coordinates":[[-3.52958,48.83405],[-3.52958,48.83245],[-3.53375,48.83251],[-3.53458,48.83033],[-3.53708,48.83107],[-3.53787,48.83208],[-3.53761,48.83375],[-3.53851,48.83625],[-3.53792,48.83731],[-3.53458,48.83798],[-3.53292,48.83784],[-3.53125,48.83691],[-3.52958,48.83737],[-3.52933,48.83625],[-3.53012,48.83542],[-3.52958,48.83405]]},"properties":{"source":"emodnet_dtm_2024","level":2}},{"type":"Feature","geometry":{"type":"LineString","coordinates":[[-3.52125,48.83416],[-3.52042,48.83352],[-3.51829,48.83375],[-3.51792,48.83542],[-3.51674,48.83625],[-3.5167,48.83708],[-3.51792,48.83827],[-3.51958,48.83828],[-3.52125,48.83673],[-3.52208,48.83683],[-3.52292,48.83582],[-3.52434,48.83542],[-3.52375,48.8341],[-3.52125,48.83416]]},"properties":{"source":"emodnet_dtm_2024","level":2}},{"type":"Feature","geometry":{"type":"LineString","coordinates":[[-3.02042,48.83414],[-3.01958,48.83321],[-3.01817,48.83292],[-3.02042,48.83233],[-3.02292,48.83282],[-3.02458,48.83229],[-3.02542,48.8328],[-3.02835,48.83292],[-3.02958,48.83478],[-3.03125,48.83498],[-3.03292,48.83377],[-3.03375,48.83551],[-3.03458,48.8326],[-3.03625,48.83331],[-3.03708,48.83218],[-3.04042,48.83246],[-3.04125,48.83125],[-3.04625,48.83051],[-3.04875,48.82933],[-3.05125,48.82901],[-3.05254,48.82958],[-3.05429,48.83292],[-3.05428,48.83542],[-3.05375,48.83572],[-3.05347,48.83292],[-3.05292,48.83233],[-3.05208,48.83244],[-3.05103,48.83542],[-3.05125,48.83601],[-3.05311,48.83625],[-3.05292,48.83666],[-3.05125,48.83656],[-3.05042,48.83595],[-3.04884,48.83708],[-3.05011,48.83792],[-3.04958,48.83855],[-3.04875,48.8381],[-3.04625,48.83845],[-3.04502,48.83375],[-3.04375,48.83346],[-3.04361,48.83958],[-3.03875,48.84185],[-3.03792,48.84191],[-3.03708,48.8411],[-3.03354,48.84125],[-3.03512,48.84292],[-3.03542,48.84449],[-3.03708,48.84443],[-3.03792,48.84239],[-3.03936,48.84292],[-3.03929,48.84375],[-3.03792,48.84459],[-3.03375,48.84468],[-3.03125,48.84624],[-3.02958,48.8458],[-3.02875,48.84944],[-3.02412,48.85208],[-3.02208,48.85239],[-3.02125,48.85429],[-3.02042,48.85264],[-3.01875,48.85347],[-3.01643,48.85208],[-3.01796,48.84875],[-3.01625,48.84858],[-3.01561,48.84792],[-3.01542,48.84604],[-3.01375,48.84617],[-3.01389,48.85042],[-3.01292,48.8506],[-3.01283,48.85208],[-3.01394,48.85292],[-3.01375,48.85361],[-3.01208,48.85521],[-3.01125,48.85448],[-3.01053,48.85458],[-3.01076,48.85625],[-3.00634,48.85875],[-3.00958,48.85931],[-3.00956,48.86042],[-3.00875,48.86089],[-3.00458,48.86172],[-2.99958,48.86422],[-2.99625,48.86512],[-2.99571,48.86292],[-2.99625,48.86236],[-2.99708,48.86336],[-2.99999,48.86125],[-2.99844,48.85625],[-2.99875,48.85208],[-2.99542,48.85093],[-2.99375,48.85118],[-2.9928,48.85542],[-2.9928,48.85708],[-2.99364,48.85792],[-2.99208,48.85947],[-2.99125,48.85863],[-2.98542,48.85869],[-2.9853,48.86042],[-2.98351,48.86208],[-2.98432,48.86375],[-2.984,48.86542],[-2.97875,48.86341],[-2.97661,48.86542],[-2.97619,48.86708],[-2.97292,48.86705],[-2.97192,48.86458],[-2.97208,48.86414],[-2.97375,48.864],[-2.97375,48.86346],[-2.96875,48.86194],[-2.9679,48.86125],[-2.96815,48.86042],[-2.97125,48.85581],[-2.97458,48.85478],[-2.97792,48.85755],[-2.97875,48.85745],[-2.98042,48.8551],[-2.98246,48.85458],[-2.98208,48.85364],[-2.97875,48.85416],[-2.97682,48.85125],[-2.97958,48.84976],[-2.98292,48.8494],[-2.98208,48.84599],[-2.98065,48.84542],[-2.98125,48.84495],[-2.98208,48.84493],[-2.98367,48.84625],[-2.98375,48.84808],[-2.98385,48.84625],[-2.98458,48.84553],[-2.98625,48.84552],[-2.987,48.84625],[-2.98625,48.84701],[-2.98531,48.84708],[-2.98542,48.84896],[-2.98792,48.84896],[-2.98875,48.84644],[-2.99208,48.84642],[-2.99274,48.84708],[-2.99277,48.84958],[-2.99042,48.851],[-2.98851,48.85125],[-2.98875,48.85301],[-2.99208,48.85298],[-2.99213,48.85125],[-2.99375,48.84965],[-2.99452,48.84958],[-2.99458,48.84625],[-2.99208,48.84608],[-2.99061,48.84292],[-2.99208,48.84146],[-2.99354,48.84292],[-2.99292,48.84476],[-2.99792,48.84458],[-2.99875,48.83958],[-3.00125,48.83843],[-3.00208,48.83747],[-3.00292,48.83746],[-3.00375,48.83577],[-3.00592,48.83625],[-3.00542,48.83756],[-3.00432,48.83792],[-3.00458,48.83895],[-3.00625,48.83988],[-3.00875,48.84033],[-3.00958,48.83803],[-3.01125,48.83799],[-3.01208,48.83744],[-3.01374,48.84042],[-3.01418,48.84458],[-3.01625,48.84467],[-3.01708,48.84632],[-3.01958,48.84629],[-3.02042,48.84464],[-3.0213,48.84458],[-3.02129,48.84208],[-3.02042,48.84205],[-3.01962,48.84125],[-3.02042,48.84045],[-3.0213,48.84042],[-3.02046,48.83875],[-3.01875,48.83872],[-3.01712,48.83708],[-3.01792,48.83628],[-3.01875,48.83711],[-3.02129,48.83708],[-3.02045,48.83625],[-3.02131,48.83458],[-3.02042,48.83414]]},"properties":{"source":"emodnet_dtm_2024","level":2}},{"type":"Feature","geometry":{"type":"LineString","coordinates":[[-3.33458,48.83462],[-3.33375,48.83458],[-3.33375,48.83556],[-3.33625,48.83553],[-3.33625,48.83457],[-3.33458,48.83462]]},"properties":{"source":"emodnet_dtm_2024","level":2}},{"type":"Feature","geometry":{"type":"LineString","coordinates":[[-3.01625,48.8359],[-3.01576,48.83542],[-3.01625,48.83409],[-3.01674,48.83542],[-3.01625,48.8359]]},"properties":{"source":"emodnet_dtm_2024","level":2}},{"type":"Feature","geometry":{"type":"LineString","coordinates":[[-3.52042,48.83647],[-3.52042,48.83586],[-3.52042,48.83647]]},"properties":{"source":"emodnet_dtm_2024","level":2}},{"type":"Feature","geometry":{"type":"LineString","coordinates":[[-3.48042,48.83759],[-3.48042,48.8368],[-3.48042,48.83759]]},"properties":{"source":"emodnet_dtm_2024","level":2}},{"type":"Feature","geometry":{"type":"LineString","coordinates":[[-3.47708,48.83817],[-3.47708,48.83768],[-3.47885,48.83792],[-3.47708,48.83817]]},"properties":{"source":"emodnet_dtm_2024","level":2}},{"type":"Feature","geometry":{"type":"LineString","coordinates":[[-3.40708,48.83798],[-3.40668,48.83458],[-3.40875,48.8315],[-3.41125,48.83569],[-3.41208,48.83603],[-3.41458,48.83571],[-3.41651,48.83792],[-3.41685,48.83958],[-3.41465,48.84125],[-3.41573,48.84375],[-3.41542,48.84517],[-3.40875,48.84621],[-3.40543,48.84458],[-3.40212,48.84042],[-3.40211,48.83875],[-3.40375,48.8363],[-3.40532,48.83708],[-3.40616,48.83958],[-3.40708,48.83967],[-3.40777,48.84042],[-3.40792,48.8424],[-3.41232,48.84208],[-3.41184,48.84125],[-3.40977,48.84042],[-3.40958,48.83918],[-3.40792,48.83878],[-3.40708,48.83798]]},"properties":{"source":"emodnet_dtm_2024","level":2}},{"type":"Feature","geometry":{"type":"LineString","coordinates":[[-3.35208,48.83845],[-3.35134,48.83792],[-3.3517,48.83708],[-3.35375,48.83647],[-3.35542,48.83448],[-3.35708,48.8338],[-3.35759,48.83542],[-3.35656,48.83708],[-3.35292,48.83856],[-3.35208,48.83845]]},"properties":{"source":"emodnet_dtm_2024","level":2}},{"type":"Feature","geometry":{"type":"LineString","coordinates":[[-3.01542,48.83838],[-3.01492,48.83792],[-3.01542,48.83676],[-3.01588,48.83792],[-3.01542,48.83838]]},"properties":{"source":"emodnet_dtm_2024","level":2}},{"type":"Feature","geometry":{"type":"LineString","coordinates":[[-2.99375,48.83837],[-2.99362,48.83708],[-2.99458,48.83701],[-2.99492,48.83792],[-2.99375,48.83837]]},"properties":{"source":"emodnet_dtm_2024","level":2}},{"type":"Feature","geometry":{"type":"LineString","coordinates":[[-3.52792,48.83879],[-3.52708,48.83874],[-3.52708,48.83771],[-3.5291,48.83792],[-3.52792,48.83879]]},"properties":{"source":"emodnet_dtm_2024","level":2}},{"type":"Feature","geometry":{"type":"LineString","coordinates":[[-3.52542,48.83942],[-3.52486,48.83875],[-3.52707,48.83875],[-3.52542,48.83942]]},"properties":{"source":"emodnet_dtm_2024","level":2}},{"type":"Feature","geometry":{"type":"LineString","coordinates":[[-3.48292,48.83875],[-3.48244,48.83792],[-3.48375,48.83666],[-3.48476,48.83708],[-3.48292,48.83875]]},"properties":{"source":"emodnet_dtm_2024","level":2}},{"type":"Feature","geometry":{"type":"LineString","coordinates":[[-3.42042,48.83894],[-3.41988,48.83792],[-3.42125,48.83726],[-3.42183,48.83792],[-3.42042,48.83894]]},"properties":{"source":"emodnet_dtm_2024","level":2}},{"type":"Feature","geometry":{"type":"LineString","coordinates":[[-3.27458,48.84033],[-3.27384,48.83958],[-3.27384,48.83792],[-3.27458,48.83717],[-3.27533,48.83792],[-3.27533,48.83958],[-3.27458,48.84033]]},"properties":{"source":"emodnet_dtm_2024","level":2}},{"type":"Feature","geometry":{"type":"LineString","coordinates":[[-3.32208,48.8411],[-3.32125,48.84026],[-3.31822,48.84042],[-3.31958,48.84056],[-3.32208,48.84218],[-3.32292,48.8413],[-3.32385,48.84125],[-3.32208,48.8411]]},"properties":{"source":"emodnet_dtm_2024","level":2}},{"type":"Feature","geometry":{"type":"LineString","coordinates":[[-2.99375,48.84186],[-2.99314,48.84125],[-2.99487,48.84042],[-2.99542,48.83835],[-2.99594,48.84042],[-2.99517,48.84125],[-2.99597,48.84208],[-2.99542,48.84264],[-2.99458,48.84184],[-2.99375,48.84186]]},"properties":{"source":"emodnet_dtm_2024","level":2}},{"type":"Feature","geometry":{"type":"LineString","coordinates":[[-2.98708,48.84145],[-2.98708,48.84089],[-2.9883,48.84125],[-2.98859,48.84375],[-2.98944,48.84458],[-2.98875,48.84525],[-2.98792,48.8453],[-2.98723,48.84458],[-2.98708,48.84145]]},"properties":{"source":"emodnet_dtm_2024","level":2}},{"type":"Feature","geometry":{"type":"LineString","coordinates":[[-3.28042,48.84286],[-3.27964,48.84208],[-3.28042,48.84131],[-3.28119,48.84208],[-3.28042,48.84286]]},"properties":{"source":"emodnet_dtm_2024","level":2}},{"type":"Feature","geometry":{"type":"LineString","coordinates":[[-3.27708,48.84282],[-3.27635,48.84208],[-3.27708,48.84135],[-3.27792,48.84135],[-3.27865,48.84208],[-3.27792,48.84282],[-3.27708,48.84282]]},"properties":{"source":"emodnet_dtm_2024","level":2}},{"type":"Feature","geometry":{"type":"LineString","coordinates":[[-3.30875,48.84449],[-3.30792,48.84276],[-3.30708,48.84274],[-3.30625,48.84276],[-3.30613,48.84375],[-3.30375,48.8453],[-3.30292,48.84448],[-3.3003,48.84458],[-3.30115,48.84792],[-3.30029,48.84875],[-3.3001,48.85042],[-3.30117,48.85125],[-3.30125,48.85218],[-3.30301,48.85208],[-3.30303,48.84958],[-3.30375,48.84884],[-3.30875,48.8488],[-3.31042,48.8463],[-3.31139,48.84625],[-3.31042,48.84618],[-3.30875,48.84449]]},"properties":{"source":"emodnet_dtm_2024","level":2}},{"type":"Feature","geometry":{"type":"LineString","coordinates":[[-3.29625,48.8445],[-3.29542,48.84285],[-3.29201,48.84292],[-3.29201,48.84625],[-3.29286,48.84708],[-3.29375,48.85049],[-3.29458,48.85048],[-3.29542,48.8488],[-3.29625,48.84963],[-3.29708,48.84963],[-3.29792,48.848],[-3.29886,48.84792],[-3.29889,48.84625],[-3.29792,48.84613],[-3.29708,48.84448],[-3.29625,48.8445]]},"properties":{"source":"emodnet_dtm_2024","level":2}},{"type":"Feature","geometry":{"type":"LineString","coordinates":[[-2.98292,48.84379],[-2.98292,48.84289],[-2.98292,48.84379]]},"properties":{"source":"emodnet_dtm_2024","level":2}},{"type":"Feature","geometry":{"type":"LineString","coordinates":[[-3.34708,48.84488],[-3.3465,48.84375],[-3.34792,48.84258],[-3.34853,48.84375],[-3.34708,48.84488]]},"properties":{"source":"emodnet_dtm_2024","level":2}},{"type":"Feature","geometry":{"type":"LineString","coordinates":[[-3.32042,48.84591],[-3.31992,48.84542],[-3.32042,48.84484],[-3.32093,48.84542],[-3.32042,48.84591]]},"properties":{"source":"emodnet_dtm_2024","level":2}},{"type":"Feature","geometry":{"type":"LineString","coordinates":[[-3.29375,48.84703],[-3.29297,48.84625],[-3.29375,48.84547],[-3.29458,48.84547],[-3.29536,48.84625],[-3.29458,48.84703],[-3.29375,48.84703]]},"properties":{"source":"emodnet_dtm_2024","level":2}},{"type":"Feature","geometry":{"type":"LineString","coordinates":[[-3.27875,48.84699],[-3.27801,48.84625],[-3.27875,48.84551],[-3.27949,48.84625],[-3.27875,48.84699]]},"properties":{"source":"emodnet_dtm_2024","level":2}},{"type":"Feature","geometry":{"type":"LineString","coordinates":[[-3.20875,48.84697],[-3.20803,48.84625],[-3.20875,48.84528],[-3.20792,48.84527],[-3.20708,48.8461],[-3.20524,48.84625],[-3.20542,48.84808],[-3.20708,48.84801],[-3.20792,48.84887],[-3.20958,48.84886],[-3.21031,48.84958],[-3.21028,48.85208],[-3.20938,48.85292],[-3.21023,48.85375],[-3.21022,48.85625],[-3.21292,48.85723],[-3.21444,48.85875],[-3.2144,48.86208],[-3.21625,48.86217],[-3.21778,48.86375],[-3.21686,48.86542],[-3.21792,48.86549],[-3.21875,48.86631],[-3.22208,48.86629],[-3.22288,48.86708],[-3.22262,48.87042],[-3.22279,48.87125],[-3.22375,48.87135],[-3.22324,48.86458],[-3.21985,48.86375],[-3.21875,48.86016],[-3.21589,48.85958],[-3.21458,48.85595],[-3.21208,48.85551],[-3.21116,48.85458],[-3.21042,48.84444],[-3.2103,48.84542],[-3.20875,48.84697]]},"properties":{"source":"emodnet_dtm_2024","level":2}},{"type":"Feature","geometry":{"type":"LineString","coordinates":[[-3.03125,48.84722],[-3.03125,48.84628],[-3.03297,48.84708],[-3.03208,48.84795],[-3.03125,48.84722]]},"properties":{"source":"emodnet_dtm_2024","level":2}},{"type":"Feature","geometry":{"type":"LineString","coordinates":[[-3.27208,48.8486],[-3.27125,48.84693],[-3.27081,48.84875],[-3.27208,48.84912],[-3.27208,48.8486]]},"properties":{"source":"emodnet_dtm_2024","level":2}},{"type":"Feature","geometry":{"type":"LineString","coordinates":[[-3.26042,48.84951],[-3.25958,48.84867],[-3.25875,48.84867],[-3.25868,48.85208],[-3.25782,48.85375],[-3.25875,48.85466],[-3.25958,48.85465],[-3.26042,48.85634],[-3.26125,48.85635],[-3.26218,48.85375],[-3.25958,48.85368],[-3.25881,48.85292],[-3.25958,48.85213],[-3.26213,48.85208],[-3.26132,48.84958],[-3.26042,48.84951]]},"properties":{"source":"emodnet_dtm_2024","level":2}},{"type":"Feature","geometry":{"type":"LineString","coordinates":[[-3.33542,48.85269],[-3.33459,48.85042],[-3.33542,48.84947],[-3.33792,48.84875],[-3.33951,48.84958],[-3.33922,48.85042],[-3.33625,48.8527],[-3.33542,48.85269]]},"properties":{"source":"emodnet_dtm_2024","level":2}},{"type":"Feature","geometry":{"type":"LineString","coordinates":[[-3.01542,48.85211],[-3.01542,48.85118],[-3.01542,48.85211]]},"properties":{"source":"emodnet_dtm_2024","level":2}},{"type":"Feature","geometry":{"type":"LineString","coordinates":[[-3.20458,48.85365],[-3.20385,48.85292],[-3.20391,48.84958],[-3.20125,48.84951],[-3.20119,48.85208],[-3.20033,48.85292],[-3.20125,48.85383],[-3.20458,48.85365]]},"properties":{"source":"emodnet_dtm_2024","level":2}},{"type":"Feature","geometry":{"type":"LineString","coordinates":[[-2.97458,48.85438],[-2.97458,48.85341],[-2.97458,48.85438]]},"properties":{"source":"emodnet_dtm_2024","level":2}},{"type":"Feature","geometry":{"type":"LineString","coordinates":[[-2.98792,48.85536],[-2.98708,48.85448],[-2.98704,48.85625],[-2.98792,48.85713],[-2.99054,48.85625],[-2.99042,48.85534],[-2.98792,48.85536]]},"properties":{"source":"emodnet_dtm_2024","level":2}},{"type":"Feature","geometry":{"type":"LineString","coordinates":[[-3.07875,48.85696],[-3.07792,48.85532],[-3.07527,48.85542],[-3.07527,48.85792],[-3.07625,48.85886],[-3.07792,48.85885],[-3.07865,48.85958],[-3.07864,48.86125],[-3.08042,48.86469],[-3.08292,48.86466],[-3.0845,48.86625],[-3.08458,48.86885],[-3.08625,48.86884],[-3.08633,48.86708],[-3.08708,48.86633],[-3.09042,48.86633],[-3.09125,48.86718],[-3.09208,48.86718],[-3.09415,48.86542],[-3.09375,48.86319],[-3.08958,48.8642],[-3.08731,48.86375],[-3.08636,48.86292],[-3.08458,48.86283],[-3.08384,48.86208],[-3.08458,48.86115],[-3.08292,48.86115],[-3.08208,48.85948],[-3.07958,48.85948],[-3.07885,48.85875],[-3.07875,48.85696]]},"properties":{"source":"emodnet_dtm_2024","level":2}},{"type":"Feature","geometry":{"type":"LineString","coordinates":[[-3.05792,48.85946],[-3.05708,48.8586],[-3.05524,48.85875],[-3.05625,48.86053],[-3.05804,48.86042],[-3.05792,48.85946]]},"properties":{"source":"emodnet_dtm_2024","level":2}},{"type":"Feature","geometry":{"type":"LineString","coordinates":[[-2.98375,48.85946],[-2.98292,48.85776],[-2.98042,48.85767],[-2.97932,48.85875],[-2.97908,48.86125],[-2.98042,48.86166],[-2.98125,48.8607],[-2.98375,48.86062],[-2.98375,48.85946]]},"properties":{"source":"emodnet_dtm_2024","level":2}},{"type":"Feature","geometry":{"type":"LineString","coordinates":[[-3.19625,48.86286],[-3.19542,48.86201],[-3.19458,48.86285],[-3.19375,48.86284],[-3.19536,48.86375],[-3.19536,48.86458],[-3.19292,48.8662],[-3.1912,48.86625],[-3.19203,48.86708],[-3.19208,48.86879],[-3.19542,48.86884],[-3.19625,48.86712],[-3.20042,48.86713],[-3.20132,48.86625],[-3.19958,48.8662],[-3.1988,48.86542],[-3.19875,48.86369],[-3.19625,48.86286]]},"properties":{"source":"emodnet_dtm_2024","level":2}},{"type":"Feature","geometry":{"type":"LineString","coordinates":[[-3.18708,48.86368],[-3.18625,48.86283],[-3.18292,48.86282],[-3.18208,48.86368],[-3.18027,48.86375],[-3.17948,48.86708],[-3.18042,48.86714],[-3.1812,48.86875],[-3.17947,48.87042],[-3.18033,48.87125],[-3.17944,48.87292],[-3.18042,48.87386],[-3.18208,48.87385],[-3.18458,48.87557],[-3.18708,48.87383],[-3.18875,48.87384],[-3.18958,48.87468],[-3.19292,48.87463],[-3.19375,48.87546],[-3.19542,48.8755],[-3.19467,48.87458],[-3.19458,48.87193],[-3.19292,48.87203],[-3.19042,48.87037],[-3.18958,48.87037],[-3.18792,48.87203],[-3.18458,48.87203],[-3.1838,48.87125],[-3.18381,48.86958],[-3.18296,48.86875],[-3.18213,48.86542],[-3.18292,48.86463],[-3.18792,48.86465],[-3.18798,48.86375],[-3.18708,48.86368]]},"properties":{"source":"emodnet_dtm_2024","level":2}},{"type":"Feature","geometry":{"type":"LineString","coordinates":[[-3.02542,48.8647],[-3.02541,48.86292],[-3.02605,48.86208],[-3.02708,48.86202],[-3.02542,48.8647]]},"properties":{"source":"emodnet_dtm_2024","level":2}},{"type":"Feature","geometry":{"type":"LineString","coordinates":[[-3.02375,48.86555],[-3.02375,48.86555]]},"properties":{"source":"emodnet_dtm_2024","level":2}},{"type":"Feature","geometry":{"type":"LineString","coordinates":[[-2.98958,48.8659],[-2.98905,48.86542],[-2.98958,48.86471],[-2.99042,48.86475],[-2.99091,48.86542],[-2.99042,48.86597],[-2.98958,48.8659]]},"properties":{"source":"emodnet_dtm_2024","level":2}},{"type":"Feature","geometry":{"type":"LineString","coordinates":[[-2.98708,48.866],[-2.98641,48.86542],[-2.98708,48.86467],[-2.98771,48.86542],[-2.98708,48.866]]},"properties":{"source":"emodnet_dtm_2024","level":2}},{"type":"Feature","geometry":{"type":"LineString","coordinates":[[-3.19292,48.86787],[-3.19213,48.86708],[-3.19292,48.8663],[-3.1937,48.86708],[-3.19292,48.86787]]},"properties":{"source":"emodnet_dtm_2024","level":2}},{"type":"Feature","geometry":{"type":"LineString","coordinates":[[-2.94208,48.86738],[-2.94135,48.86708],[-2.94208,48.86575],[-2.94208,48.86738]]},"properties":{"source":"emodnet_dtm_2024","level":2}},{"type":"Feature","geometry":{"type":"LineString","coordinates":[[-3.09458,48.86823],[-3.09292,48.86783],[-3.09208,48.86954],[-3.08958,48.86949],[-3.0878,48.87125],[-3.08875,48.87133],[-3.09125,48.86964],[-3.09375,48.86958],[-3.09479,48.86875],[-3.09458,48.86823]]},"properties":{"source":"emodnet_dtm_2024","level":2}},{"type":"Feature","geometry":{"type":"LineString","coordinates":[[-3.64708,48.87061],[-3.64708,48.87027],[-3.64708,48.87061]]},"properties":{"source":"emodnet_dtm_2024","level":2}},{"type":"Feature","geometry":{"type":"LineString","coordinates":[[-3.64292,48.87055],[-3.64292,48.87055]]},"properties":{"source":"emodnet_dtm_2024","level":2}},{"type":"Feature","geometry":{"type":"LineString","coordinates":[[-3.64958,48.87152],[-3.65042,48.87023],[-3.65458,48.87203],[-3.65531,48.86958],[-3.65625,48.86877],[-3.65958,48.86833],[-3.66042,48.86773],[-3.66292,48.86764],[-3.66735,48.86958],[-3.66625,48.86985],[-3.66375,48.87385],[-3.66042,48.87475],[-3.65542,48.87453],[-3.64792,48.8798],[-3.64633,48.87875],[-3.64875,48.87847],[-3.64935,48.87792],[-3.64875,48.87756],[-3.64708,48.8776],[-3.64625,48.87873],[-3.64208,48.88056],[-3.63792,48.88017],[-3.63625,48.88052],[-3.63208,48.88298],[-3.62708,48.88274],[-3.62676,48.88042],[-3.62839,48.87958],[-3.62875,48.87754],[-3.63042,48.87859],[-3.63125,48.87571],[-3.63208,48.87548],[-3.63229,48.87708],[-3.63375,48.87846],[-3.6344,48.87625],[-3.63625,48.87601],[-3.6376,48.87458],[-3.63774,48.87375],[-3.63645,48.87292],[-3.63708,48.87205],[-3.63792,48.87207],[-3.63875,48.87347],[-3.64042,48.87343],[-3.64099,48.87208],[-3.63901,48.87125],[-3.64042,48.87072],[-3.64125,48.87091],[-3.64208,48.87346],[-3.64254,48.87208],[-3.64375,48.87089],[-3.64458,48.87089],[-3.64656,48.87208],[-3.64625,48.87496],[-3.65003,48.87375],[-3.65018,48.87208],[-3.64958,48.87152]]},"properties":{"source":"emodnet_dtm_2024","level":2}},{"type":"Feature","geometry":{"type":"LineString","coordinates":[[-2.98125,48.87266],[-2.98051,48.87208],[-2.98084,48.87125],[-2.98292,48.8706],[-2.98352,48.87125],[-2.98292,48.87336],[-2.98125,48.87266]]},"properties":{"source":"emodnet_dtm_2024","level":2}},{"type":"Feature","geometry":{"type":"LineString","coordinates":[[-2.97792,48.87223],[-2.97792,48.87178],[-2.97958,48.87147],[-2.9802,48.87208],[-2.97958,48.87302],[-2.97875,48.87221],[-2.97792,48.87223]]},"properties":{"source":"emodnet_dtm_2024","level":2}},{"type":"Feature","geometry":{"type":"LineString","coordinates":[[-2.93792,48.87448],[-2.93738,48.87375],[-2.93875,48.87251],[-2.93958,48.87292],[-2.93955,48.87375],[-2.93792,48.87448]]},"properties":{"source":"emodnet_dtm_2024","level":2}},{"type":"Feature","geometry":{"type":"LineString","coordinates":[[-3.23375,48.8748],[-3.2331,48.87458],[-3.23375,48.87392],[-3.23447,48.87458],[-3.23375,48.8748]]},"properties":{"source":"emodnet_dtm_2024","level":2}},{"type":"Feature","geometry":{"type":"LineString","coordinates":[[-3.45458,48.87551],[-3.45458,48.87551]]},"properties":{"source":"emodnet_dtm_2024","level":2}},{"type":"Feature","geometry":{"type":"LineString","coordinates":[[-2.93542,48.87656],[-2.93542,48.87615],[-2.93542,48.87656]]},"properties":{"source":"emodnet_dtm_2024","level":2}},{"type":"Feature","geometry":{"type":"LineString","coordinates":[[-3.64208,48.8776],[-3.64154,48.87708],[-3.64194,48.87458],[-3.64125,48.87406],[-3.63958,48.87411],[-3.63922,48.87708],[-3.64125,48.87831],[-3.64208,48.87829],[-3.64208,48.8776]]},"properties":{"source":"emodnet_dtm_2024","level":2}},{"type":"Feature","geometry":{"type":"LineString","coordinates":[[-3.49208,48.87749],[-3.49125,48.87508],[-3.49208,48.87507],[-3.49279,48.87625],[-3.49208,48.87749]]},"properties":{"source":"emodnet_dtm_2024","level":2}},{"type":"Feature","geometry":{"type":"LineString","coordinates":[[-3.48958,48.87712],[-3.49042,48.8762],[-3.49046,48.87708],[-3.48958,48.87712]]},"properties":{"source":"emodnet_dtm_2024","level":2}},{"type":"Feature","geometry":{"type":"LineString","coordinates":[[-3.22708,48.87883],[-3.22792,48.87673],[-3.22958,48.87673],[-3.23006,48.87792],[-3.22958,48.87845],[-3.22708,48.87883]]},"properties":{"source":"emodnet_dtm_2024","level":2}},{"type":"Feature","geometry":{"type":"LineString","coordinates":[[-3.47542,48.87991],[-3.47542,48.87934],[-3.47671,48.87958],[-3.47542,48.87991]]},"properties":{"source":"emodnet_dtm_2024","level":2}},{"type":"Feature","geometry":{"type":"LineString","coordinates":[[-3.49958,48.88201],[-3.49882,48.88125],[-3.49875,48.87942],[-3.49625,48.87951],[-3.49616,48.88125],[-3.49542,48.88196],[-3.49375,48.88192],[-3.49349,48.88292],[-3.50042,48.88299],[-3.50133,48.88208],[-3.49958,48.88201]]},"properties":{"source":"emodnet_dtm_2024","level":2}},{"type":"Feature","geometry":{"type":"LineString","coordinates":[[-3.47875,48.88173],[-3.47853,48.88042],[-3.47958,48.87935],[-3.48042,48.87969],[-3.4809,48.88125],[-3.48042,48.88173],[-3.47875,48.88173]]},"properties":{"source":"emodnet_dtm_2024","level":2}},{"type":"Feature","geometry":{"type":"LineString","coordinates":[[-3.22125,48.8828],[-3.22075,48.88125],[-3.22133,48.87958],[-3.22292,48.87841],[-3.22542,48.87903],[-3.22621,48.87958],[-3.22458,48.88365],[-3.22375,48.88408],[-3.22125,48.8828]]},"properties":{"source":"emodnet_dtm_2024","level":2}},{"type":"Feature","geometry":{"type":"LineString","coordinates":[[-3.00625,48.88317],[-3.00625,48.88242],[-3.00625,48.88317]]},"properties":{"source":"emodnet_dtm_2024","level":2}},{"type":"Feature","geometry":{"type":"LineString","coordinates":[[-3.13208,48.88424],[-3.13208,48.88368],[-3.13208,48.88424]]},"properties":{"source":"emodnet_dtm_2024","level":2}},{"type":"Feature","geometry":{"type":"LineString","coordinates":[[-3.07292,48.88449],[-3.0722,48.88292],[-3.07471,48.88125],[-3.07625,48.87775],[-3.07542,48.87776],[-3.07195,48.88042],[-3.07194,48.88208],[-3.07042,48.88438],[-3.06875,48.88438],[-3.06857,48.88542],[-3.06708,48.88691],[-3.06458,48.88773],[-3.06458,48.89053],[-3.06625,48.89054],[-3.06708,48.88968],[-3.06958,48.88969],[-3.07042,48.8897],[-3.07125,48.89056],[-3.07139,48.88875],[-3.07053,48.88792],[-3.07208,48.88638],[-3.07389,48.88625],[-3.07387,48.88458],[-3.07292,48.88449]]},"properties":{"source":"emodnet_dtm_2024","level":2}},{"type":"Feature","geometry":{"type":"LineString","coordinates":[[-3.50792,48.88476],[-3.50708,48.88452],[-3.50569,48.88542],[-3.50292,48.89106],[-3.49958,48.89225],[-3.49792,48.89376],[-3.49671,48.89292],[-3.49704,48.89208],[-3.49613,48.88958],[-3.49542,48.88886],[-3.49375,48.8891],[-3.49281,48.89042],[-3.49342,48.89292],[-3.49208,48.89564],[-3.49042,48.89499],[-3.48792,48.89599],[-3.48708,48.89507],[-3.48542,48.89503],[-3.48497,48.89458],[-3.48542,48.8927],[-3.48708,48.89271],[-3.48762,48.89208],[-3.48708,48.88999],[-3.48542,48.88998],[-3.48319,48.89208],[-3.48292,48.89377],[-3.47708,48.89089],[-3.47542,48.89125],[-3.47375,48.89667],[-3.46958,48.89465],[-3.46792,48.89629],[-3.46625,48.8957],[-3.46375,48.89612],[-3.4625,48.89542],[-3.46125,48.89259],[-3.46042,48.89264],[-3.45958,48.89194],[-3.45708,48.89265],[-3.45564,48.89208],[-3.45637,48.89125],[-3.45958,48.89004],[-3.46042,48.8917],[-3.46375,48.8915],[-3.46458,48.89063],[-3.46573,48.89042],[-3.46787,48.88792],[-3.46799,48.88458],[-3.46904,48.88292],[-3.46958,48.8795],[-3.46972,48.88042],[-3.47125,48.88165],[-3.47375,48.88167],[-3.47542,48.88397],[-3.48375,48.88399],[-3.48485,48.88292],[-3.48542,48.88015],[-3.48792,48.87917],[-3.48875,48.87979],[-3.49125,48.87975],[-3.49208,48.87894],[-3.49458,48.87886],[-3.49542,48.87712],[-3.49841,48.87625],[-3.50013,48.87375],[-3.50125,48.87322],[-3.50375,48.87354],[-3.50458,48.87494],[-3.50792,48.87487],[-3.50904,48.87542],[-3.5107,48.88042],[-3.51125,48.88124],[-3.51314,48.88208],[-3.51132,48.88292],[-3.51458,48.88819],[-3.51292,48.88911],[-3.51125,48.88907],[-3.50792,48.88476]]},"properties":{"source":"emodnet_dtm_2024","level":2}},{"type":"Feature","geometry":{"type":"LineString","coordinates":[[-3.46625,48.88468],[-3.46625,48.88468]]},"properties":{"source":"emodnet_dtm_2024","level":2}},{"type":"Feature","geometry":{"type":"LineString","coordinates":[[-3.45875,48.88636],[-3.45844,48.88458],[-3.45958,48.88408],[-3.46042,48.88427],[-3.46071,48.88542],[-3.45875,48.88636]]},"properties":{"source":"emodnet_dtm_2024","level":2}},{"type":"Feature","geometry":{"type":"LineString","coordinates":[[-3.43625,48.88744],[-3.43543,48.88708],[-3.43625,48.88636],[-3.43625,48.88744]]},"properties":{"source":"emodnet_dtm_2024","level":2}},{"type":"Feature","geometry":{"type":"LineString","coordinates":[[-3.14125,48.88936],[-3.1413,48.88792],[-3.14292,48.88706],[-3.14369,48.88792],[-3.1433,48.88958],[-3.14208,48.89014],[-3.14125,48.88936]]},"properties":{"source":"emodnet_dtm_2024","level":2}},{"type":"Feature","geometry":{"type":"LineString","coordinates":[[-3.12208,48.8899],[-3.12135,48.88875],[-3.12324,48.88792],[-3.12383,48.88625],[-3.12625,48.8853],[-3.13125,48.88657],[-3.13292,48.88832],[-3.13399,48.88792],[-3.13542,48.88593],[-3.13625,48.88594],[-3.13708,48.88701],[-3.13752,48.88958],[-3.13663,48.89208],[-3.13542,48.89378],[-3.13292,48.89539],[-3.13042,48.89484],[-3.12751,48.89208],[-3.12458,48.89136],[-3.12375,48.89002],[-3.12208,48.8899]]},"properties":{"source":"emodnet_dtm_2024","level":2}},{"type":"Feature","geometry":{"type":"LineString","coordinates":[[-3.04208,48.89094],[-3.04125,48.89008],[-3.03958,48.88996],[-3.03911,48.89042],[-3.04042,48.89085],[-3.04208,48.89254],[-3.04208,48.89094]]},"properties":{"source":"emodnet_dtm_2024","level":2}},{"type":"Feature","geometry":{"type":"LineString","coordinates":[[-3.42792,48.89138],[-3.42875,48.88993],[-3.43042,48.8893],[-3.43125,48.88958],[-3.43096,48.89042],[-3.42948,48.89125],[-3.42875,48.89164],[-3.42792,48.89138]]},"properties":{"source":"emodnet_dtm_2024","level":2}},{"type":"Feature","geometry":{"type":"LineString","coordinates":[[-3.06292,48.892],[-3.06208,48.89033],[-3.06027,48.89042],[-3.05958,48.89194],[-3.05855,48.89208],[-3.0584,48.89458],[-3.05958,48.89578],[-3.0597,48.89292],[-3.06042,48.89219],[-3.06208,48.8922],[-3.0628,48.89375],[-3.06186,48.89458],[-3.06312,48.89458],[-3.06301,48.89292],[-3.06388,48.89208],[-3.06292,48.892]]},"properties":{"source":"emodnet_dtm_2024","level":2}},{"type":"Feature","geometry":{"type":"LineString","coordinates":[[-3.11292,48.89372],[-3.11292,48.89265],[-3.11625,48.89215],[-3.11708,48.89211],[-3.1183,48.89292],[-3.11956,48.89625],[-3.11708,48.89875],[-3.11605,48.89875],[-3.11502,48.89625],[-3.11292,48.89372]]},"properties":{"source":"emodnet_dtm_2024","level":2}},{"type":"Feature","geometry":{"type":"LineString","coordinates":[[-3.10792,48.89382],[-3.10737,48.89292],[-3.10792,48.89254],[-3.10875,48.89234],[-3.10993,48.89292],[-3.10958,48.89396],[-3.10792,48.89382]]},"properties":{"source":"emodnet_dtm_2024","level":2}},{"type":"Feature","geometry":{"type":"LineString","coordinates":[[-3.45292,48.89494],[-3.45223,48.89458],[-3.45292,48.89354],[-3.45364,48.89375],[-3.45378,48.89458],[-3.45292,48.89494]]},"properties":{"source":"emodnet_dtm_2024","level":2}},{"type":"Feature","geometry":{"type":"LineString","coordinates":[[-3.43708,48.89635],[-3.43792,48.89576],[-3.44208,48.89675],[-3.44458,48.89515],[-3.44515,48.89625],[-3.44387,48.89708],[-3.4441,48.89792],[-3.44708,48.89925],[-3.4476,48.90042],[-3.44625,48.90107],[-3.44491,48.90292],[-3.44845,48.90375],[-3.4486,48.90458],[-3.44708,48.90595],[-3.44625,48.90595],[-3.44458,48.90388],[-3.44292,48.90337],[-3.44208,48.90322],[-3.44125,48.90399],[-3.43958,48.90423],[-3.43542,48.90371],[-3.43378,48.90292],[-3.43289,48.89958],[-3.43375,48.89801],[-3.43415,48.89958],[-3.43542,48.90051],[-3.43708,48.90048],[-3.43792,48.89881],[-3.43875,48.89982],[-3.44061,48.89958],[-3.44057,48.89875],[-3.43875,48.89863],[-3.43792,48.89672],[-3.43708,48.89635]]},"properties":{"source":"emodnet_dtm_2024","level":2}},{"type":"Feature","geometry":{"type":"LineString","coordinates":[[-3.12208,48.89699],[-3.12208,48.89599],[-3.12278,48.89625],[-3.12208,48.89699]]},"properties":{"source":"emodnet_dtm_2024","level":2}},{"type":"Feature","geometry":{"type":"LineString","coordinates":[[-3.45708,48.89742],[-3.45708,48.8961],[-3.45958,48.89503],[-3.46069,48.89542],[-3.46177,48.89792],[-3.46106,48.89958],[-3.45875,48.89961],[-3.45708,48.89742]]},"properties":{"source":"emodnet_dtm_2024","level":2}},{"type":"Feature","geometry":{"type":"LineString","coordinates":[[-3.46375,48.89873],[-3.46375,48.89739],[-3.46375,48.89873]]},"properties":{"source":"emodnet_dtm_2024","level":2}},{"type":"Feature","geometry":{"type":"LineString","coordinates":[[-3.10542,48.89831],[-3.10542,48.89668],[-3.10625,48.89626],[-3.107,48.89708],[-3.10674,48.89792],[-3.10542,48.89831]]},"properties":{"source":"emodnet_dtm_2024","level":2}},{"type":"Feature","geometry":{"type":"LineString","coordinates":[[-3.45125,48.89907],[-3.45081,48.89708],[-3.45208,48.89646],[-3.45261,48.89792],[-3.45125,48.89907]]},"properties":{"source":"emodnet_dtm_2024","level":2}},{"type":"Feature","geometry":{"type":"LineString","coordinates":[[-3.49042,48.89961],[-3.48969,48.89875],[-3.49125,48.89798],[-3.49208,48.89809],[-3.49306,48.89958],[-3.49042,48.89961]]},"properties":{"source":"emodnet_dtm_2024","level":2}},{"type":"Feature","geometry":{"type":"LineString","coordinates":[[-3.47042,48.90372],[-3.46979,48.90208],[-3.47042,48.90071],[-3.47125,48.90036],[-3.47333,48.90125],[-3.47342,48.90208],[-3.47218,48.90375],[-3.47042,48.90372]]},"properties":{"source":"emodnet_dtm_2024","level":2}},{"type":"Feature","geometry":{"type":"LineString","coordinates":[[-3.46625,48.90413],[-3.46625,48.90331],[-3.46674,48.90375],[-3.46625,48.90413]]},"properties":{"source":"emodnet_dtm_2024","level":2}},{"type":"Feature","geometry":{"type":"LineString","coordinates":[[-3.08458,48.90394],[-3.08413,48.90375],[-3.08792,48.9001],[-3.09292,48.90043],[-3.09708,48.89955],[-3.09905,48.89958],[-3.10017,48.89708],[-3.10085,48.89708],[-3.10173,48.89792],[-3.10315,48.90792],[-3.10208,48.90921],[-3.09281,48.91375],[-3.09208,48.91398],[-3.08792,48.91312],[-3.08394,48.91208],[-3.0822,48.91042],[-3.08156,48.90708],[-3.08253,48.90542],[-3.08492,48.90458],[-3.08458,48.90394]]},"properties":{"source":"emodnet_dtm_2024","level":2}},{"type":"Feature","geometry":{"type":"LineString","coordinates":[[-3.08792,48.9084],[-3.08708,48.90762],[-3.08427,48.90792],[-3.08625,48.90819],[-3.08792,48.91078],[-3.08792,48.9084]]},"properties":{"source":"emodnet_dtm_2024","level":2}},{"type":"Feature","geometry":{"type":"LineString","coordinates":[[-3.11042,48.91053],[-3.11042,48.90921],[-3.11208,48.90853],[-3.11297,48.90958],[-3.11208,48.91162],[-3.11125,48.91195],[-3.11042,48.91053]]},"properties":{"source":"emodnet_dtm_2024","level":2}},{"type":"Feature","geometry":{"type":"LineString","coordinates":[[-3.11958,48.91296],[-3.12042,48.91199],[-3.1211,48.91292],[-3.12042,48.91346],[-3.11958,48.91296]]},"properties":{"source":"emodnet_dtm_2024","level":2}},{"type":"Feature","geometry":{"type":"LineString","coordinates":[[-3.11125,48.91296],[-3.11125,48.91259],[-3.11125,48.91296]]},"properties":{"source":"emodnet_dtm_2024","level":2}},{"type":"Feature","geometry":{"type":"LineString","coordinates":[[-3.13208,48.91687],[-3.13134,48.91625],[-3.13208,48.91588],[-3.13208,48.91687]]},"properties":{"source":"emodnet_dtm_2024","level":2}},{"type":"Feature","geometry":{"type":"LineString","coordinates":[[-6.38542,49.86725],[-6.38627,49.86708],[-6.38625,49.86895],[-6.38542,49.86725]]},"properties":{"source":"emodnet_dtm_2024","level":2}},{"type":"Feature","geometry":{"type":"LineString","coordinates":[[-6.39208,49.86888],[-6.39208,49.86792],[-6.39208,49.86888]]},"properties":{"source":"emodnet_dtm_2024","level":2}},{"type":"Feature","geometry":{"type":"LineString","coordinates":[[-6.39875,49.87001],[-6.39875,49.86949],[-6.39875,49.87001]]},"properties":{"source":"emodnet_dtm_2024","level":2}},{"type":"Feature","geometry":{"type":"LineString","coordinates":[[-6.40125,49.87217],[-6.40125,49.87112],[-6.40272,49.87292],[-6.40208,49.87299],[-6.40125,49.87217]]},"properties":{"source":"emodnet_dtm_2024","level":2}},{"type":"Feature","geometry":{"type":"LineString","coordinates":[[-6.40292,49.87389],[-6.40292,49.87302],[-6.40405,49.87458],[-6.40292,49.87389]]},"properties":{"source":"emodnet_dtm_2024","level":2}},{"type":"Feature","geometry":{"type":"LineString","coordinates":[[-6.36792,49.87634],[-6.37177,49.87625],[-6.37042,49.87765],[-6.36792,49.87634]]},"properties":{"source":"emodnet_dtm_2024","level":2}},{"type":"Feature","geometry":{"type":"LineString","coordinates":[[-6.41708,49.87971],[-6.41708,49.87971]]},"properties":{"source":"emodnet_dtm_2024","level":2}},{"type":"Feature","geometry":{"type":"LineString","coordinates":[[-6.40958,49.8797],[-6.40958,49.87911],[-6.40958,49.8797]]},"properties":{"source":"emodnet_dtm_2024","level":2}},{"type":"Feature","geometry":{"type":"LineString","coordinates":[[-6.41042,49.88045],[-6.41208,49.88021],[-6.41292,49.87921],[-6.41472,49.87958],[-6.41375,49.88128],[-6.41208,49.88153],[-6.41125,49.88049],[-6.41042,49.88045]]},"properties":{"source":"emodnet_dtm_2024","level":2}},{"type":"Feature","geometry":{"type":"LineString","coordinates":[[-6.34792,49.8838],[-6.34887,49.88375],[-6.34886,49.88458],[-6.34792,49.8838]]},"properties":{"source":"emodnet_dtm_2024","level":2}},{"type":"Feature","geometry":{"type":"LineString","coordinates":[[-6.36292,49.88888],[-6.36213,49.88708],[-6.36292,49.88658],[-6.36375,49.88707],[-6.36542,49.88606],[-6.36625,49.88609],[-6.36726,49.88708],[-6.36623,49.88792],[-6.36708,49.88913],[-6.36792,49.88848],[-6.36817,49.88875],[-6.36792,49.88989],[-6.36708,49.88966],[-6.36625,49.89049],[-6.36458,49.88922],[-6.36292,49.88888]]},"properties":{"source":"emodnet_dtm_2024","level":2}},{"type":"Feature","geometry":{"type":"LineString","coordinates":[[-6.33625,49.89078],[-6.33625,49.88995],[-6.33708,49.89038],[-6.33958,49.89018],[-6.34375,49.88672],[-6.34542,49.88688],[-6.34625,49.8882],[-6.34708,49.88694],[-6.3486,49.88708],[-6.35133,49.88958],[-6.35202,49.89208],[-6.35375,49.89277],[-6.35458,49.89256],[-6.35562,49.89375],[-6.35232,49.89458],[-6.35194,49.89542],[-6.35401,49.89625],[-6.35375,49.8983],[-6.35125,49.89687],[-6.34931,49.89792],[-6.35084,49.89958],[-6.34958,49.89968],[-6.34708,49.89876],[-6.34542,49.89901],[-6.34208,49.89784],[-6.34125,49.89818],[-6.33958,49.89602],[-6.33542,49.89625],[-6.33292,49.89375],[-6.33378,49.89292],[-6.33685,49.89208],[-6.33625,49.89078]]},"properties":{"source":"emodnet_dtm_2024","level":2}},{"type":"Feature","geometry":{"type":"LineString","coordinates":[[-6.35375,49.89127],[-6.35375,49.89127]]},"properties":{"source":"emodnet_dtm_2024","level":2}},{"type":"Feature","geometry":{"type":"LineString","coordinates":[[-6.37042,49.89386],[-6.37042,49.89276],[-6.37042,49.89386]]},"properties":{"source":"emodnet_dtm_2024","level":2}},{"type":"Feature","geometry":{"type":"LineString","coordinates":[[-6.35542,49.89547],[-6.35542,49.89547]]},"properties":{"source":"emodnet_dtm_2024","level":2}},{"type":"Feature","geometry":{"type":"LineString","coordinates":[[-6.32708,49.89547],[-6.32792,49.89535],[-6.32792,49.89598],[-6.32708,49.89547]]},"properties":{"source":"emodnet_dtm_2024","level":2}},{"type":"Feature","geometry":{"type":"LineString","coordinates":[[-6.32542,49.89571],[-6.32478,49.89542],[-6.32542,49.89228],[-6.32625,49.89291],[-6.32792,49.8928],[-6.32811,49.89375],[-6.32625,49.89415],[-6.32611,49.89542],[-6.32542,49.89571]]},"properties":{"source":"emodnet_dtm_2024","level":2}},{"type":"Feature","geometry":{"type":"LineString","coordinates":[[-6.36708,49.89646],[-6.36708,49.89646]]},"properties":{"source":"emodnet_dtm_2024","level":2}},{"type":"Feature","geometry":{"type":"LineString","coordinates":[[-6.32875,49.89681],[-6.32805,49.89625],[-6.32951,49.89625],[-6.32875,49.89681]]},"properties":{"source":"emodnet_dtm_2024","level":2}},{"type":"Feature","geometry":{"type":"LineString","coordinates":[[-6.36792,49.89754],[-6.36758,49.89708],[-6.36864,49.89708],[-6.36792,49.89754]]},"properties":{"source":"emodnet_dtm_2024","level":2}},{"type":"Feature","geometry":{"type":"LineString","coordinates":[[-6.37542,49.89856],[-6.37542,49.89622],[-6.3763,49.89708],[-6.37542,49.89856]]},"properties":{"source":"emodnet_dtm_2024","level":2}},{"type":"Feature","geometry":{"type":"LineString","coordinates":[[-6.37042,49.898],[-6.36993,49.89708],[-6.37043,49.89708],[-6.37042,49.898]]},"properties":{"source":"emodnet_dtm_2024","level":2}},{"type":"Feature","geometry":{"type":"LineString","coordinates":[[-6.35458,49.89892],[-6.35458,49.89892]]},"properties":{"source":"emodnet_dtm_2024","level":2}},{"type":"Feature","geometry":{"type":"LineString","coordinates":[[-6.37125,49.90004],[-6.37103,49.89958],[-6.37208,49.89956],[-6.37208,49.89997],[-6.37125,49.90004]]},"properties":{"source":"emodnet_dtm_2024","level":2}},{"type":"Feature","geometry":{"type":"LineString","coordinates":[[-6.37625,49.90047],[-6.37714,49.90042],[-6.37625,49.90047]]},"properties":{"source":"emodnet_dtm_2024","level":2}},{"type":"Feature","geometry":{"type":"LineString","coordinates":[[-6.37458,49.90058],[-6.374,49.90042],[-6.37458,49.90058]]},"properties":{"source":"emodnet_dtm_2024","level":2}},{"type":"Feature","geometry":{"type":"LineString","coordinates":[[-6.31625,49.90886],[-6.31625,49.90765],[-6.31625,49.90886]]},"properties":{"source":"emodnet_dtm_2024","level":2}},{"type":"Feature","geometry":{"type":"LineString","coordinates":[[-6.29875,49.90948],[-6.29875,49.90849],[-6.29875,49.90948]]},"properties":{"source":"emodnet_dtm_2024","level":2}},{"type":"Feature","geometry":{"type":"LineString","coordinates":[[-6.32042,49.91139],[-6.31986,49.91042],[-6.32125,49.90837],[-6.32208,49.90797],[-6.3244,49.90875],[-6.32557,49.91042],[-6.32425,49.91208],[-6.32292,49.91271],[-6.32042,49.91139]]},"properties":{"source":"emodnet_dtm_2024","level":2}},{"type":"Feature","geometry":{"type":"LineString","coordinates":[[-6.32542,49.91554],[-6.32542,49.91554]]},"properties":{"source":"emodnet_dtm_2024","level":2}},{"type":"Feature","geometry":{"type":"LineString","coordinates":[[-6.28375,49.91577],[-6.28375,49.91529],[-6.28375,49.91577]]},"properties":{"source":"emodnet_dtm_2024","level":2}},{"type":"Feature","geometry":{"type":"LineString","coordinates":[[-6.32292,49.91738],[-6.32213,49.91708],[-6.32402,49.91708],[-6.32292,49.91738]]},"properties":{"source":"emodnet_dtm_2024","level":2}},{"type":"Feature","geometry":{"type":"LineString","coordinates":[[-6.31875,49.91773],[-6.31875,49.91697],[-6.32011,49.91708],[-6.31958,49.91779],[-6.31875,49.91773]]},"properties":{"source":"emodnet_dtm_2024","level":2}},{"type":"Feature","geometry":{"type":"LineString","coordinates":[[-6.31292,49.91717],[-6.31208,49.91631],[-6.31024,49.91708],[-6.31042,49.91792],[-6.30934,49.91958],[-6.31042,49.92111],[-6.31292,49.92084],[-6.31332,49.92125],[-6.31042,49.92156],[-6.3102,49.92208],[-6.31042,49.92292],[-6.31337,49.92458],[-6.31339,49.92792],[-6.31178,49.93042],[-6.31,49.93125],[-6.30994,49.93208],[-6.31093,49.93292],[-6.30875,49.93487],[-6.30792,49.93477],[-6.30208,49.93825],[-6.29708,49.93868],[-6.29625,49.93452],[-6.29125,49.93416],[-6.29077,49.93125],[-6.29,49.93042],[-6.28458,49.92945],[-6.28208,49.92603],[-6.27892,49.92375],[-6.27924,49.91875],[-6.28125,49.91693],[-6.28542,49.91651],[-6.28881,49.90958],[-6.29125,49.90923],[-6.29375,49.9108],[-6.29542,49.91076],[-6.29625,49.9101],[-6.30125,49.90933],[-6.30625,49.90671],[-6.30958,49.90898],[-6.31208,49.90946],[-6.31401,49.91125],[-6.31438,49.91208],[-6.31286,49.91292],[-6.31339,49.91458],[-6.31284,49.91542],[-6.31375,49.91586],[-6.31458,49.91509],[-6.31542,49.91514],[-6.31567,49.91625],[-6.31542,49.91743],[-6.31292,49.91717]]},"properties":{"source":"emodnet_dtm_2024","level":2}},{"type":"Feature","geometry":{"type":"LineString","coordinates":[[-6.32125,49.91815],[-6.32075,49.91792],[-6.3219,49.91792],[-6.32125,49.91815]]},"properties":{"source":"emodnet_dtm_2024","level":2}},{"type":"Feature","geometry":{"type":"LineString","coordinates":[[-6.36792,49.92316],[-6.36792,49.92188],[-6.36792,49.92316]]},"properties":{"source":"emodnet_dtm_2024","level":2}},{"type":"Feature","geometry":{"type":"LineString","coordinates":[[-6.36042,49.92483],[-6.35964,49.92458],[-6.36175,49.92458],[-6.36042,49.92483]]},"properties":{"source":"emodnet_dtm_2024","level":2}},{"type":"Feature","geometry":{"type":"LineString","coordinates":[[-6.35375,49.92582],[-6.35293,49.92542],[-6.35458,49.92451],[-6.35655,49.92542],[-6.35375,49.92582]]},"properties":{"source":"emodnet_dtm_2024","level":2}},{"type":"Feature","geometry":{"type":"LineString","coordinates":[[-6.27625,49.9255],[-6.27625,49.9255]]},"properties":{"source":"emodnet_dtm_2024","level":2}},{"type":"Feature","geometry":{"type":"LineString","coordinates":[[-6.27958,49.92715],[-6.27903,49.92708],[-6.27958,49.92608],[-6.27958,49.92715]]},"properties":{"source":"emodnet_dtm_2024","level":2}},{"type":"Feature","geometry":{"type":"LineString","coordinates":[[-6.27875,49.93057],[-6.27818,49.93042],[-6.27839,49.92958],[-6.27958,49.92956],[-6.28042,49.93094],[-6.27875,49.93057]]},"properties":{"source":"emodnet_dtm_2024","level":2}},{"type":"Feature","geometry":{"type":"LineString","coordinates":[[-6.28458,49.93152],[-6.28458,49.93015],[-6.28458,49.93152]]},"properties":{"source":"emodnet_dtm_2024","level":2}},{"type":"Feature","geometry":{"type":"LineString","coordinates":[[-6.34125,49.93215],[-6.34208,49.93132],[-6.34292,49.9327],[-6.34458,49.9326],[-6.34531,49.93208],[-6.34535,49.92875],[-6.34625,49.92876],[-6.34708,49.92698],[-6.34792,49.92889],[-6.35208,49.92768],[-6.35375,49.92827],[-6.35564,49.92958],[-6.35708,49.93171],[-6.35745,49.93042],[-6.35875,49.93031],[-6.35802,49.93208],[-6.35875,49.93289],[-6.36208,49.9329],[-6.3631,49.93125],[-6.36458,49.93042],[-6.36507,49.93125],[-6.36344,49.93292],[-6.36042,49.93329],[-6.35792,49.93299],[-6.35633,49.93375],[-6.35708,49.93489],[-6.35951,49.93542],[-6.35999,49.93625],[-6.35723,49.93708],[-6.35653,49.93875],[-6.35292,49.93977],[-6.35125,49.93979],[-6.35042,49.9393],[-6.34958,49.94079],[-6.3451,49.94125],[-6.34292,49.94328],[-6.34208,49.94274],[-6.34082,49.94292],[-6.34625,49.94665],[-6.34958,49.94504],[-6.35375,49.94428],[-6.35542,49.94467],[-6.35625,49.94255],[-6.35792,49.94236],[-6.35875,49.94294],[-6.36042,49.94245],[-6.36356,49.94458],[-6.36426,49.94625],[-6.36233,49.94625],[-6.36177,49.94458],[-6.36042,49.94415],[-6.35953,49.94458],[-6.35903,49.94792],[-6.35958,49.94842],[-6.36173,49.94875],[-6.36208,49.94948],[-6.36292,49.94863],[-6.36458,49.94971],[-6.36542,49.9497],[-6.36509,49.94875],[-6.36618,49.94792],[-6.36598,49.94542],[-6.36401,49.94458],[-6.36515,49.94292],[-6.36708,49.94263],[-6.36875,49.94122],[-6.36875,49.94209],[-6.37042,49.94321],[-6.37206,49.94208],[-6.37208,49.94119],[-6.37422,49.94375],[-6.37375,49.94564],[-6.37208,49.94503],[-6.37042,49.94508],[-6.36875,49.94372],[-6.3673,49.94458],[-6.36856,49.94542],[-6.36758,49.94792],[-6.36792,49.94857],[-6.37042,49.94949],[-6.37125,49.94889],[-6.37237,49.94958],[-6.37083,49.95042],[-6.37121,49.95208],[-6.36658,49.95375],[-6.36792,49.95528],[-6.37042,49.95539],[-6.37206,49.95375],[-6.37292,49.95162],[-6.37542,49.95119],[-6.37542,49.95471],[-6.37208,49.9548],[-6.37125,49.95653],[-6.37042,49.95614],[-6.36875,49.95656],[-6.36732,49.95625],[-6.36625,49.95519],[-6.36375,49.95676],[-6.36292,49.95799],[-6.36125,49.95692],[-6.36071,49.95792],[-6.3626,49.95875],[-6.3601,49.96125],[-6.35821,49.96125],[-6.35792,49.9607],[-6.3559,49.96042],[-6.35307,49.95875],[-6.35042,49.95822],[-6.35042,49.96003],[-6.34881,49.95875],[-6.34901,49.95792],[-6.34625,49.95699],[-6.34458,49.95488],[-6.34292,49.95467],[-6.34288,49.95625],[-6.34458,49.95635],[-6.34605,49.95792],[-6.34708,49.96094],[-6.34974,49.96292],[-6.35089,49.96458],[-6.34767,49.96708],[-6.34792,49.96759],[-6.34958,49.96784],[-6.3507,49.96708],[-6.35042,49.9661],[-6.35132,49.96625],[-6.35178,49.97042],[-6.35042,49.97057],[-6.34958,49.96922],[-6.34622,49.96875],[-6.34576,49.96792],[-6.34263,49.96792],[-6.34277,49.96875],[-6.34125,49.96903],[-6.34031,49.96542],[-6.33875,49.96411],[-6.33542,49.96236],[-6.33125,49.96304],[-6.32996,49.96125],[-6.32792,49.96006],[-6.32458,49.95999],[-6.3198,49.95708],[-6.31625,49.95378],[-6.31588,49.95458],[-6.31692,49.95792],[-6.31625,49.9587],[-6.31458,49.95866],[-6.31208,49.95737],[-6.30977,49.95708],[-6.30884,49.95625],[-6.31125,49.95534],[-6.31208,49.95427],[-6.31375,49.95391],[-6.31461,49.95292],[-6.31398,49.95042],[-6.31256,49.94958],[-6.31576,49.94708],[-6.31307,49.94458],[-6.3146,49.94292],[-6.31625,49.94215],[-6.32042,49.94262],[-6.32169,49.94208],[-6.32292,49.94013],[-6.32375,49.93983],[-6.32625,49.94015],[-6.32792,49.94107],[-6.33344,49.93958],[-6.33375,49.93841],[-6.33458,49.93807],[-6.33958,49.93827],[-6.34073,49.93625],[-6.33875,49.93324],[-6.33789,49.93292],[-6.34125,49.9334],[-6.3419,49.93292],[-6.34125,49.93215]]},"properties":{"source":"emodnet_dtm_2024","level":2}},{"type":"Feature","geometry":{"type":"LineString","coordinates":[[-6.28625,49.93237],[-6.28564,49.93208],[-6.28625,49.93237]]},"properties":{"source":"emodnet_dtm_2024","level":2}},{"type":"Feature","geometry":{"type":"LineString","coordinates":[[-6.38958,49.93303],[-6.38894,49.93292],[-6.38958,49.932],[-6.38958,49.93303]]},"properties":{"source":"emodnet_dtm_2024","level":2}},{"type":"Feature","geometry":{"type":"LineString","coordinates":[[-6.28708,49.93421],[-6.28654,49.93375],[-6.28708,49.93362],[-6.28708,49.93421]]},"properties":{"source":"emodnet_dtm_2024","level":2}},{"type":"Feature","geometry":{"type":"LineString","coordinates":[[-6.38708,49.93542],[-6.38708,49.93442],[-6.38708,49.93542]]},"properties":{"source":"emodnet_dtm_2024","level":2}},{"type":"Feature","geometry":{"type":"LineString","coordinates":[[-6.38375,49.93569],[-6.38375,49.93439],[-6.38375,49.93569]]},"properties":{"source":"emodnet_dtm_2024","level":2}},{"type":"Feature","geometry":{"type":"LineString","coordinates":[[-6.35542,49.93562],[-6.35458,49.93347],[-6.35208,49.93354],[-6.35004,49.93458],[-6.34918,49.93708],[-6.35125,49.93776],[-6.35208,49.93864],[-6.35375,49.93857],[-6.35599,49.93625],[-6.35542,49.93562]]},"properties":{"source":"emodnet_dtm_2024","level":2}},{"type":"Feature","geometry":{"type":"LineString","coordinates":[[-6.32125,49.93984],[-6.32047,49.93792],[-6.32467,49.93708],[-6.32125,49.93984]]},"properties":{"source":"emodnet_dtm_2024","level":2}},{"type":"Feature","geometry":{"type":"LineString","coordinates":[[-6.39125,49.94257],[-6.39108,49.94208],[-6.39208,49.94144],[-6.39208,49.94353],[-6.39125,49.94257]]},"properties":{"source":"emodnet_dtm_2024","level":2}},{"type":"Feature","geometry":{"type":"LineString","coordinates":[[-6.37792,49.94236],[-6.37745,49.94208],[-6.37792,49.94141],[-6.37792,49.94236]]},"properties":{"source":"emodnet_dtm_2024","level":2}},{"type":"Feature","geometry":{"type":"LineString","coordinates":[[-6.35125,49.94225],[-6.35125,49.94225]]},"properties":{"source":"emodnet_dtm_2024","level":2}},{"type":"Feature","geometry":{"type":"LineString","coordinates":[[-6.38792,49.94433],[-6.38792,49.94368],[-6.38792,49.94433]]},"properties":{"source":"emodnet_dtm_2024","level":2}},{"type":"Feature","geometry":{"type":"LineString","coordinates":[[-6.38042,49.94434],[-6.38042,49.94283],[-6.38042,49.94434]]},"properties":{"source":"emodnet_dtm_2024","level":2}},{"type":"Feature","geometry":{"type":"LineString","coordinates":[[-6.39542,49.94536],[-6.39501,49.94458],[-6.39625,49.94453],[-6.39542,49.94536]]},"properties":{"source":"emodnet_dtm_2024","level":2}},{"type":"Feature","geometry":{"type":"LineString","coordinates":[[-6.27875,49.94558],[-6.27875,49.94558]]},"properties":{"source":"emodnet_dtm_2024","level":2}},{"type":"Feature","geometry":{"type":"LineString","coordinates":[[-6.39542,49.9465],[-6.39542,49.94549],[-6.39592,49.94625],[-6.39542,49.9465]]},"properties":{"source":"emodnet_dtm_2024","level":2}},{"type":"Feature","geometry":{"type":"LineString","coordinates":[[-6.24708,49.94652],[-6.24667,49.94625],[-6.2488,49.94625],[-6.24708,49.94652]]},"properties":{"source":"emodnet_dtm_2024","level":2}},{"type":"Feature","geometry":{"type":"LineString","coordinates":[[-6.36958,49.94781],[-6.36958,49.947],[-6.36958,49.94781]]},"properties":{"source":"emodnet_dtm_2024","level":2}},{"type":"Feature","geometry":{"type":"LineString","coordinates":[[-6.25958,49.94712],[-6.25958,49.94712]]},"properties":{"source":"emodnet_dtm_2024","level":2}},{"type":"Feature","geometry":{"type":"LineString","coordinates":[[-6.27458,49.94796],[-6.27458,49.94672],[-6.27665,49.94708],[-6.27653,49.94792],[-6.27542,49.94858],[-6.27458,49.94796]]},"properties":{"source":"emodnet_dtm_2024","level":2}},{"type":"Feature","geometry":{"type":"LineString","coordinates":[[-6.26292,49.94851],[-6.26222,49.94792],[-6.26292,49.94689],[-6.26383,49.94708],[-6.26375,49.94849],[-6.26292,49.94851]]},"properties":{"source":"emodnet_dtm_2024","level":2}},{"type":"Feature","geometry":{"type":"LineString","coordinates":[[-6.30792,49.94879],[-6.30792,49.94879]]},"properties":{"source":"emodnet_dtm_2024","level":2}},{"type":"Feature","geometry":{"type":"LineString","coordinates":[[-6.26542,49.94904],[-6.26484,49.94875],[-6.26645,49.94875],[-6.26625,49.94986],[-6.26542,49.94904]]},"properties":{"source":"emodnet_dtm_2024","level":2}},{"type":"Feature","geometry":{"type":"LineString","coordinates":[[-6.37792,49.94962],[-6.37713,49.94958],[-6.37875,49.9495],[-6.37958,49.94879],[-6.37958,49.94987],[-6.37792,49.94962]]},"properties":{"source":"emodnet_dtm_2024","level":2}},{"type":"Feature","geometry":{"type":"LineString","coordinates":[[-6.37625,49.94995],[-6.37547,49.94958],[-6.37625,49.94787],[-6.37705,49.94958],[-6.37625,49.94995]]},"properties":{"source":"emodnet_dtm_2024","level":2}},{"type":"Feature","geometry":{"type":"LineString","coordinates":[[-6.37458,49.9496],[-6.37458,49.9496]]},"properties":{"source":"emodnet_dtm_2024","level":2}},{"type":"Feature","geometry":{"type":"LineString","coordinates":[[-6.25208,49.95154],[-6.24958,49.95046],[-6.24708,49.95145],[-6.24693,49.95042],[-6.25042,49.95005],[-6.25375,49.94758],[-6.25403,49.94875],[-6.2525,49.95042],[-6.25329,49.95125],[-6.25208,49.95154]]},"properties":{"source":"emodnet_dtm_2024","level":2}},{"type":"Feature","geometry":{"type":"LineString","coordinates":[[-6.26625,49.95229],[-6.2665,49.95042],[-6.26958,49.94999],[-6.27352,49.95292],[-6.27364,49.95375],[-6.27292,49.95446],[-6.26958,49.95494],[-6.26625,49.95229]]},"properties":{"source":"emodnet_dtm_2024","level":2}},{"type":"Feature","geometry":{"type":"LineString","coordinates":[[-6.28542,49.9542],[-6.28478,49.95375],[-6.2882,49.95292],[-6.28708,49.9543],[-6.28542,49.9542]]},"properties":{"source":"emodnet_dtm_2024","level":2}},{"type":"Feature","geometry":{"type":"LineString","coordinates":[[-6.26208,49.95386],[-6.26208,49.95339],[-6.26258,49.95375],[-6.26208,49.95386]]},"properties":{"source":"emodnet_dtm_2024","level":2}},{"type":"Feature","geometry":{"type":"LineString","coordinates":[[-6.25542,49.95405],[-6.25542,49.95287],[-6.2574,49.95375],[-6.25708,49.95456],[-6.25542,49.95405]]},"properties":{"source":"emodnet_dtm_2024","level":2}},{"type":"Feature","geometry":{"type":"LineString","coordinates":[[-6.26375,49.95473],[-6.26375,49.95473]]},"properties":{"source":"emodnet_dtm_2024","level":2}},{"type":"Feature","geometry":{"type":"LineString","coordinates":[[-6.37708,49.95626],[-6.37792,49.95531],[-6.37793,49.95625],[-6.37708,49.95626]]},"properties":{"source":"emodnet_dtm_2024","level":2}},{"type":"Feature","geometry":{"type":"LineString","coordinates":[[-6.25875,49.95634],[-6.25875,49.95425],[-6.25875,49.95634]]},"properties":{"source":"emodnet_dtm_2024","level":2}},{"type":"Feature","geometry":{"type":"LineString","coordinates":[[-6.26792,49.95728],[-6.26875,49.95623],[-6.27162,49.95708],[-6.27292,49.95502],[-6.27625,49.95574],[-6.27958,49.95483],[-6.27964,49.95625],[-6.28042,49.95694],[-6.28125,49.95691],[-6.2825,49.95625],[-6.28292,49.95471],[-6.28625,49.95474],[-6.28792,49.9553],[-6.28934,49.95458],[-6.28958,49.95316],[-6.29125,49.95211],[-6.29375,49.95172],[-6.29542,49.95036],[-6.29625,49.95072],[-6.29958,49.95016],[-6.30138,49.95292],[-6.29958,49.95414],[-6.29914,49.95625],[-6.30109,49.95708],[-6.30042,49.95815],[-6.29874,49.95875],[-6.30042,49.95955],[-6.30208,49.96163],[-6.30375,49.96218],[-6.30487,49.96625],[-6.30375,49.96773],[-6.30208,49.9684],[-6.30149,49.97042],[-6.29958,49.9711],[-6.29875,49.9734],[-6.29792,49.97375],[-6.29375,49.96742],[-6.28922,49.96875],[-6.29065,49.96958],[-6.28965,49.97125],[-6.29125,49.97192],[-6.29125,49.97369],[-6.29042,49.97301],[-6.28958,49.97305],[-6.28952,49.97125],[-6.28686,49.96625],[-6.28208,49.96582],[-6.28125,49.96375],[-6.27958,49.96623],[-6.27774,49.96542],[-6.27458,49.96523],[-6.27292,49.96313],[-6.27125,49.96665],[-6.27042,49.96526],[-6.26875,49.9655],[-6.26708,49.96746],[-6.26632,49.96708],[-6.26507,49.96125],[-6.26542,49.96064],[-6.26711,49.96042],[-6.26792,49.95728]]},"properties":{"source":"emodnet_dtm_2024","level":2}},{"type":"Feature","geometry":{"type":"LineString","coordinates":[[-6.37792,49.95888],[-6.37792,49.95791],[-6.37875,49.95869],[-6.37984,49.95875],[-6.37792,49.95888]]},"properties":{"source":"emodnet_dtm_2024","level":2}},{"type":"Feature","geometry":{"type":"LineString","coordinates":[[-6.26042,49.95979],[-6.26042,49.95941],[-6.26148,49.95958],[-6.26125,49.95999],[-6.26042,49.95979]]},"properties":{"source":"emodnet_dtm_2024","level":2}},{"type":"Feature","geometry":{"type":"LineString","coordinates":[[-6.31875,49.96074],[-6.31795,49.96042],[-6.31875,49.96001],[-6.31929,49.96042],[-6.31875,49.96074]]},"properties":{"source":"emodnet_dtm_2024","level":2}},{"type":"Feature","geometry":{"type":"LineString","coordinates":[[-6.30542,49.96055],[-6.30484,49.95958],[-6.30542,49.95885],[-6.30625,49.95893],[-6.30715,49.95958],[-6.307,49.96042],[-6.30625,49.96081],[-6.30542,49.96055]]},"properties":{"source":"emodnet_dtm_2024","level":2}},{"type":"Feature","geometry":{"type":"LineString","coordinates":[[-6.36042,49.96213],[-6.36042,49.9617],[-6.36125,49.96165],[-6.36143,49.96208],[-6.36042,49.96213]]},"properties":{"source":"emodnet_dtm_2024","level":2}},{"type":"Feature","geometry":{"type":"LineString","coordinates":[[-6.32042,49.96221],[-6.32208,49.96127],[-6.32412,49.96208],[-6.32125,49.96314],[-6.32042,49.96221]]},"properties":{"source":"emodnet_dtm_2024","level":2}},{"type":"Feature","geometry":{"type":"LineString","coordinates":[[-6.35208,49.96466],[-6.35208,49.96335],[-6.35293,49.96292],[-6.35375,49.96279],[-6.35513,49.96375],[-6.35458,49.96431],[-6.35292,49.96393],[-6.35208,49.96466]]},"properties":{"source":"emodnet_dtm_2024","level":2}},{"type":"Feature","geometry":{"type":"LineString","coordinates":[[-6.32375,49.96595],[-6.32306,49.96542],[-6.32507,49.96458],[-6.32542,49.96352],[-6.32625,49.96515],[-6.32698,49.96458],[-6.32708,49.9628],[-6.32875,49.96535],[-6.32958,49.96363],[-6.33042,49.96523],[-6.33227,49.96542],[-6.33208,49.96625],[-6.33073,49.96708],[-6.33125,49.96754],[-6.33292,49.96722],[-6.33375,49.96752],[-6.33486,49.96875],[-6.33458,49.96953],[-6.33208,49.9687],[-6.33042,49.96949],[-6.32958,49.96817],[-6.32875,49.96882],[-6.32625,49.96639],[-6.32375,49.96595]]},"properties":{"source":"emodnet_dtm_2024","level":2}},{"type":"Feature","geometry":{"type":"LineString","coordinates":[[-6.36042,49.96631],[-6.361,49.96625],[-6.36042,49.96631]]},"properties":{"source":"emodnet_dtm_2024","level":2}},{"type":"Feature","geometry":{"type":"LineString","coordinates":[[-6.31375,49.96708],[-6.31304,49.96625],[-6.31337,49.96542],[-6.31208,49.965],[-6.31042,49.96521],[-6.3101,49.96625],[-6.30792,49.96716],[-6.30605,49.96625],[-6.30625,49.9647],[-6.30708,49.96472],[-6.30724,49.96375],[-6.30875,49.96267],[-6.31042,49.96015],[-6.31292,49.96057],[-6.31327,49.96125],[-6.31267,49.96208],[-6.3153,49.96292],[-6.31504,49.96458],[-6.31599,49.96625],[-6.31488,49.96708],[-6.31562,49.96875],[-6.31458,49.96913],[-6.31319,49.96875],[-6.31375,49.96708]]},"properties":{"source":"emodnet_dtm_2024","level":2}},{"type":"Feature","geometry":{"type":"LineString","coordinates":[[-6.26208,49.96664],[-6.26135,49.96625],[-6.26208,49.96614],[-6.26208,49.96664]]},"properties":{"source":"emodnet_dtm_2024","level":2}},{"type":"Feature","geometry":{"type":"LineString","coordinates":[[-6.35792,49.96716],[-6.35792,49.96716]]},"properties":{"source":"emodnet_dtm_2024","level":2}},{"type":"Feature","geometry":{"type":"LineString","coordinates":[[-6.27958,49.96709],[-6.28043,49.96708],[-6.27958,49.96709]]},"properties":{"source":"emodnet_dtm_2024","level":2}},{"type":"Feature","geometry":{"type":"LineString","coordinates":[[-6.26292,49.96723],[-6.26292,49.96723]]},"properties":{"source":"emodnet_dtm_2024","level":2}},{"type":"Feature","geometry":{"type":"LineString","coordinates":[[-2.93375,50.72298],[-2.93458,50.72133],[-2.93625,50.72085],[-2.93639,50.71958],[-2.94042,50.71887],[-2.94125,50.7173],[-2.94625,50.71709],[-2.94708,50.71626],[-2.94875,50.71615],[-2.95042,50.71463],[-2.95218,50.71458],[-2.95292,50.71302],[-2.95458,50.71217],[-2.96542,50.71211],[-2.96792,50.70882],[-2.96958,50.70876],[-2.97208,50.70724],[-2.97542,50.70713],[-2.97708,50.70481],[-2.97875,50.70473],[-2.97958,50.70404],[-2.98208,50.70394],[-2.98292,50.70334],[-2.98458,50.70387],[-2.99625,50.70378],[-2.99792,50.7023],[-3.00042,50.70216],[-3.02708,50.70212],[-3.02828,50.69875],[-3.03125,50.69816],[-3.03292,50.69879],[-3.03875,50.69887],[-3.03958,50.69962],[-3.04708,50.69969],[-3.04792,50.70048],[-3.05458,50.70069],[-3.05569,50.70125],[-3.05625,50.70251],[-3.05908,50.70292],[-3.06042,50.70387],[-3.06458,50.70486],[-3.06958,50.703],[-3.07792,50.70215],[-3.07875,50.70052],[-3.08042,50.70049],[-3.08125,50.69966],[-3.08292,50.69959],[-3.08389,50.69708],[-3.08542,50.69556],[-3.08875,50.69549],[-3.08958,50.6947],[-3.09125,50.69459],[-3.09168,50.69042],[-3.0938,50.68958],[-3.09403,50.68625],[-3.09542,50.68413],[-3.10625,50.68399],[-3.10792,50.68416],[-3.10875,50.68556],[-3.12708,50.68611],[-3.13875,50.6855],[-3.13958,50.68394],[-3.15375,50.68392],[-3.15451,50.68542],[-3.15625,50.68549],[-3.15875,50.68546],[-3.15958,50.68384],[-3.16792,50.68379],[-3.16875,50.68303],[-3.17458,50.68301],[-3.17542,50.68379],[-3.17625,50.683],[-3.17792,50.68301],[-3.17875,50.6838],[-3.18458,50.6838],[-3.18542,50.68303],[-3.19292,50.68295],[-3.19375,50.68217],[-3.19625,50.68214],[-3.19708,50.68139],[-3.20958,50.68131],[-3.21042,50.67971],[-3.21792,50.67961],[-3.21875,50.6788],[-3.22792,50.67879],[-3.22875,50.67802],[-3.23292,50.67805],[-3.23375,50.67732],[-3.23625,50.67724],[-3.23708,50.67572],[-3.23792,50.67717],[-3.23958,50.67439],[-3.25125,50.67376],[-3.25208,50.673],[-3.25458,50.67293],[-3.25542,50.67129],[-3.25875,50.67126],[-3.25958,50.67044],[-3.26208,50.67042],[-3.26292,50.66959],[-3.2637,50.66958],[-3.26792,50.663],[-3.27042,50.66293],[-3.27208,50.66131],[-3.27428,50.66125],[-3.27388,50.65958],[-3.27542,50.65812],[-3.27708,50.65718],[-3.27873,50.65708],[-3.27888,50.65458],[-3.27958,50.6539],[-3.28208,50.6538],[-3.28294,50.65292],[-3.28338,50.65208],[-3.28285,50.65042],[-3.28429,50.64625],[-3.28713,50.64375],[-3.28761,50.64042],[-3.28958,50.63972],[-3.29391,50.63958],[-3.29454,50.63708],[-3.29542,50.63621],[-3.29792,50.63558],[-3.30208,50.63568],[-3.30303,50.63292],[-3.30458,50.63188],[-3.30708,50.63168],[-3.31042,50.63229],[-3.31125,50.63017],[-3.31285,50.62875],[-3.32458,50.62733],[-3.32542,50.6258],[-3.32958,50.62554],[-3.33042,50.62476],[-3.33375,50.62467],[-3.33458,50.62391],[-3.33625,50.62385],[-3.33708,50.62306],[-3.33875,50.62298],[-3.33958,50.62136],[-3.34292,50.62129],[-3.34375,50.62047],[-3.34542,50.62045],[-3.34625,50.61966],[-3.34875,50.61961],[-3.34958,50.61882],[-3.35125,50.61877],[-3.35208,50.61714],[-3.35292,50.61713],[-3.35542,50.61548],[-3.35712,50.61542],[-3.35746,50.61375],[-3.35604,50.61292],[-3.35716,50.61125],[-3.35724,50.60958],[-3.35875,50.60807],[-3.36042,50.60739],[-3.36208,50.60706],[-3.36375,50.60801],[-3.37104,50.60792],[-3.37208,50.60709],[-3.37542,50.60709],[-3.37625,50.60638],[-3.38708,50.60636],[-3.38905,50.60792],[-3.39292,50.60801],[-3.39375,50.61071],[-3.40125,50.61045],[-3.40708,50.61096],[-3.40792,50.61057],[-3.40875,50.61163],[-3.4098,50.61125],[-3.40958,50.61061],[-3.40806,50.61042],[-3.40767,50.60958],[-3.40197,50.60625],[-3.40013,50.60375],[-3.40042,50.60211],[-3.40708,50.60531],[-3.41292,50.60592],[-3.42042,50.60506],[-3.42292,50.60351],[-3.42357,50.60375],[-3.42375,50.60555],[-3.42458,50.60529],[-3.42542,50.60296],[-3.42792,50.60343],[-3.43042,50.60222],[-3.43061,50.60292],[-3.42866,50.60458],[-3.42986,50.60625],[-3.43006,50.60792],[-3.42875,50.60914],[-3.42792,50.60868],[-3.42708,50.60903],[-3.42542,50.60862],[-3.42458,50.61084],[-3.4225,50.61125],[-3.42208,50.61497],[-3.42042,50.61395],[-3.42015,50.61542],[-3.42375,50.6156],[-3.42544,50.61708],[-3.42625,50.61949],[-3.42875,50.62049],[-3.43208,50.61875],[-3.43125,50.6184],[-3.43042,50.61666],[-3.42927,50.61625],[-3.43042,50.61611],[-3.43208,50.61409],[-3.43509,50.61458],[-3.43591,50.61542],[-3.43675,50.61875],[-3.43638,50.62042],[-3.43458,50.62219],[-3.43292,50.6224],[-3.43211,50.62375],[-3.43475,50.62792],[-3.43526,50.63042],[-3.43677,50.63208],[-3.43625,50.63415],[-3.43439,50.63625],[-3.43458,50.63732],[-3.43542,50.63819],[-3.43655,50.63708],[-3.43772,50.63375],[-3.43875,50.63384],[-3.44458,50.63946],[-3.44736,50.64542],[-3.44292,50.6486],[-3.44076,50.65125],[-3.44125,50.65446],[-3.44542,50.65718],[-3.44708,50.65732],[-3.44875,50.65828],[-3.45183,50.65792],[-3.44708,50.65668],[-3.44243,50.65292],[-3.44304,50.65042],[-3.44708,50.64877],[-3.44887,50.64875],[-3.45042,50.64669],[-3.45091,50.64875],[-3.45439,50.65125],[-3.45519,50.65625],[-3.45625,50.6574],[-3.45875,50.65731],[-3.45958,50.65862],[-3.46157,50.65792],[-3.46042,50.64757],[-3.45799,50.64708],[-3.45708,50.64618],[-3.45671,50.63958],[-3.45375,50.63889],[-3.45278,50.63792],[-3.45208,50.62986],[-3.45023,50.62875],[-3.44931,50.62708],[-3.44826,50.61875],[-3.44625,50.61838],[-3.44584,50.61875],[-3.4449,50.62458],[-3.44579,50.62542],[-3.44569,50.62708],[-3.44776,50.62958],[-3.44756,50.63292],[-3.44924,50.63375],[-3.44918,50.63708],[-3.45007,50.63792],[-3.45007,50.63958],[-3.45105,50.64042],[-3.45079,50.64208],[-3.45193,50.64292],[-3.45042,50.64572],[-3.44972,50.64125],[-3.44567,50.63375],[-3.44105,50.62958],[-3.43923,50.62708],[-3.43792,50.62699],[-3.43763,50.62625],[-3.43792,50.62419],[-3.44125,50.62647],[-3.44292,50.62902],[-3.44458,50.62934],[-3.44464,50.62708],[-3.44206,50.62125],[-3.44286,50.62042],[-3.44273,50.61625],[-3.43708,50.61189],[-3.43625,50.61055],[-3.43042,50.61073],[-3.43011,50.60958],[-3.43125,50.60787],[-3.43375,50.6074],[-3.43458,50.60651],[-3.4373,50.60625],[-3.43708,50.60521],[-3.43542,50.60521],[-3.43417,50.60458],[-3.43216,50.60208],[-3.43229,50.60125],[-3.43542,50.59922],[-3.43625,50.59919],[-3.43792,50.59665],[-3.44067,50.59542],[-3.44106,50.59292],[-3.4423,50.59125],[-3.44292,50.59073],[-3.44625,50.59043],[-3.44708,50.58965],[-3.44875,50.5896],[-3.44878,50.58875],[-3.45042,50.58717],[-3.45292,50.58709],[-3.45458,50.58548],[-3.45544,50.58542],[-3.45625,50.58383],[-3.45708,50.5838],[-3.46042,50.58125],[-3.46125,50.58125],[-3.46125,50.58042],[-3.46391,50.57792],[-3.46669,50.57375],[-3.46615,50.57125],[-3.46722,50.56958],[-3.46671,50.56708],[-3.4672,50.56542],[-3.46884,50.56458],[-3.4693,50.56208],[-3.47125,50.56081],[-3.47375,50.56127],[-3.47542,50.56043],[-3.47545,50.55958],[-3.47875,50.55711],[-3.48125,50.55378],[-3.48375,50.55292],[-3.48542,50.55044],[-3.48625,50.55034],[-3.4888,50.54792],[-3.48958,50.54633],[-3.49042,50.54629],[-3.49209,50.54458],[-3.49208,50.54347],[-3.48974,50.54208],[-3.48934,50.54125],[-3.49042,50.5407],[-3.49454,50.54042],[-3.49374,50.53875],[-3.49631,50.53458],[-3.49792,50.53293],[-3.49876,50.53292],[-3.49962,50.52958],[-3.50125,50.52788],[-3.50129,50.52625],[-3.50292,50.52537],[-3.50296,50.52375],[-3.50543,50.51958],[-3.50546,50.51792],[-3.50625,50.51712],[-3.5071,50.51708],[-3.50715,50.51375],[-3.5096,50.51042],[-3.50977,50.50708],[-3.5113,50.50625],[-3.51135,50.49875],[-3.51213,50.49792],[-3.51215,50.48708],[-3.51142,50.48625],[-3.51148,50.48458],[-3.51301,50.48375],[-3.5131,50.48208],[-3.51485,50.48125],[-3.51483,50.47708],[-3.50792,50.47644],[-3.50692,50.47542],[-3.50625,50.47263],[-3.50042,50.47227],[-3.49862,50.47042],[-3.49792,50.46802],[-3.49542,50.46693],[-3.49448,50.46458],[-3.49375,50.46409],[-3.48884,50.46375],[-3.48725,50.46292],[-3.48656,50.45958],[-3.48875,50.45742],[-3.48958,50.45726],[-3.49292,50.45734],[-3.49375,50.45806],[-3.50458,50.45798],[-3.50542,50.45721],[-3.50708,50.45717],[-3.50792,50.45647],[-3.51458,50.45633],[-3.52458,50.45765],[-3.52625,50.45901],[-3.52898,50.45958],[-3.53042,50.46051],[-3.53208,50.4606],[-3.53292,50.46003],[-3.53542,50.45987],[-3.53792,50.45898],[-3.54146,50.45625],[-3.54231,50.45292],[-3.54375,50.45066],[-3.54708,50.45052],[-3.54958,50.44958],[-3.55125,50.44642],[-3.55208,50.44546],[-3.55292,50.44542],[-3.55334,50.44292],[-3.55437,50.44208],[-3.55421,50.44042],[-3.55542,50.44027],[-3.55569,50.43792],[-3.55625,50.43716],[-3.55725,50.43708],[-3.55591,50.43625],[-3.55692,50.43292],[-3.5567,50.42792],[-3.55507,50.42708],[-3.55636,50.42542],[-3.5564,50.42375],[-3.55458,50.42191],[-3.55391,50.41958],[-3.55542,50.41883],[-3.55625,50.41969],[-3.55646,50.41875],[-3.55625,50.41792],[-3.55292,50.41542],[-3.55297,50.41208],[-3.55177,50.41042],[-3.55295,50.40875],[-3.55125,50.40738],[-3.55042,50.40759],[-3.54875,50.40592],[-3.54625,50.40536],[-3.54392,50.40208],[-3.52125,50.40141],[-3.51961,50.40042],[-3.51875,50.39753],[-3.49375,50.39727],[-3.49125,50.396],[-3.49042,50.39292],[-3.49161,50.39208],[-3.49123,50.39125],[-3.49208,50.39054],[-3.49292,50.39086],[-3.49542,50.39054],[-3.49722,50.38958],[-3.49792,50.38808],[-3.50125,50.38793],[-3.50095,50.38708],[-3.50296,50.38625],[-3.50125,50.38554],[-3.50042,50.38441],[-3.49708,50.38409],[-3.49601,50.38208],[-3.49611,50.38042],[-3.49792,50.37918],[-3.50458,50.37887],[-3.50542,50.37807],[-3.50708,50.37798],[-3.50726,50.37625],[-3.50875,50.37474],[-3.51125,50.37463],[-3.51356,50.37292],[-3.51329,50.36958],[-3.51476,50.36875],[-3.51515,50.36292],[-3.51542,50.3626],[-3.51708,50.36297],[-3.51718,50.36208],[-3.519,50.36042],[-3.51774,50.35708],[-3.51625,50.35663],[-3.51467,50.35458],[-3.51412,50.35208],[-3.5146,50.34958],[-3.51562,50.34875],[-3.51578,50.34708],[-3.51692,50.34542],[-3.51958,50.34424],[-3.52375,50.34389],[-3.52458,50.34229],[-3.52958,50.34218],[-3.53292,50.33963],[-3.53958,50.33961],[-3.54042,50.33596],[-3.54542,50.33582],[-3.54708,50.33719],[-3.54958,50.33646],[-3.55292,50.33646],[-3.55469,50.33792],[-3.55958,50.33945],[-3.56042,50.34042],[-3.56275,50.34125],[-3.56458,50.34802],[-3.56792,50.34841],[-3.56865,50.35208],[-3.57125,50.35237],[-3.57199,50.35292],[-3.57292,50.36054],[-3.57562,50.36208],[-3.57708,50.3669],[-3.57958,50.36759],[-3.58085,50.36958],[-3.58105,50.37708],[-3.58542,50.37718],[-3.58542,50.37284],[-3.58208,50.37254],[-3.58144,50.37125],[-3.58141,50.36458],[-3.58226,50.36042],[-3.57958,50.35923],[-3.57827,50.35792],[-3.5775,50.35208],[-3.57437,50.35125],[-3.57378,50.34792],[-3.57292,50.34695],[-3.57037,50.34625],[-3.56926,50.33958],[-3.56875,50.33879],[-3.56625,50.33765],[-3.56531,50.33542],[-3.56576,50.33375],[-3.56542,50.33308],[-3.56449,50.33292],[-3.56875,50.33136],[-3.57042,50.32777],[-3.57292,50.32716],[-3.57375,50.32542],[-3.57542,50.32408],[-3.57708,50.32478],[-3.57958,50.32478],[-3.58125,50.32406],[-3.58375,50.32407],[-3.58542,50.32477],[-3.58708,50.32404],[-3.58792,50.32474],[-3.58958,50.32343],[-3.59125,50.32309],[-3.59147,50.32208],[-3.59309,50.32125],[-3.59375,50.31993],[-3.59542,50.31935],[-3.59958,50.319],[-3.60042,50.31754],[-3.60458,50.31763],[-3.60542,50.31898],[-3.60875,50.31892],[-3.60958,50.31743],[-3.61125,50.31727],[-3.61158,50.31542],[-3.61292,50.31482],[-3.61375,50.31319],[-3.61542,50.31306],[-3.61875,50.30893],[-3.62042,50.30887],[-3.62125,50.30741],[-3.62375,50.30725],[-3.62542,50.30638],[-3.62625,50.30477],[-3.62792,50.30467],[-3.63125,50.30058],[-3.63208,50.30054],[-3.63483,50.29792],[-3.63542,50.29659],[-3.63625,50.29652],[-3.63742,50.29542],[-3.63857,50.29292],[-3.64088,50.29125],[-3.64203,50.28875],[-3.64569,50.28542],[-3.64681,50.27792],[-3.64792,50.2758],[-3.65104,50.27292],[-3.65025,50.26875],[-3.65125,50.26208],[-3.6531,50.26042],[-3.65494,50.25125],[-3.65625,50.24819],[-3.65633,50.24458],[-3.6572,50.24375],[-3.65811,50.23958],[-3.65708,50.23286],[-3.65292,50.22871],[-3.65042,50.22762],[-3.64875,50.22527],[-3.64531,50.22292],[-3.65042,50.21895],[-3.65125,50.21888],[-3.65208,50.21724],[-3.65292,50.21722],[-3.65458,50.21591],[-3.65708,50.21658],[-3.65958,50.21966],[-3.66125,50.21969],[-3.66292,50.21905],[-3.66458,50.21971],[-3.66708,50.21967],[-3.66792,50.21905],[-3.66875,50.21969],[-3.67542,50.21977],[-3.67625,50.22049],[-3.68042,50.22049],[-3.68125,50.21976],[-3.68292,50.21965],[-3.68458,50.21882],[-3.68542,50.21724],[-3.68708,50.21714],[-3.68875,50.21494],[-3.69125,50.21466],[-3.69137,50.21375],[-3.69375,50.21217],[-3.69608,50.21208],[-3.69708,50.21137],[-3.69958,50.21131],[-3.70125,50.21049],[-3.70208,50.20679],[-3.70515,50.20625],[-3.70779,50.20458],[-3.70875,50.20442],[-3.70958,50.20491],[-3.71125,50.20423],[-3.71208,50.20485],[-3.71292,50.20478],[-3.71375,50.20404],[-3.71625,50.20388],[-3.71875,50.20084],[-3.72105,50.20125],[-3.72165,50.20208],[-3.72458,50.20346],[-3.72559,50.20458],[-3.72625,50.20718],[-3.72875,50.20735],[-3.72958,50.20698],[-3.73292,50.20767],[-3.73524,50.21125],[-3.73708,50.21162],[-3.73696,50.21292],[-3.73875,50.21352],[-3.73958,50.21487],[-3.74625,50.21575],[-3.74708,50.21712],[-3.74875,50.21647],[-3.74958,50.2172],[-3.75792,50.21748],[-3.75875,50.21897],[-3.76542,50.2194],[-3.7677,50.22042],[-3.76866,50.22292],[-3.76875,50.22917],[-3.77208,50.22782],[-3.77225,50.22875],[-3.77375,50.22904],[-3.77625,50.22737],[-3.77875,50.22708],[-3.77851,50.22458],[-3.7798,50.22292],[-3.78003,50.21708],[-3.78208,50.21494],[-3.78385,50.21458],[-3.78467,50.21292],[-3.78372,50.21125],[-3.78591,50.21042],[-3.78708,50.20863],[-3.78875,50.20834],[-3.78958,50.20897],[-3.79125,50.20917],[-3.79208,50.2106],[-3.79708,50.21088],[-3.79875,50.21148],[-3.79958,50.213],[-3.81208,50.2132],[-3.81372,50.21375],[-3.81458,50.21496],[-3.81625,50.21501],[-3.81708,50.21559],[-3.82042,50.21568],[-3.82125,50.21641],[-3.82375,50.21649],[-3.82708,50.22134],[-3.82958,50.22178],[-3.83042,50.22319],[-3.83208,50.22342],[-3.83458,50.22549],[-3.83708,50.22566],[-3.83792,50.22796],[-3.84125,50.22808],[-3.84208,50.22883],[-3.84292,50.22813],[-3.84375,50.22888],[-3.84708,50.22891],[-3.84792,50.22968],[-3.84958,50.22979],[-3.85042,50.23141],[-3.85375,50.23305],[-3.86125,50.2335],[-3.86375,50.23657],[-3.86542,50.23686],[-3.86696,50.23792],[-3.86771,50.23958],[-3.86641,50.24208],[-3.86458,50.24296],[-3.86208,50.2428],[-3.86016,50.24375],[-3.85993,50.24542],[-3.86252,50.24625],[-3.86132,50.24792],[-3.86159,50.24875],[-3.85971,50.24958],[-3.85974,50.25042],[-3.86157,50.25125],[-3.86125,50.2538],[-3.85953,50.25458],[-3.8607,50.25625],[-3.86064,50.25958],[-3.86208,50.26083],[-3.86708,50.26129],[-3.86792,50.26208],[-3.86746,50.26292],[-3.86874,50.26625],[-3.87042,50.2663],[-3.87125,50.26694],[-3.87208,50.26652],[-3.87292,50.26736],[-3.87473,50.26792],[-3.87542,50.26978],[-3.87875,50.27088],[-3.87958,50.27324],[-3.88075,50.27375],[-3.88125,50.27613],[-3.884,50.27542],[-3.88561,50.27792],[-3.88792,50.27913],[-3.89208,50.27968],[-3.89375,50.27916],[-3.89542,50.27997],[-3.89625,50.27928],[-3.89875,50.27989],[-3.90019,50.28125],[-3.89823,50.28208],[-3.89939,50.28292],[-3.90015,50.28458],[-3.89958,50.28625],[-3.90042,50.28634],[-3.90208,50.28794],[-3.90375,50.288],[-3.90458,50.28965],[-3.90708,50.28996],[-3.90792,50.29131],[-3.91208,50.29247],[-3.91292,50.29385],[-3.91625,50.29402],[-3.91708,50.29467],[-3.92125,50.29478],[-3.92208,50.29552],[-3.92458,50.29556],[-3.92542,50.29483],[-3.93042,50.29473],[-3.93125,50.29278],[-3.9322,50.29292],[-3.93458,50.29471],[-3.93792,50.29486],[-3.93875,50.29559],[-3.94208,50.29567],[-3.94365,50.29958],[-3.94375,50.30809],[-3.94655,50.30708],[-3.94634,50.30542],[-3.94708,50.30469],[-3.95009,50.30792],[-3.94958,50.30849],[-3.94694,50.30875],[-3.94696,50.31042],[-3.94458,50.31279],[-3.9431,50.31292],[-3.94042,50.31533],[-3.93958,50.31533],[-3.93912,50.32292],[-3.93958,50.32315],[-3.9399,50.31958],[-3.94042,50.31907],[-3.94386,50.31875],[-3.9443,50.31542],[-3.94542,50.31486],[-3.94792,50.31469],[-3.94875,50.31085],[-3.95208,50.3105],[-3.95366,50.30708],[-3.95625,50.30635],[-3.95792,50.30414],[-3.96042,50.30299],[-3.96375,50.30323],[-3.96458,50.30397],[-3.96625,50.3035],[-3.96958,50.30355],[-3.97042,50.30413],[-3.97208,50.30419],[-3.97292,50.30635],[-3.9739,50.30625],[-3.97458,50.30492],[-3.97599,50.30542],[-3.97625,50.30639],[-3.97708,50.30497],[-3.97958,50.30499],[-3.98042,50.30645],[-3.98125,50.30501],[-3.98708,50.30525],[-3.98792,50.30649],[-3.99208,50.30638],[-3.99292,50.30478],[-3.99458,50.3047],[-3.99625,50.30317],[-3.99958,50.30233],[-4.00042,50.30091],[-4.00958,50.30063],[-4.01031,50.30208],[-4.01125,50.30216],[-4.01208,50.30062],[-4.01375,50.30057],[-4.01631,50.29875],[-4.01643,50.29708],[-4.01792,50.29476],[-4.02292,50.29428],[-4.02625,50.29488],[-4.03125,50.2938],[-4.03238,50.29208],[-4.03542,50.29162],[-4.04542,50.29251],[-4.04625,50.29395],[-4.05042,50.29434],[-4.05208,50.29555],[-4.05708,50.29584],[-4.05958,50.29881],[-4.06125,50.29888],[-4.06375,50.30047],[-4.06708,50.30081],[-4.06792,50.30224],[-4.07136,50.30292],[-4.07261,50.30458],[-4.07265,50.30708],[-4.07382,50.30792],[-4.07292,50.30818],[-4.07125,50.31208],[-4.07458,50.31283],[-4.07625,50.31387],[-4.07875,50.31383],[-4.07958,50.31511],[-4.08292,50.31435],[-4.08375,50.31542],[-4.08625,50.31573],[-4.09708,50.31559],[-4.09792,50.31608],[-4.09958,50.31597],[-4.10458,50.31084],[-4.10713,50.31292],[-4.10625,50.31325],[-4.10595,50.31458],[-4.11125,50.31485],[-4.11292,50.31557],[-4.1138,50.31625],[-4.11458,50.31881],[-4.1155,50.31875],[-4.11625,50.31722],[-4.11708,50.31893],[-4.11958,50.31905],[-4.12042,50.31695],[-4.12167,50.31792],[-4.1219,50.31875],[-4.12042,50.31957],[-4.1205,50.32042],[-4.12131,50.32375],[-4.12294,50.32542],[-4.12208,50.32587],[-4.12189,50.32792],[-4.12108,50.32875],[-4.12085,50.33208],[-4.12264,50.33458],[-4.1225,50.33542],[-4.12529,50.33625],[-4.12625,50.33711],[-4.12683,50.34458],[-4.12755,50.34542],[-4.12708,50.34593],[-4.1252,50.34625],[-4.12292,50.34958],[-4.12401,50.35042],[-4.12319,50.35292],[-4.1246,50.35375],[-4.12559,50.35542],[-4.12541,50.35875],[-4.12458,50.35922],[-4.12042,50.35937],[-4.11958,50.36101],[-4.11875,50.36098],[-4.11864,50.35958],[-4.11708,50.35875],[-4.11458,50.3602],[-4.11208,50.35958],[-4.11208,50.36125],[-4.11125,50.36208],[-4.11042,50.36208],[-4.10958,50.36375],[-4.10958,50.36542],[-4.11042,50.36458],[-4.11125,50.36458],[-4.11125,50.36292],[-4.11292,50.36125],[-4.11375,50.36161],[-4.11458,50.36083],[-4.11875,50.36198],[-4.12125,50.3617],[-4.12292,50.36253],[-4.12458,50.3625],[-4.12542,50.36331],[-4.12958,50.36329],[-4.13042,50.3657],[-4.13292,50.36559],[-4.13125,50.36521],[-4.13077,50.36375],[-4.13292,50.36254],[-4.13458,50.36251],[-4.13542,50.3619],[-4.14375,50.36346],[-4.15208,50.36394],[-4.15875,50.36333],[-4.16042,50.36146],[-4.16163,50.36292],[-4.16198,50.36458],[-4.16375,50.36623],[-4.16309,50.36292],[-4.16375,50.3623],[-4.16542,50.36253],[-4.16574,50.36542],[-4.16542,50.36598],[-4.16378,50.36625],[-4.16708,50.36715],[-4.17375,50.36687],[-4.17551,50.36625],[-4.17708,50.36458],[-4.17875,50.3666],[-4.18235,50.36875],[-4.18347,50.37292],[-4.18344,50.38125],[-4.18789,50.38875],[-4.19042,50.39047],[-4.19125,50.39185],[-4.19375,50.39146],[-4.19458,50.39177],[-4.19792,50.39461],[-4.19875,50.39468],[-4.19958,50.39383],[-4.20042,50.39503],[-4.20292,50.39601],[-4.20374,50.39708],[-4.20375,50.39852],[-4.20058,50.40208],[-4.20053,50.40458],[-4.20152,50.40542],[-4.20169,50.40708],[-4.20018,50.40875],[-4.19865,50.41458],[-4.20178,50.41792],[-4.20375,50.4184],[-4.20708,50.41654],[-4.20796,50.41458],[-4.20792,50.41292],[-4.20708,50.4135],[-4.20625,50.41287],[-4.20434,50.40792],[-4.20506,50.40542],[-4.20884,50.40375],[-4.20926,50.40042],[-4.21116,50.39875],[-4.21542,50.398],[-4.21625,50.39644],[-4.22042,50.39542],[-4.22084,50.39458],[-4.21969,50.39292],[-4.21792,50.39275],[-4.21208,50.39472],[-4.20958,50.39379],[-4.20708,50.39092],[-4.20792,50.39053],[-4.20958,50.39223],[-4.21625,50.39244],[-4.21708,50.39134],[-4.22125,50.39126],[-4.22208,50.39044],[-4.22375,50.39045],[-4.22458,50.38969],[-4.22731,50.38958],[-4.21958,50.38906],[-4.21875,50.38533],[-4.21125,50.3848],[-4.21042,50.38097],[-4.20792,50.38056],[-4.20708,50.37986],[-4.20625,50.37604],[-4.20208,50.37667],[-4.19958,50.37563],[-4.19833,50.37292],[-4.19872,50.37042],[-4.20125,50.36762],[-4.20349,50.36708],[-4.19938,50.36292],[-4.19375,50.36066],[-4.18989,50.36042],[-4.18813,50.35875],[-4.18625,50.35812],[-4.18458,50.35876],[-4.18292,50.35856],[-4.18125,50.35906],[-4.1812,50.36042],[-4.17958,50.36169],[-4.17875,50.3617],[-4.17798,50.36125],[-4.17958,50.36073],[-4.17958,50.35942],[-4.17708,50.36024],[-4.17458,50.35957],[-4.17309,50.35625],[-4.16886,50.35375],[-4.16875,50.35187],[-4.16579,50.35042],[-4.16441,50.34708],[-4.16458,50.34617],[-4.16708,50.3442],[-4.16885,50.34375],[-4.16958,50.34186],[-4.17125,50.3415],[-4.17208,50.34222],[-4.17542,50.34219],[-4.17625,50.34139],[-4.17792,50.34137],[-4.17875,50.3406],[-4.18458,50.34052],[-4.18542,50.33982],[-4.18792,50.33967],[-4.18875,50.33808],[-4.19042,50.338],[-4.19208,50.33644],[-4.19542,50.33554],[-4.19646,50.33375],[-4.19899,50.33292],[-4.19875,50.32992],[-4.19792,50.33003],[-4.19625,50.32908],[-4.19352,50.32625],[-4.19406,50.32542],[-4.19375,50.3228],[-4.19159,50.32125],[-4.19071,50.31875],[-4.19208,50.3168],[-4.20042,50.31649],[-4.20125,50.3172],[-4.20375,50.3172],[-4.20458,50.31652],[-4.20542,50.31723],[-4.20875,50.31724],[-4.20958,50.31649],[-4.21208,50.3164],[-4.21458,50.31505],[-4.21708,50.31475],[-4.21792,50.31311],[-4.21964,50.31292],[-4.21875,50.31278],[-4.21875,50.31177],[-4.22375,50.31179],[-4.22542,50.31283],[-4.22658,50.31458],[-4.22542,50.3152],[-4.22534,50.31625],[-4.22655,50.31708],[-4.22698,50.31958],[-4.22542,50.32024],[-4.22375,50.32262],[-4.2232,50.32208],[-4.22173,50.32208],[-4.22125,50.32402],[-4.2227,50.32625],[-4.2225,50.32708],[-4.22375,50.32718],[-4.22703,50.33042],[-4.22708,50.33127],[-4.22792,50.33128],[-4.23042,50.33294],[-4.23208,50.33296],[-4.23432,50.33542],[-4.24125,50.33793],[-4.24375,50.34025],[-4.24539,50.34042],[-4.24792,50.34195],[-4.25042,50.34268],[-4.25125,50.34232],[-4.25205,50.34375],[-4.25593,50.34542],[-4.25958,50.34553],[-4.26042,50.34628],[-4.26292,50.34645],[-4.26367,50.34708],[-4.26375,50.34847],[-4.26625,50.34879],[-4.26708,50.34959],[-4.27042,50.35042],[-4.27225,50.35125],[-4.27292,50.35226],[-4.27458,50.35191],[-4.28708,50.35622],[-4.29042,50.35628],[-4.29125,50.35709],[-4.29708,50.35717],[-4.29792,50.35795],[-4.30042,50.35797],[-4.30232,50.35875],[-4.30542,50.35897],[-4.30625,50.36049],[-4.31307,50.36042],[-4.31375,50.35958],[-4.31458,50.36047],[-4.32958,50.36058],[-4.33042,50.36127],[-4.33208,50.36128],[-4.33304,50.35958],[-4.33542,50.35815],[-4.33792,50.3581],[-4.33875,50.35882],[-4.34542,50.35886],[-4.34622,50.36042],[-4.34708,50.36045],[-4.35625,50.36042],[-4.35792,50.35891],[-4.36625,50.35841],[-4.37042,50.35883],[-4.37401,50.36042],[-4.37542,50.36046],[-4.37625,50.36126],[-4.38042,50.36128],[-4.38125,50.36198],[-4.38375,50.36211],[-4.38458,50.36292],[-4.38792,50.36296],[-4.38875,50.3622],[-4.39375,50.36209],[-4.40708,50.36215],[-4.40792,50.36294],[-4.40875,50.36294],[-4.40958,50.36217],[-4.41292,50.36214],[-4.41375,50.36138],[-4.41625,50.36137],[-4.41708,50.36069],[-4.41958,50.36127],[-4.42042,50.36063],[-4.43042,50.36047],[-4.43125,50.35891],[-4.43625,50.35881],[-4.43708,50.35803],[-4.44125,50.35714],[-4.44206,50.35542],[-4.44375,50.35406],[-4.44542,50.35375],[-4.44792,50.35212],[-4.44959,50.35208],[-4.44875,50.34708],[-4.44722,50.34458],[-4.44919,50.34125],[-4.44755,50.33875],[-4.45208,50.33843],[-4.45279,50.33875],[-4.45132,50.34125],[-4.45292,50.34162],[-4.45542,50.34131],[-4.45708,50.342],[-4.45875,50.34062],[-4.46208,50.34051],[-4.46292,50.33986],[-4.46542,50.33978],[-4.46625,50.3383],[-4.46958,50.33808],[-4.4705,50.33708],[-4.46975,50.33542],[-4.46995,50.33375],[-4.47125,50.33254],[-4.47292,50.33195],[-4.48208,50.33242],[-4.48292,50.33308],[-4.48458,50.33313],[-4.48542,50.3339],[-4.49208,50.33436],[-4.49292,50.33568],[-4.49708,50.33549],[-4.49766,50.33208],[-4.49958,50.33135],[-4.4997,50.33042],[-4.50125,50.32896],[-4.51375,50.32902],[-4.51458,50.32833],[-4.51708,50.32825],[-4.52042,50.32731],[-4.52125,50.32576],[-4.52542,50.32556],[-4.52625,50.32477],[-4.52792,50.32475],[-4.52875,50.32405],[-4.53375,50.32401],[-4.53458,50.32358],[-4.54292,50.32345],[-4.54375,50.32395],[-4.54542,50.32396],[-4.54625,50.32345],[-4.55125,50.32368],[-4.55375,50.32416],[-4.55458,50.3248],[-4.55875,50.32514],[-4.56042,50.32733],[-4.56708,50.3275],[-4.56792,50.32807],[-4.57042,50.32814],[-4.57125,50.32882],[-4.57542,50.32897],[-4.57625,50.32968],[-4.58292,50.32979],[-4.58375,50.33129],[-4.58462,50.33125],[-4.58542,50.3298],[-4.58708,50.32971],[-4.59125,50.3273],[-4.59292,50.32718],[-4.59375,50.32562],[-4.59558,50.32542],[-4.59625,50.32388],[-4.60042,50.32445],[-4.60156,50.32542],[-4.60182,50.32708],[-4.60375,50.32794],[-4.60458,50.32727],[-4.60542,50.32797],[-4.60625,50.32731],[-4.61125,50.32715],[-4.61135,50.32625],[-4.61375,50.32402],[-4.61542,50.324],[-4.61625,50.32348],[-4.62792,50.32362],[-4.62875,50.32403],[-4.63125,50.32377],[-4.63375,50.32464],[-4.63531,50.32708],[-4.63509,50.32875],[-4.63292,50.3301],[-4.63125,50.33041],[-4.63112,50.33208],[-4.62958,50.33311],[-4.63042,50.33975],[-4.63066,50.33708],[-4.63229,50.33625],[-4.63235,50.33458],[-4.63375,50.33314],[-4.63875,50.33143],[-4.63958,50.32983],[-4.64208,50.32899],[-4.64418,50.32625],[-4.64958,50.32557],[-4.65208,50.32319],[-4.65292,50.32309],[-4.65375,50.32161],[-4.65875,50.32135],[-4.65958,50.3206],[-4.66375,50.32072],[-4.66542,50.32132],[-4.66625,50.31965],[-4.66717,50.31958],[-4.66788,50.31542],[-4.66895,50.31375],[-4.67208,50.31233],[-4.67292,50.31296],[-4.67458,50.31248],[-4.67573,50.31375],[-4.67625,50.3163],[-4.67792,50.31641],[-4.67875,50.31722],[-4.68042,50.31764],[-4.68125,50.31916],[-4.6842,50.32042],[-4.68287,50.32458],[-4.68342,50.32542],[-4.68118,50.32708],[-4.68208,50.32745],[-4.68346,50.32958],[-4.68371,50.33625],[-4.68308,50.33708],[-4.68375,50.33711],[-4.6854,50.33875],[-4.68542,50.33959],[-4.68792,50.3396],[-4.68958,50.34042],[-4.69458,50.33945],[-4.69639,50.34125],[-4.69542,50.34242],[-4.694,50.34292],[-4.69458,50.34448],[-4.69542,50.34528],[-4.69625,50.34429],[-4.69708,50.3458],[-4.69875,50.34562],[-4.69707,50.34292],[-4.69792,50.34184],[-4.69958,50.34215],[-4.69958,50.34475],[-4.70208,50.34479],[-4.70159,50.34292],[-4.70625,50.34024],[-4.71875,50.3398],[-4.71962,50.33792],[-4.72083,50.33708],[-4.73125,50.33646],[-4.73542,50.33562],[-4.73625,50.33426],[-4.73875,50.33389],[-4.74292,50.33167],[-4.75327,50.33125],[-4.75375,50.33021],[-4.75392,50.33125],[-4.75625,50.33135],[-4.75641,50.32875],[-4.75875,50.32713],[-4.75993,50.32708],[-4.76208,50.32305],[-4.76378,50.32292],[-4.76381,50.32125],[-4.7648,50.31958],[-4.76241,50.31542],[-4.76301,50.31292],[-4.76125,50.30999],[-4.75899,50.30875],[-4.75875,50.30803],[-4.75542,50.30845],[-4.75387,50.30792],[-4.75794,50.30708],[-4.75729,50.30625],[-4.75375,50.30526],[-4.75329,50.30042],[-4.75542,50.29897],[-4.75708,50.29912],[-4.75792,50.29863],[-4.76125,50.2983],[-4.76208,50.29889],[-4.76375,50.29882],[-4.76458,50.29801],[-4.76542,50.298],[-4.76625,50.29564],[-4.77042,50.29465],[-4.77133,50.29375],[-4.77145,50.29208],[-4.77292,50.29064],[-4.77542,50.29049],[-4.77708,50.28804],[-4.77792,50.28801],[-4.77958,50.28641],[-4.78125,50.28588],[-4.78239,50.28125],[-4.78159,50.27458],[-4.7822,50.27208],[-4.78156,50.27125],[-4.78166,50.26542],[-4.78238,50.26375],[-4.78208,50.26253],[-4.77661,50.25958],[-4.77209,50.25875],[-4.77386,50.25792],[-4.77384,50.25125],[-4.77458,50.25005],[-4.77958,50.248],[-4.78042,50.24635],[-4.78208,50.24627],[-4.78292,50.24466],[-4.78378,50.24458],[-4.78388,50.24292],[-4.78524,50.24125],[-4.78319,50.23958],[-4.78292,50.2385],[-4.78168,50.23792],[-4.78152,50.23625],[-4.78292,50.23338],[-4.78458,50.23316],[-4.78542,50.23382],[-4.78708,50.23379],[-4.78792,50.23302],[-4.79042,50.23296],[-4.79125,50.23222],[-4.79547,50.23125],[-4.7971,50.22792],[-4.79854,50.21958],[-4.79958,50.21909],[-4.80042,50.21751],[-4.80458,50.21771],[-4.80542,50.21982],[-4.80708,50.22],[-4.80958,50.2219],[-4.81026,50.22708],[-4.81208,50.22745],[-4.81375,50.2288],[-4.81708,50.22891],[-4.81792,50.22963],[-4.82458,50.2297],[-4.82542,50.22898],[-4.82875,50.22919],[-4.83008,50.22958],[-4.83125,50.23163],[-4.83625,50.23158],[-4.83708,50.23072],[-4.83792,50.2317],[-4.84067,50.23208],[-4.84103,50.23292],[-4.84043,50.23375],[-4.84292,50.23479],[-4.84375,50.23317],[-4.85125,50.23308],[-4.85208,50.23382],[-4.85458,50.23383],[-4.85542,50.23308],[-4.86125,50.23311],[-4.86208,50.23381],[-4.86375,50.23379],[-4.86458,50.23247],[-4.86958,50.23137],[-4.86974,50.23042],[-4.87168,50.22958],[-4.87159,50.22875],[-4.87399,50.22708],[-4.87492,50.22458],[-4.87708,50.22314],[-4.87792,50.22312],[-4.87875,50.22164],[-4.88017,50.22208],[-4.88042,50.22306],[-4.88208,50.22303],[-4.88224,50.22208],[-4.88542,50.21924],[-4.8867,50.21875],[-4.88792,50.21685],[-4.88875,50.21739],[-4.88958,50.2166],[-4.89125,50.21643],[-4.89233,50.21375],[-4.89375,50.2124],[-4.89625,50.21164],[-4.89708,50.21227],[-4.89958,50.2122],[-4.90147,50.21125],[-4.9023,50.21042],[-4.90278,50.20542],[-4.90375,50.2044],[-4.90875,50.20381],[-4.90875,50.2027],[-4.91042,50.20259],[-4.91105,50.19958],[-4.91292,50.19817],[-4.91458,50.19574],[-4.91708,50.19573],[-4.91792,50.19508],[-4.92076,50.19542],[-4.92292,50.20056],[-4.92458,50.20072],[-4.92542,50.20227],[-4.92958,50.20317],[-4.93125,50.20464],[-4.93292,50.20466],[-4.93458,50.20613],[-4.93625,50.2061],[-4.93792,50.20468],[-4.94708,50.20449],[-4.95208,50.20237],[-4.95458,50.20212],[-4.95542,50.20051],[-4.9571,50.20042],[-4.96042,50.19502],[-4.96208,50.1948],[-4.96458,50.19147],[-4.96635,50.19125],[-4.96577,50.18958],[-4.96661,50.18625],[-4.96875,50.18558],[-4.9691,50.18458],[-4.97042,50.18401],[-4.97126,50.18542],[-4.97215,50.18125],[-4.97009,50.17958],[-4.96991,50.17875],[-4.97235,50.17125],[-4.97101,50.16542],[-4.97125,50.16495],[-4.97208,50.16542],[-4.97292,50.16458],[-4.9732,50.16292],[-4.97625,50.16051],[-4.97708,50.15897],[-4.97958,50.15882],[-4.98042,50.15801],[-4.98208,50.15753],[-4.98224,50.15375],[-4.98155,50.15292],[-4.98254,50.15042],[-4.98458,50.14934],[-4.99125,50.14894],[-4.99208,50.14819],[-4.99458,50.14805],[-4.99625,50.14571],[-4.99958,50.14404],[-5.00042,50.14243],[-5.00208,50.14155],[-5.00375,50.14148],[-5.00542,50.13988],[-5.00708,50.13987],[-5.00792,50.13849],[-5.01042,50.14028],[-5.01321,50.14125],[-5.01425,50.14375],[-5.01649,50.14542],[-5.01755,50.14875],[-5.01625,50.15087],[-5.01458,50.1504],[-5.01292,50.15268],[-5.01208,50.15195],[-5.01042,50.15208],[-5.00792,50.15409],[-5.00625,50.15353],[-5.00458,50.15556],[-5.00125,50.15507],[-4.99987,50.15958],[-4.99792,50.16002],[-4.99755,50.16125],[-4.99875,50.16167],[-4.99958,50.1607],[-5.00042,50.16285],[-5.00208,50.16149],[-5.00375,50.1613],[-5.00366,50.15792],[-5.00458,50.15731],[-5.00875,50.15689],[-5.00958,50.1574],[-5.01375,50.15727],[-5.01542,50.15652],[-5.01958,50.15637],[-5.02125,50.154],[-5.02458,50.15419],[-5.02597,50.15542],[-5.02757,50.16125],[-5.02625,50.16281],[-5.02542,50.16285],[-5.02375,50.16443],[-5.02285,50.16458],[-5.02291,50.16875],[-5.02206,50.16958],[-5.02274,50.17125],[-5.02241,50.17542],[-5.02042,50.17758],[-5.02032,50.17958],[-5.02101,50.18208],[-5.02208,50.1815],[-5.02375,50.18182],[-5.02654,50.18458],[-5.027,50.18958],[-5.02864,50.19042],[-5.02956,50.19208],[-5.02957,50.19458],[-5.03105,50.19708],[-5.03116,50.19958],[-5.03438,50.20125],[-5.03388,50.20375],[-5.03261,50.20458],[-5.02958,50.20509],[-5.02792,50.20755],[-5.0265,50.20792],[-5.02483,50.20958],[-5.02505,50.22042],[-5.02375,50.22278],[-5.02292,50.22341],[-5.02208,50.22271],[-5.01958,50.22358],[-5.01664,50.22375],[-5.01355,50.22542],[-5.0141,50.22625],[-5.01319,50.22708],[-5.014,50.23125],[-5.01458,50.23206],[-5.01625,50.23263],[-5.01806,50.23542],[-5.01958,50.2357],[-5.02003,50.23375],[-5.02292,50.23264],[-5.02375,50.23125],[-5.02292,50.23053],[-5.01958,50.22958],[-5.01829,50.22708],[-5.01678,50.22625],[-5.01675,50.22542],[-5.01792,50.22383],[-5.02458,50.2241],[-5.02542,50.22343],[-5.02819,50.22292],[-5.02819,50.22208],[-5.02708,50.22189],[-5.02673,50.22125],[-5.02708,50.21187],[-5.03208,50.21008],[-5.03292,50.21128],[-5.03458,50.21128],[-5.03405,50.20958],[-5.03855,50.20458],[-5.03958,50.20378],[-5.04208,50.20342],[-5.04375,50.20227],[-5.04875,50.20214],[-5.04882,50.20125],[-5.05125,50.19884],[-5.05308,50.19792],[-5.05389,50.19542],[-5.05543,50.19375],[-5.05208,50.19076],[-5.05105,50.18875],[-5.0522,50.18292],[-5.05292,50.18233],[-5.05292,50.17955],[-5.05125,50.17874],[-5.05042,50.17952],[-5.04708,50.1791],[-5.04375,50.17802],[-5.04291,50.17708],[-5.04292,50.1758],[-5.04431,50.17542],[-5.04485,50.16792],[-5.04566,50.16708],[-5.04792,50.16505],[-5.04958,50.16477],[-5.04981,50.16375],[-5.05208,50.16146],[-5.05375,50.1608],[-5.05792,50.16075],[-5.05958,50.16146],[-5.06625,50.16148],[-5.06708,50.16092],[-5.06875,50.16087],[-5.07292,50.16469],[-5.07453,50.16458],[-5.07299,50.16208],[-5.07458,50.16178],[-5.07625,50.16346],[-5.07792,50.16329],[-5.07875,50.16532],[-5.08271,50.16542],[-5.08208,50.16615],[-5.08042,50.16588],[-5.07927,50.16625],[-5.08042,50.16659],[-5.08375,50.16692],[-5.08457,50.16625],[-5.08486,50.16542],[-5.08375,50.16513],[-5.08375,50.16261],[-5.08458,50.16366],[-5.08625,50.16362],[-5.08635,50.16458],[-5.08792,50.1661],[-5.08958,50.16603],[-5.09061,50.16542],[-5.08958,50.1601],[-5.07898,50.15958],[-5.07792,50.15866],[-5.07708,50.15598],[-5.07292,50.15598],[-5.07042,50.15532],[-5.06875,50.15131],[-5.06042,50.1503],[-5.05625,50.15023],[-5.05208,50.15104],[-5.04958,50.14963],[-5.04882,50.14792],[-5.05042,50.14597],[-5.05125,50.14648],[-5.05708,50.14645],[-5.06042,50.14522],[-5.06375,50.1449],[-5.067,50.14375],[-5.06792,50.14175],[-5.06958,50.14146],[-5.07208,50.1401],[-5.07458,50.13968],[-5.07516,50.13792],[-5.07375,50.13542],[-5.07494,50.13292],[-5.07875,50.13148],[-5.08042,50.12838],[-5.08208,50.12817],[-5.08292,50.12734],[-5.08458,50.1272],[-5.08542,50.12554],[-5.08876,50.12542],[-5.08875,50.12455],[-5.08731,50.12375],[-5.0882,50.12292],[-5.08777,50.11958],[-5.08883,50.11875],[-5.08832,50.11708],[-5.08915,50.11542],[-5.08792,50.11347],[-5.08708,50.11368],[-5.08629,50.11292],[-5.08704,50.11208],[-5.08684,50.11125],[-5.0849,50.10792],[-5.08625,50.10648],[-5.08625,50.10517],[-5.09042,50.10257],[-5.09292,50.10226],[-5.09375,50.10066],[-5.09542,50.10065],[-5.09708,50.09917],[-5.10292,50.09929],[-5.10625,50.10245],[-5.10958,50.10246],[-5.11125,50.10309],[-5.11208,50.10244],[-5.11625,50.10227],[-5.11708,50.10071],[-5.11958,50.10058],[-5.12208,50.0983],[-5.12458,50.09845],[-5.12625,50.09916],[-5.13292,50.09884],[-5.13458,50.09959],[-5.13542,50.09905],[-5.14042,50.09899],[-5.14125,50.09962],[-5.14208,50.09805],[-5.14302,50.09792],[-5.14208,50.09704],[-5.13875,50.09703],[-5.13792,50.09764],[-5.13708,50.09657],[-5.13395,50.09625],[-5.13582,50.09458],[-5.13542,50.09355],[-5.13088,50.09458],[-5.13369,50.09625],[-5.13292,50.0966],[-5.13208,50.09586],[-5.13042,50.09564],[-5.12792,50.09645],[-5.12625,50.09644],[-5.12458,50.09774],[-5.12042,50.09774],[-5.11958,50.09699],[-5.11792,50.09756],[-5.11625,50.09731],[-5.11375,50.09631],[-5.11042,50.09606],[-5.10978,50.09542],[-5.11042,50.09492],[-5.11292,50.09471],[-5.11375,50.09621],[-5.11458,50.0961],[-5.11513,50.09542],[-5.11458,50.09355],[-5.10042,50.09253],[-5.09792,50.08944],[-5.09292,50.08772],[-5.09208,50.08679],[-5.08875,50.08656],[-5.08792,50.08707],[-5.08625,50.08699],[-5.08458,50.08601],[-5.08381,50.08458],[-5.08042,50.0849],[-5.07966,50.08458],[-5.07958,50.08372],[-5.07954,50.08542],[-5.07875,50.08612],[-5.07735,50.08125],[-5.07707,50.07375],[-5.07792,50.07338],[-5.07792,50.07208],[-5.07708,50.07205],[-5.07671,50.07125],[-5.07749,50.06958],[-5.07375,50.06906],[-5.07125,50.06923],[-5.06708,50.06814],[-5.06535,50.06542],[-5.06547,50.06375],[-5.06375,50.06369],[-5.06116,50.06125],[-5.06093,50.05708],[-5.06208,50.05647],[-5.06222,50.05542],[-5.05848,50.05458],[-5.05773,50.05292],[-5.05787,50.05125],[-5.05875,50.0503],[-5.06042,50.04931],[-5.06292,50.04896],[-5.06375,50.04811],[-5.06546,50.04792],[-5.06542,50.04542],[-5.06432,50.04458],[-5.06493,50.04208],[-5.06781,50.03958],[-5.0671,50.03625],[-5.06903,50.03542],[-5.06958,50.03375],[-5.07042,50.0334],[-5.07625,50.03309],[-5.07708,50.03244],[-5.08208,50.03154],[-5.08625,50.03138],[-5.08708,50.0298],[-5.08875,50.0297],[-5.09208,50.02721],[-5.09298,50.02708],[-5.09375,50.02549],[-5.09462,50.02542],[-5.09384,50.02125],[-5.0946,50.02042],[-5.09375,50.01852],[-5.09125,50.01655],[-5.09088,50.01542],[-5.09458,50.0147],[-5.09645,50.00792],[-5.09792,50.00649],[-5.09875,50.0064],[-5.09904,50.00458],[-5.10125,50.00296],[-5.10458,50.00394],[-5.10875,50.00287],[-5.11292,50.00305],[-5.11775,50.00542],[-5.11875,50.00679],[-5.12292,50.00736],[-5.12625,50.00688],[-5.12708,50.00731],[-5.13042,50.00718],[-5.13125,50.00449],[-5.1338,50.00625],[-5.13542,50.00668],[-5.15208,50.00674],[-5.15792,50.00634],[-5.15875,50.00497],[-5.16125,50.00463],[-5.16292,50.0033],[-5.16542,50.00297],[-5.16562,50.00125],[-5.16792,49.99829],[-5.16968,49.99792],[-5.17045,49.99625],[-5.16967,49.99375],[-5.17009,49.99125],[-5.17329,49.98958],[-5.17458,49.987],[-5.17792,49.98573],[-5.17958,49.98175],[-5.18155,49.97958],[-5.18385,49.97875],[-5.18333,49.97792],[-5.18418,49.97708],[-5.18424,49.97542],[-5.18542,49.97391],[-5.18632,49.97375],[-5.18642,49.97208],[-5.18625,49.97112],[-5.18542,49.9709],[-5.18365,49.96875],[-5.18375,49.96795],[-5.18625,49.96291],[-5.1873,49.96208],[-5.18958,49.96147],[-5.19125,49.96139],[-5.19375,49.96229],[-5.19542,49.96226],[-5.19742,49.96125],[-5.19846,49.95875],[-5.20125,49.95751],[-5.20208,49.95807],[-5.20375,49.95804],[-5.20458,49.95715],[-5.20625,49.95664],[-5.2082,49.95708],[-5.20815,49.95792],[-5.20958,49.95759],[-5.21253,49.95875],[-5.21625,49.96202],[-5.2175,49.96542],[-5.21691,49.96625],[-5.2179,49.96708],[-5.21864,49.96958],[-5.22542,49.97122],[-5.22708,49.97341],[-5.22875,49.97344],[-5.22958,49.97394],[-5.23042,49.97334],[-5.23375,49.97346],[-5.23458,49.97477],[-5.24042,49.97491],[-5.24125,49.97438],[-5.24375,49.97442],[-5.24573,49.97542],[-5.2467,49.97708],[-5.2471,49.98542],[-5.24792,49.98601],[-5.25292,49.98725],[-5.25463,49.98875],[-5.25489,49.98958],[-5.25208,49.994],[-5.25458,49.99437],[-5.25542,49.99556],[-5.26125,49.99619],[-5.26275,49.99792],[-5.26625,49.99996],[-5.26708,50.00133],[-5.26667,50.00375],[-5.264,50.00625],[-5.26398,50.00792],[-5.26276,50.00958],[-5.26273,50.01208],[-5.26125,50.01372],[-5.25953,50.01375],[-5.25925,50.01958],[-5.25796,50.02125],[-5.25776,50.02292],[-5.25875,50.02389],[-5.26125,50.02426],[-5.26339,50.02625],[-5.26435,50.02875],[-5.26443,50.03292],[-5.26657,50.03375],[-5.26701,50.03625],[-5.26875,50.03708],[-5.27031,50.03958],[-5.27214,50.04042],[-5.27792,50.04088],[-5.27958,50.04162],[-5.28056,50.04458],[-5.27938,50.04542],[-5.27875,50.04816],[-5.27792,50.04715],[-5.27667,50.04792],[-5.27703,50.04958],[-5.27792,50.04966],[-5.27997,50.05292],[-5.28003,50.05625],[-5.28292,50.05832],[-5.28542,50.06159],[-5.28792,50.0628],[-5.28958,50.06576],[-5.29458,50.06683],[-5.29708,50.0699],[-5.29875,50.07009],[-5.30057,50.07125],[-5.30125,50.07327],[-5.30458,50.07428],[-5.30625,50.07576],[-5.30792,50.076],[-5.30958,50.07817],[-5.31125,50.0783],[-5.31375,50.07983],[-5.31625,50.08016],[-5.31708,50.0817],[-5.31875,50.08242],[-5.32208,50.08241],[-5.32542,50.08375],[-5.32708,50.08601],[-5.32792,50.08595],[-5.33088,50.08792],[-5.33125,50.08967],[-5.33625,50.08985],[-5.33708,50.0905],[-5.34958,50.09069],[-5.35042,50.09021],[-5.35458,50.08986],[-5.35542,50.08835],[-5.35958,50.08826],[-5.36042,50.0876],[-5.36208,50.08784],[-5.36325,50.08958],[-5.36598,50.09125],[-5.36625,50.09217],[-5.37042,50.09249],[-5.37125,50.09216],[-5.37251,50.09458],[-5.37625,50.09689],[-5.37708,50.09825],[-5.38375,50.0992],[-5.38458,50.09982],[-5.38708,50.10002],[-5.38792,50.10066],[-5.39125,50.10075],[-5.39208,50.10218],[-5.39302,50.10208],[-5.39375,50.10003],[-5.39625,50.0999],[-5.39708,50.09915],[-5.39792,50.09978],[-5.39958,50.09997],[-5.40208,50.10229],[-5.40625,50.10309],[-5.41208,50.10296],[-5.41375,50.09993],[-5.41875,50.09893],[-5.42458,50.0992],[-5.42708,50.10266],[-5.42875,50.10278],[-5.42958,50.10388],[-5.43292,50.10429],[-5.4341,50.10542],[-5.43449,50.10708],[-5.43625,50.10738],[-5.43875,50.109],[-5.43958,50.11054],[-5.44244,50.11125],[-5.45042,50.11132],[-5.45125,50.112],[-5.45451,50.11292],[-5.45489,50.11708],[-5.45792,50.1174],[-5.45873,50.11792],[-5.45874,50.11875],[-5.46039,50.11958],[-5.46042,50.12032],[-5.46625,50.12235],[-5.46792,50.12134],[-5.46958,50.12128],[-5.47042,50.12058],[-5.47177,50.12042],[-5.47458,50.1169],[-5.47565,50.11958],[-5.47764,50.12042],[-5.47875,50.12182],[-5.48107,50.12208],[-5.48171,50.12375],[-5.48308,50.12458],[-5.48306,50.12542],[-5.48458,50.1262],[-5.48792,50.12633],[-5.48949,50.12708],[-5.49292,50.12744],[-5.49792,50.12693],[-5.50042,50.12449],[-5.50292,50.12371],[-5.50292,50.12531],[-5.50375,50.12563],[-5.50792,50.12454],[-5.51052,50.12458],[-5.51292,50.12217],[-5.51458,50.12354],[-5.51708,50.12132],[-5.51792,50.12125],[-5.51815,50.12292],[-5.51958,50.12335],[-5.52292,50.12361],[-5.52625,50.12307],[-5.52758,50.12208],[-5.52875,50.11906],[-5.52875,50.11373],[-5.53042,50.11324],[-5.53623,50.11292],[-5.5378,50.11208],[-5.53875,50.11068],[-5.54168,50.11042],[-5.54208,50.10923],[-5.54625,50.10551],[-5.5467,50.10708],[-5.54792,50.10729],[-5.54853,50.10625],[-5.54806,50.10208],[-5.54488,50.10125],[-5.54405,50.09792],[-5.54079,50.09625],[-5.54011,50.08958],[-5.53729,50.08625],[-5.53679,50.08292],[-5.53744,50.07792],[-5.53958,50.0763],[-5.54154,50.07125],[-5.5441,50.06958],[-5.54708,50.06568],[-5.54923,50.06458],[-5.55042,50.0629],[-5.55625,50.06145],[-5.55958,50.06108],[-5.56042,50.0615],[-5.56208,50.06138],[-5.56292,50.05769],[-5.56542,50.0567],[-5.56607,50.05542],[-5.56792,50.05438],[-5.57458,50.05268],[-5.57559,50.05125],[-5.57935,50.05125],[-5.58125,50.0525],[-5.58292,50.05235],[-5.58375,50.05107],[-5.58625,50.05073],[-5.58875,50.04953],[-5.59042,50.04949],[-5.59208,50.0507],[-5.60042,50.05055],[-5.60208,50.04917],[-5.60542,50.04815],[-5.60625,50.04687],[-5.60875,50.04838],[-5.61292,50.04921],[-5.61625,50.04912],[-5.61792,50.04987],[-5.61875,50.04931],[-5.62375,50.04892],[-5.62421,50.04708],[-5.62542,50.04608],[-5.62796,50.04625],[-5.62706,50.04542],[-5.63042,50.04228],[-5.63292,50.04242],[-5.63375,50.04147],[-5.63708,50.04085],[-5.64208,50.04277],[-5.64292,50.04218],[-5.64708,50.04218],[-5.64892,50.04125],[-5.65005,50.03875],[-5.65208,50.03715],[-5.65375,50.03696],[-5.65708,50.03805],[-5.66042,50.03682],[-5.66292,50.03673],[-5.66375,50.03728],[-5.66458,50.03661],[-5.67042,50.03584],[-5.67124,50.03458],[-5.67292,50.03364],[-5.67458,50.03427],[-5.67844,50.03458],[-5.68042,50.03667],[-5.68292,50.03792],[-5.6841,50.03958],[-5.68799,50.04208],[-5.68887,50.04375],[-5.68925,50.04792],[-5.6925,50.04958],[-5.69345,50.05208],[-5.69529,50.05292],[-5.69541,50.05375],[-5.69875,50.05385],[-5.69958,50.05466],[-5.70042,50.05393],[-5.70375,50.05424],[-5.70464,50.05458],[-5.70625,50.05675],[-5.71085,50.05792],[-5.71015,50.05875],[-5.71033,50.06042],[-5.71148,50.06042],[-5.71208,50.05933],[-5.71375,50.06275],[-5.71554,50.06292],[-5.71458,50.06293],[-5.714,50.06458],[-5.71625,50.06643],[-5.71723,50.06875],[-5.71625,50.06987],[-5.71542,50.06937],[-5.71375,50.06948],[-5.71292,50.0703],[-5.71042,50.07035],[-5.70951,50.07125],[-5.70944,50.07458],[-5.7063,50.07792],[-5.70792,50.07816],[-5.70875,50.07729],[-5.70955,50.07792],[-5.70875,50.07907],[-5.70625,50.07919],[-5.70375,50.08013],[-5.70292,50.07869],[-5.7005,50.07875],[-5.69954,50.08042],[-5.69542,50.08277],[-5.69175,50.08875],[-5.69259,50.09375],[-5.69458,50.09415],[-5.69743,50.09875],[-5.69694,50.10042],[-5.69806,50.10208],[-5.69695,50.10375],[-5.69754,50.10458],[-5.69765,50.10875],[-5.69929,50.10958],[-5.69923,50.11125],[-5.70215,50.11292],[-5.7019,50.11958],[-5.70495,50.12125],[-5.70527,50.12375],[-5.70855,50.12625],[-5.70876,50.12792],[-5.70708,50.12917],[-5.70542,50.12936],[-5.70375,50.12865],[-5.70195,50.12958],[-5.7032,50.13042],[-5.70165,50.13125],[-5.70135,50.13542],[-5.70042,50.1376],[-5.69542,50.13768],[-5.69458,50.13862],[-5.69363,50.13875],[-5.69297,50.14958],[-5.69187,50.15042],[-5.69151,50.15208],[-5.68958,50.15349],[-5.68708,50.15354],[-5.68625,50.15443],[-5.68458,50.15448],[-5.68375,50.15661],[-5.68292,50.15562],[-5.68056,50.15625],[-5.67875,50.1598],[-5.67708,50.15978],[-5.67635,50.16042],[-5.6769,50.16125],[-5.67542,50.16183],[-5.67375,50.1635],[-5.67292,50.16342],[-5.66996,50.16625],[-5.67105,50.16708],[-5.66875,50.16755],[-5.66375,50.16605],[-5.66208,50.16638],[-5.66004,50.16542],[-5.65792,50.16519],[-5.65625,50.16593],[-5.65536,50.16708],[-5.6557,50.16792],[-5.65458,50.16787],[-5.65375,50.16933],[-5.65208,50.16946],[-5.65125,50.16842],[-5.65042,50.16844],[-5.64958,50.16943],[-5.64542,50.17028],[-5.64367,50.16958],[-5.64542,50.16853],[-5.64292,50.16855],[-5.64208,50.16938],[-5.63542,50.16945],[-5.63458,50.16852],[-5.63375,50.16852],[-5.63292,50.16943],[-5.63208,50.16852],[-5.63125,50.16853],[-5.63125,50.17003],[-5.62875,50.17031],[-5.62542,50.17352],[-5.62458,50.17259],[-5.62267,50.17292],[-5.62334,50.17375],[-5.62177,50.17542],[-5.62115,50.17792],[-5.61875,50.17849],[-5.61708,50.18014],[-5.60963,50.18125],[-5.6092,50.18542],[-5.60824,50.18708],[-5.60708,50.18757],[-5.60633,50.18708],[-5.60452,50.18708],[-5.60526,50.18792],[-5.60469,50.19208],[-5.60183,50.19792],[-5.60042,50.19923],[-5.599,50.19875],[-5.59792,50.19637],[-5.59542,50.19474],[-5.59125,50.19699],[-5.5899,50.20042],[-5.58978,50.20292],[-5.58875,50.20411],[-5.58788,50.20375],[-5.58708,50.19619],[-5.58208,50.19625],[-5.58125,50.19821],[-5.58042,50.19842],[-5.57958,50.19792],[-5.5795,50.19958],[-5.57792,50.20106],[-5.57585,50.20125],[-5.57542,50.20209],[-5.57434,50.20208],[-5.57208,50.20034],[-5.56875,50.20033],[-5.56395,50.20292],[-5.56042,50.20646],[-5.55875,50.20651],[-5.55781,50.20458],[-5.55675,50.20792],[-5.55542,50.20877],[-5.55444,50.21042],[-5.55375,50.21083],[-5.55042,50.21091],[-5.54958,50.21266],[-5.54542,50.21271],[-5.53958,50.21688],[-5.53375,50.21691],[-5.53292,50.21535],[-5.53042,50.21502],[-5.52564,50.21542],[-5.52458,50.21655],[-5.52292,50.22135],[-5.52208,50.22057],[-5.52125,50.22119],[-5.51923,50.22042],[-5.51625,50.22029],[-5.51548,50.21958],[-5.51542,50.21702],[-5.51447,50.21708],[-5.51522,50.21792],[-5.51458,50.21911],[-5.50625,50.22126],[-5.50125,50.2204],[-5.49875,50.22107],[-5.49542,50.22074],[-5.49446,50.22042],[-5.49463,50.21958],[-5.49375,50.21955],[-5.49298,50.21875],[-5.49292,50.21784],[-5.49208,50.21859],[-5.49124,50.21792],[-5.49125,50.21706],[-5.48875,50.21831],[-5.48763,50.21792],[-5.48708,50.21685],[-5.48042,50.21945],[-5.47958,50.21763],[-5.4744,50.21542],[-5.47431,50.21125],[-5.46724,50.20625],[-5.46708,50.2025],[-5.46458,50.20101],[-5.46162,50.20042],[-5.45792,50.20047],[-5.44958,50.19934],[-5.44625,50.20008],[-5.44542,50.1996],[-5.44399,50.20042],[-5.44125,50.20053],[-5.43625,50.20227],[-5.42875,50.20339],[-5.42625,50.20462],[-5.42458,50.20465],[-5.42208,50.20569],[-5.41375,50.21051],[-5.41278,50.21208],[-5.41085,50.21292],[-5.40869,50.21542],[-5.40433,50.21875],[-5.40292,50.22128],[-5.40125,50.22143],[-5.3985,50.22708],[-5.39625,50.22938],[-5.3946,50.22958],[-5.39592,50.23042],[-5.39526,50.23375],[-5.39619,50.23542],[-5.39449,50.23625],[-5.39375,50.23958],[-5.39125,50.24043],[-5.39042,50.24193],[-5.38792,50.24201],[-5.38708,50.24122],[-5.38625,50.24202],[-5.38375,50.24243],[-5.38292,50.24421],[-5.38208,50.24319],[-5.37708,50.24323],[-5.37542,50.24279],[-5.37461,50.24125],[-5.37292,50.24068],[-5.37208,50.2393],[-5.37042,50.23945],[-5.36875,50.23852],[-5.36708,50.23988],[-5.36542,50.24023],[-5.36458,50.24015],[-5.36292,50.23836],[-5.36208,50.2383],[-5.36157,50.23875],[-5.3628,50.24042],[-5.35708,50.24661],[-5.35375,50.2488],[-5.35129,50.24792],[-5.35019,50.24625],[-5.34958,50.24242],[-5.34708,50.24255],[-5.34625,50.24197],[-5.34292,50.24309],[-5.34125,50.24131],[-5.33792,50.24076],[-5.33638,50.24125],[-5.33708,50.24222],[-5.33292,50.24369],[-5.32875,50.24394],[-5.32792,50.24509],[-5.32625,50.24511],[-5.32292,50.24915],[-5.32208,50.24832],[-5.32042,50.24849],[-5.31944,50.24792],[-5.31868,50.24875],[-5.31958,50.24881],[-5.32028,50.24958],[-5.31958,50.25119],[-5.31625,50.25029],[-5.31542,50.25159],[-5.31418,50.25208],[-5.31518,50.25375],[-5.31353,50.25458],[-5.31474,50.25625],[-5.31375,50.25691],[-5.31292,50.25546],[-5.31276,50.25625],[-5.31042,50.25817],[-5.30792,50.25841],[-5.30756,50.26042],[-5.30625,50.26168],[-5.30375,50.26186],[-5.30292,50.26321],[-5.30208,50.26339],[-5.29875,50.26351],[-5.29708,50.26269],[-5.29458,50.26341],[-5.29208,50.26576],[-5.28875,50.26615],[-5.28745,50.26708],[-5.28708,50.26869],[-5.28625,50.26772],[-5.28542,50.2679],[-5.28508,50.26958],[-5.28292,50.27086],[-5.28125,50.27097],[-5.27958,50.27236],[-5.27708,50.27251],[-5.27645,50.27375],[-5.27822,50.27458],[-5.27792,50.27486],[-5.27458,50.27528],[-5.27375,50.27601],[-5.27208,50.27536],[-5.27125,50.2765],[-5.26458,50.27674],[-5.26389,50.27708],[-5.26571,50.27792],[-5.26292,50.27864],[-5.26188,50.27958],[-5.26125,50.28167],[-5.25875,50.28193],[-5.25792,50.28074],[-5.2553,50.28125],[-5.25756,50.28208],[-5.25458,50.28403],[-5.25292,50.28425],[-5.25208,50.28375],[-5.25275,50.28292],[-5.25125,50.2828],[-5.24958,50.28595],[-5.24625,50.28932],[-5.24454,50.29208],[-5.24375,50.29301],[-5.24282,50.29292],[-5.24042,50.29902],[-5.23875,50.30061],[-5.23762,50.30042],[-5.23771,50.30125],[-5.23591,50.30375],[-5.23596,50.30708],[-5.23515,50.30792],[-5.23625,50.30808],[-5.23683,50.30875],[-5.23625,50.30971],[-5.23448,50.30958],[-5.23498,50.31542],[-5.2339,50.31792],[-5.23206,50.31958],[-5.22958,50.32014],[-5.22875,50.32086],[-5.22625,50.32113],[-5.22458,50.32244],[-5.22375,50.32197],[-5.22208,50.32197],[-5.22125,50.3233],[-5.22042,50.32264],[-5.21958,50.32344],[-5.21708,50.32234],[-5.21208,50.32229],[-5.20792,50.32247],[-5.20375,50.32348],[-5.2026,50.32292],[-5.20299,50.32208],[-5.2025,50.32208],[-5.19958,50.32405],[-5.19742,50.32458],[-5.19542,50.32742],[-5.19292,50.32771],[-5.19292,50.32894],[-5.19125,50.32951],[-5.19042,50.33056],[-5.18958,50.33029],[-5.18958,50.33326],[-5.18708,50.3336],[-5.18625,50.33465],[-5.18375,50.33522],[-5.18292,50.33634],[-5.18125,50.33607],[-5.18187,50.33708],[-5.17987,50.34042],[-5.18125,50.34126],[-5.17708,50.34191],[-5.17125,50.34184],[-5.17109,50.34375],[-5.16875,50.34599],[-5.16375,50.34922],[-5.16292,50.34939],[-5.16125,50.34838],[-5.16032,50.34875],[-5.15842,50.35292],[-5.1587,50.35375],[-5.15697,50.35458],[-5.15621,50.35708],[-5.15527,50.35792],[-5.15441,50.36042],[-5.15455,50.36292],[-5.1534,50.36375],[-5.15193,50.37042],[-5.15052,50.37208],[-5.15208,50.37542],[-5.15375,50.37548],[-5.15434,50.37792],[-5.15525,50.37875],[-5.15518,50.38125],[-5.15429,50.38292],[-5.1551,50.38458],[-5.15512,50.38708],[-5.15419,50.38875],[-5.15255,50.38958],[-5.15272,50.39125],[-5.15042,50.39292],[-5.14708,50.39292],[-5.14625,50.39375],[-5.14542,50.39375],[-5.14542,50.39458],[-5.14625,50.39458],[-5.14708,50.39625],[-5.14792,50.39625],[-5.1485,50.39708],[-5.14758,50.39875],[-5.14882,50.39958],[-5.14988,50.40208],[-5.14875,50.40345],[-5.14768,50.40375],[-5.14708,50.40492],[-5.14375,50.40513],[-5.14389,50.40625],[-5.14292,50.40646],[-5.14208,50.40506],[-5.13958,50.40546],[-5.1374,50.40708],[-5.13804,50.40792],[-5.13708,50.40884],[-5.13125,50.40842],[-5.12958,50.40688],[-5.12542,50.4075],[-5.12492,50.41042],[-5.12375,50.41137],[-5.12208,50.41155],[-5.11875,50.41042],[-5.11753,50.41208],[-5.11425,50.41292],[-5.11502,50.41458],[-5.11458,50.41499],[-5.10708,50.415],[-5.10542,50.41571],[-5.10373,50.41708],[-5.10183,50.42125],[-5.10125,50.42195],[-5.10042,50.422],[-5.09958,50.4234],[-5.09792,50.42343],[-5.09708,50.42246],[-5.09542,50.42275],[-5.09458,50.42363],[-5.09345,50.42292],[-5.09292,50.42114],[-5.08708,50.42101],[-5.08633,50.41958],[-5.08542,50.4195],[-5.08375,50.41796],[-5.07375,50.42005],[-5.07292,50.42148],[-5.06708,50.42528],[-5.06502,50.42792],[-5.06042,50.42855],[-5.05625,50.43125],[-5.05697,50.43292],[-5.05462,50.43625],[-5.05459,50.43792],[-5.05343,50.43792],[-5.05354,50.43625],[-5.05292,50.43619],[-5.05084,50.43792],[-5.05125,50.43906],[-5.05292,50.43875],[-5.05295,50.43958],[-5.05128,50.44125],[-5.05126,50.44292],[-5.05042,50.44379],[-5.04958,50.4442],[-5.04929,50.44375],[-5.04958,50.43958],[-5.04708,50.44286],[-5.04542,50.44309],[-5.04454,50.44375],[-5.04527,50.44542],[-5.04423,50.44625],[-5.04448,50.44792],[-5.04363,50.44875],[-5.04356,50.45125],[-5.04258,50.45292],[-5.0448,50.45375],[-5.04375,50.45452],[-5.04449,50.45625],[-5.04314,50.45875],[-5.04407,50.46042],[-5.04322,50.46292],[-5.04367,50.46458],[-5.04227,50.46625],[-5.04208,50.46792],[-5.04037,50.46792],[-5.04042,50.46859],[-5.04125,50.46875],[-5.03946,50.47375],[-5.04002,50.47875],[-5.03875,50.48042],[-5.03792,50.47958],[-5.03792,50.48125],[-5.03875,50.48208],[-5.03875,50.48542],[-5.03792,50.48625],[-5.03708,50.48625],[-5.03792,50.48625],[-5.03875,50.48708],[-5.03855,50.49375],[-5.03958,50.49478],[-5.04208,50.49503],[-5.04292,50.49573],[-5.04375,50.49532],[-5.04458,50.49562],[-5.04649,50.49792],[-5.04375,50.49857],[-5.04274,50.49958],[-5.04241,50.50292],[-5.04125,50.50459],[-5.03792,50.50432],[-5.03625,50.50668],[-5.03458,50.50645],[-5.03367,50.50875],[-5.03395,50.51042],[-5.03042,50.51047],[-5.0303,50.51208],[-5.03207,50.51292],[-5.03134,50.51625],[-5.03169,50.52375],[-5.02874,50.52875],[-5.02855,50.53125],[-5.02681,50.53375],[-5.02872,50.53625],[-5.02953,50.54042],[-5.03042,50.54142],[-5.03292,50.54192],[-5.03375,50.54301],[-5.03453,50.54792],[-5.03386,50.54958],[-5.03516,50.55042],[-5.03458,50.55119],[-5.03042,50.55091],[-5.02958,50.55234],[-5.02625,50.55276],[-5.02375,50.55043],[-5.02292,50.54792],[-5.02042,50.54753],[-5.02111,50.54875],[-5.02042,50.54935],[-5.01792,50.54698],[-5.01625,50.54625],[-5.01292,50.54653],[-5.01042,50.54614],[-5.00958,50.5454],[-5.00875,50.5456],[-5.00829,50.54708],[-5.00708,50.54742],[-5.00208,50.5442],[-5.00125,50.54306],[-4.99958,50.54267],[-4.99625,50.54288],[-4.99542,50.54395],[-4.99292,50.54442],[-4.99208,50.54239],[-4.98792,50.54308],[-4.98792,50.54417],[-4.99042,50.54406],[-4.99109,50.54458],[-4.98958,50.54519],[-4.98708,50.54467],[-4.98625,50.54495],[-4.98458,50.54414],[-4.98375,50.54447],[-4.98292,50.54732],[-4.98208,50.54659],[-4.98125,50.54679],[-4.97979,50.54875],[-4.98042,50.54911],[-4.98125,50.54827],[-4.98229,50.54875],[-4.97792,50.55192],[-4.97458,50.5557],[-4.97375,50.55549],[-4.9725,50.55625],[-4.97435,50.55708],[-4.97375,50.5577],[-4.97292,50.55785],[-4.97208,50.55736],[-4.97042,50.55956],[-4.96792,50.55951],[-4.96708,50.55848],[-4.96588,50.55875],[-4.96542,50.55943],[-4.96208,50.55943],[-4.96042,50.56],[-4.95992,50.56125],[-4.95792,50.56273],[-4.95625,50.56287],[-4.95708,50.56375],[-4.95625,50.56395],[-4.95377,50.56708],[-4.95529,50.56792],[-4.95458,50.5694],[-4.95375,50.56709],[-4.95208,50.56767],[-4.94994,50.56708],[-4.94892,50.56625],[-4.94792,50.55972],[-4.94625,50.56094],[-4.9457,50.56458],[-4.94458,50.56625],[-4.93792,50.56513],[-4.93811,50.55792],[-4.93722,50.55458],[-4.93464,50.55042],[-4.93542,50.54966],[-4.93625,50.54968],[-4.93772,50.55125],[-4.93792,50.55312],[-4.93958,50.55418],[-4.94381,50.55375],[-4.94388,50.53958],[-4.94042,50.53902],[-4.93958,50.53529],[-4.93542,50.5352],[-4.93438,50.53542],[-4.93457,50.54042],[-4.93515,50.54125],[-4.93292,50.54794],[-4.93289,50.54708],[-4.93125,50.54571],[-4.92708,50.54507],[-4.93086,50.54875],[-4.93337,50.55542],[-4.93224,50.55708],[-4.93268,50.56375],[-4.93217,50.56625],[-4.93042,50.56902],[-4.92792,50.57003],[-4.92403,50.57792],[-4.92277,50.57875],[-4.92421,50.57958],[-4.926,50.58458],[-4.92542,50.58698],[-4.92375,50.58829],[-4.92208,50.58836],[-4.92042,50.58739],[-4.91875,50.58412],[-4.90792,50.5847],[-4.90765,50.58542],[-4.90838,50.58625],[-4.90792,50.58684],[-4.90542,50.58625],[-4.90542,50.58475],[-4.90208,50.58479],[-4.89708,50.58695],[-4.89445,50.58625],[-4.89504,50.58542],[-4.89375,50.58491],[-4.89292,50.58601],[-4.89208,50.58597],[-4.89125,50.5844],[-4.88792,50.58442],[-4.88542,50.58353],[-4.88432,50.58375],[-4.88477,50.58458],[-4.88406,50.58542],[-4.88292,50.5857],[-4.88208,50.58538],[-4.88125,50.58583],[-4.88192,50.58708],[-4.88125,50.58781],[-4.87958,50.58796],[-4.87792,50.58908],[-4.87625,50.58901],[-4.87542,50.5896],[-4.87292,50.58917],[-4.87182,50.59042],[-4.87353,50.59125],[-4.87292,50.59157],[-4.87125,50.59152],[-4.86875,50.59344],[-4.86458,50.59458],[-4.86375,50.59412],[-4.85958,50.59431],[-4.85792,50.5949],[-4.85708,50.59607],[-4.85503,50.59625],[-4.85458,50.59795],[-4.85188,50.59792],[-4.85042,50.59939],[-4.84975,50.59875],[-4.85114,50.59792],[-4.85042,50.59762],[-4.84792,50.59819],[-4.84625,50.59767],[-4.84458,50.59611],[-4.84208,50.59599],[-4.84125,50.59536],[-4.84042,50.59619],[-4.83708,50.59597],[-4.83642,50.59708],[-4.83542,50.59742],[-4.8344,50.59708],[-4.83375,50.59528],[-4.83292,50.59532],[-4.83208,50.59614],[-4.82708,50.59572],[-4.82625,50.59617],[-4.81792,50.59613],[-4.81731,50.59708],[-4.81625,50.59728],[-4.81542,50.59691],[-4.81042,50.59695],[-4.81087,50.59792],[-4.80875,50.59864],[-4.80792,50.59759],[-4.79792,50.59788],[-4.8003,50.59875],[-4.79708,50.60018],[-4.79625,50.6012],[-4.79542,50.60036],[-4.79367,50.60042],[-4.79292,50.60313],[-4.78958,50.60622],[-4.78771,50.60708],[-4.78708,50.60847],[-4.78542,50.60875],[-4.78538,50.61042],[-4.78125,50.61456],[-4.78106,50.61542],[-4.77958,50.61611],[-4.77875,50.6159],[-4.77455,50.62042],[-4.77375,50.62542],[-4.77259,50.62708],[-4.77201,50.63208],[-4.76946,50.63542],[-4.76909,50.64208],[-4.76708,50.6444],[-4.76542,50.64458],[-4.76322,50.64875],[-4.76347,50.65042],[-4.76267,50.65292],[-4.76375,50.65307],[-4.76458,50.65397],[-4.76625,50.65423],[-4.76676,50.65625],[-4.76542,50.65767],[-4.7644,50.65792],[-4.76576,50.65875],[-4.76416,50.66042],[-4.76443,50.66208],[-4.76042,50.66586],[-4.76042,50.66646],[-4.76302,50.66708],[-4.76125,50.6697],[-4.76042,50.67031],[-4.75875,50.67021],[-4.75792,50.67145],[-4.75708,50.6716],[-4.75208,50.67186],[-4.75125,50.67099],[-4.75042,50.67297],[-4.74875,50.67306],[-4.74708,50.67196],[-4.74626,50.67458],[-4.74375,50.67613],[-4.74125,50.67565],[-4.74042,50.67656],[-4.73958,50.67654],[-4.74023,50.67542],[-4.73875,50.67536],[-4.73792,50.67437],[-4.73458,50.67346],[-4.73375,50.6737],[-4.73292,50.67506],[-4.73005,50.67625],[-4.72918,50.67958],[-4.72634,50.68125],[-4.72576,50.68292],[-4.72792,50.68319],[-4.72851,50.68375],[-4.72792,50.68452],[-4.72625,50.68432],[-4.72542,50.68594],[-4.72458,50.68444],[-4.72292,50.68534],[-4.72042,50.68535],[-4.71958,50.68608],[-4.71708,50.68573],[-4.71625,50.68468],[-4.71458,50.68677],[-4.71375,50.68698],[-4.71292,50.68648],[-4.71208,50.68696],[-4.70958,50.68688],[-4.70708,50.68624],[-4.70527,50.68708],[-4.70542,50.68897],[-4.702,50.68958],[-4.69958,50.69361],[-4.68542,50.69367],[-4.68542,50.69568],[-4.68708,50.69571],[-4.68792,50.69625],[-4.68708,50.6969],[-4.685,50.69708],[-4.68388,50.70042],[-4.68461,50.70208],[-4.68208,50.70448],[-4.68081,50.70458],[-4.68042,50.70659],[-4.67875,50.70747],[-4.67542,50.70766],[-4.67375,50.70835],[-4.66792,50.70863],[-4.66792,50.71249],[-4.66292,50.7139],[-4.66208,50.71348],[-4.66042,50.7137],[-4.65958,50.71443],[-4.65617,50.71458],[-4.65625,50.71566],[-4.65708,50.71575],[-4.65792,50.71478],[-4.66055,50.71542],[-4.65875,50.71674],[-4.65542,50.71708],[-4.65625,50.71712],[-4.65672,50.71875],[-4.6558,50.72458],[-4.65284,50.72708],[-4.65193,50.72875],[-4.65242,50.73125],[-4.65106,50.73208],[-4.65337,50.73542],[-4.65208,50.73586],[-4.65149,50.73792],[-4.65042,50.73895],[-4.64542,50.73936],[-4.64458,50.7403],[-4.64042,50.74042],[-4.64042,50.74208],[-4.63896,50.74542],[-4.63792,50.74625],[-4.63865,50.74708],[-4.63834,50.74792],[-4.63708,50.74918],[-4.63385,50.75042],[-4.63292,50.75158],[-4.63125,50.75082],[-4.63042,50.75134],[-4.62875,50.75133],[-4.62864,50.75042],[-4.62708,50.75039],[-4.62745,50.75125],[-4.62458,50.75243],[-4.61875,50.75292],[-4.61875,50.75625],[-4.61958,50.75542],[-4.61975,50.75708],[-4.61875,50.75741],[-4.61792,50.75708],[-4.61625,50.76034],[-4.61208,50.76336],[-4.61042,50.76314],[-4.60792,50.76455],[-4.60458,50.7655],[-4.60375,50.7642],[-4.60208,50.76407],[-4.60094,50.76458],[-4.59958,50.76671],[-4.59625,50.76602],[-4.59542,50.76828],[-4.59292,50.76841],[-4.59125,50.76742],[-4.58792,50.77084],[-4.58708,50.77091],[-4.58625,50.77178],[-4.58458,50.77182],[-4.58375,50.77335],[-4.58042,50.77345],[-4.57949,50.77208],[-4.57708,50.77459],[-4.57542,50.77508],[-4.57458,50.77746],[-4.57233,50.77792],[-4.57042,50.77909],[-4.56958,50.77889],[-4.56793,50.78125],[-4.5664,50.78208],[-4.56657,50.78292],[-4.56542,50.78251],[-4.56487,50.78292],[-4.56428,50.78792],[-4.56402,50.78875],[-4.56292,50.78921],[-4.56164,50.79208],[-4.56117,50.79625],[-4.56125,50.79773],[-4.56174,50.79708],[-4.5613,50.79542],[-4.56376,50.79542],[-4.56375,50.79917],[-4.56042,50.79898],[-4.56027,50.80042],[-4.56208,50.80125],[-4.56208,50.80208],[-4.56042,50.80375],[-4.56042,50.80542],[-4.56125,50.80625],[-4.55958,50.80792],[-4.55958,50.81042],[-4.55792,50.81195],[-4.55708,50.81021],[-4.55615,50.81042],[-4.55614,50.81208],[-4.55792,50.81221],[-4.55958,50.81375],[-4.55958,50.81958],[-4.55792,50.82124],[-4.55685,50.81875],[-4.55714,50.81542],[-4.55625,50.81533],[-4.55591,50.82542],[-4.55458,50.82675],[-4.55176,50.82708],[-4.55176,50.82875],[-4.55208,50.83125],[-4.55375,50.83125],[-4.55292,50.82958],[-4.55458,50.82847],[-4.55625,50.82792],[-4.5572,50.82875],[-4.55799,50.82875],[-4.5572,50.82708],[-4.55804,50.82375],[-4.55716,50.82208],[-4.55792,50.82126],[-4.55875,50.82292],[-4.55958,50.82208],[-4.56036,50.82292],[-4.5603,50.82458],[-4.55875,50.82542],[-4.56027,50.82708],[-4.55993,50.82958],[-4.56132,50.83458],[-4.56125,50.84042],[-4.56042,50.84125],[-4.55958,50.83165],[-4.55857,50.83208],[-4.55822,50.83458],[-4.55868,50.83792],[-4.55955,50.83875],[-4.55958,50.84875],[-4.55875,50.84958],[-4.55875,50.85125],[-4.55958,50.85208],[-4.55958,50.85875],[-4.55884,50.85958],[-4.55958,50.86125],[-4.55958,50.86542],[-4.56154,50.87042],[-4.56115,50.87292],[-4.56287,50.87625],[-4.56208,50.87958],[-4.56292,50.87958],[-4.56514,50.88125],[-4.56458,50.88294],[-4.56542,50.88294],[-4.56774,50.88458],[-4.56699,50.88625],[-4.56772,50.88708],[-4.56542,50.88875],[-4.56522,50.89208],[-4.5677,50.89542],[-4.56772,50.90208],[-4.56928,50.90542],[-4.56875,50.90645],[-4.56698,50.90708],[-4.5681,50.90792],[-4.56625,50.90859],[-4.56434,50.91042],[-4.56356,50.91542],[-4.56512,50.91625],[-4.56376,50.91792],[-4.56208,50.9185],[-4.56042,50.91775],[-4.55925,50.91792],[-4.55919,50.92042],[-4.55851,50.92125],[-4.55542,50.92452],[-4.55375,50.92424],[-4.55375,50.92477],[-4.55542,50.92479],[-4.55542,50.92681],[-4.55042,50.92762],[-4.54823,50.92875],[-4.54864,50.93375],[-4.54792,50.93458],[-4.54774,50.93708],[-4.54875,50.93764],[-4.54958,50.93638],[-4.55098,50.94042],[-4.54875,50.94332],[-4.54708,50.9435],[-4.54625,50.9428],[-4.54542,50.94453],[-4.54458,50.94458],[-4.54436,50.94792],[-4.54569,50.95042],[-4.54689,50.95125],[-4.54676,50.95208],[-4.54542,50.95437],[-4.54125,50.95818],[-4.53991,50.95875],[-4.53918,50.96292],[-4.53625,50.96458],[-4.53625,50.97292],[-4.53542,50.97375],[-4.53542,50.97625],[-4.53681,50.97875],[-4.53625,50.97955],[-4.53542,50.97958],[-4.53458,50.98458],[-4.53375,50.98542],[-4.53292,50.98542],[-4.53292,50.98625],[-4.53375,50.98625],[-4.53458,50.98708],[-4.53562,50.99042],[-4.5345,50.99125],[-4.53455,50.99208],[-4.53542,50.99375],[-4.53625,50.99319],[-4.53666,50.99458],[-4.53458,50.99655],[-4.53125,50.99625],[-4.53375,50.99708],[-4.53375,50.99958],[-4.53486,51.00042],[-4.53486,51.00208],[-4.53262,51.00458],[-4.53292,51.00625],[-4.53484,51.00708],[-4.53418,51.00875],[-4.53125,51.01014],[-4.53174,51.01125],[-4.5308,51.01208],[-4.53042,51.01374],[-4.5295,51.01375],[-4.52946,51.01625],[-4.52698,51.01792],[-4.52616,51.01958],[-4.52664,51.02125],[-4.52571,51.02208],[-4.52292,51.02255],[-4.52042,51.0212],[-4.51708,51.02117],[-4.51625,51.022],[-4.50875,51.02205],[-4.50792,51.02116],[-4.50542,51.02124],[-4.50458,51.0204],[-4.50375,51.02095],[-4.50125,51.02118],[-4.49875,51.02244],[-4.49792,51.02196],[-4.49625,51.02202],[-4.49542,51.02117],[-4.48708,51.0212],[-4.48625,51.02203],[-4.48375,51.02206],[-4.47875,51.02204],[-4.47792,51.02122],[-4.47542,51.0212],[-4.47292,51.02204],[-4.47208,51.02125],[-4.47125,51.02207],[-4.46792,51.02206],[-4.46708,51.02118],[-4.46654,51.02208],[-4.46542,51.02232],[-4.46383,51.02125],[-4.45958,51.02038],[-4.45875,51.01953],[-4.45625,51.0193],[-4.45458,51.01706],[-4.45208,51.01693],[-4.45152,51.01625],[-4.44625,51.0157],[-4.44542,51.01608],[-4.44458,51.01549],[-4.44542,51.0148],[-4.44625,51.01521],[-4.44792,51.01498],[-4.44792,51.01441],[-4.43958,51.01455],[-4.43875,51.01363],[-4.42375,51.01352],[-4.42125,51.01388],[-4.41898,51.01208],[-4.42125,51.01143],[-4.42292,51.01236],[-4.4234,51.01208],[-4.42292,51.01037],[-4.41625,51.0103],[-4.41695,51.01125],[-4.41625,51.01203],[-4.41375,51.01069],[-4.41299,51.00958],[-4.41125,51.00997],[-4.40875,51.00764],[-4.40625,51.00732],[-4.40472,51.00542],[-4.4031,51.00458],[-4.40125,51.0044],[-4.39878,51.00208],[-4.39875,51.00114],[-4.39792,51.00161],[-4.39708,51.0014],[-4.39625,50.99952],[-4.39375,50.99816],[-4.39301,50.99708],[-4.39189,50.99708],[-4.39125,50.99538],[-4.38458,50.99531],[-4.38375,50.99453],[-4.38125,50.99441],[-4.37708,50.99254],[-4.37625,50.9912],[-4.36875,50.99122],[-4.36708,50.99209],[-4.35958,50.99254],[-4.35792,50.99218],[-4.35375,50.99293],[-4.35208,50.99393],[-4.34958,50.99155],[-4.34458,50.99053],[-4.34375,50.99103],[-4.33875,50.99128],[-4.33292,50.99353],[-4.32458,50.9934],[-4.31375,50.99648],[-4.30719,50.99708],[-4.30096,51.00292],[-4.29875,51.00409],[-4.29708,51.00619],[-4.29542,51.0072],[-4.29375,51.00756],[-4.29208,51.00727],[-4.29125,51.00789],[-4.28885,51.01125],[-4.28919,51.01208],[-4.28829,51.01375],[-4.28582,51.01625],[-4.28458,51.01661],[-4.28375,51.01613],[-4.27929,51.01875],[-4.27888,51.02042],[-4.27686,51.02208],[-4.27375,51.02632],[-4.27042,51.02884],[-4.26708,51.03412],[-4.26458,51.03668],[-4.25625,51.04102],[-4.25292,51.04146],[-4.25199,51.04125],[-4.25315,51.04042],[-4.25125,51.04039],[-4.24958,51.04119],[-4.2479,51.04125],[-4.24359,51.04542],[-4.23884,51.05625],[-4.23901,51.06208],[-4.23679,51.06875],[-4.23708,51.06967],[-4.23792,51.06916],[-4.23828,51.06958],[-4.24001,51.07625],[-4.2445,51.07958],[-4.24208,51.07989],[-4.23542,51.07905],[-4.22958,51.07714],[-4.22792,51.07608],[-4.22192,51.07458],[-4.22125,51.07168],[-4.21625,51.07053],[-4.21643,51.07208],[-4.21486,51.07458],[-4.21625,51.07597],[-4.21792,51.07329],[-4.21782,51.07458],[-4.21875,51.07585],[-4.22458,51.07882],[-4.22958,51.08025],[-4.23208,51.08149],[-4.24321,51.08458],[-4.24405,51.08542],[-4.23918,51.08875],[-4.23383,51.09458],[-4.23332,51.09708],[-4.23397,51.09958],[-4.23185,51.11458],[-4.23186,51.11542],[-4.23366,51.11708],[-4.23292,51.11776],[-4.23125,51.11783],[-4.23116,51.11875],[-4.23708,51.11907],[-4.23875,51.11984],[-4.23958,51.12375],[-4.2435,51.12542],[-4.24415,51.13208],[-4.24368,51.13375],[-4.24625,51.13401],[-4.24792,51.13653],[-4.25042,51.13774],[-4.25119,51.13958],[-4.25042,51.14259],[-4.24792,51.1434],[-4.24708,51.14561],[-4.24458,51.14613],[-4.23063,51.14625],[-4.22958,51.14696],[-4.22552,51.14792],[-4.22097,51.15292],[-4.21862,51.15792],[-4.21486,51.17375],[-4.21595,51.17625],[-4.21687,51.18208],[-4.21792,51.18294],[-4.22042,51.18301],[-4.22208,51.18388],[-4.22292,51.18553],[-4.22375,51.18556],[-4.22458,51.18411],[-4.22511,51.18458],[-4.22615,51.18625],[-4.22458,51.18933],[-4.22375,51.18865],[-4.21815,51.18958],[-4.22264,51.19042],[-4.21792,51.19098],[-4.21708,51.19032],[-4.21418,51.19125],[-4.20875,51.19649],[-4.20813,51.19625],[-4.20835,51.19458],[-4.20708,51.19367],[-4.20208,51.19371],[-4.20125,51.19758],[-4.18516,51.19792],[-4.1835,51.19958],[-4.18457,51.20125],[-4.18375,51.20148],[-4.18042,51.19955],[-4.17792,51.20085],[-4.17719,51.20042],[-4.1774,51.19958],[-4.17375,51.19958],[-4.17042,51.20166],[-4.16875,51.20179],[-4.16871,51.20292],[-4.16708,51.20368],[-4.1664,51.20292],[-4.16708,51.20191],[-4.16042,51.20202],[-4.15958,51.20281],[-4.15854,51.20292],[-4.15857,51.20375],[-4.15708,51.20531],[-4.15521,51.20458],[-4.15,51.20458],[-4.14958,51.20564],[-4.14708,51.20578],[-4.14625,51.20542],[-4.14626,51.20625],[-4.14458,51.2074],[-4.13854,51.20792],[-4.13792,51.20863],[-4.13542,51.20857],[-4.13458,51.20941],[-4.13042,51.20941],[-4.12958,51.21098],[-4.12875,51.20991],[-4.12708,51.2099],[-4.12208,51.21298],[-4.12042,51.21241],[-4.11375,51.21239],[-4.11042,51.21025],[-4.10958,51.21185],[-4.10875,51.2112],[-4.10708,51.21178],[-4.10542,51.21326],[-4.10208,51.21483],[-4.09792,51.21429],[-4.09334,51.21542],[-4.09042,51.21717],[-4.08958,51.21725],[-4.08814,51.21542],[-4.08875,51.21467],[-4.09066,51.21458],[-4.09125,51.21318],[-4.09208,51.21504],[-4.09292,51.2131],[-4.09458,51.21308],[-4.09375,51.21036],[-4.05208,51.21037],[-4.05042,51.20867],[-4.04792,51.20916],[-4.04625,51.20864],[-4.04458,51.20952],[-4.03542,51.21028],[-4.02292,51.21036],[-4.02258,51.21375],[-4.02125,51.21442],[-4.00208,51.21457],[-4.00194,51.21792],[-4.0004,51.21875],[-4.00125,51.2188],[-4.00192,51.21958],[-4.00125,51.22036],[-3.99458,51.2197],[-3.98375,51.22017],[-3.97708,51.22161],[-3.97375,51.2211],[-3.96292,51.22109],[-3.96208,51.22037],[-3.96042,51.22038],[-3.95958,51.21957],[-3.95792,51.22078],[-3.95625,51.22034],[-3.95375,51.22203],[-3.95042,51.22122],[-3.95042,51.22224],[-3.94766,51.22208],[-3.94625,51.22339],[-3.94542,51.22277],[-3.94375,51.22277],[-3.94342,51.22458],[-3.94169,51.22625]]},"properties":{"source":"emodnet_dtm_2024","level":2}},{"type":"Feature","geometry":{"type":"LineString","coordinates":[[-6.32125,49.97048],[-6.32125,49.96966],[-6.32125,49.97048]]},"properties":{"source":"emodnet_dtm_2024","level":2}},{"type":"Feature","geometry":{"type":"LineString","coordinates":[[-6.31042,49.97065],[-6.31042,49.97015],[-6.31208,49.97005],[-6.31252,49.97292],[-6.31125,49.97062],[-6.31042,49.97065]]},"properties":{"source":"emodnet_dtm_2024","level":2}},{"type":"Feature","geometry":{"type":"LineString","coordinates":[[-6.30708,49.9707],[-6.30708,49.97014],[-6.30792,49.96998],[-6.30901,49.97042],[-6.30792,49.97132],[-6.30708,49.9707]]},"properties":{"source":"emodnet_dtm_2024","level":2}},{"type":"Feature","geometry":{"type":"LineString","coordinates":[[-6.31458,49.97149],[-6.31458,49.96997],[-6.31542,49.97014],[-6.31625,49.96892],[-6.31788,49.96958],[-6.31708,49.97079],[-6.31458,49.97149]]},"properties":{"source":"emodnet_dtm_2024","level":2}},{"type":"Feature","geometry":{"type":"LineString","coordinates":[[-6.30875,49.9725],[-6.30875,49.97199],[-6.30958,49.97195],[-6.30958,49.97364],[-6.30875,49.9725]]},"properties":{"source":"emodnet_dtm_2024","level":2}},{"type":"Feature","geometry":{"type":"LineString","coordinates":[[-6.32542,49.97347],[-6.32521,49.97042],[-6.32625,49.96928],[-6.32708,49.96981],[-6.32875,49.96977],[-6.32958,49.97143],[-6.33125,49.97128],[-6.33208,49.97056],[-6.33458,49.9713],[-6.33708,49.97056],[-6.33864,49.97208],[-6.33792,49.9738],[-6.33708,49.97331],[-6.33528,49.97458],[-6.33375,49.97342],[-6.33208,49.97504],[-6.33042,49.97376],[-6.32958,49.97369],[-6.32875,49.9749],[-6.32708,49.97469],[-6.32542,49.97347]]},"properties":{"source":"emodnet_dtm_2024","level":2}},{"type":"Feature","geometry":{"type":"LineString","coordinates":[[-6.28875,49.97376],[-6.28875,49.97376]]},"properties":{"source":"emodnet_dtm_2024","level":2}},{"type":"Feature","geometry":{"type":"LineString","coordinates":[[-6.32125,49.97459],[-6.32208,49.9745],[-6.32208,49.97503],[-6.32125,49.97459]]},"properties":{"source":"emodnet_dtm_2024","level":2}},{"type":"Feature","geometry":{"type":"LineString","coordinates":[[-6.32458,49.97602],[-6.32403,49.97542],[-6.32542,49.97522],[-6.32636,49.97625],[-6.32542,49.97709],[-6.32458,49.97602]]},"properties":{"source":"emodnet_dtm_2024","level":2}},{"type":"Feature","geometry":{"type":"LineString","coordinates":[[-6.32292,49.97709],[-6.32292,49.97616],[-6.32379,49.97708],[-6.32292,49.97709]]},"properties":{"source":"emodnet_dtm_2024","level":2}},{"type":"Feature","geometry":{"type":"LineString","coordinates":[[-6.29875,49.97749],[-6.29708,49.97654],[-6.29625,49.97728],[-6.29375,49.97753],[-6.29297,49.97708],[-6.29292,49.97613],[-6.29208,49.97709],[-6.29185,49.97458],[-6.29458,49.97441],[-6.29542,49.97529],[-6.29625,49.9743],[-6.29792,49.97375],[-6.30105,49.97458],[-6.3012,49.97542],[-6.30007,49.97625],[-6.30069,49.97708],[-6.29958,49.97863],[-6.29875,49.97749]]},"properties":{"source":"emodnet_dtm_2024","level":2}},{"type":"Feature","geometry":{"type":"LineString","coordinates":[[-6.30042,49.97961],[-6.29986,49.97875],[-6.30208,49.97883],[-6.30341,49.98208],[-6.30292,49.98243],[-6.30042,49.97961]]},"properties":{"source":"emodnet_dtm_2024","level":2}},{"type":"Feature","geometry":{"type":"LineString","coordinates":[[-6.28708,49.97976],[-6.28792,49.97872],[-6.28875,49.97869],[-6.29163,49.98042],[-6.29037,49.98125],[-6.28875,49.98129],[-6.28708,49.97976]]},"properties":{"source":"emodnet_dtm_2024","level":2}},{"type":"Feature","geometry":{"type":"LineString","coordinates":[[-6.32125,49.98061],[-6.32125,49.98061]]},"properties":{"source":"emodnet_dtm_2024","level":2}},{"type":"Feature","geometry":{"type":"LineString","coordinates":[[-6.31042,49.98044],[-6.31042,49.98044]]},"properties":{"source":"emodnet_dtm_2024","level":2}},{"type":"Feature","geometry":{"type":"LineString","coordinates":[[-5.07542,50.08381],[-5.07542,50.08381]]},"properties":{"source":"emodnet_dtm_2024","level":2}},{"type":"Feature","geometry":{"type":"LineString","coordinates":[[-5.53708,50.09407],[-5.53708,50.09276],[-5.53708,50.09407]]},"properties":{"source":"emodnet_dtm_2024","level":2}},{"type":"Feature","geometry":{"type":"LineString","coordinates":[[-5.10792,50.09531],[-5.10733,50.09458],[-5.10792,50.094],[-5.10875,50.09404],[-5.10933,50.09458],[-5.10875,50.09529],[-5.10792,50.09531]]},"properties":{"source":"emodnet_dtm_2024","level":2}},{"type":"Feature","geometry":{"type":"LineString","coordinates":[[-5.10208,50.09512],[-5.1015,50.09458],[-5.10292,50.09395],[-5.10356,50.09458],[-5.10292,50.09533],[-5.10208,50.09512]]},"properties":{"source":"emodnet_dtm_2024","level":2}},{"type":"Feature","geometry":{"type":"LineString","coordinates":[[-5.53958,50.09905],[-5.53926,50.09875],[-5.54042,50.09839],[-5.54125,50.10001],[-5.53958,50.09905]]},"properties":{"source":"emodnet_dtm_2024","level":2}},{"type":"Feature","geometry":{"type":"LineString","coordinates":[[-5.54208,50.10123],[-5.54208,50.1003],[-5.54208,50.10123]]},"properties":{"source":"emodnet_dtm_2024","level":2}},{"type":"Feature","geometry":{"type":"LineString","coordinates":[[-5.54208,50.10209],[-5.54208,50.10165],[-5.54208,50.10209]]},"properties":{"source":"emodnet_dtm_2024","level":2}},{"type":"Feature","geometry":{"type":"LineString","coordinates":[[-5.54375,50.103],[-5.54467,50.10292],[-5.54375,50.103]]},"properties":{"source":"emodnet_dtm_2024","level":2}},{"type":"Feature","geometry":{"type":"LineString","coordinates":[[-5.70208,50.13659],[-5.70145,50.13625],[-5.70208,50.13586],[-5.70397,50.13625],[-5.70208,50.13659]]},"properties":{"source":"emodnet_dtm_2024","level":2}},{"type":"Feature","geometry":{"type":"LineString","coordinates":[[-5.01208,50.15304],[-5.01208,50.15304]]},"properties":{"source":"emodnet_dtm_2024","level":2}},{"type":"Feature","geometry":{"type":"LineString","coordinates":[[-5.06458,50.15375],[-5.06548,50.15375],[-5.06458,50.15375]]},"properties":{"source":"emodnet_dtm_2024","level":2}},{"type":"Feature","geometry":{"type":"LineString","coordinates":[[-5.04958,50.15517],[-5.04958,50.15416],[-5.05011,50.15458],[-5.04958,50.15517]]},"properties":{"source":"emodnet_dtm_2024","level":2}},{"type":"Feature","geometry":{"type":"LineString","coordinates":[[-5.67208,50.16759],[-5.67132,50.16708],[-5.67208,50.16667],[-5.67268,50.16708],[-5.67208,50.16759]]},"properties":{"source":"emodnet_dtm_2024","level":2}},{"type":"Feature","geometry":{"type":"LineString","coordinates":[[-5.43875,50.17792],[-5.43792,50.17625],[-5.43542,50.17625],[-5.43625,50.17875],[-5.43792,50.17875],[-5.43875,50.17792]]},"properties":{"source":"emodnet_dtm_2024","level":2}},{"type":"Feature","geometry":{"type":"LineString","coordinates":[[-5.43208,50.18125],[-5.43042,50.17958],[-5.43125,50.17875],[-5.43125,50.18125],[-5.43208,50.18125]]},"properties":{"source":"emodnet_dtm_2024","level":2}},{"type":"Feature","geometry":{"type":"LineString","coordinates":[[-5.61292,50.18242],[-5.61292,50.18181],[-5.61401,50.18208],[-5.61292,50.18242]]},"properties":{"source":"emodnet_dtm_2024","level":2}},{"type":"Feature","geometry":{"type":"LineString","coordinates":[[-5.59625,50.19101],[-5.59561,50.19042],[-5.59336,50.19042],[-5.59125,50.19186],[-5.59036,50.19375],[-5.59125,50.19386],[-5.59292,50.19149],[-5.59542,50.19132],[-5.59625,50.19411],[-5.59709,50.19292],[-5.59625,50.19101]]},"properties":{"source":"emodnet_dtm_2024","level":2}},{"type":"Feature","geometry":{"type":"LineString","coordinates":[[-5.06542,50.20208],[-5.06458,50.20125],[-5.06458,50.20208],[-5.06542,50.20208]]},"properties":{"source":"emodnet_dtm_2024","level":2}},{"type":"Feature","geometry":{"type":"LineString","coordinates":[[-5.07542,50.20542],[-5.07458,50.20458],[-5.07375,50.20625],[-5.07292,50.20625],[-5.07208,50.20542],[-5.07292,50.20708],[-5.07625,50.20708],[-5.07542,50.20542]]},"properties":{"source":"emodnet_dtm_2024","level":2}},{"type":"Feature","geometry":{"type":"LineString","coordinates":[[-5.02625,50.2115],[-5.02625,50.20931],[-5.02704,50.20958],[-5.02625,50.2115]]},"properties":{"source":"emodnet_dtm_2024","level":2}},{"type":"Feature","geometry":{"type":"LineString","coordinates":[[-5.55042,50.21331],[-5.55013,50.21292],[-5.55106,50.21292],[-5.55042,50.21331]]},"properties":{"source":"emodnet_dtm_2024","level":2}},{"type":"Feature","geometry":{"type":"LineString","coordinates":[[-5.55208,50.21463],[-5.55208,50.21335],[-5.55208,50.21463]]},"properties":{"source":"emodnet_dtm_2024","level":2}},{"type":"Feature","geometry":{"type":"LineString","coordinates":[[-5.47792,50.22021],[-5.47792,50.21932],[-5.48022,50.21958],[-5.47792,50.22021]]},"properties":{"source":"emodnet_dtm_2024","level":2}},{"type":"Feature","geometry":{"type":"LineString","coordinates":[[-5.00542,50.22542],[-5.00458,50.22375],[-5.00125,50.22375],[-5.00208,50.22458],[-5.00375,50.22458],[-5.00542,50.22625],[-5.00542,50.22708],[-5.00708,50.22708],[-5.00708,50.22625],[-5.00625,50.22625],[-5.00542,50.22542]]},"properties":{"source":"emodnet_dtm_2024","level":2}},{"type":"Feature","geometry":{"type":"LineString","coordinates":[[-3.77292,50.22689],[-3.7724,50.22625],[-3.77292,50.22578],[-3.77292,50.22689]]},"properties":{"source":"emodnet_dtm_2024","level":2}},{"type":"Feature","geometry":{"type":"LineString","coordinates":[[-3.76125,50.24028],[-3.76101,50.23542],[-3.76042,50.23537],[-3.75613,50.23542],[-3.75564,50.23875],[-3.75458,50.23928],[-3.74355,50.23958],[-3.75708,50.23998],[-3.75875,50.24038],[-3.75958,50.24119],[-3.7601,50.24375],[-3.75958,50.25035],[-3.75868,50.25125],[-3.75556,50.25208],[-3.75787,50.25375],[-3.75937,50.25708],[-3.76343,50.25875],[-3.76458,50.26542],[-3.76875,50.26528],[-3.76991,50.25792],[-3.77208,50.25683],[-3.77708,50.25667],[-3.77792,50.25625],[-3.77875,50.25417],[-3.78125,50.25292],[-3.78143,50.25208],[-3.77792,50.25163],[-3.77708,50.24779],[-3.77208,50.24766],[-3.76979,50.24708],[-3.76875,50.24355],[-3.76292,50.24259],[-3.76125,50.24028]]},"properties":{"source":"emodnet_dtm_2024","level":2}},{"type":"Feature","geometry":{"type":"LineString","coordinates":[[-5.39292,50.24201],[-5.39213,50.24125],[-5.39292,50.24044],[-5.39551,50.24042],[-5.39625,50.23663],[-5.39693,50.23708],[-5.39644,50.23792],[-5.39742,50.23875],[-5.39746,50.24042],[-5.39542,50.24206],[-5.39292,50.24201]]},"properties":{"source":"emodnet_dtm_2024","level":2}},{"type":"Feature","geometry":{"type":"LineString","coordinates":[[-5.02958,50.24208],[-5.02875,50.24042],[-5.02792,50.24125],[-5.02708,50.24125],[-5.02792,50.24125],[-5.02958,50.24292],[-5.02958,50.24375],[-5.03292,50.24625],[-5.03375,50.24792],[-5.03458,50.24625],[-5.03292,50.24292],[-5.03042,50.24292],[-5.02958,50.24208]]},"properties":{"source":"emodnet_dtm_2024","level":2}},{"type":"Feature","geometry":{"type":"LineString","coordinates":[[-3.86792,50.24383],[-3.86792,50.24282],[-3.86792,50.24383]]},"properties":{"source":"emodnet_dtm_2024","level":2}},{"type":"Feature","geometry":{"type":"LineString","coordinates":[[-5.37792,50.24486],[-5.37735,50.24458],[-5.37792,50.24425],[-5.37792,50.24486]]},"properties":{"source":"emodnet_dtm_2024","level":2}},{"type":"Feature","geometry":{"type":"LineString","coordinates":[[-5.37958,50.2457],[-5.37958,50.2441],[-5.38208,50.24422],[-5.38208,50.24504],[-5.37958,50.2457]]},"properties":{"source":"emodnet_dtm_2024","level":2}},{"type":"Feature","geometry":{"type":"LineString","coordinates":[[-5.04292,50.25458],[-5.04208,50.25375],[-5.04125,50.25375],[-5.04208,50.25458],[-5.04292,50.25458]]},"properties":{"source":"emodnet_dtm_2024","level":2}},{"type":"Feature","geometry":{"type":"LineString","coordinates":[[-5.01208,50.25458],[-5.01125,50.25375],[-5.01042,50.25375],[-5.01042,50.25708],[-5.00875,50.25875],[-5.00792,50.26208],[-5.00708,50.26292],[-5.00625,50.26292],[-5.00542,50.26625],[-5.00792,50.26458],[-5.00958,50.25958],[-5.01208,50.25792],[-5.01292,50.25625],[-5.01292,50.25458],[-5.01208,50.25458]]},"properties":{"source":"emodnet_dtm_2024","level":2}},{"type":"Feature","geometry":{"type":"LineString","coordinates":[[-4.76708,50.25464],[-4.76708,50.25464]]},"properties":{"source":"emodnet_dtm_2024","level":2}},{"type":"Feature","geometry":{"type":"LineString","coordinates":[[-4.76542,50.25721],[-4.76542,50.25721]]},"properties":{"source":"emodnet_dtm_2024","level":2}},{"type":"Feature","geometry":{"type":"LineString","coordinates":[[-3.87458,50.27883],[-3.87292,50.27857],[-3.87083,50.28125],[-3.87292,50.28185],[-3.87542,50.28156],[-3.87625,50.28208],[-3.87708,50.28133],[-3.87971,50.28125],[-3.87875,50.27951],[-3.87708,50.28021],[-3.87458,50.27883]]},"properties":{"source":"emodnet_dtm_2024","level":2}},{"type":"Feature","geometry":{"type":"LineString","coordinates":[[-3.94708,50.30429],[-3.94653,50.30375],[-3.94708,50.30325],[-3.94769,50.30375],[-3.94708,50.30429]]},"properties":{"source":"emodnet_dtm_2024","level":2}},{"type":"Feature","geometry":{"type":"LineString","coordinates":[[-4.07542,50.30499],[-4.07542,50.30334],[-4.07606,50.30375],[-4.07542,50.30499]]},"properties":{"source":"emodnet_dtm_2024","level":2}},{"type":"Feature","geometry":{"type":"LineString","coordinates":[[-4.10875,50.30732],[-4.10875,50.30696],[-4.10875,50.30732]]},"properties":{"source":"emodnet_dtm_2024","level":2}},{"type":"Feature","geometry":{"type":"LineString","coordinates":[[-3.95125,50.3085],[-3.95068,50.30792],[-3.95125,50.30731],[-3.95189,50.30792],[-3.95125,50.3085]]},"properties":{"source":"emodnet_dtm_2024","level":2}},{"type":"Feature","geometry":{"type":"LineString","coordinates":[[-4.10458,50.3094],[-4.10404,50.30875],[-4.10542,50.30842],[-4.10603,50.30875],[-4.10542,50.30947],[-4.10458,50.3094]]},"properties":{"source":"emodnet_dtm_2024","level":2}},{"type":"Feature","geometry":{"type":"LineString","coordinates":[[-4.66708,50.31229],[-4.66708,50.31192],[-4.66708,50.31229]]},"properties":{"source":"emodnet_dtm_2024","level":2}},{"type":"Feature","geometry":{"type":"LineString","coordinates":[[-5.23458,50.32011],[-5.234,50.31958],[-5.23458,50.31906],[-5.23537,50.31958],[-5.23458,50.32011]]},"properties":{"source":"emodnet_dtm_2024","level":2}},{"type":"Feature","geometry":{"type":"LineString","coordinates":[[-4.18792,50.32083],[-4.18739,50.32042],[-4.18792,50.31999],[-4.18792,50.32083]]},"properties":{"source":"emodnet_dtm_2024","level":2}},{"type":"Feature","geometry":{"type":"LineString","coordinates":[[-4.18875,50.32502],[-4.18875,50.32432],[-4.18875,50.32502]]},"properties":{"source":"emodnet_dtm_2024","level":2}},{"type":"Feature","geometry":{"type":"LineString","coordinates":[[-4.19125,50.32599],[-4.19065,50.32542],[-4.19125,50.32495],[-4.19176,50.32542],[-4.19125,50.32599]]},"properties":{"source":"emodnet_dtm_2024","level":2}},{"type":"Feature","geometry":{"type":"LineString","coordinates":[[-4.63708,50.32993],[-4.63698,50.32875],[-4.63875,50.32839],[-4.63843,50.32958],[-4.63708,50.32993]]},"properties":{"source":"emodnet_dtm_2024","level":2}},{"type":"Feature","geometry":{"type":"LineString","coordinates":[[-4.44375,50.33651],[-4.44375,50.33534],[-4.44593,50.33708],[-4.44613,50.33792],[-4.44489,50.33792],[-4.44375,50.33651]]},"properties":{"source":"emodnet_dtm_2024","level":2}},{"type":"Feature","geometry":{"type":"LineString","coordinates":[[-3.56292,50.33758],[-3.56224,50.33625],[-3.56292,50.33588],[-3.56292,50.33758]]},"properties":{"source":"emodnet_dtm_2024","level":2}},{"type":"Feature","geometry":{"type":"LineString","coordinates":[[-3.56458,50.33965],[-3.56445,50.33875],[-3.56542,50.33863],[-3.56549,50.33958],[-3.56458,50.33965]]},"properties":{"source":"emodnet_dtm_2024","level":2}},{"type":"Feature","geometry":{"type":"LineString","coordinates":[[-4.70208,50.34154],[-4.70145,50.34125],[-4.70208,50.34076],[-4.70346,50.34125],[-4.70292,50.34171],[-4.70208,50.34154]]},"properties":{"source":"emodnet_dtm_2024","level":2}},{"type":"Feature","geometry":{"type":"LineString","coordinates":[[-4.63792,50.35458],[-4.63708,50.35375],[-4.63708,50.35792],[-4.63625,50.35875],[-4.63542,50.35875],[-4.63625,50.35875],[-4.63792,50.36125],[-4.63792,50.36542],[-4.63708,50.36625],[-4.63708,50.37042],[-4.63792,50.37125],[-4.63542,50.37125],[-4.63458,50.37208],[-4.63542,50.36958],[-4.63375,50.36625],[-4.63375,50.36375],[-4.63708,50.36125],[-4.63792,50.35458]]},"properties":{"source":"emodnet_dtm_2024","level":2}},{"type":"Feature","geometry":{"type":"LineString","coordinates":[[-4.11958,50.35701],[-4.11875,50.35606],[-4.11768,50.35792],[-4.11875,50.35836],[-4.12014,50.35792],[-4.11958,50.35701]]},"properties":{"source":"emodnet_dtm_2024","level":2}},{"type":"Feature","geometry":{"type":"LineString","coordinates":[[-4.17125,50.36015],[-4.17125,50.35928],[-4.17208,50.35937],[-4.17208,50.3601],[-4.17125,50.36015]]},"properties":{"source":"emodnet_dtm_2024","level":2}},{"type":"Feature","geometry":{"type":"LineString","coordinates":[[-4.17458,50.36155],[-4.1741,50.36125],[-4.17458,50.36075],[-4.17458,50.36155]]},"properties":{"source":"emodnet_dtm_2024","level":2}},{"type":"Feature","geometry":{"type":"LineString","coordinates":[[-4.10875,50.37042],[-4.10792,50.36875],[-4.10708,50.36958],[-4.10458,50.37042],[-4.10292,50.37208],[-4.10208,50.37208],[-4.10208,50.37375],[-4.10042,50.37625],[-4.10042,50.37875],[-4.09875,50.38042],[-4.09708,50.38042],[-4.09625,50.38208],[-4.09375,50.38208],[-4.09292,50.38292],[-4.08958,50.38292],[-4.08708,50.38625],[-4.08792,50.38625],[-4.08958,50.38375],[-4.09458,50.38375],[-4.09542,50.38292],[-4.09875,50.38292],[-4.10042,50.38125],[-4.10125,50.38125],[-4.10208,50.37958],[-4.10292,50.37958],[-4.10375,50.37875],[-4.10542,50.37458],[-4.10792,50.37292],[-4.10875,50.37042]]},"properties":{"source":"emodnet_dtm_2024","level":2}},{"type":"Feature","geometry":{"type":"LineString","coordinates":[[-4.64125,50.37375],[-4.64042,50.37208],[-4.63875,50.37208],[-4.63875,50.37292],[-4.64208,50.37542],[-4.64292,50.37542],[-4.64375,50.37708],[-4.64458,50.37708],[-4.64792,50.37958],[-4.65042,50.37958],[-4.65125,50.38125],[-4.65292,50.38125],[-4.65542,50.38375],[-4.65542,50.38208],[-4.65292,50.37875],[-4.64958,50.37875],[-4.64875,50.37792],[-4.64792,50.37792],[-4.64708,50.37625],[-4.64625,50.37625],[-4.64458,50.37458],[-4.64375,50.37458],[-4.64292,50.37375],[-4.64125,50.37375]]},"properties":{"source":"emodnet_dtm_2024","level":2}},{"type":"Feature","geometry":{"type":"LineString","coordinates":[[-4.19208,50.37319],[-4.19208,50.37132],[-4.19208,50.37319]]},"properties":{"source":"emodnet_dtm_2024","level":2}},{"type":"Feature","geometry":{"type":"LineString","coordinates":[[-4.19375,50.37696],[-4.1933,50.37625],[-4.19458,50.37583],[-4.19625,50.37839],[-4.19875,50.37819],[-4.20113,50.37958],[-4.20042,50.3803],[-4.19708,50.38014],[-4.19625,50.38277],[-4.19509,50.37875],[-4.19375,50.37696]]},"properties":{"source":"emodnet_dtm_2024","level":2}},{"type":"Feature","geometry":{"type":"LineString","coordinates":[[-4.27875,50.37792],[-4.27792,50.37625],[-4.27708,50.37625],[-4.27708,50.37792],[-4.27875,50.37792]]},"properties":{"source":"emodnet_dtm_2024","level":2}},{"type":"Feature","geometry":{"type":"LineString","coordinates":[[-4.28375,50.38042],[-4.28292,50.37958],[-4.28125,50.37958],[-4.28208,50.37958],[-4.28292,50.38125],[-4.28542,50.38375],[-4.28625,50.38375],[-4.28792,50.38625],[-4.28875,50.38625],[-4.28958,50.38708],[-4.28958,50.38958],[-4.29042,50.38958],[-4.29125,50.39042],[-4.29125,50.38875],[-4.29208,50.38792],[-4.29542,50.38792],[-4.29458,50.38708],[-4.29292,50.38708],[-4.29125,50.38542],[-4.29125,50.38458],[-4.28958,50.38458],[-4.28875,50.38375],[-4.28708,50.38375],[-4.28625,50.38292],[-4.28542,50.38292],[-4.28375,50.38125],[-4.28375,50.38042]]},"properties":{"source":"emodnet_dtm_2024","level":2}},{"type":"Feature","geometry":{"type":"LineString","coordinates":[[-4.19708,50.38366],[-4.19639,50.38292],[-4.19708,50.38272],[-4.19708,50.38366]]},"properties":{"source":"emodnet_dtm_2024","level":2}},{"type":"Feature","geometry":{"type":"LineString","coordinates":[[-4.19792,50.38463],[-4.19714,50.38375],[-4.19792,50.38349],[-4.20292,50.38306],[-4.20442,50.38458],[-4.20442,50.38625],[-4.20375,50.3869],[-4.20042,50.3866],[-4.19958,50.38715],[-4.19792,50.38463]]},"properties":{"source":"emodnet_dtm_2024","level":2}},{"type":"Feature","geometry":{"type":"LineString","coordinates":[[-4.20542,50.38692],[-4.20472,50.38625],[-4.20542,50.38552],[-4.20708,50.38551],[-4.20781,50.38625],[-4.20708,50.38695],[-4.20542,50.38692]]},"properties":{"source":"emodnet_dtm_2024","level":2}},{"type":"Feature","geometry":{"type":"LineString","coordinates":[[-3.49958,50.38677],[-3.49888,50.38625],[-3.49958,50.38518],[-3.50022,50.38625],[-3.49958,50.38677]]},"properties":{"source":"emodnet_dtm_2024","level":2}},{"type":"Feature","geometry":{"type":"LineString","coordinates":[[-3.59042,50.3874],[-3.58958,50.38117],[-3.5891,50.38458],[-3.58792,50.38517],[-3.58542,50.38532],[-3.58458,50.38797],[-3.58375,50.38878],[-3.581,50.38958],[-3.58125,50.39005],[-3.58542,50.39154],[-3.59375,50.38975],[-3.60208,50.39028],[-3.60792,50.39002],[-3.60958,50.39089],[-3.61042,50.39386],[-3.61958,50.39397],[-3.62208,50.39452],[-3.62292,50.39792],[-3.62375,50.39606],[-3.62542,50.39498],[-3.63125,50.39417],[-3.63333,50.39458],[-3.63437,50.39542],[-3.63542,50.39838],[-3.64375,50.39807],[-3.64458,50.39431],[-3.65221,50.39375],[-3.62875,50.39363],[-3.62733,50.39292],[-3.62708,50.38953],[-3.59375,50.38941],[-3.59177,50.38875],[-3.59042,50.3874]]},"properties":{"source":"emodnet_dtm_2024","level":2}},{"type":"Feature","geometry":{"type":"LineString","coordinates":[[-4.29792,50.38875],[-4.29708,50.38792],[-4.29542,50.38792],[-4.29625,50.38792],[-4.29708,50.38958],[-4.30042,50.38958],[-4.30042,50.38875],[-4.29792,50.38875]]},"properties":{"source":"emodnet_dtm_2024","level":2}},{"type":"Feature","geometry":{"type":"LineString","coordinates":[[-4.20125,50.38956],[-4.20068,50.38875],[-4.20125,50.38801],[-4.20375,50.388],[-4.20448,50.38875],[-4.20375,50.39018],[-4.20125,50.38956]]},"properties":{"source":"emodnet_dtm_2024","level":2}},{"type":"Feature","geometry":{"type":"LineString","coordinates":[[-4.20542,50.39067],[-4.20542,50.38999],[-4.20542,50.39067]]},"properties":{"source":"emodnet_dtm_2024","level":2}},{"type":"Feature","geometry":{"type":"LineString","coordinates":[[-4.30125,50.39875],[-4.30042,50.39708],[-4.30042,50.39875],[-4.30375,50.39875],[-4.30125,50.39875]]},"properties":{"source":"emodnet_dtm_2024","level":2}},{"type":"Feature","geometry":{"type":"LineString","coordinates":[[-3.48875,50.40178],[-3.48827,50.40125],[-3.48875,50.40098],[-3.49125,50.40082],[-3.49258,50.40125],[-3.49125,50.40214],[-3.48875,50.40178]]},"properties":{"source":"emodnet_dtm_2024","level":2}},{"type":"Feature","geometry":{"type":"LineString","coordinates":[[-3.52125,50.40334],[-3.52125,50.40251],[-3.52125,50.40334]]},"properties":{"source":"emodnet_dtm_2024","level":2}},{"type":"Feature","geometry":{"type":"LineString","coordinates":[[-5.09375,50.40708],[-5.09292,50.40542],[-5.09125,50.40542],[-5.09125,50.40625],[-5.09208,50.40625],[-5.09292,50.40708],[-5.09542,50.40708],[-5.09375,50.40708]]},"properties":{"source":"emodnet_dtm_2024","level":2}},{"type":"Feature","geometry":{"type":"LineString","coordinates":[[-5.12458,50.41358],[-5.12395,50.41292],[-5.12458,50.41222],[-5.12519,50.41292],[-5.12458,50.41358]]},"properties":{"source":"emodnet_dtm_2024","level":2}},{"type":"Feature","geometry":{"type":"LineString","coordinates":[[-5.11875,50.41371],[-5.11801,50.41292],[-5.11875,50.4122],[-5.12125,50.41215],[-5.12194,50.41292],[-5.12125,50.41407],[-5.11875,50.41371]]},"properties":{"source":"emodnet_dtm_2024","level":2}},{"type":"Feature","geometry":{"type":"LineString","coordinates":[[-4.23875,50.46208],[-4.23792,50.46125],[-4.23792,50.45958],[-4.23792,50.46458],[-4.23792,50.46292],[-4.23875,50.46208]]},"properties":{"source":"emodnet_dtm_2024","level":2}},{"type":"Feature","geometry":{"type":"LineString","coordinates":[[-3.49042,50.47072],[-3.48986,50.47042],[-3.49042,50.47009],[-3.49042,50.47072]]},"properties":{"source":"emodnet_dtm_2024","level":2}},{"type":"Feature","geometry":{"type":"LineString","coordinates":[[-3.49375,50.47156],[-3.49317,50.47125],[-3.49542,50.47061],[-3.49608,50.47125],[-3.49542,50.47189],[-3.49375,50.47156]]},"properties":{"source":"emodnet_dtm_2024","level":2}},{"type":"Feature","geometry":{"type":"LineString","coordinates":[[-3.50875,50.48016],[-3.50817,50.47958],[-3.50875,50.479],[-3.50958,50.47903],[-3.51032,50.47958],[-3.50958,50.48037],[-3.50875,50.48016]]},"properties":{"source":"emodnet_dtm_2024","level":2}},{"type":"Feature","geometry":{"type":"LineString","coordinates":[[-3.50542,50.47959],[-3.50708,50.47903],[-3.50768,50.47958],[-3.50625,50.48026],[-3.50542,50.47959]]},"properties":{"source":"emodnet_dtm_2024","level":2}},{"type":"Feature","geometry":{"type":"LineString","coordinates":[[-3.51208,50.48165],[-3.51157,50.48042],[-3.51208,50.48004],[-3.51208,50.48165]]},"properties":{"source":"emodnet_dtm_2024","level":2}},{"type":"Feature","geometry":{"type":"LineString","coordinates":[[-4.86542,50.53208],[-4.86512,50.53125],[-4.86419,50.53125],[-4.86458,50.53208],[-4.87042,50.53208],[-4.86542,50.53208]]},"properties":{"source":"emodnet_dtm_2024","level":2}},{"type":"Feature","geometry":{"type":"LineString","coordinates":[[-3.50125,50.54118],[-3.50042,50.54038],[-3.50016,50.54125],[-3.49875,50.54203],[-3.49875,50.53976],[-3.49792,50.53969],[-3.49708,50.54051],[-3.49625,50.54012],[-3.49461,50.54042],[-3.49596,50.54125],[-3.49625,50.54375],[-3.49792,50.54439],[-3.50042,50.54439],[-3.50211,50.54125],[-3.50125,50.54118]]},"properties":{"source":"emodnet_dtm_2024","level":2}},{"type":"Feature","geometry":{"type":"LineString","coordinates":[[-3.53375,50.54252],[-3.53292,50.54194],[-3.52958,50.54158],[-3.52792,50.54197],[-3.52708,50.54542],[-3.52542,50.54542],[-3.53458,50.54542],[-3.53542,50.54458],[-3.53625,50.54458],[-3.53458,50.54451],[-3.53375,50.54252]]},"properties":{"source":"emodnet_dtm_2024","level":2}},{"type":"Feature","geometry":{"type":"LineString","coordinates":[[-3.55625,50.54458],[-3.55542,50.54375],[-3.55542,50.54458],[-3.55958,50.54458],[-3.55625,50.54458]]},"properties":{"source":"emodnet_dtm_2024","level":2}},{"type":"Feature","geometry":{"type":"LineString","coordinates":[[-5.02125,50.55129],[-5.02061,50.55042],[-5.02125,50.54975],[-5.02208,50.54974],[-5.02273,50.55042],[-5.02208,50.55143],[-5.02125,50.55129]]},"properties":{"source":"emodnet_dtm_2024","level":2}},{"type":"Feature","geometry":{"type":"LineString","coordinates":[[-3.62458,50.56771],[-3.62292,50.56632],[-3.61968,50.56875],[-3.62292,50.57014],[-3.62535,50.56875],[-3.62458,50.56771]]},"properties":{"source":"emodnet_dtm_2024","level":2}},{"type":"Feature","geometry":{"type":"LineString","coordinates":[[-4.95125,50.5699],[-4.95045,50.56958],[-4.95232,50.56958],[-4.95125,50.5699]]},"properties":{"source":"emodnet_dtm_2024","level":2}},{"type":"Feature","geometry":{"type":"LineString","coordinates":[[-4.94625,50.57007],[-4.94566,50.56958],[-4.94708,50.56914],[-4.9475,50.56958],[-4.94625,50.57007]]},"properties":{"source":"emodnet_dtm_2024","level":2}},{"type":"Feature","geometry":{"type":"LineString","coordinates":[[-4.90958,50.58915],[-4.90883,50.58792],[-4.90958,50.58721],[-4.9103,50.58792],[-4.90958,50.58915]]},"properties":{"source":"emodnet_dtm_2024","level":2}},{"type":"Feature","geometry":{"type":"LineString","coordinates":[[-4.92958,50.58965],[-4.92954,50.58875],[-4.93042,50.58862],[-4.92958,50.58965]]},"properties":{"source":"emodnet_dtm_2024","level":2}},{"type":"Feature","geometry":{"type":"LineString","coordinates":[[-4.91125,50.5897],[-4.91208,50.58809],[-4.91375,50.58813],[-4.91436,50.58875],[-4.91375,50.5902],[-4.91208,50.59019],[-4.91125,50.5897]]},"properties":{"source":"emodnet_dtm_2024","level":2}},{"type":"Feature","geometry":{"type":"LineString","coordinates":[[-4.92292,50.59199],[-4.92229,50.59125],[-4.92292,50.59062],[-4.92542,50.59066],[-4.92625,50.58977],[-4.92792,50.58986],[-4.92856,50.59042],[-4.92542,50.592],[-4.92292,50.59199]]},"properties":{"source":"emodnet_dtm_2024","level":2}},{"type":"Feature","geometry":{"type":"LineString","coordinates":[[-4.91542,50.59153],[-4.91517,50.59125],[-4.91708,50.59062],[-4.9177,50.59125],[-4.91708,50.59218],[-4.91542,50.59153]]},"properties":{"source":"emodnet_dtm_2024","level":2}},{"type":"Feature","geometry":{"type":"LineString","coordinates":[[-4.84625,50.59933],[-4.84556,50.59875],[-4.84625,50.59803],[-4.84695,50.59875],[-4.84625,50.59933]]},"properties":{"source":"emodnet_dtm_2024","level":2}},{"type":"Feature","geometry":{"type":"LineString","coordinates":[[-3.38875,50.60534],[-3.38796,50.60375],[-3.39125,50.60278],[-3.39533,50.60708],[-3.39375,50.60775],[-3.39125,50.60725],[-3.38875,50.60534]]},"properties":{"source":"emodnet_dtm_2024","level":2}},{"type":"Feature","geometry":{"type":"LineString","coordinates":[[-3.39625,50.60879],[-3.39625,50.60879]]},"properties":{"source":"emodnet_dtm_2024","level":2}},{"type":"Feature","geometry":{"type":"LineString","coordinates":[[-3.41292,50.61212],[-3.41125,50.61133],[-3.41005,50.61208],[-3.41292,50.61334],[-3.41458,50.61551],[-3.41787,50.61458],[-3.41786,50.61375],[-3.41292,50.61212]]},"properties":{"source":"emodnet_dtm_2024","level":2}},{"type":"Feature","geometry":{"type":"LineString","coordinates":[[-3.46458,50.65972],[-3.46375,50.65955],[-3.46335,50.66042],[-3.46458,50.66374],[-3.46542,50.66372],[-3.46562,50.66042],[-3.46458,50.65972]]},"properties":{"source":"emodnet_dtm_2024","level":2}},{"type":"Feature","geometry":{"type":"LineString","coordinates":[[-3.46875,50.66736],[-3.46708,50.66644],[-3.46682,50.67375],[-3.46598,50.67458],[-3.46681,50.67542],[-3.46782,50.68125],[-3.46875,50.68292],[-3.46958,50.68292],[-3.47042,50.68218],[-3.47708,50.68125],[-3.47292,50.67708],[-3.47292,50.66875],[-3.47125,50.66782],[-3.46875,50.66736]]},"properties":{"source":"emodnet_dtm_2024","level":2}},{"type":"Feature","geometry":{"type":"LineString","coordinates":[[-4.68958,50.69586],[-4.68907,50.69542],[-4.68958,50.69482],[-4.69375,50.69487],[-4.69473,50.69542],[-4.68958,50.69586]]},"properties":{"source":"emodnet_dtm_2024","level":2}},{"type":"Feature","geometry":{"type":"LineString","coordinates":[[-4.65125,50.74095],[-4.65047,50.74042],[-4.65125,50.73982],[-4.65375,50.73971],[-4.65456,50.74042],[-4.65375,50.74112],[-4.65125,50.74095]]},"properties":{"source":"emodnet_dtm_2024","level":2}},{"type":"Feature","geometry":{"type":"LineString","coordinates":[[-4.64792,50.74093],[-4.64736,50.74042],[-4.64792,50.73985],[-4.64958,50.73974],[-4.65038,50.74042],[-4.64958,50.74105],[-4.64792,50.74093]]},"properties":{"source":"emodnet_dtm_2024","level":2}},{"type":"Feature","geometry":{"type":"LineString","coordinates":[[-4.41792,51.01263],[-4.41792,51.01194],[-4.41841,51.01208],[-4.41792,51.01263]]},"properties":{"source":"emodnet_dtm_2024","level":2}},{"type":"Feature","geometry":{"type":"LineString","coordinates":[[-4.43958,51.01575],[-4.43958,51.01476],[-4.44125,51.01468],[-4.44191,51.01542],[-4.44125,51.01612],[-4.43958,51.01575]]},"properties":{"source":"emodnet_dtm_2024","level":2}},{"type":"Feature","geometry":{"type":"LineString","coordinates":[[-4.19875,51.05698],[-4.19792,51.05614],[-4.19292,51.05598],[-4.19375,51.05753],[-4.19542,51.05749],[-4.19574,51.05792],[-4.19542,51.05827],[-4.19292,51.05809],[-4.19208,51.05743],[-4.1906,51.05792],[-4.18994,51.05875],[-4.18984,51.06208],[-4.19208,51.06231],[-4.19185,51.06125],[-4.19292,51.06055],[-4.19958,51.0606],[-4.20125,51.06137],[-4.20458,51.06148],[-4.20625,51.06421],[-4.20708,51.06457],[-4.20771,51.06292],[-4.20625,51.06005],[-4.20458,51.05992],[-4.20435,51.05875],[-4.20292,51.05789],[-4.19792,51.0586],[-4.1974,51.05792],[-4.19875,51.05698]]},"properties":{"source":"emodnet_dtm_2024","level":2}},{"type":"Feature","geometry":{"type":"LineString","coordinates":[[-4.21375,51.05962],[-4.21208,51.05926],[-4.21196,51.06042],[-4.21125,51.06112],[-4.21042,51.06112],[-4.20958,51.05941],[-4.20875,51.05932],[-4.2073,51.06125],[-4.20875,51.06226],[-4.20958,51.06225],[-4.21042,51.06322],[-4.21292,51.06308],[-4.21375,51.06484],[-4.22208,51.06474],[-4.22208,51.06404],[-4.21708,51.06343],[-4.21574,51.06208],[-4.21528,51.06042],[-4.21375,51.05962]]},"properties":{"source":"emodnet_dtm_2024","level":2}},{"type":"Feature","geometry":{"type":"LineString","coordinates":[[-4.17958,51.06117],[-4.17875,51.06014],[-4.17681,51.06042],[-4.17569,51.06625],[-4.17222,51.06875],[-4.17625,51.06899],[-4.17708,51.06738],[-4.17875,51.06764],[-4.17922,51.06625],[-4.178,51.06458],[-4.178,51.06292],[-4.17958,51.06117]]},"properties":{"source":"emodnet_dtm_2024","level":2}},{"type":"Feature","geometry":{"type":"LineString","coordinates":[[-4.20708,51.06548],[-4.20625,51.06481],[-4.20465,51.06625],[-4.20708,51.06772],[-4.20792,51.06712],[-4.2107,51.07042],[-4.20875,51.07076],[-4.20836,51.07125],[-4.2097,51.07208],[-4.20958,51.07375],[-4.21042,51.07448],[-4.21125,51.07446],[-4.21208,51.07343],[-4.21292,51.07453],[-4.21359,51.07292],[-4.2124,51.06875],[-4.20958,51.06582],[-4.20792,51.06703],[-4.20708,51.06548]]},"properties":{"source":"emodnet_dtm_2024","level":2}},{"type":"Feature","geometry":{"type":"LineString","coordinates":[[-4.18875,51.06548],[-4.18774,51.06542],[-4.18749,51.06708],[-4.18928,51.06792],[-4.18958,51.06994],[-4.19077,51.06875],[-4.19056,51.06708],[-4.18875,51.06548]]},"properties":{"source":"emodnet_dtm_2024","level":2}},{"type":"Feature","geometry":{"type":"LineString","coordinates":[[-4.17292,51.07028],[-4.17208,51.06905],[-4.17037,51.07125],[-4.17125,51.07155],[-4.17208,51.07049],[-4.17375,51.07099],[-4.1739,51.07042],[-4.17292,51.07028]]},"properties":{"source":"emodnet_dtm_2024","level":2}},{"type":"Feature","geometry":{"type":"LineString","coordinates":[[-4.17292,51.07475],[-4.17189,51.07458],[-4.17125,51.07706],[-4.1721,51.07625],[-4.17458,51.07542],[-4.17292,51.07475]]},"properties":{"source":"emodnet_dtm_2024","level":2}},{"type":"Feature","geometry":{"type":"LineString","coordinates":[[-4.16458,51.07605],[-4.16392,51.07458],[-4.16458,51.07389],[-4.16708,51.07414],[-4.16792,51.07322],[-4.16958,51.07325],[-4.16958,51.07179],[-4.16875,51.07222],[-4.16458,51.0724],[-4.1617,51.07375],[-4.16276,51.07458],[-4.16195,51.07625],[-4.15958,51.07766],[-4.15625,51.07855],[-4.15542,51.08052],[-4.15442,51.07958],[-4.15531,51.07875],[-4.15393,51.07792],[-4.15458,51.07628],[-4.15208,51.07649],[-4.14753,51.08042],[-4.14792,51.08129],[-4.14625,51.08195],[-4.14458,51.08162],[-4.14473,51.08042],[-4.14375,51.08031],[-4.14292,51.07931],[-4.13958,51.07943],[-4.13875,51.08111],[-4.13792,51.08125],[-4.13708,51.08125],[-4.13625,51.08042],[-4.13708,51.07958],[-4.13342,51.07958],[-4.13342,51.07875],[-4.13208,51.07842],[-4.12625,51.07849],[-4.12458,51.07924],[-4.12136,51.07958],[-4.12208,51.08208],[-4.12125,51.08216],[-4.11974,51.08375],[-4.12034,51.08458],[-4.11851,51.08625],[-4.1184,51.08958],[-4.11625,51.09022],[-4.11208,51.09026],[-4.11125,51.08858],[-4.11042,51.08858],[-4.10875,51.08671],[-4.10792,51.08665],[-4.10708,51.08559],[-4.10542,51.08541],[-4.10208,51.081],[-4.09792,51.08104],[-4.09625,51.08299],[-4.09542,51.08244],[-4.09125,51.08257],[-4.09042,51.08174],[-4.08792,51.08179],[-4.08708,51.08025],[-4.08542,51.08042],[-4.08625,51.08042],[-4.08708,51.0822],[-4.08875,51.08312],[-4.09042,51.08318],[-4.09542,51.08485],[-4.09708,51.08625],[-4.10042,51.08625],[-4.1029,51.08708],[-4.10375,51.08875],[-4.10625,51.08875],[-4.10958,51.09015],[-4.11125,51.0917],[-4.11375,51.09243],[-4.12375,51.09208],[-4.12458,51.09042],[-4.12792,51.0901],[-4.12863,51.08958],[-4.12875,51.08802],[-4.12969,51.08708],[-4.12884,51.08625],[-4.12958,51.08484],[-4.13042,51.08672],[-4.13958,51.08601],[-4.14125,51.08337],[-4.14875,51.08321],[-4.14958,51.08214],[-4.15545,51.08292],[-4.15875,51.08225],[-4.15958,51.08427],[-4.16458,51.08403],[-4.16659,51.08292],[-4.16861,51.07958],[-4.16769,51.07792],[-4.16792,51.07599],[-4.16458,51.07605]]},"properties":{"source":"emodnet_dtm_2024","level":2}},{"type":"Feature","geometry":{"type":"LineString","coordinates":[[-4.07458,51.07729],[-4.07292,51.07654],[-4.07099,51.07708],[-4.07125,51.07795],[-4.06854,51.07875],[-4.07292,51.07958],[-4.07875,51.07899],[-4.08125,51.07977],[-4.08292,51.08136],[-4.08458,51.07958],[-4.08375,51.07864],[-4.08042,51.07857],[-4.07958,51.07774],[-4.07458,51.07729]]},"properties":{"source":"emodnet_dtm_2024","level":2}},{"type":"Feature","geometry":{"type":"LineString","coordinates":[[-4.22042,51.08032],[-4.21958,51.0795],[-4.21806,51.07958],[-4.21875,51.08163],[-4.22042,51.08188],[-4.22042,51.08032]]},"properties":{"source":"emodnet_dtm_2024","level":2}},{"type":"Feature","geometry":{"type":"LineString","coordinates":[[-4.13542,51.08438],[-4.1349,51.08375],[-4.13625,51.08208],[-4.13792,51.08208],[-4.13875,51.08292],[-4.13792,51.08449],[-4.13542,51.08438]]},"properties":{"source":"emodnet_dtm_2024","level":2}},{"type":"Feature","geometry":{"type":"LineString","coordinates":[[-4.13125,51.08623],[-4.13081,51.08458],[-4.13208,51.08386],[-4.13283,51.08542],[-4.13208,51.08624],[-4.13125,51.08623]]},"properties":{"source":"emodnet_dtm_2024","level":2}},{"type":"Feature","geometry":{"type":"LineString","coordinates":[[-4.65708,51.16206],[-4.65685,51.16125],[-4.65875,51.16064],[-4.65958,51.159],[-4.66208,51.15892],[-4.66282,51.16042],[-4.66375,51.1605],[-4.66458,51.15889],[-4.66542,51.15888],[-4.66625,51.15813],[-4.66792,51.15755],[-4.67125,51.15786],[-4.6725,51.16042],[-4.67437,51.16125],[-4.67452,51.16208],[-4.67594,51.16292],[-4.67708,51.16909],[-4.67875,51.16966],[-4.68009,51.17125],[-4.68021,51.17375],[-4.67875,51.17754],[-4.67792,51.17635],[-4.67708,51.17663],[-4.67542,51.18076],[-4.67283,51.18125],[-4.67458,51.18193],[-4.6759,51.18375],[-4.67649,51.18958],[-4.67604,51.19042],[-4.67702,51.19375],[-4.67625,51.19637],[-4.67375,51.19772],[-4.67292,51.19785],[-4.67125,51.19636],[-4.66882,51.18958],[-4.66625,51.1876],[-4.66555,51.18542],[-4.66521,51.17708],[-4.66458,51.17635],[-4.66198,51.17542],[-4.66141,51.17458],[-4.66064,51.16458],[-4.66042,51.16394],[-4.65792,51.16319],[-4.65708,51.16206]]},"properties":{"source":"emodnet_dtm_2024","level":2}},{"type":"Feature","geometry":{"type":"LineString","coordinates":[[-3.32875,51.18364],[-3.32803,51.18292],[-3.32875,51.1822],[-3.32958,51.18305],[-3.33792,51.183],[-3.33875,51.18217],[-3.34292,51.18225],[-3.34375,51.18131],[-3.35125,51.18133],[-3.35208,51.18227],[-3.35708,51.18215],[-3.35792,51.18308],[-3.36125,51.18304],[-3.36208,51.18385],[-3.37875,51.18381],[-3.37958,51.18298],[-3.38708,51.183],[-3.38792,51.18216],[-3.40248,51.18208],[-3.40208,51.18112],[-3.39375,51.18097],[-3.31864,51.18125],[-3.31875,51.1822],[-3.32375,51.18217],[-3.32458,51.18306],[-3.32625,51.18303],[-3.32708,51.18391],[-3.32875,51.18364]]},"properties":{"source":"emodnet_dtm_2024","level":2}},{"type":"Feature","geometry":{"type":"LineString","coordinates":[[-3.00133,51.22625],[-3.00208,51.22466],[-3.00468,51.22375],[-3.00468,51.22208],[-3.00885,51.21875],[-3.01042,51.21548],[-3.01208,51.21552],[-3.01292,51.21636],[-3.01708,51.21644],[-3.01792,51.2189],[-3.02958,51.21883],[-3.02958,51.21759],[-3.02708,51.21829],[-3.02125,51.21759],[-3.01962,51.21542],[-3.01991,51.21292],[-3.02125,51.21157],[-3.02396,51.21042],[-3.02465,51.20875],[-3.02731,51.20708],[-3.02958,51.20382],[-3.03208,51.20231],[-3.03299,51.20042],[-3.03542,51.19896],[-3.03715,51.19542],[-3.04062,51.19375],[-3.04219,51.19125],[-3.04792,51.18958],[-3.05,51.18542],[-3.04896,51.18458],[-3.04375,51.18472],[-3.04125,51.18785],[-3.03819,51.18958],[-3.03611,51.19208],[-3.03125,51.19236],[-3.02708,51.19375],[-3.02448,51.19875],[-3.02208,51.20048],[-3.01875,51.20125],[-3.01667,51.20458],[-3.01375,51.20625],[-3.0125,51.20875],[-3.01042,51.20958],[-3.00625,51.20972],[-3.00375,51.21343],[-3.00208,51.21389],[-2.99792,51.21389],[-2.99618,51.21708],[-2.99306,51.21875],[-2.99292,51.22292],[-2.99618,51.22458],[-2.99705,51.22625]]},"properties":{"source":"emodnet_dtm_2024","level":2}},{"type":"Feature","geometry":{"type":"LineString","coordinates":[[-3.49749,51.22625],[-3.49601,51.22542],[-3.49573,51.22458],[-3.49958,51.22384],[-3.50042,51.22297],[-3.50212,51.22292],[-3.49208,51.22277],[-3.49125,51.22337],[-3.48792,51.22293],[-3.48625,51.22152],[-3.48042,51.22001],[-3.47875,51.21841],[-3.47792,51.21872],[-3.47708,51.21843],[-3.47625,51.21708],[-3.47542,51.21762],[-3.47001,51.21792],[-3.47159,51.22042],[-3.47042,51.22061],[-3.46708,51.2182],[-3.46458,51.21841],[-3.46292,51.21963],[-3.46042,51.2196],[-3.45875,51.21862],[-3.45375,51.21791],[-3.44125,51.21143],[-3.43958,51.21104],[-3.43792,51.20946],[-3.43625,51.20964],[-3.43375,51.20824],[-3.43105,51.20792],[-3.42594,51.20542],[-3.42542,51.20441],[-3.42375,51.20359],[-3.42125,51.20319],[-3.41958,51.20399],[-3.41374,51.20042],[-3.41292,51.19846],[-3.41208,51.19809],[-3.41042,51.1989],[-3.40958,51.19878],[-3.40882,51.19708],[-3.40673,51.19625],[-3.40458,51.19432],[-3.40125,51.19325],[-3.38851,51.19125],[-3.38375,51.18998],[-3.37625,51.18918],[-3.37542,51.18868],[-3.36708,51.18884],[-3.36542,51.18829],[-3.36292,51.1887],[-3.36125,51.18777],[-3.35375,51.18691],[-3.34958,51.18736],[-3.33875,51.18721],[-3.33726,51.18875],[-3.33542,51.18907],[-3.33406,51.19042],[-3.33042,51.19071],[-3.32792,51.18968],[-3.32542,51.18985],[-3.31849,51.18625],[-3.31708,51.18603],[-3.31375,51.18675],[-3.30292,51.1866],[-3.29958,51.18811],[-3.29625,51.18859],[-3.28542,51.18751],[-3.28125,51.18667],[-3.27958,51.18686],[-3.27708,51.18845],[-3.27042,51.18905],[-3.26542,51.1885],[-3.26355,51.18875],[-3.25875,51.1898],[-3.25708,51.19082],[-3.25125,51.19104],[-3.24208,51.19319],[-3.23958,51.19433],[-3.23542,51.19456],[-3.23375,51.19539],[-3.22668,51.19625],[-3.22292,51.1978],[-3.21875,51.19833],[-3.21292,51.20073],[-3.20449,51.20292],[-3.19958,51.20611],[-3.19698,51.20542],[-3.19542,51.20573],[-3.18958,51.20508],[-3.18125,51.2049],[-3.17042,51.20786],[-3.16625,51.20847],[-3.16125,51.21043],[-3.15958,51.21021],[-3.15105,51.21125],[-3.13708,51.21466],[-3.13375,51.21408],[-3.12875,51.21514],[-3.12125,51.21535],[-3.11708,51.21724],[-3.11458,51.21779],[-3.11292,51.21782],[-3.10792,51.21648],[-3.08966,51.22625]]},"properties":{"source":"emodnet_dtm_2024","level":2}},{"type":"Feature","geometry":{"type":"LineString","coordinates":[[-4.66292,51.18797],[-4.66292,51.18797]]},"properties":{"source":"emodnet_dtm_2024","level":2}},{"type":"Feature","geometry":{"type":"LineString","coordinates":[[-4.22958,51.18901],[-4.22958,51.18869],[-4.22958,51.18901]]},"properties":{"source":"emodnet_dtm_2024","level":2}},{"type":"Feature","geometry":{"type":"LineString","coordinates":[[-4.67708,51.1992],[-4.67663,51.19875],[-4.67792,51.19837],[-4.67843,51.19875],[-4.67708,51.1992]]},"properties":{"source":"emodnet_dtm_2024","level":2}},{"type":"Feature","geometry":{"type":"LineString","coordinates":[[-4.20458,51.19967],[-4.20407,51.19875],[-4.20488,51.19792],[-4.20488,51.19625],[-4.20542,51.1957],[-4.20708,51.19573],[-4.20787,51.19625],[-4.20736,51.19708],[-4.20458,51.19967]]},"properties":{"source":"emodnet_dtm_2024","level":2}},{"type":"Feature","geometry":{"type":"LineString","coordinates":[[-4.20125,51.20108],[-4.20125,51.19989],[-4.20292,51.19988],[-4.20367,51.20042],[-4.20292,51.20123],[-4.20125,51.20108]]},"properties":{"source":"emodnet_dtm_2024","level":2}},{"type":"Feature","geometry":{"type":"LineString","coordinates":[[-4.19708,51.20052],[-4.19708,51.20052]]},"properties":{"source":"emodnet_dtm_2024","level":2}},{"type":"Feature","geometry":{"type":"LineString","coordinates":[[-4.18792,51.20129],[-4.18729,51.20042],[-4.18792,51.19987],[-4.19125,51.19989],[-4.19208,51.20042],[-4.19125,51.20131],[-4.18792,51.20129]]},"properties":{"source":"emodnet_dtm_2024","level":2}},{"type":"Feature","geometry":{"type":"LineString","coordinates":[[-3.12375,51.20833],[-3.12292,51.20556],[-3.09125,51.2056],[-3.09125,51.20634],[-3.09542,51.20631],[-3.09625,51.20717],[-3.09875,51.20714],[-3.09958,51.20801],[-3.10792,51.20805],[-3.10875,51.20721],[-3.11708,51.20715],[-3.11792,51.20802],[-3.12042,51.20802],[-3.12199,51.20958],[-3.12208,51.21051],[-3.12375,51.2105],[-3.12458,51.21135],[-3.12542,51.21134],[-3.12625,51.21048],[-3.13465,51.21042],[-3.12625,51.2099],[-3.12458,51.20938],[-3.12375,51.20833]]},"properties":{"source":"emodnet_dtm_2024","level":2}},{"type":"Feature","geometry":{"type":"LineString","coordinates":[[-4.03375,51.21179],[-4.03323,51.21125],[-4.03542,51.21054],[-4.04045,51.21125],[-4.03958,51.21204],[-4.03708,51.21183],[-4.03458,51.21227],[-4.03375,51.21179]]},"properties":{"source":"emodnet_dtm_2024","level":2}},{"type":"Feature","geometry":{"type":"LineString","coordinates":[[-4.03125,51.21196],[-4.03051,51.21125],[-4.03125,51.21049],[-4.03208,51.21049],[-4.0329,51.21125],[-4.03125,51.21196]]},"properties":{"source":"emodnet_dtm_2024","level":2}},{"type":"Feature","geometry":{"type":"LineString","coordinates":[[-4.05875,51.21256],[-4.05824,51.21208],[-4.05875,51.21147],[-4.05927,51.21208],[-4.05875,51.21256]]},"properties":{"source":"emodnet_dtm_2024","level":2}},{"type":"Feature","geometry":{"type":"LineString","coordinates":[[-4.02958,51.21667],[-4.02958,51.21588],[-4.02958,51.21667]]},"properties":{"source":"emodnet_dtm_2024","level":2}},{"type":"Feature","geometry":{"type":"LineString","coordinates":[[-4.08292,51.21738],[-4.08292,51.21692],[-4.08441,51.21708],[-4.08292,51.21738]]},"properties":{"source":"emodnet_dtm_2024","level":2}},{"type":"Feature","geometry":{"type":"LineString","coordinates":[[-4.07625,51.21714],[-4.07572,51.21625],[-4.07625,51.21563],[-4.07675,51.21625],[-4.07625,51.21714]]},"properties":{"source":"emodnet_dtm_2024","level":2}},{"type":"Feature","geometry":{"type":"LineString","coordinates":[[-4.02708,51.21716],[-4.02822,51.21708],[-4.02708,51.21716]]},"properties":{"source":"emodnet_dtm_2024","level":2}},{"type":"Feature","geometry":{"type":"LineString","coordinates":[[-4.02458,51.21728],[-4.02208,51.21749],[-4.02102,51.21708],[-4.02208,51.21563],[-4.02375,51.21559],[-4.02458,51.21728]]},"properties":{"source":"emodnet_dtm_2024","level":2}},{"type":"Feature","geometry":{"type":"LineString","coordinates":[[-4.01292,51.21799],[-4.01375,51.21775],[-4.01458,51.21636],[-4.01708,51.21665],[-4.01792,51.21765],[-4.01875,51.21667],[-4.02005,51.21708],[-4.01958,51.21792],[-4.01792,51.21831],[-4.01542,51.21849],[-4.01292,51.21799]]},"properties":{"source":"emodnet_dtm_2024","level":2}},{"type":"Feature","geometry":{"type":"LineString","coordinates":[[-4.00375,51.22036],[-4.00303,51.21958],[-4.00375,51.21882],[-4.00458,51.21893],[-4.00464,51.21792],[-4.00625,51.21632],[-4.01125,51.2164],[-4.01189,51.21708],[-4.01125,51.21785],[-4.00875,51.21817],[-4.00375,51.22036]]},"properties":{"source":"emodnet_dtm_2024","level":2}},{"type":"Feature","geometry":{"type":"LineString","coordinates":[[-3.64867,51.22625],[-3.64234,51.22542],[-3.64375,51.22449],[-3.64625,51.22436],[-3.64708,51.22482],[-3.64875,51.22391],[-3.64958,51.22483],[-3.65042,51.22385],[-3.65375,51.22382],[-3.65458,51.22477],[-3.66042,51.22463],[-3.66044,51.22292],[-3.63625,51.22278],[-3.63555,51.22208],[-3.63542,51.21873],[-3.62458,51.2187],[-3.62542,51.21998],[-3.62625,51.2199],[-3.62708,51.22122],[-3.62792,51.22121],[-3.6289,51.22208],[-3.62875,51.22312],[-3.62625,51.2216],[-3.62421,51.22125],[-3.62286,51.22042],[-3.61792,51.22018],[-3.61375,51.2223],[-3.60708,51.22358],[-3.59958,51.22383],[-3.59208,51.22512],[-3.58879,51.22625]]},"properties":{"source":"emodnet_dtm_2024","level":2}},{"type":"Feature","geometry":{"type":"LineString","coordinates":[[-3.01716,51.22625],[-3.01716,51.22542],[-3.01551,51.22458],[-3.01552,51.22375],[-3.0139,51.22292],[-3.01375,51.22191],[-3.01281,51.22625]]},"properties":{"source":"emodnet_dtm_2024","level":2}},{"type":"Feature","geometry":{"type":"LineString","coordinates":[[-3.63273,51.22625],[-3.63027,51.22458],[-3.63292,51.22422],[-3.63375,51.22309],[-3.63792,51.22327],[-3.63958,51.22389],[-3.64125,51.22372],[-3.64162,51.22458],[-3.64046,51.22625]]},"properties":{"source":"emodnet_dtm_2024","level":2}},{"type":"Feature","geometry":{"type":"LineString","coordinates":[[-4.38369,47.81708],[-4.38292,47.81751],[-4.38292,47.81688],[-4.38369,47.81708]]},"properties":{"source":"emodnet_dtm_2024","level":2}},{"type":"Feature","geometry":{"type":"LineString","coordinates":[[-4.38226,47.81958],[-4.38125,47.82117],[-4.38125,47.81769],[-4.3825,47.81792],[-4.38226,47.81958]]},"properties":{"source":"emodnet_dtm_2024","level":2}},{"type":"Feature","geometry":{"type":"LineString","coordinates":[[-3.87877,47.81958],[-3.87877,47.81958]]},"properties":{"source":"emodnet_dtm_2024","level":2}},{"type":"Feature","geometry":{"type":"LineString","coordinates":[[-4.38117,47.82125],[-4.38024,47.82125],[-4.38117,47.82125]]},"properties":{"source":"emodnet_dtm_2024","level":2}},{"type":"Feature","geometry":{"type":"LineString","coordinates":[[-4.37979,47.82208],[-4.37875,47.82274],[-4.37875,47.82185],[-4.37979,47.82208]]},"properties":{"source":"emodnet_dtm_2024","level":2}},{"type":"Feature","geometry":{"type":"LineString","coordinates":[[-3.65958,47.82208],[-3.65875,47.82375],[-3.65958,47.82375],[-3.65958,47.82208]]},"properties":{"source":"emodnet_dtm_2024","level":2}},{"type":"Feature","geometry":{"type":"LineString","coordinates":[[-4.37852,47.82292],[-4.37708,47.82421],[-4.37708,47.82274],[-4.37852,47.82292]]},"properties":{"source":"emodnet_dtm_2024","level":2}},{"type":"Feature","geometry":{"type":"LineString","coordinates":[[-4.37499,47.82542],[-4.37208,47.82599],[-4.37171,47.82542],[-4.37208,47.82488],[-4.37499,47.82542]]},"properties":{"source":"emodnet_dtm_2024","level":2}},{"type":"Feature","geometry":{"type":"LineString","coordinates":[[-4.35625,47.82708],[-4.35465,47.82792],[-4.35708,47.82831],[-4.35708,47.82672],[-4.35625,47.82708]]},"properties":{"source":"emodnet_dtm_2024","level":2}},{"type":"Feature","geometry":{"type":"LineString","coordinates":[[-4.36805,47.82792],[-4.36792,47.82821],[-4.36747,47.82542],[-4.36792,47.82478],[-4.36805,47.82792]]},"properties":{"source":"emodnet_dtm_2024","level":2}},{"type":"Feature","geometry":{"type":"LineString","coordinates":[[-3.74708,47.83458],[-3.74625,47.83625],[-3.74708,47.83625],[-3.74708,47.83458]]},"properties":{"source":"emodnet_dtm_2024","level":2}},{"type":"Feature","geometry":{"type":"LineString","coordinates":[[-3.90708,47.83875],[-3.90625,47.83906],[-3.90558,47.83875],[-3.90708,47.83875]]},"properties":{"source":"emodnet_dtm_2024","level":2}},{"type":"Feature","geometry":{"type":"LineString","coordinates":[[-3.90982,47.87375],[-3.90958,47.87461],[-3.91214,47.87458],[-3.91239,47.87375],[-3.90982,47.87375]]},"properties":{"source":"emodnet_dtm_2024","level":2}},{"type":"Feature","geometry":{"type":"LineString","coordinates":[[-4.09292,47.94208],[-4.09208,47.94375],[-4.09292,47.94375],[-4.09375,47.94208],[-4.09458,47.94208],[-4.09292,47.94208]]},"properties":{"source":"emodnet_dtm_2024","level":2}},{"type":"Feature","geometry":{"type":"LineString","coordinates":[[-4.08875,47.94625],[-4.08792,47.94792],[-4.08875,47.94792],[-4.08875,47.94625]]},"properties":{"source":"emodnet_dtm_2024","level":2}},{"type":"Feature","geometry":{"type":"LineString","coordinates":[[-4.6243,48.01958],[-4.62375,48.01989],[-4.62246,48.01958],[-4.6243,48.01958]]},"properties":{"source":"emodnet_dtm_2024","level":2}},{"type":"Feature","geometry":{"type":"LineString","coordinates":[[-4.47819,48.09458],[-4.47708,48.09567],[-4.47708,48.09417],[-4.47819,48.09458]]},"properties":{"source":"emodnet_dtm_2024","level":2}},{"type":"Feature","geometry":{"type":"LineString","coordinates":[[-4.33995,48.10292],[-4.33958,48.10319],[-4.33958,48.10262],[-4.33995,48.10292]]},"properties":{"source":"emodnet_dtm_2024","level":2}},{"type":"Feature","geometry":{"type":"LineString","coordinates":[[-4.56383,48.19625],[-4.56383,48.19625]]},"properties":{"source":"emodnet_dtm_2024","level":2}},{"type":"Feature","geometry":{"type":"LineString","coordinates":[[-4.61627,48.26042],[-4.61625,48.25951],[-4.61627,48.26042]]},"properties":{"source":"emodnet_dtm_2024","level":2}},{"type":"Feature","geometry":{"type":"LineString","coordinates":[[-4.57647,48.27708],[-4.57625,48.279],[-4.57708,48.27837],[-4.57792,48.27846],[-4.57875,48.27755],[-4.58042,48.27781],[-4.58086,48.27708],[-4.58042,48.27652],[-4.57647,48.27708]]},"properties":{"source":"emodnet_dtm_2024","level":2}},{"type":"Feature","geometry":{"type":"LineString","coordinates":[[-4.22917,48.28958],[-4.22867,48.29125],[-4.22958,48.29147],[-4.23375,48.29174],[-4.23458,48.29083],[-4.23804,48.29042],[-4.23792,48.28924],[-4.22917,48.28958]]},"properties":{"source":"emodnet_dtm_2024","level":2}},{"type":"Feature","geometry":{"type":"LineString","coordinates":[[-4.53964,48.30292],[-4.53875,48.30389],[-4.53875,48.30228],[-4.53964,48.30292]]},"properties":{"source":"emodnet_dtm_2024","level":2}},{"type":"Feature","geometry":{"type":"LineString","coordinates":[[-4.53247,48.30542],[-4.53125,48.30678],[-4.53072,48.30458],[-4.53125,48.30403],[-4.53272,48.30458],[-4.53247,48.30542]]},"properties":{"source":"emodnet_dtm_2024","level":2}},{"type":"Feature","geometry":{"type":"LineString","coordinates":[[-4.83316,48.31958],[-4.83292,48.32],[-4.83238,48.31958],[-4.83316,48.31958]]},"properties":{"source":"emodnet_dtm_2024","level":2}},{"type":"Feature","geometry":{"type":"LineString","coordinates":[[-4.76408,48.32458],[-4.76375,48.32486],[-4.76375,48.32417],[-4.76408,48.32458]]},"properties":{"source":"emodnet_dtm_2024","level":2}},{"type":"Feature","geometry":{"type":"LineString","coordinates":[[-4.41842,48.32458],[-4.41754,48.32458],[-4.41792,48.32425],[-4.41842,48.32458]]},"properties":{"source":"emodnet_dtm_2024","level":2}},{"type":"Feature","geometry":{"type":"LineString","coordinates":[[-4.40799,48.33792],[-4.40542,48.33928],[-4.4036,48.33958],[-4.41054,48.33958],[-4.41042,48.33745],[-4.40799,48.33792]]},"properties":{"source":"emodnet_dtm_2024","level":2}},{"type":"Feature","geometry":{"type":"LineString","coordinates":[[-4.44567,48.34958],[-4.44542,48.3484],[-4.44567,48.34958]]},"properties":{"source":"emodnet_dtm_2024","level":2}},{"type":"Feature","geometry":{"type":"LineString","coordinates":[[-4.43038,48.36375],[-4.42708,48.36448],[-4.42708,48.36558],[-4.42875,48.36572],[-4.42958,48.36475],[-4.43042,48.36487],[-4.43038,48.36375]]},"properties":{"source":"emodnet_dtm_2024","level":2}},{"type":"Feature","geometry":{"type":"LineString","coordinates":[[-4.90452,48.37125],[-4.90375,48.37203],[-4.90104,48.37208],[-4.90169,48.37375],[-4.90375,48.37338],[-4.90542,48.37187],[-4.90542,48.37119],[-4.90452,48.37125]]},"properties":{"source":"emodnet_dtm_2024","level":2}},{"type":"Feature","geometry":{"type":"LineString","coordinates":[[-5.01847,48.42208],[-5.01708,48.42374],[-5.01684,48.42208],[-5.01847,48.42208]]},"properties":{"source":"emodnet_dtm_2024","level":2}},{"type":"Feature","geometry":{"type":"LineString","coordinates":[[-4.29958,48.42458],[-4.29708,48.42625],[-4.29625,48.42792],[-4.29875,48.42708],[-4.29958,48.42458]]},"properties":{"source":"emodnet_dtm_2024","level":2}},{"type":"Feature","geometry":{"type":"LineString","coordinates":[[-5.09242,48.43542],[-5.09208,48.43607],[-5.09208,48.43437],[-5.09242,48.43542]]},"properties":{"source":"emodnet_dtm_2024","level":2}},{"type":"Feature","geometry":{"type":"LineString","coordinates":[[-5.11616,48.44042],[-5.11458,48.44135],[-5.11458,48.44024],[-5.11616,48.44042]]},"properties":{"source":"emodnet_dtm_2024","level":2}},{"type":"Feature","geometry":{"type":"LineString","coordinates":[[-4.78242,48.44458],[-4.78192,48.44542],[-4.78292,48.4456],[-4.78309,48.44458],[-4.78242,48.44458]]},"properties":{"source":"emodnet_dtm_2024","level":2}},{"type":"Feature","geometry":{"type":"LineString","coordinates":[[-5.11795,48.44542],[-5.11795,48.44542]]},"properties":{"source":"emodnet_dtm_2024","level":2}},{"type":"Feature","geometry":{"type":"LineString","coordinates":[[-5.14465,48.44875],[-5.14468,48.45042],[-5.14292,48.4523],[-5.1421,48.45208],[-5.14241,48.45042],[-5.14375,48.4484],[-5.14465,48.44875]]},"properties":{"source":"emodnet_dtm_2024","level":2}},{"type":"Feature","geometry":{"type":"LineString","coordinates":[[-4.77727,48.45125],[-4.77676,48.45208],[-4.77792,48.45237],[-4.77792,48.45074],[-4.77727,48.45125]]},"properties":{"source":"emodnet_dtm_2024","level":2}},{"type":"Feature","geometry":{"type":"LineString","coordinates":[[-4.77847,48.50208],[-4.77682,48.50292],[-4.77708,48.50494],[-4.77792,48.50506],[-4.77913,48.50375],[-4.77958,48.50148],[-4.77875,48.50146],[-4.77847,48.50208]]},"properties":{"source":"emodnet_dtm_2024","level":2}},{"type":"Feature","geometry":{"type":"LineString","coordinates":[[-4.77878,48.52958],[-4.77792,48.53022],[-4.77708,48.53016],[-4.77679,48.52958],[-4.77708,48.52928],[-4.77878,48.52958]]},"properties":{"source":"emodnet_dtm_2024","level":2}},{"type":"Feature","geometry":{"type":"LineString","coordinates":[[-4.76222,48.52958],[-4.75972,48.53125],[-4.76375,48.53171],[-4.76423,48.52958],[-4.76292,48.52889],[-4.76222,48.52958]]},"properties":{"source":"emodnet_dtm_2024","level":2}},{"type":"Feature","geometry":{"type":"LineString","coordinates":[[-4.75088,48.54458],[-4.75042,48.54525],[-4.75028,48.54458],[-4.75088,48.54458]]},"properties":{"source":"emodnet_dtm_2024","level":2}},{"type":"Feature","geometry":{"type":"LineString","coordinates":[[-4.74749,48.56708],[-4.74708,48.56755],[-4.74681,48.56708],[-4.74749,48.56708]]},"properties":{"source":"emodnet_dtm_2024","level":2}},{"type":"Feature","geometry":{"type":"LineString","coordinates":[[-4.70225,48.57208],[-4.70101,48.57292],[-4.70292,48.57342],[-4.70339,48.57208],[-4.70292,48.57173],[-4.70225,48.57208]]},"properties":{"source":"emodnet_dtm_2024","level":2}},{"type":"Feature","geometry":{"type":"LineString","coordinates":[[-4.60967,48.60125],[-4.60958,48.60208],[-4.61125,48.60226],[-4.61125,48.6003],[-4.60974,48.60042],[-4.60967,48.60125]]},"properties":{"source":"emodnet_dtm_2024","level":2}},{"type":"Feature","geometry":{"type":"LineString","coordinates":[[-4.58949,48.62958],[-4.58875,48.63007],[-4.58772,48.62958],[-4.58875,48.62908],[-4.58949,48.62958]]},"properties":{"source":"emodnet_dtm_2024","level":2}},{"type":"Feature","geometry":{"type":"LineString","coordinates":[[-4.51,48.63125],[-4.50958,48.63159],[-4.50919,48.63125],[-4.50958,48.62902],[-4.51,48.63125]]},"properties":{"source":"emodnet_dtm_2024","level":2}},{"type":"Feature","geometry":{"type":"LineString","coordinates":[[-4.54643,48.63375],[-4.54549,48.63542],[-4.54708,48.63596],[-4.5476,48.63542],[-4.54708,48.63308],[-4.54643,48.63375]]},"properties":{"source":"emodnet_dtm_2024","level":2}},{"type":"Feature","geometry":{"type":"LineString","coordinates":[[-4.28588,48.64708],[-4.28458,48.64792],[-4.28437,48.64875],[-4.28542,48.64808],[-4.28809,48.64792],[-4.28792,48.64695],[-4.28588,48.64708]]},"properties":{"source":"emodnet_dtm_2024","level":2}},{"type":"Feature","geometry":{"type":"LineString","coordinates":[[-4.27694,48.65208],[-4.27625,48.65308],[-4.27875,48.65312],[-4.27875,48.65141],[-4.27708,48.65149],[-4.27694,48.65208]]},"properties":{"source":"emodnet_dtm_2024","level":2}},{"type":"Feature","geometry":{"type":"LineString","coordinates":[[-4.27188,48.65292],[-4.27101,48.65375],[-4.27125,48.65482],[-4.27224,48.65375],[-4.27188,48.65292]]},"properties":{"source":"emodnet_dtm_2024","level":2}},{"type":"Feature","geometry":{"type":"LineString","coordinates":[[-4.44644,48.65875],[-4.44625,48.65939],[-4.44644,48.65875]]},"properties":{"source":"emodnet_dtm_2024","level":2}},{"type":"Feature","geometry":{"type":"LineString","coordinates":[[-4.37402,48.66792],[-4.37344,48.66875],[-4.37458,48.66909],[-4.37458,48.66732],[-4.37402,48.66792]]},"properties":{"source":"emodnet_dtm_2024","level":2}},{"type":"Feature","geometry":{"type":"LineString","coordinates":[[-3.65143,48.67125],[-3.65042,48.67227],[-3.64583,48.67292],[-3.64375,48.675],[-3.64366,48.67542],[-3.64458,48.67545],[-3.64535,48.67625],[-3.64625,48.67802],[-3.64708,48.67801],[-3.64792,48.67886],[-3.6485,48.67375],[-3.65216,48.67292],[-3.65208,48.66853],[-3.65143,48.67125]]},"properties":{"source":"emodnet_dtm_2024","level":2}},{"type":"Feature","geometry":{"type":"LineString","coordinates":[[-4.20825,48.67792],[-4.20792,48.67824],[-4.20792,48.67768],[-4.20825,48.67792]]},"properties":{"source":"emodnet_dtm_2024","level":2}},{"type":"Feature","geometry":{"type":"LineString","coordinates":[[-3.88074,48.67875],[-3.88014,48.67875],[-3.88074,48.67875]]},"properties":{"source":"emodnet_dtm_2024","level":2}},{"type":"Feature","geometry":{"type":"LineString","coordinates":[[-4.18681,48.68542],[-4.18557,48.68625],[-4.18792,48.68656],[-4.18792,48.68474],[-4.18681,48.68542]]},"properties":{"source":"emodnet_dtm_2024","level":2}},{"type":"Feature","geometry":{"type":"LineString","coordinates":[[-4.05145,48.71958],[-4.05145,48.71958]]},"properties":{"source":"emodnet_dtm_2024","level":2}},{"type":"Feature","geometry":{"type":"LineString","coordinates":[[-4.04732,48.72375],[-4.04708,48.72427],[-4.04732,48.72375]]},"properties":{"source":"emodnet_dtm_2024","level":2}},{"type":"Feature","geometry":{"type":"LineString","coordinates":[[-4.03067,48.75375],[-4.02958,48.75414],[-4.02919,48.75375],[-4.02958,48.75224],[-4.03042,48.75228],[-4.03067,48.75375]]},"properties":{"source":"emodnet_dtm_2024","level":2}},{"type":"Feature","geometry":{"type":"LineString","coordinates":[[-3.01449,48.77875],[-3.01375,48.77949],[-3.00958,48.77935],[-3.0086,48.78042],[-3.00958,48.7823],[-3.01042,48.78145],[-3.01292,48.78137],[-3.01375,48.78223],[-3.01477,48.78125],[-3.01506,48.77875],[-3.01449,48.77875]]},"properties":{"source":"emodnet_dtm_2024","level":2}},{"type":"Feature","geometry":{"type":"LineString","coordinates":[[-3.58937,48.78708],[-3.58826,48.78792],[-3.58948,48.78875],[-3.58958,48.78981],[-3.59042,48.78991],[-3.59088,48.78708],[-3.59042,48.78401],[-3.58916,48.78458],[-3.58937,48.78708]]},"properties":{"source":"emodnet_dtm_2024","level":2}},{"type":"Feature","geometry":{"type":"LineString","coordinates":[[-3.09401,48.79542],[-3.09401,48.79542]]},"properties":{"source":"emodnet_dtm_2024","level":2}},{"type":"Feature","geometry":{"type":"LineString","coordinates":[[-3.09322,48.79625],[-3.09292,48.79653],[-3.09322,48.79625]]},"properties":{"source":"emodnet_dtm_2024","level":2}},{"type":"Feature","geometry":{"type":"LineString","coordinates":[[-3.21585,48.80125],[-3.21542,48.80188],[-3.21458,48.80162],[-3.21404,48.80208],[-3.21458,48.80309],[-3.21669,48.80208],[-3.21655,48.80125],[-3.21585,48.80125]]},"properties":{"source":"emodnet_dtm_2024","level":2}},{"type":"Feature","geometry":{"type":"LineString","coordinates":[[-3.54624,48.80458],[-3.54525,48.80625],[-3.54625,48.80705],[-3.54708,48.80699],[-3.54714,48.80458],[-3.54624,48.80458]]},"properties":{"source":"emodnet_dtm_2024","level":2}},{"type":"Feature","geometry":{"type":"LineString","coordinates":[[-2.98275,48.80625],[-2.98095,48.80708],[-2.98125,48.80742],[-2.98292,48.80729],[-2.98385,48.80625],[-2.98375,48.8044],[-2.98263,48.80458],[-2.98275,48.80625]]},"properties":{"source":"emodnet_dtm_2024","level":2}},{"type":"Feature","geometry":{"type":"LineString","coordinates":[[-3.20796,48.81125],[-3.20796,48.81125]]},"properties":{"source":"emodnet_dtm_2024","level":2}},{"type":"Feature","geometry":{"type":"LineString","coordinates":[[-3.20716,48.81208],[-3.2062,48.81208],[-3.20716,48.81208]]},"properties":{"source":"emodnet_dtm_2024","level":2}},{"type":"Feature","geometry":{"type":"LineString","coordinates":[[-3.0086,48.81625],[-3.00768,48.81708],[-3.00767,48.81958],[-3.00958,48.8198],[-3.01042,48.82072],[-3.01061,48.81625],[-3.0086,48.81625]]},"properties":{"source":"emodnet_dtm_2024","level":2}},{"type":"Feature","geometry":{"type":"LineString","coordinates":[[-3.01824,48.83375],[-3.01792,48.83415],[-3.01664,48.83375],[-3.01792,48.83312],[-3.01824,48.83375]]},"properties":{"source":"emodnet_dtm_2024","level":2}},{"type":"Feature","geometry":{"type":"LineString","coordinates":[[-3.48611,48.83625],[-3.4853,48.83625],[-3.48611,48.83625]]},"properties":{"source":"emodnet_dtm_2024","level":2}},{"type":"Feature","geometry":{"type":"LineString","coordinates":[[-3.09194,48.83625],[-3.09125,48.83694],[-3.08776,48.83708],[-3.08861,48.83792],[-3.08859,48.84042],[-3.08792,48.84109],[-3.08708,48.84109],[-3.08625,48.84279],[-3.08444,48.84292],[-3.0828,48.84625],[-3.08282,48.84792],[-3.08542,48.8505],[-3.08625,48.8505],[-3.087,48.85125],[-3.087,48.85292],[-3.08784,48.85375],[-3.087,48.85458],[-3.08708,48.85634],[-3.08792,48.85688],[-3.09208,48.85692],[-3.09375,48.85764],[-3.09412,48.84542],[-3.09542,48.84412],[-3.09802,48.84375],[-3.09804,48.83542],[-3.09208,48.8351],[-3.09194,48.83625]]},"properties":{"source":"emodnet_dtm_2024","level":2}},{"type":"Feature","geometry":{"type":"LineString","coordinates":[[-3.07951,48.84625],[-3.07875,48.84701],[-3.07708,48.84702],[-3.07708,48.84881],[-3.07875,48.8488],[-3.07958,48.84798],[-3.08052,48.84792],[-3.08053,48.84625],[-3.07951,48.84625]]},"properties":{"source":"emodnet_dtm_2024","level":2}},{"type":"Feature","geometry":{"type":"LineString","coordinates":[[-3.02674,48.84625],[-3.02592,48.84792],[-3.02708,48.84926],[-3.02792,48.84938],[-3.02829,48.84625],[-3.02919,48.84542],[-3.02708,48.84508],[-3.02674,48.84625]]},"properties":{"source":"emodnet_dtm_2024","level":2}},{"type":"Feature","geometry":{"type":"LineString","coordinates":[[-3.25781,48.84708],[-3.25583,48.84792],[-3.25792,48.848],[-3.25781,48.84708]]},"properties":{"source":"emodnet_dtm_2024","level":2}},{"type":"Feature","geometry":{"type":"LineString","coordinates":[[-3.02282,48.84792],[-3.02196,48.84875],[-3.02292,48.84983],[-3.02375,48.8499],[-3.0239,48.84625],[-3.02125,48.84619],[-3.02283,48.84708],[-3.02282,48.84792]]},"properties":{"source":"emodnet_dtm_2024","level":2}},{"type":"Feature","geometry":{"type":"LineString","coordinates":[[-3.30863,48.85292],[-3.30792,48.85395],[-3.30894,48.85375],[-3.30863,48.85292]]},"properties":{"source":"emodnet_dtm_2024","level":2}},{"type":"Feature","geometry":{"type":"LineString","coordinates":[[-3.63314,48.87542],[-3.63213,48.87542],[-3.63292,48.87488],[-3.63314,48.87542]]},"properties":{"source":"emodnet_dtm_2024","level":2}},{"type":"Feature","geometry":{"type":"LineString","coordinates":[[-3.04589,48.89042],[-3.04332,48.89125],[-3.04375,48.89241],[-3.04542,48.8923],[-3.04625,48.8915],[-3.04708,48.89146],[-3.04708,48.89016],[-3.04589,48.89042]]},"properties":{"source":"emodnet_dtm_2024","level":2}},{"type":"Feature","geometry":{"type":"LineString","coordinates":[[-3.05353,48.89125],[-3.05208,48.89182],[-3.05208,48.89242],[-3.05375,48.89239],[-3.05476,48.89125],[-3.05353,48.89125]]},"properties":{"source":"emodnet_dtm_2024","level":2}},{"type":"Feature","geometry":{"type":"LineString","coordinates":[[-6.4189,49.87875],[-6.41792,49.87908],[-6.41875,49.87787],[-6.4189,49.87875]]},"properties":{"source":"emodnet_dtm_2024","level":2}},{"type":"Feature","geometry":{"type":"LineString","coordinates":[[-6.33748,49.94375],[-6.33697,49.94458],[-6.33935,49.94458],[-6.33906,49.94375],[-6.33748,49.94375]]},"properties":{"source":"emodnet_dtm_2024","level":2}},{"type":"Feature","geometry":{"type":"LineString","coordinates":[[-6.30216,49.97792],[-6.30208,49.97854],[-6.30216,49.97792]]},"properties":{"source":"emodnet_dtm_2024","level":2}},{"type":"Feature","geometry":{"type":"LineString","coordinates":[[-4.99542,50.17292],[-4.99458,50.17375],[-4.99375,50.17375],[-4.99375,50.17542],[-4.99458,50.17542],[-4.99542,50.17375],[-4.99542,50.17208],[-4.99542,50.17292]]},"properties":{"source":"emodnet_dtm_2024","level":2}},{"type":"Feature","geometry":{"type":"LineString","coordinates":[[-5.05967,50.19708],[-5.05875,50.19877],[-5.05993,50.19875],[-5.06134,50.19625],[-5.05875,50.19516],[-5.05875,50.19633],[-5.05958,50.19622],[-5.05967,50.19708]]},"properties":{"source":"emodnet_dtm_2024","level":2}},{"type":"Feature","geometry":{"type":"LineString","coordinates":[[-5.06625,50.20458],[-5.06542,50.20542],[-5.06458,50.20542],[-5.06458,50.20625],[-5.06542,50.20625],[-5.06625,50.20708],[-5.06625,50.20542],[-5.06875,50.20375],[-5.06958,50.20375],[-5.06625,50.20375],[-5.06625,50.20458]]},"properties":{"source":"emodnet_dtm_2024","level":2}},{"type":"Feature","geometry":{"type":"LineString","coordinates":[[-5.0297,50.20792],[-5.02958,50.20875],[-5.02708,50.20954],[-5.02708,50.20845],[-5.02958,50.20875],[-5.0297,50.20792]]},"properties":{"source":"emodnet_dtm_2024","level":2}},{"type":"Feature","geometry":{"type":"LineString","coordinates":[[-4.98792,50.22542],[-4.98708,50.22625],[-4.98458,50.22625],[-4.98458,50.22708],[-4.98792,50.22708],[-4.98875,50.22542],[-4.99042,50.22542],[-4.98792,50.22542]]},"properties":{"source":"emodnet_dtm_2024","level":2}},{"type":"Feature","geometry":{"type":"LineString","coordinates":[[-5.01625,50.24792],[-5.01542,50.24875],[-5.01375,50.24875],[-5.01625,50.24875],[-5.01708,50.24792],[-5.01792,50.24792],[-5.01792,50.24708],[-5.01625,50.24708],[-5.01625,50.24792]]},"properties":{"source":"emodnet_dtm_2024","level":2}},{"type":"Feature","geometry":{"type":"LineString","coordinates":[[-5.00958,50.25042],[-5.00875,50.25125],[-5.00958,50.25292],[-5.00958,50.25042]]},"properties":{"source":"emodnet_dtm_2024","level":2}},{"type":"Feature","geometry":{"type":"LineString","coordinates":[[-5.27881,50.27375],[-5.27881,50.27375]]},"properties":{"source":"emodnet_dtm_2024","level":2}},{"type":"Feature","geometry":{"type":"LineString","coordinates":[[-4.19763,50.35208],[-4.19521,50.35375],[-4.19601,50.35458],[-4.19625,50.35905],[-4.19848,50.35875],[-4.19792,50.35149],[-4.19763,50.35208]]},"properties":{"source":"emodnet_dtm_2024","level":2}},{"type":"Feature","geometry":{"type":"LineString","coordinates":[[-4.45792,50.36042],[-4.45708,50.36125],[-4.45625,50.36125],[-4.45625,50.36208],[-4.45708,50.36208],[-4.45792,50.36125],[-4.45792,50.35958],[-4.45708,50.35875],[-4.45792,50.35875],[-4.45792,50.36042]]},"properties":{"source":"emodnet_dtm_2024","level":2}},{"type":"Feature","geometry":{"type":"LineString","coordinates":[[-4.21774,50.36042],[-4.2168,50.36125],[-4.21708,50.36249],[-4.22024,50.36208],[-4.22292,50.36101],[-4.22309,50.36042],[-4.21774,50.36042]]},"properties":{"source":"emodnet_dtm_2024","level":2}},{"type":"Feature","geometry":{"type":"LineString","coordinates":[[-4.19321,50.37125],[-4.19214,50.37125],[-4.19321,50.37125]]},"properties":{"source":"emodnet_dtm_2024","level":2}},{"type":"Feature","geometry":{"type":"LineString","coordinates":[[-4.63458,50.37375],[-4.63375,50.37458],[-4.63458,50.37542],[-4.63458,50.37208],[-4.63458,50.37375]]},"properties":{"source":"emodnet_dtm_2024","level":2}},{"type":"Feature","geometry":{"type":"LineString","coordinates":[[-4.28958,50.39208],[-4.28875,50.39292],[-4.28792,50.39292],[-4.28792,50.39375],[-4.29042,50.39375],[-4.29042,50.39125],[-4.28958,50.39125],[-4.28958,50.39208]]},"properties":{"source":"emodnet_dtm_2024","level":2}},{"type":"Feature","geometry":{"type":"LineString","coordinates":[[-4.20293,50.40458],[-4.20163,50.40458],[-4.20208,50.40416],[-4.20293,50.40458]]},"properties":{"source":"emodnet_dtm_2024","level":2}},{"type":"Feature","geometry":{"type":"LineString","coordinates":[[-5.04793,50.44708],[-5.04709,50.44792],[-5.04708,50.45209],[-5.04542,50.45322],[-5.04486,50.44792],[-5.04529,50.44708],[-5.04625,50.44687],[-5.04674,50.44542],[-5.04792,50.44494],[-5.04855,50.44542],[-5.04793,50.44708]]},"properties":{"source":"emodnet_dtm_2024","level":2}},{"type":"Feature","geometry":{"type":"LineString","coordinates":[[-4.23125,50.46875],[-4.22875,50.47042],[-4.22708,50.47042],[-4.22958,50.47042],[-4.23042,50.46958],[-4.23208,50.46958],[-4.23292,50.46875],[-4.23375,50.46875],[-4.23375,50.46792],[-4.23125,50.46792],[-4.23125,50.46875]]},"properties":{"source":"emodnet_dtm_2024","level":2}},{"type":"Feature","geometry":{"type":"LineString","coordinates":[[-3.46207,50.65875],[-3.46114,50.65958],[-3.46208,50.66],[-3.46207,50.65875]]},"properties":{"source":"emodnet_dtm_2024","level":2}},{"type":"Feature","geometry":{"type":"LineString","coordinates":[[-4.18625,51.07208],[-4.18542,51.07292],[-4.18542,51.07458],[-4.18625,51.07208]]},"properties":{"source":"emodnet_dtm_2024","level":2}},{"type":"Feature","geometry":{"type":"LineString","coordinates":[[-3.19722,51.20042],[-3.19542,51.20162],[-3.18534,51.20208],[-3.18792,51.20221],[-3.18875,51.20314],[-3.18958,51.20315],[-3.19208,51.20304],[-3.19292,51.20214],[-3.19958,51.20214],[-3.20042,51.20046],[-3.20292,51.20047],[-3.20375,51.19964],[-3.20542,51.19965],[-3.20625,51.19882],[-3.20792,51.19881],[-3.20958,51.19769],[-3.19792,51.1976],[-3.19722,51.20042]]},"properties":{"source":"emodnet_dtm_2024","level":2}},{"type":"Feature","geometry":{"type":"LineString","coordinates":[[-3.04717,51.20708],[-3.04643,51.20875],[-3.04792,51.20799],[-3.04958,51.20799],[-3.05208,51.20632],[-3.05375,51.20633],[-3.05375,51.20562],[-3.04792,51.20542],[-3.04717,51.20708]]},"properties":{"source":"emodnet_dtm_2024","level":2}},{"type":"Feature","geometry":{"type":"LineString","coordinates":[[-3.04494,51.20958],[-3.03958,51.20982],[-3.03785,51.21292],[-3.03875,51.21296],[-3.03958,51.21216],[-3.04125,51.21216],[-3.04375,51.21049],[-3.04542,51.21049],[-3.04542,51.20942],[-3.04494,51.20958]]},"properties":{"source":"emodnet_dtm_2024","level":2}},{"type":"Feature","geometry":{"type":"LineString","coordinates":[[-3.03611,51.21375],[-3.03125,51.21389],[-3.03009,51.21708],[-3.03208,51.21716],[-3.03458,51.2155],[-3.03625,51.21549],[-3.03716,51.21458],[-3.03708,51.21343],[-3.03611,51.21375]]},"properties":{"source":"emodnet_dtm_2024","level":2}},{"type":"Feature","geometry":{"type":"LineString","coordinates":[[-3.60786,51.21875],[-3.60708,51.21937],[-3.60542,51.21903],[-3.60417,51.21958],[-3.60958,51.21977],[-3.61042,51.21888],[-3.61304,51.21875],[-3.61292,51.21828],[-3.61042,51.21815],[-3.60786,51.21875]]},"properties":{"source":"emodnet_dtm_2024","level":2}},{"type":"Feature","geometry":{"type":"LineString","coordinates":[[-3.59275,51.22042],[-3.58958,51.2224],[-3.58886,51.22375],[-3.58958,51.22426],[-3.59208,51.2235],[-3.59292,51.22162],[-3.59625,51.22164],[-3.59708,51.22059],[-3.60019,51.22042],[-3.59708,51.22003],[-3.59275,51.22042]]},"properties":{"source":"emodnet_dtm_2024","level":2}},{"type":"Feature","geometry":{"type":"LineString","coordinates":[[-3.75042,47.81458],[-3.74958,47.81458],[-3.74958,47.81542],[-3.75042,47.81542],[-3.75042,47.81458]]},"properties":{"source":"emodnet_dtm_2024","level":2}},{"type":"Feature","geometry":{"type":"LineString","coordinates":[[-3.74458,47.81458],[-3.74375,47.81458],[-3.74375,47.81542],[-3.74458,47.81458]]},"properties":{"source":"emodnet_dtm_2024","level":2}},{"type":"Feature","geometry":{"type":"LineString","coordinates":[[-3.69042,47.81875],[-3.68875,47.81875],[-3.68875,47.81958],[-3.69042,47.81958],[-3.69042,47.81875]]},"properties":{"source":"emodnet_dtm_2024","level":2}},{"type":"Feature","geometry":{"type":"LineString","coordinates":[[-3.68708,47.81875],[-3.68375,47.81875],[-3.68375,47.82042],[-3.68458,47.81958],[-3.68708,47.81958],[-3.68708,47.81875]]},"properties":{"source":"emodnet_dtm_2024","level":2}},{"type":"Feature","geometry":{"type":"LineString","coordinates":[[-3.74458,47.82125],[-3.74375,47.82125],[-3.74375,47.82208],[-3.74458,47.82208],[-3.74458,47.82125]]},"properties":{"source":"emodnet_dtm_2024","level":2}},{"type":"Feature","geometry":{"type":"LineString","coordinates":[[-3.68042,47.82208],[-3.67958,47.82208],[-3.68042,47.82208]]},"properties":{"source":"emodnet_dtm_2024","level":2}},{"type":"Feature","geometry":{"type":"LineString","coordinates":[[-3.65542,47.82208],[-3.65458,47.82208],[-3.65542,47.82208]]},"properties":{"source":"emodnet_dtm_2024","level":2}},{"type":"Feature","geometry":{"type":"LineString","coordinates":[[-3.67375,47.82292],[-3.67292,47.82292],[-3.67292,47.82375],[-3.67375,47.82375],[-3.67375,47.82292]]},"properties":{"source":"emodnet_dtm_2024","level":2}},{"type":"Feature","geometry":{"type":"LineString","coordinates":[[-3.67125,47.82458],[-3.67042,47.82458],[-3.67125,47.82458]]},"properties":{"source":"emodnet_dtm_2024","level":2}},{"type":"Feature","geometry":{"type":"LineString","coordinates":[[-3.69458,47.82625],[-3.69375,47.82625],[-3.69375,47.82875],[-3.69458,47.82875],[-3.69458,47.82625]]},"properties":{"source":"emodnet_dtm_2024","level":2}},{"type":"Feature","geometry":{"type":"LineString","coordinates":[[-3.75458,47.83458],[-3.75375,47.83458],[-3.75458,47.83458]]},"properties":{"source":"emodnet_dtm_2024","level":2}},{"type":"Feature","geometry":{"type":"LineString","coordinates":[[-3.74875,47.83875],[-3.74792,47.83875],[-3.74792,47.83958],[-3.74875,47.83958],[-3.74875,47.83875]]},"properties":{"source":"emodnet_dtm_2024","level":2}},{"type":"Feature","geometry":{"type":"LineString","coordinates":[[-4.18625,47.84792],[-4.18542,47.84792],[-4.18625,47.84792]]},"properties":{"source":"emodnet_dtm_2024","level":2}},{"type":"Feature","geometry":{"type":"LineString","coordinates":[[-4.15958,47.86042],[-4.15625,47.86042],[-4.15958,47.86042]]},"properties":{"source":"emodnet_dtm_2024","level":2}},{"type":"Feature","geometry":{"type":"LineString","coordinates":[[-4.12125,47.89292],[-4.12042,47.89292],[-4.12042,47.89375],[-4.12125,47.89375],[-4.12125,47.89292]]},"properties":{"source":"emodnet_dtm_2024","level":2}},{"type":"Feature","geometry":{"type":"LineString","coordinates":[[-4.16625,47.89458],[-4.16042,47.89458],[-4.16125,47.89458],[-4.16208,47.89542],[-4.16292,47.89458],[-4.16625,47.89458]]},"properties":{"source":"emodnet_dtm_2024","level":2}},{"type":"Feature","geometry":{"type":"LineString","coordinates":[[-4.15708,47.89458],[-4.15625,47.89458],[-4.15708,47.89458]]},"properties":{"source":"emodnet_dtm_2024","level":2}},{"type":"Feature","geometry":{"type":"LineString","coordinates":[[-4.15458,47.89542],[-4.15042,47.89542],[-4.15458,47.89542]]},"properties":{"source":"emodnet_dtm_2024","level":2}},{"type":"Feature","geometry":{"type":"LineString","coordinates":[[-4.14875,47.89539],[-4.14639,47.89542],[-4.14875,47.89539]]},"properties":{"source":"emodnet_dtm_2024","level":2}},{"type":"Feature","geometry":{"type":"LineString","coordinates":[[-4.17125,47.89875],[-4.17042,47.89875],[-4.17125,47.89875]]},"properties":{"source":"emodnet_dtm_2024","level":2}},{"type":"Feature","geometry":{"type":"LineString","coordinates":[[-4.17375,47.90125],[-4.17292,47.90125],[-4.17292,47.90458],[-4.17375,47.90458],[-4.17375,47.90125]]},"properties":{"source":"emodnet_dtm_2024","level":2}},{"type":"Feature","geometry":{"type":"LineString","coordinates":[[-3.97792,47.90292],[-3.97708,47.90292],[-3.97708,47.90375],[-3.97792,47.90375],[-3.97792,47.90292]]},"properties":{"source":"emodnet_dtm_2024","level":2}},{"type":"Feature","geometry":{"type":"LineString","coordinates":[[-4.14042,47.92442],[-4.13942,47.92458],[-4.14042,47.92442]]},"properties":{"source":"emodnet_dtm_2024","level":2}},{"type":"Feature","geometry":{"type":"LineString","coordinates":[[-4.13208,47.92859],[-4.13108,47.92875],[-4.13208,47.92891],[-4.13208,47.92859]]},"properties":{"source":"emodnet_dtm_2024","level":2}},{"type":"Feature","geometry":{"type":"LineString","coordinates":[[-4.12875,47.93035],[-4.12208,47.93029],[-4.1217,47.93125],[-4.12292,47.93189],[-4.12875,47.93136],[-4.12875,47.93035]]},"properties":{"source":"emodnet_dtm_2024","level":2}},{"type":"Feature","geometry":{"type":"LineString","coordinates":[[-4.11542,47.93163],[-4.11374,47.93208],[-4.11542,47.93228],[-4.11542,47.93163]]},"properties":{"source":"emodnet_dtm_2024","level":2}},{"type":"Feature","geometry":{"type":"LineString","coordinates":[[-4.11125,47.93448],[-4.11032,47.93458],[-4.11042,47.93553],[-4.11137,47.93542],[-4.11125,47.93448]]},"properties":{"source":"emodnet_dtm_2024","level":2}},{"type":"Feature","geometry":{"type":"LineString","coordinates":[[-4.09458,47.93875],[-4.09375,47.93875],[-4.09375,47.93958],[-4.09458,47.93958],[-4.09458,47.93875]]},"properties":{"source":"emodnet_dtm_2024","level":2}},{"type":"Feature","geometry":{"type":"LineString","coordinates":[[-4.08625,47.94958],[-4.08542,47.94958],[-4.08625,47.94958]]},"properties":{"source":"emodnet_dtm_2024","level":2}},{"type":"Feature","geometry":{"type":"LineString","coordinates":[[-4.53208,48.02791],[-4.53125,48.02792],[-4.53208,48.02791]]},"properties":{"source":"emodnet_dtm_2024","level":2}},{"type":"Feature","geometry":{"type":"LineString","coordinates":[[-4.52208,48.03708],[-4.52125,48.03708],[-4.52208,48.03708]]},"properties":{"source":"emodnet_dtm_2024","level":2}},{"type":"Feature","geometry":{"type":"LineString","coordinates":[[-4.28292,48.12677],[-4.28113,48.12708],[-4.28292,48.12742],[-4.28292,48.12677]]},"properties":{"source":"emodnet_dtm_2024","level":2}},{"type":"Feature","geometry":{"type":"LineString","coordinates":[[-4.12792,48.23873],[-4.12706,48.23875],[-4.12708,48.23963],[-4.12798,48.23958],[-4.12792,48.23873]]},"properties":{"source":"emodnet_dtm_2024","level":2}},{"type":"Feature","geometry":{"type":"LineString","coordinates":[[-4.26292,48.25875],[-4.25875,48.25875],[-4.26292,48.25875]]},"properties":{"source":"emodnet_dtm_2024","level":2}},{"type":"Feature","geometry":{"type":"LineString","coordinates":[[-4.25542,48.26017],[-4.2543,48.26042],[-4.25542,48.26075],[-4.25542,48.26017]]},"properties":{"source":"emodnet_dtm_2024","level":2}},{"type":"Feature","geometry":{"type":"LineString","coordinates":[[-4.37542,48.27688],[-4.37271,48.27708],[-4.37542,48.27763],[-4.37542,48.27688]]},"properties":{"source":"emodnet_dtm_2024","level":2}},{"type":"Feature","geometry":{"type":"LineString","coordinates":[[-4.33292,48.28947],[-4.32292,48.28953],[-4.32292,48.29201],[-4.32542,48.29201],[-4.32625,48.2906],[-4.32958,48.2907],[-4.33042,48.28972],[-4.33292,48.29028],[-4.33292,48.28947]]},"properties":{"source":"emodnet_dtm_2024","level":2}},{"type":"Feature","geometry":{"type":"LineString","coordinates":[[-4.24125,48.29105],[-4.23863,48.29125],[-4.24125,48.29137],[-4.24125,48.29105]]},"properties":{"source":"emodnet_dtm_2024","level":2}},{"type":"Feature","geometry":{"type":"LineString","coordinates":[[-4.19458,48.29306],[-4.18958,48.29375],[-4.19125,48.29444],[-4.19208,48.29381],[-4.19292,48.29471],[-4.19375,48.29385],[-4.19484,48.29375],[-4.19458,48.29306]]},"properties":{"source":"emodnet_dtm_2024","level":2}},{"type":"Feature","geometry":{"type":"LineString","coordinates":[[-4.23792,48.29861],[-4.23611,48.29875],[-4.23792,48.29959],[-4.23792,48.29861]]},"properties":{"source":"emodnet_dtm_2024","level":2}},{"type":"Feature","geometry":{"type":"LineString","coordinates":[[-4.22792,48.31208],[-4.22708,48.31208],[-4.22792,48.31208]]},"properties":{"source":"emodnet_dtm_2024","level":2}},{"type":"Feature","geometry":{"type":"LineString","coordinates":[[-4.27958,48.3165],[-4.27866,48.31708],[-4.27978,48.31708],[-4.27958,48.3165]]},"properties":{"source":"emodnet_dtm_2024","level":2}},{"type":"Feature","geometry":{"type":"LineString","coordinates":[[-4.86375,48.34666],[-4.86273,48.34708],[-4.86292,48.34841],[-4.86375,48.34849],[-4.86404,48.34792],[-4.86375,48.34666]]},"properties":{"source":"emodnet_dtm_2024","level":2}},{"type":"Feature","geometry":{"type":"LineString","coordinates":[[-4.28292,48.35174],[-4.28083,48.35208],[-4.28292,48.35217],[-4.28292,48.35174]]},"properties":{"source":"emodnet_dtm_2024","level":2}},{"type":"Feature","geometry":{"type":"LineString","coordinates":[[-4.28625,48.35291],[-4.28458,48.35313],[-4.28542,48.35347],[-4.28625,48.35291]]},"properties":{"source":"emodnet_dtm_2024","level":2}},{"type":"Feature","geometry":{"type":"LineString","coordinates":[[-4.27875,48.35375],[-4.27542,48.35375],[-4.27875,48.35375]]},"properties":{"source":"emodnet_dtm_2024","level":2}},{"type":"Feature","geometry":{"type":"LineString","coordinates":[[-4.27042,48.35458],[-4.26792,48.35458],[-4.27042,48.35458]]},"properties":{"source":"emodnet_dtm_2024","level":2}},{"type":"Feature","geometry":{"type":"LineString","coordinates":[[-4.26708,48.35542],[-4.26625,48.35542],[-4.26625,48.35625],[-4.26708,48.35625],[-4.26708,48.35542]]},"properties":{"source":"emodnet_dtm_2024","level":2}},{"type":"Feature","geometry":{"type":"LineString","coordinates":[[-4.43625,48.35612],[-4.43531,48.35625],[-4.43625,48.35612]]},"properties":{"source":"emodnet_dtm_2024","level":2}},{"type":"Feature","geometry":{"type":"LineString","coordinates":[[-4.75792,48.35958],[-4.75208,48.35958],[-4.75208,48.36042],[-4.75625,48.36042],[-4.75708,48.35958],[-4.75792,48.36042],[-4.75792,48.35958]]},"properties":{"source":"emodnet_dtm_2024","level":2}},{"type":"Feature","geometry":{"type":"LineString","coordinates":[[-4.75875,48.36208],[-4.75625,48.36208],[-4.75875,48.36208]]},"properties":{"source":"emodnet_dtm_2024","level":2}},{"type":"Feature","geometry":{"type":"LineString","coordinates":[[-4.35958,48.40188],[-4.35863,48.40208],[-4.35958,48.40247],[-4.35958,48.40188]]},"properties":{"source":"emodnet_dtm_2024","level":2}},{"type":"Feature","geometry":{"type":"LineString","coordinates":[[-4.33792,48.40602],[-4.33542,48.40619],[-4.33536,48.40708],[-4.33625,48.40721],[-4.33864,48.40625],[-4.33792,48.40602]]},"properties":{"source":"emodnet_dtm_2024","level":2}},{"type":"Feature","geometry":{"type":"LineString","coordinates":[[-4.33208,48.41184],[-4.33038,48.41208],[-4.33036,48.41292],[-4.33125,48.4121],[-4.33238,48.41208],[-4.33208,48.41184]]},"properties":{"source":"emodnet_dtm_2024","level":2}},{"type":"Feature","geometry":{"type":"LineString","coordinates":[[-4.97625,48.42565],[-4.97481,48.42625],[-4.97542,48.42746],[-4.97646,48.42708],[-4.97625,48.42565]]},"properties":{"source":"emodnet_dtm_2024","level":2}},{"type":"Feature","geometry":{"type":"LineString","coordinates":[[-5.10542,48.45299],[-5.10199,48.45375],[-5.10542,48.45392],[-5.10542,48.45299]]},"properties":{"source":"emodnet_dtm_2024","level":2}},{"type":"Feature","geometry":{"type":"LineString","coordinates":[[-4.76208,48.46847],[-4.76042,48.46849],[-4.76042,48.46944],[-4.76125,48.46962],[-4.7624,48.46875],[-4.76208,48.46847]]},"properties":{"source":"emodnet_dtm_2024","level":2}},{"type":"Feature","geometry":{"type":"LineString","coordinates":[[-4.73875,48.47125],[-4.73708,48.47125],[-4.73875,48.47125]]},"properties":{"source":"emodnet_dtm_2024","level":2}},{"type":"Feature","geometry":{"type":"LineString","coordinates":[[-4.76625,48.4719],[-4.76458,48.47168],[-4.76372,48.47208],[-4.76396,48.47292],[-4.76458,48.4733],[-4.76625,48.47299],[-4.76625,48.4719]]},"properties":{"source":"emodnet_dtm_2024","level":2}},{"type":"Feature","geometry":{"type":"LineString","coordinates":[[-4.75625,48.47262],[-4.75208,48.47208],[-4.75104,48.47292],[-4.75694,48.47292],[-4.75625,48.47262]]},"properties":{"source":"emodnet_dtm_2024","level":2}},{"type":"Feature","geometry":{"type":"LineString","coordinates":[[-4.74958,48.47261],[-4.74333,48.47292],[-4.74958,48.47311],[-4.74958,48.47261]]},"properties":{"source":"emodnet_dtm_2024","level":2}},{"type":"Feature","geometry":{"type":"LineString","coordinates":[[-4.73208,48.47375],[-4.73125,48.47375],[-4.73208,48.47375]]},"properties":{"source":"emodnet_dtm_2024","level":2}},{"type":"Feature","geometry":{"type":"LineString","coordinates":[[-4.53292,48.55125],[-4.53125,48.55125],[-4.53125,48.55375],[-4.53292,48.55375],[-4.53292,48.55125]]},"properties":{"source":"emodnet_dtm_2024","level":2}},{"type":"Feature","geometry":{"type":"LineString","coordinates":[[-4.53042,48.55458],[-4.52875,48.55458],[-4.53042,48.55458]]},"properties":{"source":"emodnet_dtm_2024","level":2}},{"type":"Feature","geometry":{"type":"LineString","coordinates":[[-4.52542,48.55458],[-4.52458,48.55458],[-4.52542,48.55458]]},"properties":{"source":"emodnet_dtm_2024","level":2}},{"type":"Feature","geometry":{"type":"LineString","coordinates":[[-4.55125,48.55792],[-4.55042,48.55792],[-4.55125,48.55792]]},"properties":{"source":"emodnet_dtm_2024","level":2}},{"type":"Feature","geometry":{"type":"LineString","coordinates":[[-4.55292,48.55875],[-4.55208,48.55875],[-4.55292,48.55875]]},"properties":{"source":"emodnet_dtm_2024","level":2}},{"type":"Feature","geometry":{"type":"LineString","coordinates":[[-4.56958,48.55958],[-4.56875,48.55958],[-4.56875,48.56042],[-4.56958,48.56042],[-4.56958,48.55958]]},"properties":{"source":"emodnet_dtm_2024","level":2}},{"type":"Feature","geometry":{"type":"LineString","coordinates":[[-4.56542,48.55958],[-4.56292,48.55958],[-4.56292,48.56042],[-4.56542,48.56042],[-4.56542,48.55958]]},"properties":{"source":"emodnet_dtm_2024","level":2}},{"type":"Feature","geometry":{"type":"LineString","coordinates":[[-4.68625,48.57113],[-4.68375,48.57083],[-4.68339,48.57125],[-4.68625,48.57113]]},"properties":{"source":"emodnet_dtm_2024","level":2}},{"type":"Feature","geometry":{"type":"LineString","coordinates":[[-4.66542,48.57856],[-4.66292,48.57831],[-4.66225,48.57958],[-4.66292,48.57995],[-4.66542,48.57972],[-4.66542,48.57856]]},"properties":{"source":"emodnet_dtm_2024","level":2}},{"type":"Feature","geometry":{"type":"LineString","coordinates":[[-4.49625,48.58208],[-4.49542,48.58208],[-4.49625,48.58208]]},"properties":{"source":"emodnet_dtm_2024","level":2}},{"type":"Feature","geometry":{"type":"LineString","coordinates":[[-4.49958,48.58292],[-4.49708,48.58292],[-4.49875,48.58292],[-4.49958,48.58375],[-4.49958,48.58292]]},"properties":{"source":"emodnet_dtm_2024","level":2}},{"type":"Feature","geometry":{"type":"LineString","coordinates":[[-4.52375,48.59284],[-4.52283,48.59292],[-4.52292,48.59383],[-4.52385,48.59375],[-4.52375,48.59284]]},"properties":{"source":"emodnet_dtm_2024","level":2}},{"type":"Feature","geometry":{"type":"LineString","coordinates":[[-4.53042,48.59533],[-4.5295,48.59542],[-4.53042,48.59533]]},"properties":{"source":"emodnet_dtm_2024","level":2}},{"type":"Feature","geometry":{"type":"LineString","coordinates":[[-4.53625,48.59616],[-4.53445,48.59625],[-4.53625,48.59616]]},"properties":{"source":"emodnet_dtm_2024","level":2}},{"type":"Feature","geometry":{"type":"LineString","coordinates":[[-4.61792,48.59684],[-4.61694,48.59708],[-4.61695,48.59875],[-4.61792,48.59975],[-4.61792,48.59684]]},"properties":{"source":"emodnet_dtm_2024","level":2}},{"type":"Feature","geometry":{"type":"LineString","coordinates":[[-4.61625,48.6011],[-4.61458,48.60113],[-4.61458,48.60226],[-4.61625,48.60225],[-4.61625,48.6011]]},"properties":{"source":"emodnet_dtm_2024","level":2}},{"type":"Feature","geometry":{"type":"LineString","coordinates":[[-4.58292,48.60104],[-4.57958,48.60082],[-4.57897,48.60292],[-4.57958,48.60354],[-4.58042,48.60336],[-4.58125,48.60219],[-4.58292,48.60226],[-4.58292,48.60104]]},"properties":{"source":"emodnet_dtm_2024","level":2}},{"type":"Feature","geometry":{"type":"LineString","coordinates":[[-4.61125,48.60851],[-4.60938,48.60875],[-4.61125,48.60892],[-4.61125,48.60851]]},"properties":{"source":"emodnet_dtm_2024","level":2}},{"type":"Feature","geometry":{"type":"LineString","coordinates":[[-4.61958,48.60934],[-4.61758,48.60958],[-4.61792,48.61088],[-4.61958,48.61078],[-4.61958,48.60934]]},"properties":{"source":"emodnet_dtm_2024","level":2}},{"type":"Feature","geometry":{"type":"LineString","coordinates":[[-4.58625,48.62535],[-4.58513,48.62542],[-4.58625,48.62535]]},"properties":{"source":"emodnet_dtm_2024","level":2}},{"type":"Feature","geometry":{"type":"LineString","coordinates":[[-3.82958,48.62792],[-3.82875,48.62792],[-3.82958,48.62792]]},"properties":{"source":"emodnet_dtm_2024","level":2}},{"type":"Feature","geometry":{"type":"LineString","coordinates":[[-4.45875,48.63662],[-4.45625,48.63685],[-4.45625,48.64028],[-4.45792,48.64008],[-4.45908,48.63792],[-4.45875,48.63662]]},"properties":{"source":"emodnet_dtm_2024","level":2}},{"type":"Feature","geometry":{"type":"LineString","coordinates":[[-3.85792,48.63776],[-3.85708,48.63742],[-3.85692,48.63792],[-3.85792,48.6384],[-3.85792,48.63776]]},"properties":{"source":"emodnet_dtm_2024","level":2}},{"type":"Feature","geometry":{"type":"LineString","coordinates":[[-4.41958,48.63875],[-4.41875,48.63875],[-4.41958,48.63875]]},"properties":{"source":"emodnet_dtm_2024","level":2}},{"type":"Feature","geometry":{"type":"LineString","coordinates":[[-4.41958,48.64195],[-4.41806,48.64208],[-4.41875,48.64427],[-4.41958,48.64427],[-4.41958,48.64195]]},"properties":{"source":"emodnet_dtm_2024","level":2}},{"type":"Feature","geometry":{"type":"LineString","coordinates":[[-3.90208,48.65199],[-3.90027,48.65208],[-3.90109,48.65292],[-3.90107,48.65458],[-3.90208,48.65644],[-3.90208,48.65199]]},"properties":{"source":"emodnet_dtm_2024","level":2}},{"type":"Feature","geometry":{"type":"LineString","coordinates":[[-4.38708,48.66354],[-4.38542,48.66358],[-4.38542,48.66481],[-4.38747,48.66458],[-4.38708,48.66354]]},"properties":{"source":"emodnet_dtm_2024","level":2}},{"type":"Feature","geometry":{"type":"LineString","coordinates":[[-3.85292,48.66444],[-3.85139,48.66458],[-3.85347,48.66458],[-3.85292,48.66444]]},"properties":{"source":"emodnet_dtm_2024","level":2}},{"type":"Feature","geometry":{"type":"LineString","coordinates":[[-3.65125,48.66625],[-3.64958,48.66625],[-3.65125,48.66625]]},"properties":{"source":"emodnet_dtm_2024","level":2}},{"type":"Feature","geometry":{"type":"LineString","coordinates":[[-3.64875,48.66708],[-3.64792,48.66708],[-3.64875,48.66708]]},"properties":{"source":"emodnet_dtm_2024","level":2}},{"type":"Feature","geometry":{"type":"LineString","coordinates":[[-4.28875,48.67029],[-4.28792,48.66987],[-4.28792,48.67065],[-4.28875,48.67089],[-4.28875,48.67029]]},"properties":{"source":"emodnet_dtm_2024","level":2}},{"type":"Feature","geometry":{"type":"LineString","coordinates":[[-3.64208,48.67042],[-3.64125,48.67042],[-3.64208,48.67042]]},"properties":{"source":"emodnet_dtm_2024","level":2}},{"type":"Feature","geometry":{"type":"LineString","coordinates":[[-4.31292,48.67229],[-4.31208,48.67227],[-4.31208,48.67311],[-4.31292,48.67307],[-4.31292,48.67229]]},"properties":{"source":"emodnet_dtm_2024","level":2}},{"type":"Feature","geometry":{"type":"LineString","coordinates":[[-3.94542,48.67424],[-3.94375,48.67418],[-3.94331,48.67458],[-3.94375,48.67495],[-3.94542,48.67485],[-3.94542,48.67424]]},"properties":{"source":"emodnet_dtm_2024","level":2}},{"type":"Feature","geometry":{"type":"LineString","coordinates":[[-4.35875,48.675],[-4.35734,48.67542],[-4.35875,48.67582],[-4.35875,48.675]]},"properties":{"source":"emodnet_dtm_2024","level":2}},{"type":"Feature","geometry":{"type":"LineString","coordinates":[[-3.92875,48.67589],[-3.92694,48.67625],[-3.92708,48.67806],[-3.92902,48.67792],[-3.92875,48.67589]]},"properties":{"source":"emodnet_dtm_2024","level":2}},{"type":"Feature","geometry":{"type":"LineString","coordinates":[[-3.91542,48.67693],[-3.91333,48.67708],[-3.91375,48.67755],[-3.91542,48.67749],[-3.91542,48.67693]]},"properties":{"source":"emodnet_dtm_2024","level":2}},{"type":"Feature","geometry":{"type":"LineString","coordinates":[[-3.91958,48.67764],[-3.91757,48.67792],[-3.91958,48.67817],[-3.91958,48.67764]]},"properties":{"source":"emodnet_dtm_2024","level":2}},{"type":"Feature","geometry":{"type":"LineString","coordinates":[[-3.63708,48.68105],[-3.63542,48.68111],[-3.63524,48.68208],[-3.63625,48.6822],[-3.63708,48.68105]]},"properties":{"source":"emodnet_dtm_2024","level":2}},{"type":"Feature","geometry":{"type":"LineString","coordinates":[[-3.88375,48.68326],[-3.88248,48.68375],[-3.88292,48.68749],[-3.88405,48.68708],[-3.88434,48.68375],[-3.88375,48.68326]]},"properties":{"source":"emodnet_dtm_2024","level":2}},{"type":"Feature","geometry":{"type":"LineString","coordinates":[[-4.18375,48.68671],[-4.18292,48.68716],[-4.18375,48.68722],[-4.18375,48.68671]]},"properties":{"source":"emodnet_dtm_2024","level":2}},{"type":"Feature","geometry":{"type":"LineString","coordinates":[[-3.66125,48.69364],[-3.66028,48.69375],[-3.66042,48.69474],[-3.66139,48.69458],[-3.66125,48.69364]]},"properties":{"source":"emodnet_dtm_2024","level":2}},{"type":"Feature","geometry":{"type":"LineString","coordinates":[[-3.99875,48.72773],[-3.9969,48.72792],[-3.99875,48.72815],[-3.99875,48.72773]]},"properties":{"source":"emodnet_dtm_2024","level":2}},{"type":"Feature","geometry":{"type":"LineString","coordinates":[[-4.00458,48.72941],[-4.00339,48.72958],[-4.00458,48.73008],[-4.00458,48.72941]]},"properties":{"source":"emodnet_dtm_2024","level":2}},{"type":"Feature","geometry":{"type":"LineString","coordinates":[[-3.98708,48.7302],[-3.98542,48.73021],[-3.98542,48.73145],[-3.98708,48.73139],[-3.98708,48.7302]]},"properties":{"source":"emodnet_dtm_2024","level":2}},{"type":"Feature","geometry":{"type":"LineString","coordinates":[[-3.98208,48.74276],[-3.98014,48.74292],[-3.98042,48.74474],[-3.98125,48.74386],[-3.98225,48.74375],[-3.98208,48.74276]]},"properties":{"source":"emodnet_dtm_2024","level":2}},{"type":"Feature","geometry":{"type":"LineString","coordinates":[[-3.12958,48.75124],[-3.1286,48.75125],[-3.1286,48.75208],[-3.12958,48.7521],[-3.12958,48.75124]]},"properties":{"source":"emodnet_dtm_2024","level":2}},{"type":"Feature","geometry":{"type":"LineString","coordinates":[[-3.12792,48.75287],[-3.12698,48.75292],[-3.12792,48.75287]]},"properties":{"source":"emodnet_dtm_2024","level":2}},{"type":"Feature","geometry":{"type":"LineString","coordinates":[[-3.12708,48.75599],[-3.12625,48.75625],[-3.12708,48.7566],[-3.12708,48.75599]]},"properties":{"source":"emodnet_dtm_2024","level":2}},{"type":"Feature","geometry":{"type":"LineString","coordinates":[[-3.23625,48.75875],[-3.23542,48.75875],[-3.23625,48.75875]]},"properties":{"source":"emodnet_dtm_2024","level":2}},{"type":"Feature","geometry":{"type":"LineString","coordinates":[[-3.11958,48.76026],[-3.11856,48.76042],[-3.11958,48.76026]]},"properties":{"source":"emodnet_dtm_2024","level":2}},{"type":"Feature","geometry":{"type":"LineString","coordinates":[[-3.11625,48.76427],[-3.11042,48.76447],[-3.11011,48.76542],[-3.11375,48.76551],[-3.11458,48.76468],[-3.11625,48.76469],[-3.11625,48.76427]]},"properties":{"source":"emodnet_dtm_2024","level":2}},{"type":"Feature","geometry":{"type":"LineString","coordinates":[[-3.04375,48.78458],[-3.03958,48.78482],[-3.03958,48.78601],[-3.04375,48.78583],[-3.04427,48.78542],[-3.04375,48.78458]]},"properties":{"source":"emodnet_dtm_2024","level":2}},{"type":"Feature","geometry":{"type":"LineString","coordinates":[[-3.01292,48.79099],[-3.01034,48.79125],[-3.01292,48.79216],[-3.01292,48.79099]]},"properties":{"source":"emodnet_dtm_2024","level":2}},{"type":"Feature","geometry":{"type":"LineString","coordinates":[[-3.01125,48.79441],[-3.00942,48.79458],[-3.01125,48.79441]]},"properties":{"source":"emodnet_dtm_2024","level":2}},{"type":"Feature","geometry":{"type":"LineString","coordinates":[[-3.00208,48.79493],[-3.00125,48.79502],[-3.00125,48.79581],[-3.00285,48.79542],[-3.00208,48.79493]]},"properties":{"source":"emodnet_dtm_2024","level":2}},{"type":"Feature","geometry":{"type":"LineString","coordinates":[[-3.55958,48.7972],[-3.55875,48.79717],[-3.55875,48.79804],[-3.55958,48.79803],[-3.55958,48.7972]]},"properties":{"source":"emodnet_dtm_2024","level":2}},{"type":"Feature","geometry":{"type":"LineString","coordinates":[[-3.43958,48.79778],[-3.43482,48.79792],[-3.43467,48.79875],[-3.43792,48.7989],[-3.43875,48.79803],[-3.43958,48.79975],[-3.43958,48.79778]]},"properties":{"source":"emodnet_dtm_2024","level":2}},{"type":"Feature","geometry":{"type":"LineString","coordinates":[[-2.99125,48.80363],[-2.98947,48.80375],[-2.99125,48.80363]]},"properties":{"source":"emodnet_dtm_2024","level":2}},{"type":"Feature","geometry":{"type":"LineString","coordinates":[[-3.58042,48.8055],[-3.57688,48.80625],[-3.58042,48.80646],[-3.58042,48.8055]]},"properties":{"source":"emodnet_dtm_2024","level":2}},{"type":"Feature","geometry":{"type":"LineString","coordinates":[[-2.98792,48.80777],[-2.98458,48.80775],[-2.98424,48.80875],[-2.98625,48.80914],[-2.98792,48.80777]]},"properties":{"source":"emodnet_dtm_2024","level":2}},{"type":"Feature","geometry":{"type":"LineString","coordinates":[[-3.55292,48.81098],[-3.55136,48.81125],[-3.55134,48.81208],[-3.55292,48.81232],[-3.55292,48.81098]]},"properties":{"source":"emodnet_dtm_2024","level":2}},{"type":"Feature","geometry":{"type":"LineString","coordinates":[[-2.98625,48.81088],[-2.98408,48.81125],[-2.98542,48.81309],[-2.98645,48.81292],[-2.98625,48.81088]]},"properties":{"source":"emodnet_dtm_2024","level":2}},{"type":"Feature","geometry":{"type":"LineString","coordinates":[[-3.46542,48.82203],[-3.46438,48.82208],[-3.46542,48.82322],[-3.46542,48.82203]]},"properties":{"source":"emodnet_dtm_2024","level":2}},{"type":"Feature","geometry":{"type":"LineString","coordinates":[[-3.37375,48.82443],[-3.37125,48.82436],[-3.371,48.82542],[-3.37375,48.82554],[-3.37375,48.82443]]},"properties":{"source":"emodnet_dtm_2024","level":2}},{"type":"Feature","geometry":{"type":"LineString","coordinates":[[-3.36708,48.82522],[-3.36625,48.82468],[-3.36519,48.82542],[-3.36625,48.82663],[-3.36708,48.82522]]},"properties":{"source":"emodnet_dtm_2024","level":2}},{"type":"Feature","geometry":{"type":"LineString","coordinates":[[-3.50292,48.82666],[-3.50162,48.82708],[-3.50131,48.82875],[-3.50305,48.82875],[-3.50292,48.82666]]},"properties":{"source":"emodnet_dtm_2024","level":2}},{"type":"Feature","geometry":{"type":"LineString","coordinates":[[-3.49625,48.83077],[-3.49542,48.83075],[-3.49542,48.83135],[-3.49625,48.83135],[-3.49625,48.83077]]},"properties":{"source":"emodnet_dtm_2024","level":2}},{"type":"Feature","geometry":{"type":"LineString","coordinates":[[-3.19458,48.83101],[-3.19362,48.83125],[-3.19458,48.83138],[-3.19458,48.83101]]},"properties":{"source":"emodnet_dtm_2024","level":2}},{"type":"Feature","geometry":{"type":"LineString","coordinates":[[-3.08958,48.83114],[-3.08792,48.8311],[-3.08792,48.8331],[-3.0899,48.83292],[-3.08958,48.83114]]},"properties":{"source":"emodnet_dtm_2024","level":2}},{"type":"Feature","geometry":{"type":"LineString","coordinates":[[-3.02792,48.83428],[-3.02542,48.83435],[-3.02542,48.83714],[-3.02625,48.83715],[-3.02708,48.83544],[-3.02799,48.83542],[-3.02792,48.83428]]},"properties":{"source":"emodnet_dtm_2024","level":2}},{"type":"Feature","geometry":{"type":"LineString","coordinates":[[-3.19125,48.83521],[-3.18958,48.83529],[-3.18943,48.83625],[-3.19125,48.8364],[-3.19125,48.83521]]},"properties":{"source":"emodnet_dtm_2024","level":2}},{"type":"Feature","geometry":{"type":"LineString","coordinates":[[-3.51292,48.83597],[-3.51208,48.83574],[-3.51208,48.83653],[-3.51292,48.83641],[-3.51292,48.83597]]},"properties":{"source":"emodnet_dtm_2024","level":2}},{"type":"Feature","geometry":{"type":"LineString","coordinates":[[-3.03208,48.83563],[-3.03125,48.83563],[-3.03125,48.83714],[-3.03217,48.83708],[-3.03208,48.83563]]},"properties":{"source":"emodnet_dtm_2024","level":2}},{"type":"Feature","geometry":{"type":"LineString","coordinates":[[-3.04208,48.83685],[-3.041,48.83708],[-3.04125,48.83813],[-3.04224,48.83792],[-3.04208,48.83685]]},"properties":{"source":"emodnet_dtm_2024","level":2}},{"type":"Feature","geometry":{"type":"LineString","coordinates":[[-3.03792,48.83866],[-3.03708,48.83866],[-3.03708,48.83964],[-3.03798,48.83958],[-3.03792,48.83866]]},"properties":{"source":"emodnet_dtm_2024","level":2}},{"type":"Feature","geometry":{"type":"LineString","coordinates":[[-3.03458,48.83869],[-3.03367,48.83875],[-3.03375,48.83966],[-3.03465,48.83958],[-3.03458,48.83869]]},"properties":{"source":"emodnet_dtm_2024","level":2}},{"type":"Feature","geometry":{"type":"LineString","coordinates":[[-3.29708,48.839],[-3.29292,48.83922],[-3.29292,48.84131],[-3.29458,48.84131],[-3.29542,48.84048],[-3.29708,48.84051],[-3.29708,48.839]]},"properties":{"source":"emodnet_dtm_2024","level":2}},{"type":"Feature","geometry":{"type":"LineString","coordinates":[[-3.21458,48.83934],[-3.21292,48.83934],[-3.21292,48.83999],[-3.21458,48.83983],[-3.21458,48.83934]]},"properties":{"source":"emodnet_dtm_2024","level":2}},{"type":"Feature","geometry":{"type":"LineString","coordinates":[[-3.18625,48.83943],[-3.18519,48.83958],[-3.18625,48.83943]]},"properties":{"source":"emodnet_dtm_2024","level":2}},{"type":"Feature","geometry":{"type":"LineString","coordinates":[[-3.02625,48.84033],[-3.0245,48.84042],[-3.02542,48.84135],[-3.02636,48.84125],[-3.02625,48.84033]]},"properties":{"source":"emodnet_dtm_2024","level":2}},{"type":"Feature","geometry":{"type":"LineString","coordinates":[[-3.01125,48.84114],[-3.00967,48.84125],[-3.01012,48.84375],[-3.01125,48.84449],[-3.01125,48.84114]]},"properties":{"source":"emodnet_dtm_2024","level":2}},{"type":"Feature","geometry":{"type":"LineString","coordinates":[[-3.18292,48.84336],[-3.18125,48.84352],[-3.18125,48.84465],[-3.18292,48.84467],[-3.18292,48.84336]]},"properties":{"source":"emodnet_dtm_2024","level":2}},{"type":"Feature","geometry":{"type":"LineString","coordinates":[[-3.26542,48.84619],[-3.26367,48.84625],[-3.26375,48.84797],[-3.26547,48.84792],[-3.26542,48.84619]]},"properties":{"source":"emodnet_dtm_2024","level":2}},{"type":"Feature","geometry":{"type":"LineString","coordinates":[[-2.99125,48.84857],[-2.9894,48.84875],[-2.99125,48.84891],[-2.99125,48.84857]]},"properties":{"source":"emodnet_dtm_2024","level":2}},{"type":"Feature","geometry":{"type":"LineString","coordinates":[[-3.05292,48.85004],[-3.0516,48.85042],[-3.05208,48.8523],[-3.053,48.85208],[-3.05292,48.85004]]},"properties":{"source":"emodnet_dtm_2024","level":2}},{"type":"Feature","geometry":{"type":"LineString","coordinates":[[-3.29625,48.85119],[-3.29535,48.85125],[-3.29542,48.85303],[-3.29625,48.85119]]},"properties":{"source":"emodnet_dtm_2024","level":2}},{"type":"Feature","geometry":{"type":"LineString","coordinates":[[-3.07375,48.85112],[-3.07208,48.85107],[-3.07208,48.8522],[-3.07375,48.85215],[-3.07375,48.85112]]},"properties":{"source":"emodnet_dtm_2024","level":2}},{"type":"Feature","geometry":{"type":"LineString","coordinates":[[-3.00708,48.85167],[-3.00625,48.8517],[-3.00625,48.85255],[-3.00708,48.85263],[-3.00708,48.85167]]},"properties":{"source":"emodnet_dtm_2024","level":2}},{"type":"Feature","geometry":{"type":"LineString","coordinates":[[-3.24708,48.8559],[-3.24375,48.85603],[-3.24317,48.85792],[-3.24458,48.85802],[-3.24708,48.8559]]},"properties":{"source":"emodnet_dtm_2024","level":2}},{"type":"Feature","geometry":{"type":"LineString","coordinates":[[-3.04875,48.85861],[-3.04708,48.85866],[-3.04708,48.86047],[-3.04885,48.86042],[-3.04875,48.85861]]},"properties":{"source":"emodnet_dtm_2024","level":2}},{"type":"Feature","geometry":{"type":"LineString","coordinates":[[-3.00542,48.85891],[-3.00458,48.85903],[-3.00458,48.86092],[-3.00542,48.86087],[-3.00542,48.85891]]},"properties":{"source":"emodnet_dtm_2024","level":2}},{"type":"Feature","geometry":{"type":"LineString","coordinates":[[-3.00292,48.85931],[-3.00125,48.85938],[-3.00125,48.86061],[-3.00292,48.8607],[-3.00292,48.85931]]},"properties":{"source":"emodnet_dtm_2024","level":2}},{"type":"Feature","geometry":{"type":"LineString","coordinates":[[-3.24625,48.86101],[-3.24529,48.86125],[-3.24625,48.86297],[-3.24625,48.86101]]},"properties":{"source":"emodnet_dtm_2024","level":2}},{"type":"Feature","geometry":{"type":"LineString","coordinates":[[-3.05375,48.86535],[-3.05208,48.86531],[-3.05208,48.86638],[-3.05292,48.86638],[-3.05375,48.86535]]},"properties":{"source":"emodnet_dtm_2024","level":2}},{"type":"Feature","geometry":{"type":"LineString","coordinates":[[-3.18875,48.86619],[-3.18784,48.86625],[-3.18792,48.86714],[-3.18875,48.86714],[-3.18875,48.86619]]},"properties":{"source":"emodnet_dtm_2024","level":2}},{"type":"Feature","geometry":{"type":"LineString","coordinates":[[-3.05708,48.86614],[-3.05542,48.86616],[-3.05528,48.86708],[-3.05708,48.86718],[-3.05708,48.86614]]},"properties":{"source":"emodnet_dtm_2024","level":2}},{"type":"Feature","geometry":{"type":"LineString","coordinates":[[-3.20292,48.86947],[-3.19792,48.86948],[-3.19766,48.87042],[-3.19958,48.87062],[-3.20042,48.87155],[-3.20125,48.87053],[-3.20304,48.87042],[-3.20292,48.86947]]},"properties":{"source":"emodnet_dtm_2024","level":2}},{"type":"Feature","geometry":{"type":"LineString","coordinates":[[-3.04208,48.87034],[-3.04116,48.87042],[-3.04208,48.87034]]},"properties":{"source":"emodnet_dtm_2024","level":2}},{"type":"Feature","geometry":{"type":"LineString","coordinates":[[-3.02875,48.87018],[-3.02647,48.87042],[-3.02875,48.87068],[-3.02875,48.87018]]},"properties":{"source":"emodnet_dtm_2024","level":2}},{"type":"Feature","geometry":{"type":"LineString","coordinates":[[-3.08708,48.87197],[-3.08542,48.87197],[-3.08542,48.87302],[-3.08708,48.87303],[-3.08708,48.87197]]},"properties":{"source":"emodnet_dtm_2024","level":2}},{"type":"Feature","geometry":{"type":"LineString","coordinates":[[-3.08458,48.87364],[-3.08281,48.87375],[-3.08458,48.87364]]},"properties":{"source":"emodnet_dtm_2024","level":2}},{"type":"Feature","geometry":{"type":"LineString","coordinates":[[-3.08208,48.87447],[-3.08028,48.87458],[-3.08208,48.87447]]},"properties":{"source":"emodnet_dtm_2024","level":2}},{"type":"Feature","geometry":{"type":"LineString","coordinates":[[-3.05708,48.87441],[-3.05375,48.87438],[-3.05358,48.87542],[-3.05542,48.87558],[-3.05708,48.87441]]},"properties":{"source":"emodnet_dtm_2024","level":2}},{"type":"Feature","geometry":{"type":"LineString","coordinates":[[-3.07875,48.87611],[-3.07708,48.87612],[-3.07708,48.87724],[-3.07875,48.87725],[-3.07875,48.87611]]},"properties":{"source":"emodnet_dtm_2024","level":2}},{"type":"Feature","geometry":{"type":"LineString","coordinates":[[-3.06125,48.87608],[-3.05958,48.87608],[-3.05958,48.87722],[-3.06125,48.87724],[-3.06125,48.87608]]},"properties":{"source":"emodnet_dtm_2024","level":2}},{"type":"Feature","geometry":{"type":"LineString","coordinates":[[-3.63875,48.8775],[-3.63747,48.87792],[-3.63792,48.87837],[-3.63919,48.87792],[-3.63875,48.8775]]},"properties":{"source":"emodnet_dtm_2024","level":2}},{"type":"Feature","geometry":{"type":"LineString","coordinates":[[-3.08458,48.88774],[-3.0835,48.88792],[-3.08375,48.88988],[-3.08472,48.88958],[-3.08458,48.88774]]},"properties":{"source":"emodnet_dtm_2024","level":2}},{"type":"Feature","geometry":{"type":"LineString","coordinates":[[-3.05708,48.89499],[-3.05579,48.89542],[-3.05625,48.8967],[-3.05749,48.89625],[-3.05708,48.89499]]},"properties":{"source":"emodnet_dtm_2024","level":2}},{"type":"Feature","geometry":{"type":"LineString","coordinates":[[-3.04708,48.89829],[-3.04589,48.89875],[-3.04625,48.89927],[-3.04757,48.89875],[-3.04708,48.89829]]},"properties":{"source":"emodnet_dtm_2024","level":2}},{"type":"Feature","geometry":{"type":"LineString","coordinates":[[-3.09625,48.90862],[-3.09524,48.90875],[-3.09625,48.90893],[-3.09625,48.90862]]},"properties":{"source":"emodnet_dtm_2024","level":2}},{"type":"Feature","geometry":{"type":"LineString","coordinates":[[-6.34875,49.93757],[-6.34585,49.93792],[-6.34625,49.93997],[-6.34875,49.9403],[-6.34951,49.93958],[-6.34875,49.93757]]},"properties":{"source":"emodnet_dtm_2024","level":2}},{"type":"Feature","geometry":{"type":"LineString","coordinates":[[-6.36125,49.95035],[-6.36007,49.95042],[-6.36042,49.95104],[-6.36125,49.95035]]},"properties":{"source":"emodnet_dtm_2024","level":2}},{"type":"Feature","geometry":{"type":"LineString","coordinates":[[-6.29542,49.95635],[-6.29375,49.95636],[-6.29305,49.95708],[-6.29375,49.95766],[-6.29542,49.95759],[-6.29613,49.95708],[-6.29542,49.95635]]},"properties":{"source":"emodnet_dtm_2024","level":2}},{"type":"Feature","geometry":{"type":"LineString","coordinates":[[-5.19042,50.08792],[-5.18458,50.08792],[-5.19042,50.08792]]},"properties":{"source":"emodnet_dtm_2024","level":2}},{"type":"Feature","geometry":{"type":"LineString","coordinates":[[-5.19875,50.08875],[-5.19792,50.08875],[-5.19792,50.08958],[-5.19875,50.08958],[-5.19875,50.08875]]},"properties":{"source":"emodnet_dtm_2024","level":2}},{"type":"Feature","geometry":{"type":"LineString","coordinates":[[-5.19208,50.08875],[-5.19125,50.08875],[-5.19125,50.08958],[-5.19208,50.08958],[-5.19208,50.08875]]},"properties":{"source":"emodnet_dtm_2024","level":2}},{"type":"Feature","geometry":{"type":"LineString","coordinates":[[-5.17458,50.08875],[-5.17292,50.08875],[-5.17292,50.08958],[-5.17458,50.08958],[-5.17458,50.08875]]},"properties":{"source":"emodnet_dtm_2024","level":2}},{"type":"Feature","geometry":{"type":"LineString","coordinates":[[-5.20125,50.09042],[-5.19958,50.09042],[-5.20125,50.09042]]},"properties":{"source":"emodnet_dtm_2024","level":2}},{"type":"Feature","geometry":{"type":"LineString","coordinates":[[-5.16042,50.09367],[-5.1577,50.09375],[-5.15792,50.09432],[-5.16101,50.09375],[-5.16042,50.09367]]},"properties":{"source":"emodnet_dtm_2024","level":2}},{"type":"Feature","geometry":{"type":"LineString","coordinates":[[-5.14625,50.09609],[-5.14375,50.09625],[-5.14625,50.09642],[-5.14625,50.09609]]},"properties":{"source":"emodnet_dtm_2024","level":2}},{"type":"Feature","geometry":{"type":"LineString","coordinates":[[-5.16542,50.09708],[-5.16458,50.09708],[-5.16458,50.09958],[-5.16542,50.09958],[-5.16542,50.09708]]},"properties":{"source":"emodnet_dtm_2024","level":2}},{"type":"Feature","geometry":{"type":"LineString","coordinates":[[-5.14042,50.10458],[-5.13958,50.10458],[-5.14042,50.10458]]},"properties":{"source":"emodnet_dtm_2024","level":2}},{"type":"Feature","geometry":{"type":"LineString","coordinates":[[-5.16125,50.10542],[-5.16042,50.10542],[-5.16042,50.10625],[-5.16125,50.10625],[-5.16125,50.10542]]},"properties":{"source":"emodnet_dtm_2024","level":2}},{"type":"Feature","geometry":{"type":"LineString","coordinates":[[-5.13625,50.10792],[-5.13542,50.10792],[-5.13625,50.10792]]},"properties":{"source":"emodnet_dtm_2024","level":2}},{"type":"Feature","geometry":{"type":"LineString","coordinates":[[-5.53208,50.11792],[-5.53125,50.11792],[-5.53125,50.11875],[-5.53208,50.11875],[-5.53208,50.11792]]},"properties":{"source":"emodnet_dtm_2024","level":2}},{"type":"Feature","geometry":{"type":"LineString","coordinates":[[-5.07625,50.1649],[-5.07542,50.16473],[-5.07517,50.16542],[-5.07625,50.16636],[-5.07672,50.16542],[-5.07625,50.1649]]},"properties":{"source":"emodnet_dtm_2024","level":2}},{"type":"Feature","geometry":{"type":"LineString","coordinates":[[-5.00292,50.16792],[-5.00208,50.16792],[-5.00208,50.16958],[-5.00292,50.16958],[-5.00292,50.16792]]},"properties":{"source":"emodnet_dtm_2024","level":2}},{"type":"Feature","geometry":{"type":"LineString","coordinates":[[-5.04625,50.17622],[-5.0453,50.17625],[-5.04689,50.17625],[-5.04625,50.17622]]},"properties":{"source":"emodnet_dtm_2024","level":2}},{"type":"Feature","geometry":{"type":"LineString","coordinates":[[-5.43208,50.18458],[-5.43125,50.18458],[-5.43125,50.18542],[-5.43208,50.18542],[-5.43208,50.18458]]},"properties":{"source":"emodnet_dtm_2024","level":2}},{"type":"Feature","geometry":{"type":"LineString","coordinates":[[-5.01542,50.18458],[-5.01458,50.18458],[-5.01458,50.18625],[-5.01542,50.18625],[-5.01542,50.18458]]},"properties":{"source":"emodnet_dtm_2024","level":2}},{"type":"Feature","geometry":{"type":"LineString","coordinates":[[-5.06042,50.18943],[-5.05542,50.18932],[-5.05529,50.19042],[-5.05875,50.19053],[-5.06042,50.19167],[-5.06042,50.18943]]},"properties":{"source":"emodnet_dtm_2024","level":2}},{"type":"Feature","geometry":{"type":"LineString","coordinates":[[-5.06458,50.19367],[-5.06319,50.19375],[-5.06458,50.19479],[-5.06458,50.19367]]},"properties":{"source":"emodnet_dtm_2024","level":2}},{"type":"Feature","geometry":{"type":"LineString","coordinates":[[-5.57792,50.19542],[-5.57708,50.19542],[-5.57792,50.19542]]},"properties":{"source":"emodnet_dtm_2024","level":2}},{"type":"Feature","geometry":{"type":"LineString","coordinates":[[-5.08375,50.20708],[-5.07625,50.20708],[-5.08042,50.20708],[-5.08125,50.20792],[-5.08292,50.20792],[-5.08375,50.20708]]},"properties":{"source":"emodnet_dtm_2024","level":2}},{"type":"Feature","geometry":{"type":"LineString","coordinates":[[-5.09125,50.20792],[-5.08542,50.20792],[-5.09125,50.20792]]},"properties":{"source":"emodnet_dtm_2024","level":2}},{"type":"Feature","geometry":{"type":"LineString","coordinates":[[-4.99708,50.22458],[-4.99542,50.22458],[-4.99708,50.22458]]},"properties":{"source":"emodnet_dtm_2024","level":2}},{"type":"Feature","geometry":{"type":"LineString","coordinates":[[-5.01125,50.22783],[-5.00984,50.22792],[-5.01125,50.22783]]},"properties":{"source":"emodnet_dtm_2024","level":2}},{"type":"Feature","geometry":{"type":"LineString","coordinates":[[-3.76625,50.23114],[-3.76458,50.23095],[-3.76458,50.23264],[-3.76625,50.23114]]},"properties":{"source":"emodnet_dtm_2024","level":2}},{"type":"Feature","geometry":{"type":"LineString","coordinates":[[-5.35958,50.23901],[-5.35772,50.23958],[-5.35745,50.24042],[-5.35875,50.23966],[-5.36012,50.23958],[-5.35958,50.23901]]},"properties":{"source":"emodnet_dtm_2024","level":2}},{"type":"Feature","geometry":{"type":"LineString","coordinates":[[-5.34958,50.24018],[-5.34866,50.24042],[-5.34958,50.24193],[-5.34958,50.24018]]},"properties":{"source":"emodnet_dtm_2024","level":2}},{"type":"Feature","geometry":{"type":"LineString","coordinates":[[-5.04042,50.24625],[-5.03458,50.24625],[-5.04042,50.24625]]},"properties":{"source":"emodnet_dtm_2024","level":2}},{"type":"Feature","geometry":{"type":"LineString","coordinates":[[-5.03625,50.24875],[-5.03458,50.24875],[-5.03625,50.24875]]},"properties":{"source":"emodnet_dtm_2024","level":2}},{"type":"Feature","geometry":{"type":"LineString","coordinates":[[-5.01208,50.24958],[-5.01042,50.24958],[-5.01208,50.24958]]},"properties":{"source":"emodnet_dtm_2024","level":2}},{"type":"Feature","geometry":{"type":"LineString","coordinates":[[-3.74875,50.25621],[-3.74766,50.25625],[-3.74792,50.25655],[-3.74875,50.25621]]},"properties":{"source":"emodnet_dtm_2024","level":2}},{"type":"Feature","geometry":{"type":"LineString","coordinates":[[-5.29208,50.26428],[-5.29119,50.26458],[-5.29208,50.26494],[-5.29208,50.26428]]},"properties":{"source":"emodnet_dtm_2024","level":2}},{"type":"Feature","geometry":{"type":"LineString","coordinates":[[-5.28708,50.26542],[-5.28458,50.26542],[-5.28708,50.26542]]},"properties":{"source":"emodnet_dtm_2024","level":2}},{"type":"Feature","geometry":{"type":"LineString","coordinates":[[-5.00292,50.26792],[-5.00208,50.26792],[-5.00208,50.26875],[-5.00292,50.26875],[-5.00292,50.26792]]},"properties":{"source":"emodnet_dtm_2024","level":2}},{"type":"Feature","geometry":{"type":"LineString","coordinates":[[-5.00292,50.27042],[-5.00208,50.27042],[-5.00208,50.27125],[-5.00292,50.27125],[-5.00292,50.27042]]},"properties":{"source":"emodnet_dtm_2024","level":2}},{"type":"Feature","geometry":{"type":"LineString","coordinates":[[-4.05542,50.30958],[-4.05375,50.30958],[-4.05375,50.31042],[-4.05542,50.31042],[-4.05542,50.30958]]},"properties":{"source":"emodnet_dtm_2024","level":2}},{"type":"Feature","geometry":{"type":"LineString","coordinates":[[-4.06375,50.31037],[-4.06026,50.31042],[-4.06375,50.31037]]},"properties":{"source":"emodnet_dtm_2024","level":2}},{"type":"Feature","geometry":{"type":"LineString","coordinates":[[-4.06292,50.31208],[-4.05958,50.31208],[-4.06292,50.31208]]},"properties":{"source":"emodnet_dtm_2024","level":2}},{"type":"Feature","geometry":{"type":"LineString","coordinates":[[-5.19875,50.32204],[-5.19786,50.32208],[-5.19792,50.32317],[-5.19875,50.32204]]},"properties":{"source":"emodnet_dtm_2024","level":2}},{"type":"Feature","geometry":{"type":"LineString","coordinates":[[-4.62375,50.33375],[-4.62292,50.33375],[-4.62375,50.33375]]},"properties":{"source":"emodnet_dtm_2024","level":2}},{"type":"Feature","geometry":{"type":"LineString","coordinates":[[-4.63208,50.34042],[-4.63125,50.34042],[-4.63125,50.34146],[-4.63227,50.34125],[-4.63208,50.34042]]},"properties":{"source":"emodnet_dtm_2024","level":2}},{"type":"Feature","geometry":{"type":"LineString","coordinates":[[-4.45625,50.34234],[-4.45458,50.3427],[-4.45444,50.34375],[-4.45637,50.34375],[-4.45625,50.34234]]},"properties":{"source":"emodnet_dtm_2024","level":2}},{"type":"Feature","geometry":{"type":"LineString","coordinates":[[-4.63625,50.34867],[-4.63458,50.34875],[-4.63542,50.35292],[-4.63625,50.35292],[-4.63625,50.34867]]},"properties":{"source":"emodnet_dtm_2024","level":2}},{"type":"Feature","geometry":{"type":"LineString","coordinates":[[-4.10958,50.35542],[-4.10875,50.35542],[-4.10875,50.35625],[-4.10958,50.35625],[-4.10958,50.35542]]},"properties":{"source":"emodnet_dtm_2024","level":2}},{"type":"Feature","geometry":{"type":"LineString","coordinates":[[-4.18708,50.35605],[-4.18527,50.35625],[-4.18708,50.35656],[-4.18708,50.35605]]},"properties":{"source":"emodnet_dtm_2024","level":2}},{"type":"Feature","geometry":{"type":"LineString","coordinates":[[-4.10792,50.35708],[-4.10542,50.35708],[-4.10792,50.35708]]},"properties":{"source":"emodnet_dtm_2024","level":2}},{"type":"Feature","geometry":{"type":"LineString","coordinates":[[-4.45708,50.35875],[-4.45625,50.35875],[-4.45708,50.35875]]},"properties":{"source":"emodnet_dtm_2024","level":2}},{"type":"Feature","geometry":{"type":"LineString","coordinates":[[-4.20792,50.36025],[-4.20042,50.36008],[-4.20022,50.36042],[-4.20292,50.36056],[-4.20375,50.36143],[-4.20792,50.36141],[-4.20792,50.36025]]},"properties":{"source":"emodnet_dtm_2024","level":2}},{"type":"Feature","geometry":{"type":"LineString","coordinates":[[-4.28042,50.37875],[-4.27958,50.37875],[-4.28042,50.37875]]},"properties":{"source":"emodnet_dtm_2024","level":2}},{"type":"Feature","geometry":{"type":"LineString","coordinates":[[-4.65708,50.38458],[-4.65625,50.38458],[-4.65625,50.38542],[-4.65708,50.38542],[-4.65708,50.38458]]},"properties":{"source":"emodnet_dtm_2024","level":2}},{"type":"Feature","geometry":{"type":"LineString","coordinates":[[-4.65875,50.38625],[-4.65792,50.38625],[-4.65875,50.38625]]},"properties":{"source":"emodnet_dtm_2024","level":2}},{"type":"Feature","geometry":{"type":"LineString","coordinates":[[-4.66125,50.38792],[-4.66042,50.38792],[-4.66125,50.38792]]},"properties":{"source":"emodnet_dtm_2024","level":2}},{"type":"Feature","geometry":{"type":"LineString","coordinates":[[-4.18708,50.39208],[-4.18542,50.39208],[-4.18708,50.39208]]},"properties":{"source":"emodnet_dtm_2024","level":2}},{"type":"Feature","geometry":{"type":"LineString","coordinates":[[-5.08875,50.40458],[-5.08708,50.40458],[-5.08875,50.40458]]},"properties":{"source":"emodnet_dtm_2024","level":2}},{"type":"Feature","geometry":{"type":"LineString","coordinates":[[-4.17792,50.42208],[-4.17708,50.42208],[-4.17708,50.42292],[-4.17792,50.42292],[-4.17792,50.42208]]},"properties":{"source":"emodnet_dtm_2024","level":2}},{"type":"Feature","geometry":{"type":"LineString","coordinates":[[-4.18375,50.42375],[-4.17875,50.42375],[-4.18292,50.42375],[-4.18375,50.42458],[-4.18375,50.42375]]},"properties":{"source":"emodnet_dtm_2024","level":2}},{"type":"Feature","geometry":{"type":"LineString","coordinates":[[-5.06125,50.42458],[-5.05542,50.42458],[-5.06125,50.42458]]},"properties":{"source":"emodnet_dtm_2024","level":2}},{"type":"Feature","geometry":{"type":"LineString","coordinates":[[-4.21625,50.42625],[-4.21458,50.42625],[-4.21458,50.42708],[-4.21625,50.42708],[-4.21625,50.42625]]},"properties":{"source":"emodnet_dtm_2024","level":2}},{"type":"Feature","geometry":{"type":"LineString","coordinates":[[-4.17208,50.44123],[-4.17098,50.44125],[-4.17208,50.44123]]},"properties":{"source":"emodnet_dtm_2024","level":2}},{"type":"Feature","geometry":{"type":"LineString","coordinates":[[-4.23208,50.45542],[-4.22875,50.45542],[-4.22875,50.45625],[-4.23208,50.45625],[-4.23208,50.45542]]},"properties":{"source":"emodnet_dtm_2024","level":2}},{"type":"Feature","geometry":{"type":"LineString","coordinates":[[-4.23708,50.45792],[-4.23542,50.45792],[-4.23625,50.45792],[-4.23708,50.45875],[-4.23708,50.45792]]},"properties":{"source":"emodnet_dtm_2024","level":2}},{"type":"Feature","geometry":{"type":"LineString","coordinates":[[-4.23625,50.46625],[-4.23542,50.46625],[-4.23625,50.46625]]},"properties":{"source":"emodnet_dtm_2024","level":2}},{"type":"Feature","geometry":{"type":"LineString","coordinates":[[-4.22625,50.47125],[-4.22542,50.47125],[-4.22625,50.47125]]},"properties":{"source":"emodnet_dtm_2024","level":2}},{"type":"Feature","geometry":{"type":"LineString","coordinates":[[-4.22375,50.47208],[-4.22292,50.47208],[-4.22292,50.47292],[-4.22375,50.47292],[-4.22375,50.47208]]},"properties":{"source":"emodnet_dtm_2024","level":2}},{"type":"Feature","geometry":{"type":"LineString","coordinates":[[-4.22125,50.47375],[-4.22042,50.47375],[-4.22125,50.47375]]},"properties":{"source":"emodnet_dtm_2024","level":2}},{"type":"Feature","geometry":{"type":"LineString","coordinates":[[-5.02375,50.52542],[-5.02292,50.52542],[-5.02375,50.52542]]},"properties":{"source":"emodnet_dtm_2024","level":2}},{"type":"Feature","geometry":{"type":"LineString","coordinates":[[-4.89958,50.52625],[-4.89792,50.52625],[-4.89875,50.52708],[-4.89958,50.52625]]},"properties":{"source":"emodnet_dtm_2024","level":2}},{"type":"Feature","geometry":{"type":"LineString","coordinates":[[-4.85792,50.52958],[-4.85625,50.52958],[-4.85792,50.52958]]},"properties":{"source":"emodnet_dtm_2024","level":2}},{"type":"Feature","geometry":{"type":"LineString","coordinates":[[-3.54125,50.53875],[-3.53958,50.53875],[-3.53958,50.54042],[-3.54042,50.53958],[-3.54125,50.53958],[-3.54125,50.53875]]},"properties":{"source":"emodnet_dtm_2024","level":2}},{"type":"Feature","geometry":{"type":"LineString","coordinates":[[-3.57875,50.54042],[-3.57625,50.54042],[-3.57875,50.54042]]},"properties":{"source":"emodnet_dtm_2024","level":2}},{"type":"Feature","geometry":{"type":"LineString","coordinates":[[-3.57542,50.54125],[-3.57125,50.54125],[-3.57542,50.54125]]},"properties":{"source":"emodnet_dtm_2024","level":2}},{"type":"Feature","geometry":{"type":"LineString","coordinates":[[-3.56375,50.54375],[-3.56042,50.54375],[-3.56375,50.54375]]},"properties":{"source":"emodnet_dtm_2024","level":2}},{"type":"Feature","geometry":{"type":"LineString","coordinates":[[-3.54292,50.54458],[-3.54208,50.54458],[-3.54292,50.54458]]},"properties":{"source":"emodnet_dtm_2024","level":2}},{"type":"Feature","geometry":{"type":"LineString","coordinates":[[-3.50708,50.54458],[-3.50542,50.54458],[-3.50708,50.54458]]},"properties":{"source":"emodnet_dtm_2024","level":2}},{"type":"Feature","geometry":{"type":"LineString","coordinates":[[-4.77875,50.61431],[-4.77708,50.61443],[-4.77708,50.61565],[-4.77792,50.61583],[-4.77875,50.61431]]},"properties":{"source":"emodnet_dtm_2024","level":2}},{"type":"Feature","geometry":{"type":"LineString","coordinates":[[-3.45625,50.6587],[-3.45208,50.65827],[-3.45188,50.65875],[-3.45704,50.65875],[-3.45625,50.6587]]},"properties":{"source":"emodnet_dtm_2024","level":2}},{"type":"Feature","geometry":{"type":"LineString","coordinates":[[-3.47375,50.68625],[-3.47292,50.68625],[-3.47375,50.68625]]},"properties":{"source":"emodnet_dtm_2024","level":2}},{"type":"Feature","geometry":{"type":"LineString","coordinates":[[-4.68292,50.70136],[-4.68125,50.702],[-4.68125,50.70297],[-4.68208,50.70307],[-4.68292,50.70136]]},"properties":{"source":"emodnet_dtm_2024","level":2}},{"type":"Feature","geometry":{"type":"LineString","coordinates":[[-4.67875,50.70587],[-4.6766,50.70625],[-4.67875,50.70682],[-4.67875,50.70587]]},"properties":{"source":"emodnet_dtm_2024","level":2}},{"type":"Feature","geometry":{"type":"LineString","coordinates":[[-4.63625,50.7474],[-4.63505,50.74792],[-4.63542,50.74841],[-4.63672,50.74792],[-4.63625,50.7474]]},"properties":{"source":"emodnet_dtm_2024","level":2}},{"type":"Feature","geometry":{"type":"LineString","coordinates":[[-4.59042,50.76708],[-4.58958,50.76708],[-4.59042,50.76708]]},"properties":{"source":"emodnet_dtm_2024","level":2}},{"type":"Feature","geometry":{"type":"LineString","coordinates":[[-4.55708,50.84192],[-4.55609,50.84208],[-4.5561,50.84458],[-4.55708,50.84479],[-4.55708,50.84192]]},"properties":{"source":"emodnet_dtm_2024","level":2}},{"type":"Feature","geometry":{"type":"LineString","coordinates":[[-4.34125,50.98955],[-4.33953,50.98958],[-4.34125,50.98955]]},"properties":{"source":"emodnet_dtm_2024","level":2}},{"type":"Feature","geometry":{"type":"LineString","coordinates":[[-4.30708,50.99624],[-4.30619,50.99625],[-4.30708,50.99704],[-4.30708,50.99624]]},"properties":{"source":"emodnet_dtm_2024","level":2}},{"type":"Feature","geometry":{"type":"LineString","coordinates":[[-4.18708,50.99958],[-4.18458,50.99958],[-4.18708,50.99958]]},"properties":{"source":"emodnet_dtm_2024","level":2}},{"type":"Feature","geometry":{"type":"LineString","coordinates":[[-4.19625,51.00125],[-4.19542,51.00125],[-4.19542,51.00208],[-4.19625,51.00208],[-4.19625,51.00125]]},"properties":{"source":"emodnet_dtm_2024","level":2}},{"type":"Feature","geometry":{"type":"LineString","coordinates":[[-4.19875,51.00292],[-4.19708,51.00292],[-4.19875,51.00292]]},"properties":{"source":"emodnet_dtm_2024","level":2}},{"type":"Feature","geometry":{"type":"LineString","coordinates":[[-4.26125,51.03527],[-4.26034,51.03542],[-4.26125,51.03527]]},"properties":{"source":"emodnet_dtm_2024","level":2}},{"type":"Feature","geometry":{"type":"LineString","coordinates":[[-4.17042,51.07766],[-4.16958,51.07736],[-4.16842,51.07792],[-4.16958,51.07834],[-4.17042,51.07797],[-4.17083,51.07958],[-4.17292,51.07969],[-4.17489,51.07875],[-4.17042,51.07766]]},"properties":{"source":"emodnet_dtm_2024","level":2}},{"type":"Feature","geometry":{"type":"LineString","coordinates":[[-4.16958,51.08708],[-4.16875,51.08708],[-4.16958,51.08708]]},"properties":{"source":"emodnet_dtm_2024","level":2}},{"type":"Feature","geometry":{"type":"LineString","coordinates":[[-4.09875,51.08784],[-4.09744,51.08792],[-4.09875,51.08836],[-4.09875,51.08784]]},"properties":{"source":"emodnet_dtm_2024","level":2}},{"type":"Feature","geometry":{"type":"LineString","coordinates":[[-4.10125,51.0887],[-4.10019,51.08875],[-4.10125,51.08915],[-4.10125,51.0887]]},"properties":{"source":"emodnet_dtm_2024","level":2}},{"type":"Feature","geometry":{"type":"LineString","coordinates":[[-3.30292,51.1811],[-3.28371,51.18125],[-3.28458,51.18214],[-3.28708,51.18212],[-3.28792,51.18127],[-3.28875,51.18212],[-3.29708,51.18216],[-3.29792,51.18131],[-3.30292,51.1811]]},"properties":{"source":"emodnet_dtm_2024","level":2}},{"type":"Feature","geometry":{"type":"LineString","coordinates":[[-3.05208,51.18056],[-3.05104,51.18125],[-3.05208,51.18333],[-3.05292,51.18125],[-3.05208,51.18056]]},"properties":{"source":"emodnet_dtm_2024","level":2}},{"type":"Feature","geometry":{"type":"LineString","coordinates":[[-3.26292,51.18534],[-3.25208,51.18535],[-3.25191,51.18708],[-3.25792,51.18714],[-3.25875,51.18631],[-3.26125,51.1863],[-3.26292,51.18534]]},"properties":{"source":"emodnet_dtm_2024","level":2}},{"type":"Feature","geometry":{"type":"LineString","coordinates":[[-3.24208,51.18949],[-3.23542,51.18946],[-3.23501,51.19125],[-3.23625,51.19132],[-3.23708,51.19047],[-3.23875,51.19046],[-3.23958,51.18964],[-3.24208,51.18949]]},"properties":{"source":"emodnet_dtm_2024","level":2}},{"type":"Feature","geometry":{"type":"LineString","coordinates":[[-3.22125,51.19351],[-3.21458,51.19354],[-3.21429,51.19458],[-3.21625,51.19462],[-3.21708,51.1938],[-3.22125,51.19351]]},"properties":{"source":"emodnet_dtm_2024","level":2}},{"type":"Feature","geometry":{"type":"LineString","coordinates":[[-3.43958,51.20417],[-3.43875,51.20402],[-3.43875,51.20472],[-3.4401,51.20458],[-3.43958,51.20417]]},"properties":{"source":"emodnet_dtm_2024","level":2}},{"type":"Feature","geometry":{"type":"LineString","coordinates":[[-4.04875,51.2079],[-4.04792,51.20819],[-4.04875,51.2079]]},"properties":{"source":"emodnet_dtm_2024","level":2}},{"type":"Feature","geometry":{"type":"LineString","coordinates":[[-3.45625,51.20863],[-3.45373,51.20875],[-3.45689,51.20875],[-3.45625,51.20863]]},"properties":{"source":"emodnet_dtm_2024","level":2}},{"type":"Feature","geometry":{"type":"LineString","coordinates":[[-3.99875,51.21871],[-3.99538,51.21875],[-3.99875,51.21871]]},"properties":{"source":"emodnet_dtm_2024","level":2}},{"type":"Feature","geometry":{"type":"LineString","coordinates":[[-3.99208,51.21872],[-3.99125,51.21895],[-3.99208,51.21872]]},"properties":{"source":"emodnet_dtm_2024","level":2}},{"type":"Feature","geometry":{"type":"LineString","coordinates":[[-3.98875,51.21873],[-3.98531,51.21875],[-3.98875,51.21873]]},"properties":{"source":"emodnet_dtm_2024","level":2}},{"type":"Feature","geometry":{"type":"LineString","coordinates":[[-3.48542,51.21872],[-3.48088,51.21875],[-3.48208,51.21999],[-3.48542,51.22014],[-3.48542,51.21872]]},"properties":{"source":"emodnet_dtm_2024","level":2}},{"type":"Feature","geometry":{"type":"LineString","coordinates":[[-3.49042,51.22124],[-3.48918,51.22125],[-3.49042,51.22175],[-3.49042,51.22124]]},"properties":{"source":"emodnet_dtm_2024","level":2}},{"type":"Feature","geometry":{"type":"LineString","coordinates":[[-3.89518,51.22625],[-3.89292,51.22553],[-3.89062,51.22625]]},"properties":{"source":"emodnet_dtm_2024","level":2}},{"type":"Feature","geometry":{"type":"LineString","coordinates":[[-3.65233,51.22625],[-3.64935,51.22625]]},"properties":{"source":"emodnet_dtm_2024","level":2}},{"type":"Feature","geometry":{"type":"LineString","coordinates":[[-3.51646,51.22625],[-3.51339,51.22625]]},"properties":{"source":"emodnet_dtm_2024","level":2}},{"type":"Feature","geometry":{"type":"LineString","coordinates":[[-4.43792,48.66147],[-4.43792,48.66228],[-4.43792,48.66147]]},"properties":{"source":"emodnet_dtm_2024","level":2}},{"type":"Feature","geometry":{"type":"LineString","coordinates":[[-4.70375,50.34034],[-4.70375,50.34069],[-4.70375,50.34034]]},"properties":{"source":"emodnet_dtm_2024","level":2}},{"type":"Feature","geometry":{"type":"LineString","coordinates":[[-4.13042,50.36251],[-4.13042,50.36328],[-4.13042,50.36251]]},"properties":{"source":"emodnet_dtm_2024","level":2}},{"type":"Feature","geometry":{"type":"LineString","coordinates":[[-4.95708,50.56375],[-4.95708,50.56375]]},"properties":{"source":"emodnet_dtm_2024","level":2}},{"type":"Feature","geometry":{"type":"LineString","coordinates":[[-3.28375,47.81375],[-3.28375,47.81625],[-3.28375,47.81375]]},"properties":{"source":"emodnet_dtm_2024","level":2}},{"type":"Feature","geometry":{"type":"LineString","coordinates":[[-3.70125,47.81458],[-3.70125,47.81542],[-3.70125,47.81458]]},"properties":{"source":"emodnet_dtm_2024","level":2}},{"type":"Feature","geometry":{"type":"LineString","coordinates":[[-4.18042,47.83542],[-4.18042,47.83625],[-4.18042,47.83542]]},"properties":{"source":"emodnet_dtm_2024","level":2}},{"type":"Feature","geometry":{"type":"LineString","coordinates":[[-4.20542,47.86375],[-4.20542,47.86458],[-4.20542,47.86375]]},"properties":{"source":"emodnet_dtm_2024","level":2}},{"type":"Feature","geometry":{"type":"LineString","coordinates":[[-4.08292,47.87208],[-4.08292,47.87292],[-4.08292,47.87208]]},"properties":{"source":"emodnet_dtm_2024","level":2}},{"type":"Feature","geometry":{"type":"LineString","coordinates":[[-4.15958,47.89292],[-4.15958,47.89375],[-4.15958,47.89292]]},"properties":{"source":"emodnet_dtm_2024","level":2}},{"type":"Feature","geometry":{"type":"LineString","coordinates":[[-3.97875,47.89708],[-3.97875,47.89875],[-3.97875,47.89708]]},"properties":{"source":"emodnet_dtm_2024","level":2}},{"type":"Feature","geometry":{"type":"LineString","coordinates":[[-4.17458,47.90542],[-4.17458,47.90625],[-4.17458,47.90542]]},"properties":{"source":"emodnet_dtm_2024","level":2}},{"type":"Feature","geometry":{"type":"LineString","coordinates":[[-4.14076,47.91792],[-4.14044,47.91875],[-4.14125,47.91906],[-4.14154,47.91792],[-4.14125,47.91759],[-4.14076,47.91792]]},"properties":{"source":"emodnet_dtm_2024","level":2}},{"type":"Feature","geometry":{"type":"LineString","coordinates":[[-4.13036,47.92542],[-4.13042,47.92806],[-4.13036,47.92542]]},"properties":{"source":"emodnet_dtm_2024","level":2}},{"type":"Feature","geometry":{"type":"LineString","coordinates":[[-4.11602,47.93042],[-4.11625,47.93133],[-4.11602,47.93042]]},"properties":{"source":"emodnet_dtm_2024","level":2}},{"type":"Feature","geometry":{"type":"LineString","coordinates":[[-4.10942,47.93708],[-4.10958,47.94177],[-4.10942,47.93708]]},"properties":{"source":"emodnet_dtm_2024","level":2}},{"type":"Feature","geometry":{"type":"LineString","coordinates":[[-4.10042,47.94292],[-4.10042,47.94375],[-4.10042,47.94292]]},"properties":{"source":"emodnet_dtm_2024","level":2}},{"type":"Feature","geometry":{"type":"LineString","coordinates":[[-4.11792,47.95125],[-4.11792,47.95208],[-4.11792,47.95125]]},"properties":{"source":"emodnet_dtm_2024","level":2}},{"type":"Feature","geometry":{"type":"LineString","coordinates":[[-4.10038,47.96208],[-4.10042,47.96322],[-4.10038,47.96208]]},"properties":{"source":"emodnet_dtm_2024","level":2}},{"type":"Feature","geometry":{"type":"LineString","coordinates":[[-4.53366,48.01792],[-4.53375,48.01929],[-4.53366,48.01792]]},"properties":{"source":"emodnet_dtm_2024","level":2}},{"type":"Feature","geometry":{"type":"LineString","coordinates":[[-4.53538,48.02542],[-4.53542,48.02725],[-4.53542,48.025],[-4.53538,48.02542]]},"properties":{"source":"emodnet_dtm_2024","level":2}},{"type":"Feature","geometry":{"type":"LineString","coordinates":[[-4.53375,48.03042],[-4.53375,48.03125],[-4.53375,48.03042]]},"properties":{"source":"emodnet_dtm_2024","level":2}},{"type":"Feature","geometry":{"type":"LineString","coordinates":[[-4.11292,48.23375],[-4.11292,48.23548],[-4.11292,48.23375]]},"properties":{"source":"emodnet_dtm_2024","level":2}},{"type":"Feature","geometry":{"type":"LineString","coordinates":[[-4.14263,48.23875],[-4.14292,48.24002],[-4.14263,48.23875]]},"properties":{"source":"emodnet_dtm_2024","level":2}},{"type":"Feature","geometry":{"type":"LineString","coordinates":[[-4.29539,48.34792],[-4.29542,48.34876],[-4.29539,48.34792]]},"properties":{"source":"emodnet_dtm_2024","level":2}},{"type":"Feature","geometry":{"type":"LineString","coordinates":[[-4.34785,48.40875],[-4.34722,48.41042],[-4.34792,48.41054],[-4.34861,48.41042],[-4.34792,48.40833],[-4.34785,48.40875]]},"properties":{"source":"emodnet_dtm_2024","level":2}},{"type":"Feature","geometry":{"type":"LineString","coordinates":[[-4.33467,48.41042],[-4.33542,48.4113],[-4.33542,48.40979],[-4.33467,48.41042]]},"properties":{"source":"emodnet_dtm_2024","level":2}},{"type":"Feature","geometry":{"type":"LineString","coordinates":[[-4.3269,48.41208],[-4.32714,48.41292],[-4.32788,48.41208],[-4.3269,48.41208]]},"properties":{"source":"emodnet_dtm_2024","level":2}},{"type":"Feature","geometry":{"type":"LineString","coordinates":[[-4.33534,48.41375],[-4.33542,48.41481],[-4.33534,48.41375]]},"properties":{"source":"emodnet_dtm_2024","level":2}},{"type":"Feature","geometry":{"type":"LineString","coordinates":[[-4.55375,48.55958],[-4.55375,48.56042],[-4.55375,48.55958]]},"properties":{"source":"emodnet_dtm_2024","level":2}},{"type":"Feature","geometry":{"type":"LineString","coordinates":[[-4.59458,48.56625],[-4.59458,48.56958],[-4.59458,48.56625]]},"properties":{"source":"emodnet_dtm_2024","level":2}},{"type":"Feature","geometry":{"type":"LineString","coordinates":[[-3.93875,48.60125],[-3.93875,48.60208],[-3.93875,48.60125]]},"properties":{"source":"emodnet_dtm_2024","level":2}},{"type":"Feature","geometry":{"type":"LineString","coordinates":[[-4.62104,48.60792],[-4.62125,48.60909],[-4.62172,48.60875],[-4.62125,48.60764],[-4.62104,48.60792]]},"properties":{"source":"emodnet_dtm_2024","level":2}},{"type":"Feature","geometry":{"type":"LineString","coordinates":[[-4.31039,48.63875],[-4.31031,48.63958],[-4.31125,48.63958],[-4.31039,48.63875]]},"properties":{"source":"emodnet_dtm_2024","level":2}},{"type":"Feature","geometry":{"type":"LineString","coordinates":[[-4.05958,48.67625],[-4.05958,48.67708],[-4.05958,48.67625]]},"properties":{"source":"emodnet_dtm_2024","level":2}},{"type":"Feature","geometry":{"type":"LineString","coordinates":[[-4.04532,48.71292],[-4.04542,48.71511],[-4.04542,48.71227],[-4.04532,48.71292]]},"properties":{"source":"emodnet_dtm_2024","level":2}},{"type":"Feature","geometry":{"type":"LineString","coordinates":[[-2.94346,48.72625],[-2.94375,48.72715],[-2.94375,48.726],[-2.94346,48.72625]]},"properties":{"source":"emodnet_dtm_2024","level":2}},{"type":"Feature","geometry":{"type":"LineString","coordinates":[[-3.22041,48.77958],[-3.22042,48.78139],[-3.22041,48.77958]]},"properties":{"source":"emodnet_dtm_2024","level":2}},{"type":"Feature","geometry":{"type":"LineString","coordinates":[[-3.00011,48.77958],[-3.00042,48.78162],[-3.00069,48.77958],[-3.00011,48.77958]]},"properties":{"source":"emodnet_dtm_2024","level":2}},{"type":"Feature","geometry":{"type":"LineString","coordinates":[[-3.22121,48.78625],[-3.22125,48.78712],[-3.22121,48.78625]]},"properties":{"source":"emodnet_dtm_2024","level":2}},{"type":"Feature","geometry":{"type":"LineString","coordinates":[[-3.0228,48.79208],[-3.02292,48.79396],[-3.0235,48.79208],[-3.0228,48.79208]]},"properties":{"source":"emodnet_dtm_2024","level":2}},{"type":"Feature","geometry":{"type":"LineString","coordinates":[[-2.97944,48.85125],[-2.97958,48.85372],[-2.97944,48.85125]]},"properties":{"source":"emodnet_dtm_2024","level":2}},{"type":"Feature","geometry":{"type":"LineString","coordinates":[[-5.13875,50.10125],[-5.13875,50.10208],[-5.13875,50.10125]]},"properties":{"source":"emodnet_dtm_2024","level":2}},{"type":"Feature","geometry":{"type":"LineString","coordinates":[[-5.42958,50.18625],[-5.42958,50.18708],[-5.42958,50.18625]]},"properties":{"source":"emodnet_dtm_2024","level":2}},{"type":"Feature","geometry":{"type":"LineString","coordinates":[[-5.03458,50.22625],[-5.03458,50.22708],[-5.03458,50.22625]]},"properties":{"source":"emodnet_dtm_2024","level":2}},{"type":"Feature","geometry":{"type":"LineString","coordinates":[[-5.02958,50.23875],[-5.02958,50.23958],[-5.02958,50.23875]]},"properties":{"source":"emodnet_dtm_2024","level":2}},{"type":"Feature","geometry":{"type":"LineString","coordinates":[[-5.00125,50.27208],[-5.00125,50.27292],[-5.00125,50.27208]]},"properties":{"source":"emodnet_dtm_2024","level":2}},{"type":"Feature","geometry":{"type":"LineString","coordinates":[[-3.89659,50.28042],[-3.89708,50.28208],[-3.89768,50.28042],[-3.89708,50.27966],[-3.89659,50.28042]]},"properties":{"source":"emodnet_dtm_2024","level":2}},{"type":"Feature","geometry":{"type":"LineString","coordinates":[[-4.10424,50.31375],[-4.10458,50.31466],[-4.10458,50.31335],[-4.10424,50.31375]]},"properties":{"source":"emodnet_dtm_2024","level":2}},{"type":"Feature","geometry":{"type":"LineString","coordinates":[[-4.62958,50.34292],[-4.62958,50.34473],[-4.62958,50.34292]]},"properties":{"source":"emodnet_dtm_2024","level":2}},{"type":"Feature","geometry":{"type":"LineString","coordinates":[[-4.45792,50.36542],[-4.45792,50.36625],[-4.45792,50.36542]]},"properties":{"source":"emodnet_dtm_2024","level":2}},{"type":"Feature","geometry":{"type":"LineString","coordinates":[[-4.45875,50.36708],[-4.45875,50.36875],[-4.45875,50.36708]]},"properties":{"source":"emodnet_dtm_2024","level":2}},{"type":"Feature","geometry":{"type":"LineString","coordinates":[[-4.10792,50.36792],[-4.10792,50.36875],[-4.10792,50.36792]]},"properties":{"source":"emodnet_dtm_2024","level":2}},{"type":"Feature","geometry":{"type":"LineString","coordinates":[[-4.30125,50.39292],[-4.30125,50.39375],[-4.30125,50.39292]]},"properties":{"source":"emodnet_dtm_2024","level":2}},{"type":"Feature","geometry":{"type":"LineString","coordinates":[[-4.15542,50.45958],[-4.15542,50.46042],[-4.15542,50.45958]]},"properties":{"source":"emodnet_dtm_2024","level":2}},{"type":"Feature","geometry":{"type":"LineString","coordinates":[[-4.21708,50.47625],[-4.21708,50.48125],[-4.21708,50.47625]]},"properties":{"source":"emodnet_dtm_2024","level":2}},{"type":"Feature","geometry":{"type":"LineString","coordinates":[[-4.93792,50.52208],[-4.93792,50.52292],[-4.93792,50.52208]]},"properties":{"source":"emodnet_dtm_2024","level":2}},{"type":"Feature","geometry":{"type":"LineString","coordinates":[[-3.49941,50.53875],[-3.49958,50.53959],[-3.49941,50.53875]]},"properties":{"source":"emodnet_dtm_2024","level":2}},{"type":"Feature","geometry":{"type":"LineString","coordinates":[[-4.78292,50.60958],[-4.78292,50.61042],[-4.78292,50.60958]]},"properties":{"source":"emodnet_dtm_2024","level":2}},{"type":"Feature","geometry":{"type":"LineString","coordinates":[[-3.44369,50.60958],[-3.44375,50.6122],[-3.44369,50.60958]]},"properties":{"source":"emodnet_dtm_2024","level":2}},{"type":"Feature","geometry":{"type":"LineString","coordinates":[[-3.4587,50.66958],[-3.45875,50.67133],[-3.4587,50.66958]]},"properties":{"source":"emodnet_dtm_2024","level":2}},{"type":"Feature","geometry":{"type":"LineString","coordinates":[[-4.61038,50.76042],[-4.61042,50.76143],[-4.61117,50.76125],[-4.61038,50.76042]]},"properties":{"source":"emodnet_dtm_2024","level":2}},{"type":"Feature","geometry":{"type":"LineString","coordinates":[[-4.55958,50.87208],[-4.55958,50.87292],[-4.55958,50.87208]]},"properties":{"source":"emodnet_dtm_2024","level":2}},{"type":"Feature","geometry":{"type":"LineString","coordinates":[[-4.56518,50.89375],[-4.56542,50.89461],[-4.56518,50.89375]]},"properties":{"source":"emodnet_dtm_2024","level":2}},{"type":"Feature","geometry":{"type":"LineString","coordinates":[[-4.19787,51.02542],[-4.19792,51.02755],[-4.19792,51.025],[-4.19787,51.02542]]},"properties":{"source":"emodnet_dtm_2024","level":2}},{"type":"Feature","geometry":{"type":"LineString","coordinates":[[-4.20125,51.03042],[-4.20125,51.03292],[-4.20125,51.03042]]},"properties":{"source":"emodnet_dtm_2024","level":2}},{"type":"Feature","geometry":{"type":"LineString","coordinates":[[-4.18918,51.04458],[-4.18906,51.05458],[-4.18958,51.05506],[-4.19035,51.05458],[-4.18974,51.05208],[-4.18998,51.04458],[-4.18958,51.04421],[-4.18918,51.04458]]},"properties":{"source":"emodnet_dtm_2024","level":2}},{"type":"Feature","geometry":{"type":"LineString","coordinates":[[-4.05875,51.07625],[-4.05875,51.07708],[-4.05875,51.07625]]},"properties":{"source":"emodnet_dtm_2024","level":2}},{"type":"Feature","geometry":{"type":"LineString","coordinates":[[-4.21771,51.07792],[-4.21792,51.07875],[-4.21771,51.07792]]},"properties":{"source":"emodnet_dtm_2024","level":2}},{"type":"Feature","geometry":{"type":"LineString","coordinates":[[-4.16792,51.08875],[-4.16792,51.08958],[-4.16792,51.08875]]},"properties":{"source":"emodnet_dtm_2024","level":2}},{"type":"Feature","geometry":{"type":"LineString","coordinates":[[-3.43707,51.20208],[-3.43708,51.20297],[-3.43707,51.20208]]},"properties":{"source":"emodnet_dtm_2024","level":2}},{"type":"Feature","geometry":{"type":"LineString","coordinates":[[-3.50972,51.22625],[-3.50958,51.22539],[-3.50935,51.22625]]},"properties":{"source":"emodnet_dtm_2024","level":2}},{"type":"Feature","geometry":{"type":"LineString","coordinates":[[-3.74958,47.81458],[-3.74958,47.81458]]},"properties":{"source":"emodnet_dtm_2024","level":2}},{"type":"Feature","geometry":{"type":"LineString","coordinates":[[-3.74375,47.81458],[-3.74375,47.81458]]},"properties":{"source":"emodnet_dtm_2024","level":2}},{"type":"Feature","geometry":{"type":"LineString","coordinates":[[-3.70042,47.81625],[-3.70042,47.81625]]},"properties":{"source":"emodnet_dtm_2024","level":2}},{"type":"Feature","geometry":{"type":"LineString","coordinates":[[-3.69958,47.81708],[-3.69958,47.81708]]},"properties":{"source":"emodnet_dtm_2024","level":2}},{"type":"Feature","geometry":{"type":"LineString","coordinates":[[-3.28292,47.81708],[-3.28292,47.81708]]},"properties":{"source":"emodnet_dtm_2024","level":2}},{"type":"Feature","geometry":{"type":"LineString","coordinates":[[-3.69708,47.81792],[-3.69708,47.81792]]},"properties":{"source":"emodnet_dtm_2024","level":2}},{"type":"Feature","geometry":{"type":"LineString","coordinates":[[-3.69292,47.81875],[-3.69292,47.81875]]},"properties":{"source":"emodnet_dtm_2024","level":2}},{"type":"Feature","geometry":{"type":"LineString","coordinates":[[-3.68875,47.81875],[-3.68875,47.81875]]},"properties":{"source":"emodnet_dtm_2024","level":2}},{"type":"Feature","geometry":{"type":"LineString","coordinates":[[-3.68375,47.81875],[-3.68375,47.81875]]},"properties":{"source":"emodnet_dtm_2024","level":2}},{"type":"Feature","geometry":{"type":"LineString","coordinates":[[-3.74375,47.82125],[-3.74375,47.82125]]},"properties":{"source":"emodnet_dtm_2024","level":2}},{"type":"Feature","geometry":{"type":"LineString","coordinates":[[-3.68292,47.82125],[-3.68292,47.82125]]},"properties":{"source":"emodnet_dtm_2024","level":2}},{"type":"Feature","geometry":{"type":"LineString","coordinates":[[-3.65375,47.82125],[-3.65375,47.82125]]},"properties":{"source":"emodnet_dtm_2024","level":2}},{"type":"Feature","geometry":{"type":"LineString","coordinates":[[-3.69625,47.82208],[-3.69625,47.82208]]},"properties":{"source":"emodnet_dtm_2024","level":2}},{"type":"Feature","geometry":{"type":"LineString","coordinates":[[-3.67292,47.82292],[-3.67292,47.82292]]},"properties":{"source":"emodnet_dtm_2024","level":2}},{"type":"Feature","geometry":{"type":"LineString","coordinates":[[-3.65875,47.82292],[-3.65875,47.82292]]},"properties":{"source":"emodnet_dtm_2024","level":2}},{"type":"Feature","geometry":{"type":"LineString","coordinates":[[-3.69542,47.82542],[-3.69542,47.82542]]},"properties":{"source":"emodnet_dtm_2024","level":2}},{"type":"Feature","geometry":{"type":"LineString","coordinates":[[-3.74375,47.82625],[-3.74375,47.82625]]},"properties":{"source":"emodnet_dtm_2024","level":2}},{"type":"Feature","geometry":{"type":"LineString","coordinates":[[-3.69375,47.82625],[-3.69375,47.82625]]},"properties":{"source":"emodnet_dtm_2024","level":2}},{"type":"Feature","geometry":{"type":"LineString","coordinates":[[-4.35375,47.82865],[-4.35375,47.82865]]},"properties":{"source":"emodnet_dtm_2024","level":2}},{"type":"Feature","geometry":{"type":"LineString","coordinates":[[-3.75042,47.83542],[-3.75042,47.83542]]},"properties":{"source":"emodnet_dtm_2024","level":2}},{"type":"Feature","geometry":{"type":"LineString","coordinates":[[-3.74625,47.83542],[-3.74625,47.83542]]},"properties":{"source":"emodnet_dtm_2024","level":2}},{"type":"Feature","geometry":{"type":"LineString","coordinates":[[-3.74792,47.83875],[-3.74792,47.83875]]},"properties":{"source":"emodnet_dtm_2024","level":2}},{"type":"Feature","geometry":{"type":"LineString","coordinates":[[-3.90125,47.84037],[-3.90125,47.84037]]},"properties":{"source":"emodnet_dtm_2024","level":2}},{"type":"Feature","geometry":{"type":"LineString","coordinates":[[-4.18708,47.85042],[-4.18708,47.85042]]},"properties":{"source":"emodnet_dtm_2024","level":2}},{"type":"Feature","geometry":{"type":"LineString","coordinates":[[-4.18458,47.85125],[-4.18458,47.85125]]},"properties":{"source":"emodnet_dtm_2024","level":2}},{"type":"Feature","geometry":{"type":"LineString","coordinates":[[-3.91542,47.8575],[-3.91542,47.85797],[-3.91542,47.8575]]},"properties":{"source":"emodnet_dtm_2024","level":2}},{"type":"Feature","geometry":{"type":"LineString","coordinates":[[-4.18875,47.85958],[-4.18875,47.85958]]},"properties":{"source":"emodnet_dtm_2024","level":2}},{"type":"Feature","geometry":{"type":"LineString","coordinates":[[-4.17125,47.86375],[-4.17125,47.86375]]},"properties":{"source":"emodnet_dtm_2024","level":2}},{"type":"Feature","geometry":{"type":"LineString","coordinates":[[-4.17125,47.86542],[-4.17125,47.86542]]},"properties":{"source":"emodnet_dtm_2024","level":2}},{"type":"Feature","geometry":{"type":"LineString","coordinates":[[-4.07125,47.86708],[-4.07125,47.86708]]},"properties":{"source":"emodnet_dtm_2024","level":2}},{"type":"Feature","geometry":{"type":"LineString","coordinates":[[-4.18708,47.86792],[-4.18708,47.86792]]},"properties":{"source":"emodnet_dtm_2024","level":2}},{"type":"Feature","geometry":{"type":"LineString","coordinates":[[-4.18542,47.86792],[-4.18542,47.86792]]},"properties":{"source":"emodnet_dtm_2024","level":2}},{"type":"Feature","geometry":{"type":"LineString","coordinates":[[-4.07958,47.87042],[-4.07958,47.87042]]},"properties":{"source":"emodnet_dtm_2024","level":2}},{"type":"Feature","geometry":{"type":"LineString","coordinates":[[-4.19042,47.87208],[-4.19042,47.87208]]},"properties":{"source":"emodnet_dtm_2024","level":2}},{"type":"Feature","geometry":{"type":"LineString","coordinates":[[-4.19125,47.87375],[-4.19125,47.87375]]},"properties":{"source":"emodnet_dtm_2024","level":2}},{"type":"Feature","geometry":{"type":"LineString","coordinates":[[-4.18875,47.87375],[-4.18875,47.87375]]},"properties":{"source":"emodnet_dtm_2024","level":2}},{"type":"Feature","geometry":{"type":"LineString","coordinates":[[-4.18208,47.87375],[-4.18208,47.87375]]},"properties":{"source":"emodnet_dtm_2024","level":2}},{"type":"Feature","geometry":{"type":"LineString","coordinates":[[-4.17542,47.87458],[-4.17542,47.87458]]},"properties":{"source":"emodnet_dtm_2024","level":2}},{"type":"Feature","geometry":{"type":"LineString","coordinates":[[-4.11375,47.88125],[-4.11375,47.88125]]},"properties":{"source":"emodnet_dtm_2024","level":2}},{"type":"Feature","geometry":{"type":"LineString","coordinates":[[-4.14958,47.89125],[-4.14958,47.89125]]},"properties":{"source":"emodnet_dtm_2024","level":2}},{"type":"Feature","geometry":{"type":"LineString","coordinates":[[-4.12042,47.89292],[-4.12042,47.89292]]},"properties":{"source":"emodnet_dtm_2024","level":2}},{"type":"Feature","geometry":{"type":"LineString","coordinates":[[-4.14958,47.89458],[-4.14958,47.89458]]},"properties":{"source":"emodnet_dtm_2024","level":2}},{"type":"Feature","geometry":{"type":"LineString","coordinates":[[-3.97958,47.89625],[-3.97958,47.89625]]},"properties":{"source":"emodnet_dtm_2024","level":2}},{"type":"Feature","geometry":{"type":"LineString","coordinates":[[-4.17292,47.90125],[-4.17292,47.90125]]},"properties":{"source":"emodnet_dtm_2024","level":2}},{"type":"Feature","geometry":{"type":"LineString","coordinates":[[-3.97708,47.90292],[-3.97708,47.90292]]},"properties":{"source":"emodnet_dtm_2024","level":2}},{"type":"Feature","geometry":{"type":"LineString","coordinates":[[-4.14208,47.91646],[-4.14208,47.91738],[-4.14208,47.91646]]},"properties":{"source":"emodnet_dtm_2024","level":2}},{"type":"Feature","geometry":{"type":"LineString","coordinates":[[-4.13875,47.92116],[-4.13875,47.92116]]},"properties":{"source":"emodnet_dtm_2024","level":2}},{"type":"Feature","geometry":{"type":"LineString","coordinates":[[-4.11292,47.93279],[-4.11292,47.93279]]},"properties":{"source":"emodnet_dtm_2024","level":2}},{"type":"Feature","geometry":{"type":"LineString","coordinates":[[-4.08875,47.93792],[-4.08875,47.93792]]},"properties":{"source":"emodnet_dtm_2024","level":2}},{"type":"Feature","geometry":{"type":"LineString","coordinates":[[-4.09375,47.93875],[-4.09375,47.93875]]},"properties":{"source":"emodnet_dtm_2024","level":2}},{"type":"Feature","geometry":{"type":"LineString","coordinates":[[-4.10458,47.94125],[-4.10458,47.94125]]},"properties":{"source":"emodnet_dtm_2024","level":2}},{"type":"Feature","geometry":{"type":"LineString","coordinates":[[-4.09208,47.94292],[-4.09208,47.94292]]},"properties":{"source":"emodnet_dtm_2024","level":2}},{"type":"Feature","geometry":{"type":"LineString","coordinates":[[-4.09125,47.94458],[-4.09125,47.94458]]},"properties":{"source":"emodnet_dtm_2024","level":2}},{"type":"Feature","geometry":{"type":"LineString","coordinates":[[-4.08792,47.94708],[-4.08792,47.94708]]},"properties":{"source":"emodnet_dtm_2024","level":2}},{"type":"Feature","geometry":{"type":"LineString","coordinates":[[-4.08458,47.95042],[-4.08458,47.95042]]},"properties":{"source":"emodnet_dtm_2024","level":2}},{"type":"Feature","geometry":{"type":"LineString","coordinates":[[-4.10208,47.95829],[-4.10208,47.95907],[-4.10208,47.95829]]},"properties":{"source":"emodnet_dtm_2024","level":2}},{"type":"Feature","geometry":{"type":"LineString","coordinates":[[-4.11208,47.96208],[-4.11208,47.96208]]},"properties":{"source":"emodnet_dtm_2024","level":2}},{"type":"Feature","geometry":{"type":"LineString","coordinates":[[-4.11042,47.96292],[-4.11042,47.96292]]},"properties":{"source":"emodnet_dtm_2024","level":2}},{"type":"Feature","geometry":{"type":"LineString","coordinates":[[-4.09958,47.96434],[-4.09958,47.96491],[-4.09958,47.96434]]},"properties":{"source":"emodnet_dtm_2024","level":2}},{"type":"Feature","geometry":{"type":"LineString","coordinates":[[-4.52542,48.03708],[-4.52542,48.03708]]},"properties":{"source":"emodnet_dtm_2024","level":2}},{"type":"Feature","geometry":{"type":"LineString","coordinates":[[-4.86375,48.04333],[-4.86375,48.04379],[-4.86458,48.04375],[-4.86375,48.04333]]},"properties":{"source":"emodnet_dtm_2024","level":2}},{"type":"Feature","geometry":{"type":"LineString","coordinates":[[-4.66792,48.06858],[-4.66792,48.06889],[-4.66792,48.06858]]},"properties":{"source":"emodnet_dtm_2024","level":2}},{"type":"Feature","geometry":{"type":"LineString","coordinates":[[-4.55208,48.18199],[-4.55254,48.18208],[-4.55208,48.18199]]},"properties":{"source":"emodnet_dtm_2024","level":2}},{"type":"Feature","geometry":{"type":"LineString","coordinates":[[-4.55125,48.18789],[-4.55125,48.18789]]},"properties":{"source":"emodnet_dtm_2024","level":2}},{"type":"Feature","geometry":{"type":"LineString","coordinates":[[-4.56292,48.22957],[-4.56292,48.22957]]},"properties":{"source":"emodnet_dtm_2024","level":2}},{"type":"Feature","geometry":{"type":"LineString","coordinates":[[-4.55875,48.23785],[-4.55804,48.23792],[-4.55875,48.23852],[-4.55875,48.23785]]},"properties":{"source":"emodnet_dtm_2024","level":2}},{"type":"Feature","geometry":{"type":"LineString","coordinates":[[-4.12542,48.24121],[-4.12542,48.24121]]},"properties":{"source":"emodnet_dtm_2024","level":2}},{"type":"Feature","geometry":{"type":"LineString","coordinates":[[-4.10792,48.24206],[-4.10792,48.24206]]},"properties":{"source":"emodnet_dtm_2024","level":2}},{"type":"Feature","geometry":{"type":"LineString","coordinates":[[-4.26625,48.25792],[-4.26625,48.25792]]},"properties":{"source":"emodnet_dtm_2024","level":2}},{"type":"Feature","geometry":{"type":"LineString","coordinates":[[-4.28708,48.27375],[-4.28708,48.27375]]},"properties":{"source":"emodnet_dtm_2024","level":2}},{"type":"Feature","geometry":{"type":"LineString","coordinates":[[-4.28458,48.27447],[-4.28458,48.2748],[-4.28458,48.27447]]},"properties":{"source":"emodnet_dtm_2024","level":2}},{"type":"Feature","geometry":{"type":"LineString","coordinates":[[-4.57625,48.27792],[-4.57625,48.27792]]},"properties":{"source":"emodnet_dtm_2024","level":2}},{"type":"Feature","geometry":{"type":"LineString","coordinates":[[-4.60875,48.28375],[-4.60875,48.28375]]},"properties":{"source":"emodnet_dtm_2024","level":2}},{"type":"Feature","geometry":{"type":"LineString","coordinates":[[-4.56792,48.28885],[-4.56756,48.28958],[-4.5685,48.28958],[-4.56792,48.28885]]},"properties":{"source":"emodnet_dtm_2024","level":2}},{"type":"Feature","geometry":{"type":"LineString","coordinates":[[-4.20875,48.29292],[-4.20875,48.29292]]},"properties":{"source":"emodnet_dtm_2024","level":2}},{"type":"Feature","geometry":{"type":"LineString","coordinates":[[-4.22792,48.29372],[-4.22792,48.29372]]},"properties":{"source":"emodnet_dtm_2024","level":2}},{"type":"Feature","geometry":{"type":"LineString","coordinates":[[-4.26042,48.30574],[-4.26042,48.30634],[-4.26042,48.30574]]},"properties":{"source":"emodnet_dtm_2024","level":2}},{"type":"Feature","geometry":{"type":"LineString","coordinates":[[-4.27625,48.31705],[-4.27547,48.31708],[-4.27625,48.31764],[-4.27625,48.31705]]},"properties":{"source":"emodnet_dtm_2024","level":2}},{"type":"Feature","geometry":{"type":"LineString","coordinates":[[-4.27708,48.31864],[-4.27708,48.31896],[-4.27708,48.31864]]},"properties":{"source":"emodnet_dtm_2024","level":2}},{"type":"Feature","geometry":{"type":"LineString","coordinates":[[-4.25625,48.327],[-4.25625,48.327]]},"properties":{"source":"emodnet_dtm_2024","level":2}},{"type":"Feature","geometry":{"type":"LineString","coordinates":[[-4.55875,48.33458],[-4.55875,48.33458]]},"properties":{"source":"emodnet_dtm_2024","level":2}},{"type":"Feature","geometry":{"type":"LineString","coordinates":[[-4.31042,48.33458],[-4.31042,48.33458]]},"properties":{"source":"emodnet_dtm_2024","level":2}},{"type":"Feature","geometry":{"type":"LineString","coordinates":[[-4.44792,48.33542],[-4.44792,48.33542]]},"properties":{"source":"emodnet_dtm_2024","level":2}},{"type":"Feature","geometry":{"type":"LineString","coordinates":[[-4.40625,48.33875],[-4.40625,48.33875]]},"properties":{"source":"emodnet_dtm_2024","level":2}},{"type":"Feature","geometry":{"type":"LineString","coordinates":[[-4.54292,48.33958],[-4.54292,48.33958]]},"properties":{"source":"emodnet_dtm_2024","level":2}},{"type":"Feature","geometry":{"type":"LineString","coordinates":[[-4.35125,48.34958],[-4.35125,48.34958]]},"properties":{"source":"emodnet_dtm_2024","level":2}},{"type":"Feature","geometry":{"type":"LineString","coordinates":[[-4.85208,48.35125],[-4.85208,48.35125]]},"properties":{"source":"emodnet_dtm_2024","level":2}},{"type":"Feature","geometry":{"type":"LineString","coordinates":[[-4.26625,48.35542],[-4.26625,48.35542]]},"properties":{"source":"emodnet_dtm_2024","level":2}},{"type":"Feature","geometry":{"type":"LineString","coordinates":[[-4.27292,48.35606],[-4.27222,48.35625],[-4.27351,48.35625],[-4.27292,48.35606]]},"properties":{"source":"emodnet_dtm_2024","level":2}},{"type":"Feature","geometry":{"type":"LineString","coordinates":[[-4.32208,48.35708],[-4.32208,48.35708]]},"properties":{"source":"emodnet_dtm_2024","level":2}},{"type":"Feature","geometry":{"type":"LineString","coordinates":[[-4.26375,48.35708],[-4.26375,48.35708]]},"properties":{"source":"emodnet_dtm_2024","level":2}},{"type":"Feature","geometry":{"type":"LineString","coordinates":[[-4.32125,48.35792],[-4.32125,48.35792]]},"properties":{"source":"emodnet_dtm_2024","level":2}},{"type":"Feature","geometry":{"type":"LineString","coordinates":[[-4.75208,48.35958],[-4.75208,48.35958]]},"properties":{"source":"emodnet_dtm_2024","level":2}},{"type":"Feature","geometry":{"type":"LineString","coordinates":[[-4.49542,48.38674],[-4.49542,48.38721],[-4.49542,48.38674]]},"properties":{"source":"emodnet_dtm_2024","level":2}},{"type":"Feature","geometry":{"type":"LineString","coordinates":[[-4.49542,48.39011],[-4.49542,48.39072],[-4.49542,48.39011]]},"properties":{"source":"emodnet_dtm_2024","level":2}},{"type":"Feature","geometry":{"type":"LineString","coordinates":[[-4.40958,48.39042],[-4.40958,48.39042]]},"properties":{"source":"emodnet_dtm_2024","level":2}},{"type":"Feature","geometry":{"type":"LineString","coordinates":[[-4.49708,48.39089],[-4.49708,48.39175],[-4.49764,48.39125],[-4.49708,48.39089]]},"properties":{"source":"emodnet_dtm_2024","level":2}},{"type":"Feature","geometry":{"type":"LineString","coordinates":[[-4.97208,48.39864],[-4.97208,48.39898],[-4.97208,48.39864]]},"properties":{"source":"emodnet_dtm_2024","level":2}},{"type":"Feature","geometry":{"type":"LineString","coordinates":[[-4.34125,48.41042],[-4.34125,48.41042]]},"properties":{"source":"emodnet_dtm_2024","level":2}},{"type":"Feature","geometry":{"type":"LineString","coordinates":[[-4.34042,48.41125],[-4.34042,48.41125]]},"properties":{"source":"emodnet_dtm_2024","level":2}},{"type":"Feature","geometry":{"type":"LineString","coordinates":[[-4.32292,48.41375],[-4.32292,48.41375]]},"properties":{"source":"emodnet_dtm_2024","level":2}},{"type":"Feature","geometry":{"type":"LineString","coordinates":[[-4.31958,48.41625],[-4.31958,48.41625]]},"properties":{"source":"emodnet_dtm_2024","level":2}},{"type":"Feature","geometry":{"type":"LineString","coordinates":[[-4.31375,48.41708],[-4.31375,48.41708]]},"properties":{"source":"emodnet_dtm_2024","level":2}},{"type":"Feature","geometry":{"type":"LineString","coordinates":[[-4.31208,48.41875],[-4.31208,48.41875]]},"properties":{"source":"emodnet_dtm_2024","level":2}},{"type":"Feature","geometry":{"type":"LineString","coordinates":[[-4.31125,48.41958],[-4.31125,48.41958]]},"properties":{"source":"emodnet_dtm_2024","level":2}},{"type":"Feature","geometry":{"type":"LineString","coordinates":[[-4.98708,48.42041],[-4.98708,48.42041]]},"properties":{"source":"emodnet_dtm_2024","level":2}},{"type":"Feature","geometry":{"type":"LineString","coordinates":[[-4.31458,48.42257],[-4.31458,48.42302],[-4.31458,48.42257]]},"properties":{"source":"emodnet_dtm_2024","level":2}},{"type":"Feature","geometry":{"type":"LineString","coordinates":[[-4.29792,48.42542],[-4.29792,48.42542]]},"properties":{"source":"emodnet_dtm_2024","level":2}},{"type":"Feature","geometry":{"type":"LineString","coordinates":[[-4.29708,48.42625],[-4.29708,48.42625]]},"properties":{"source":"emodnet_dtm_2024","level":2}},{"type":"Feature","geometry":{"type":"LineString","coordinates":[[-4.78625,48.42833],[-4.78625,48.4288],[-4.78625,48.42833]]},"properties":{"source":"emodnet_dtm_2024","level":2}},{"type":"Feature","geometry":{"type":"LineString","coordinates":[[-5.10292,48.44375],[-5.10292,48.44375]]},"properties":{"source":"emodnet_dtm_2024","level":2}},{"type":"Feature","geometry":{"type":"LineString","coordinates":[[-5.13542,48.45375],[-5.13542,48.45375]]},"properties":{"source":"emodnet_dtm_2024","level":2}},{"type":"Feature","geometry":{"type":"LineString","coordinates":[[-5.10792,48.46875],[-5.10792,48.46875]]},"properties":{"source":"emodnet_dtm_2024","level":2}},{"type":"Feature","geometry":{"type":"LineString","coordinates":[[-4.74625,48.54533],[-4.74625,48.54533]]},"properties":{"source":"emodnet_dtm_2024","level":2}},{"type":"Feature","geometry":{"type":"LineString","coordinates":[[-4.53125,48.55125],[-4.53125,48.55125]]},"properties":{"source":"emodnet_dtm_2024","level":2}},{"type":"Feature","geometry":{"type":"LineString","coordinates":[[-4.51708,48.55292],[-4.51708,48.55292]]},"properties":{"source":"emodnet_dtm_2024","level":2}},{"type":"Feature","geometry":{"type":"LineString","coordinates":[[-4.59125,48.55458],[-4.59125,48.55458]]},"properties":{"source":"emodnet_dtm_2024","level":2}},{"type":"Feature","geometry":{"type":"LineString","coordinates":[[-4.53458,48.55458],[-4.53458,48.55458]]},"properties":{"source":"emodnet_dtm_2024","level":2}},{"type":"Feature","geometry":{"type":"LineString","coordinates":[[-4.58792,48.55542],[-4.58792,48.55542]]},"properties":{"source":"emodnet_dtm_2024","level":2}},{"type":"Feature","geometry":{"type":"LineString","coordinates":[[-4.73042,48.55601],[-4.73042,48.5565],[-4.73042,48.55601]]},"properties":{"source":"emodnet_dtm_2024","level":2}},{"type":"Feature","geometry":{"type":"LineString","coordinates":[[-4.58375,48.55708],[-4.58375,48.55708]]},"properties":{"source":"emodnet_dtm_2024","level":2}},{"type":"Feature","geometry":{"type":"LineString","coordinates":[[-4.54375,48.55708],[-4.54375,48.55708]]},"properties":{"source":"emodnet_dtm_2024","level":2}},{"type":"Feature","geometry":{"type":"LineString","coordinates":[[-4.71458,48.55958],[-4.71458,48.55958]]},"properties":{"source":"emodnet_dtm_2024","level":2}},{"type":"Feature","geometry":{"type":"LineString","coordinates":[[-4.56875,48.55958],[-4.56875,48.55958]]},"properties":{"source":"emodnet_dtm_2024","level":2}},{"type":"Feature","geometry":{"type":"LineString","coordinates":[[-4.56292,48.55958],[-4.56292,48.55958]]},"properties":{"source":"emodnet_dtm_2024","level":2}},{"type":"Feature","geometry":{"type":"LineString","coordinates":[[-4.58875,48.56542],[-4.58875,48.56542]]},"properties":{"source":"emodnet_dtm_2024","level":2}},{"type":"Feature","geometry":{"type":"LineString","coordinates":[[-4.70625,48.56875],[-4.70625,48.56875]]},"properties":{"source":"emodnet_dtm_2024","level":2}},{"type":"Feature","geometry":{"type":"LineString","coordinates":[[-4.59125,48.57042],[-4.59125,48.57042]]},"properties":{"source":"emodnet_dtm_2024","level":2}},{"type":"Feature","geometry":{"type":"LineString","coordinates":[[-4.48708,48.57458],[-4.48708,48.57458]]},"properties":{"source":"emodnet_dtm_2024","level":2}},{"type":"Feature","geometry":{"type":"LineString","coordinates":[[-4.64375,48.58374],[-4.64375,48.58374]]},"properties":{"source":"emodnet_dtm_2024","level":2}},{"type":"Feature","geometry":{"type":"LineString","coordinates":[[-4.51875,48.58625],[-4.51875,48.58625]]},"properties":{"source":"emodnet_dtm_2024","level":2}},{"type":"Feature","geometry":{"type":"LineString","coordinates":[[-4.50792,48.58708],[-4.50792,48.58708]]},"properties":{"source":"emodnet_dtm_2024","level":2}},{"type":"Feature","geometry":{"type":"LineString","coordinates":[[-4.50042,48.58708],[-4.50042,48.58708]]},"properties":{"source":"emodnet_dtm_2024","level":2}},{"type":"Feature","geometry":{"type":"LineString","coordinates":[[-4.61375,48.59115],[-4.61375,48.59115]]},"properties":{"source":"emodnet_dtm_2024","level":2}},{"type":"Feature","geometry":{"type":"LineString","coordinates":[[-4.52125,48.59194],[-4.52125,48.59194]]},"properties":{"source":"emodnet_dtm_2024","level":2}},{"type":"Feature","geometry":{"type":"LineString","coordinates":[[-4.52625,48.59457],[-4.52625,48.59457]]},"properties":{"source":"emodnet_dtm_2024","level":2}},{"type":"Feature","geometry":{"type":"LineString","coordinates":[[-4.55458,48.59942],[-4.554,48.59958],[-4.55458,48.59995],[-4.55458,48.59942]]},"properties":{"source":"emodnet_dtm_2024","level":2}},{"type":"Feature","geometry":{"type":"LineString","coordinates":[[-3.93708,48.60042],[-3.93708,48.60042]]},"properties":{"source":"emodnet_dtm_2024","level":2}},{"type":"Feature","geometry":{"type":"LineString","coordinates":[[-3.93875,48.60792],[-3.93875,48.60792]]},"properties":{"source":"emodnet_dtm_2024","level":2}},{"type":"Feature","geometry":{"type":"LineString","coordinates":[[-3.94292,48.61292],[-3.94292,48.61292]]},"properties":{"source":"emodnet_dtm_2024","level":2}},{"type":"Feature","geometry":{"type":"LineString","coordinates":[[-3.94542,48.61542],[-3.94542,48.61542]]},"properties":{"source":"emodnet_dtm_2024","level":2}},{"type":"Feature","geometry":{"type":"LineString","coordinates":[[-3.95458,48.61625],[-3.95458,48.61625]]},"properties":{"source":"emodnet_dtm_2024","level":2}},{"type":"Feature","geometry":{"type":"LineString","coordinates":[[-3.83458,48.62875],[-3.83458,48.62875]]},"properties":{"source":"emodnet_dtm_2024","level":2}},{"type":"Feature","geometry":{"type":"LineString","coordinates":[[-3.83292,48.62875],[-3.83292,48.62875]]},"properties":{"source":"emodnet_dtm_2024","level":2}},{"type":"Feature","geometry":{"type":"LineString","coordinates":[[-4.41625,48.63875],[-4.41625,48.63875]]},"properties":{"source":"emodnet_dtm_2024","level":2}},{"type":"Feature","geometry":{"type":"LineString","coordinates":[[-4.40875,48.63875],[-4.40875,48.63875]]},"properties":{"source":"emodnet_dtm_2024","level":2}},{"type":"Feature","geometry":{"type":"LineString","coordinates":[[-4.42208,48.63917],[-4.42208,48.63971],[-4.42208,48.63917]]},"properties":{"source":"emodnet_dtm_2024","level":2}},{"type":"Feature","geometry":{"type":"LineString","coordinates":[[-4.28458,48.64792],[-4.28458,48.64792]]},"properties":{"source":"emodnet_dtm_2024","level":2}},{"type":"Feature","geometry":{"type":"LineString","coordinates":[[-3.95375,48.64923],[-3.95375,48.64995],[-3.95375,48.64923]]},"properties":{"source":"emodnet_dtm_2024","level":2}},{"type":"Feature","geometry":{"type":"LineString","coordinates":[[-3.95375,48.6517],[-3.95339,48.65208],[-3.95375,48.6517]]},"properties":{"source":"emodnet_dtm_2024","level":2}},{"type":"Feature","geometry":{"type":"LineString","coordinates":[[-4.38125,48.66458],[-4.38125,48.66458]]},"properties":{"source":"emodnet_dtm_2024","level":2}},{"type":"Feature","geometry":{"type":"LineString","coordinates":[[-3.64542,48.66792],[-3.64542,48.66792]]},"properties":{"source":"emodnet_dtm_2024","level":2}},{"type":"Feature","geometry":{"type":"LineString","coordinates":[[-3.63792,48.67125],[-3.63792,48.67125]]},"properties":{"source":"emodnet_dtm_2024","level":2}},{"type":"Feature","geometry":{"type":"LineString","coordinates":[[-4.34792,48.67792],[-4.34792,48.67792]]},"properties":{"source":"emodnet_dtm_2024","level":2}},{"type":"Feature","geometry":{"type":"LineString","coordinates":[[-3.85458,48.6879],[-3.85458,48.6879]]},"properties":{"source":"emodnet_dtm_2024","level":2}},{"type":"Feature","geometry":{"type":"LineString","coordinates":[[-4.10375,48.69438],[-4.10375,48.69502],[-4.10375,48.69438]]},"properties":{"source":"emodnet_dtm_2024","level":2}},{"type":"Feature","geometry":{"type":"LineString","coordinates":[[-3.77708,48.70184],[-3.77792,48.70208],[-3.77708,48.70184]]},"properties":{"source":"emodnet_dtm_2024","level":2}},{"type":"Feature","geometry":{"type":"LineString","coordinates":[[-3.77625,48.70442],[-3.77625,48.70485],[-3.77625,48.70442]]},"properties":{"source":"emodnet_dtm_2024","level":2}},{"type":"Feature","geometry":{"type":"LineString","coordinates":[[-3.58375,48.72457],[-3.58375,48.72457]]},"properties":{"source":"emodnet_dtm_2024","level":2}},{"type":"Feature","geometry":{"type":"LineString","coordinates":[[-3.58292,48.72538],[-3.58292,48.72538]]},"properties":{"source":"emodnet_dtm_2024","level":2}},{"type":"Feature","geometry":{"type":"LineString","coordinates":[[-4.01375,48.72681],[-4.01319,48.72708],[-4.01375,48.72681]]},"properties":{"source":"emodnet_dtm_2024","level":2}},{"type":"Feature","geometry":{"type":"LineString","coordinates":[[-3.97458,48.72674],[-3.97458,48.72744],[-3.97458,48.72674]]},"properties":{"source":"emodnet_dtm_2024","level":2}},{"type":"Feature","geometry":{"type":"LineString","coordinates":[[-4.01292,48.72736],[-4.01236,48.72792],[-4.01292,48.72803],[-4.01292,48.72736]]},"properties":{"source":"emodnet_dtm_2024","level":2}},{"type":"Feature","geometry":{"type":"LineString","coordinates":[[-4.02958,48.7412],[-4.02958,48.7412]]},"properties":{"source":"emodnet_dtm_2024","level":2}},{"type":"Feature","geometry":{"type":"LineString","coordinates":[[-3.98792,48.74924],[-3.98792,48.74995],[-3.98792,48.74924]]},"properties":{"source":"emodnet_dtm_2024","level":2}},{"type":"Feature","geometry":{"type":"LineString","coordinates":[[-3.12542,48.75373],[-3.12542,48.75373]]},"properties":{"source":"emodnet_dtm_2024","level":2}},{"type":"Feature","geometry":{"type":"LineString","coordinates":[[-3.12292,48.75456],[-3.12292,48.75456]]},"properties":{"source":"emodnet_dtm_2024","level":2}},{"type":"Feature","geometry":{"type":"LineString","coordinates":[[-3.12208,48.75527],[-3.12208,48.75573],[-3.12208,48.75527]]},"properties":{"source":"emodnet_dtm_2024","level":2}},{"type":"Feature","geometry":{"type":"LineString","coordinates":[[-4.01292,48.75764],[-4.01292,48.75853],[-4.01292,48.75764]]},"properties":{"source":"emodnet_dtm_2024","level":2}},{"type":"Feature","geometry":{"type":"LineString","coordinates":[[-3.00625,48.76866],[-3.00685,48.76875],[-3.00625,48.76866]]},"properties":{"source":"emodnet_dtm_2024","level":2}},{"type":"Feature","geometry":{"type":"LineString","coordinates":[[-2.99625,48.7786],[-2.99625,48.7786]]},"properties":{"source":"emodnet_dtm_2024","level":2}},{"type":"Feature","geometry":{"type":"LineString","coordinates":[[-2.99292,48.77875],[-2.99292,48.77875]]},"properties":{"source":"emodnet_dtm_2024","level":2}},{"type":"Feature","geometry":{"type":"LineString","coordinates":[[-3.22458,48.79027],[-3.22458,48.79124],[-3.22458,48.79027]]},"properties":{"source":"emodnet_dtm_2024","level":2}},{"type":"Feature","geometry":{"type":"LineString","coordinates":[[-3.22292,48.79039],[-3.22292,48.79039]]},"properties":{"source":"emodnet_dtm_2024","level":2}},{"type":"Feature","geometry":{"type":"LineString","coordinates":[[-3.43458,48.79911],[-3.43458,48.79962],[-3.43458,48.79911]]},"properties":{"source":"emodnet_dtm_2024","level":2}},{"type":"Feature","geometry":{"type":"LineString","coordinates":[[-3.21375,48.80357],[-3.21375,48.80357]]},"properties":{"source":"emodnet_dtm_2024","level":2}},{"type":"Feature","geometry":{"type":"LineString","coordinates":[[-3.36792,48.82453],[-3.36792,48.82453]]},"properties":{"source":"emodnet_dtm_2024","level":2}},{"type":"Feature","geometry":{"type":"LineString","coordinates":[[-3.51792,48.83542],[-3.51792,48.83542]]},"properties":{"source":"emodnet_dtm_2024","level":2}},{"type":"Feature","geometry":{"type":"LineString","coordinates":[[-3.24292,48.85868],[-3.24292,48.85868]]},"properties":{"source":"emodnet_dtm_2024","level":2}},{"type":"Feature","geometry":{"type":"LineString","coordinates":[[-3.22625,48.8727],[-3.22625,48.87329],[-3.22625,48.8727]]},"properties":{"source":"emodnet_dtm_2024","level":2}},{"type":"Feature","geometry":{"type":"LineString","coordinates":[[-3.07958,48.87528],[-3.07958,48.87528]]},"properties":{"source":"emodnet_dtm_2024","level":2}},{"type":"Feature","geometry":{"type":"LineString","coordinates":[[-6.34292,49.95233],[-6.34292,49.9535],[-6.34292,49.95233]]},"properties":{"source":"emodnet_dtm_2024","level":2}},{"type":"Feature","geometry":{"type":"LineString","coordinates":[[-6.36375,49.95347],[-6.36333,49.95375],[-6.36375,49.95347]]},"properties":{"source":"emodnet_dtm_2024","level":2}},{"type":"Feature","geometry":{"type":"LineString","coordinates":[[-6.29125,49.9545],[-6.29125,49.9545]]},"properties":{"source":"emodnet_dtm_2024","level":2}},{"type":"Feature","geometry":{"type":"LineString","coordinates":[[-6.33208,49.96625],[-6.33208,49.96625]]},"properties":{"source":"emodnet_dtm_2024","level":2}},{"type":"Feature","geometry":{"type":"LineString","coordinates":[[-5.10125,50.08708],[-5.10125,50.08708]]},"properties":{"source":"emodnet_dtm_2024","level":2}},{"type":"Feature","geometry":{"type":"LineString","coordinates":[[-5.09625,50.08707],[-5.09554,50.08708],[-5.09625,50.08707]]},"properties":{"source":"emodnet_dtm_2024","level":2}},{"type":"Feature","geometry":{"type":"LineString","coordinates":[[-5.19792,50.08875],[-5.19792,50.08875]]},"properties":{"source":"emodnet_dtm_2024","level":2}},{"type":"Feature","geometry":{"type":"LineString","coordinates":[[-5.17292,50.08875],[-5.17292,50.08875]]},"properties":{"source":"emodnet_dtm_2024","level":2}},{"type":"Feature","geometry":{"type":"LineString","coordinates":[[-5.68958,50.09125],[-5.68958,50.09125]]},"properties":{"source":"emodnet_dtm_2024","level":2}},{"type":"Feature","geometry":{"type":"LineString","coordinates":[[-5.14792,50.09362],[-5.14792,50.09403],[-5.14792,50.09362]]},"properties":{"source":"emodnet_dtm_2024","level":2}},{"type":"Feature","geometry":{"type":"LineString","coordinates":[[-5.15125,50.09449],[-5.15125,50.09449]]},"properties":{"source":"emodnet_dtm_2024","level":2}},{"type":"Feature","geometry":{"type":"LineString","coordinates":[[-5.15375,50.09542],[-5.15375,50.09542]]},"properties":{"source":"emodnet_dtm_2024","level":2}},{"type":"Feature","geometry":{"type":"LineString","coordinates":[[-5.16375,50.09625],[-5.16375,50.09625]]},"properties":{"source":"emodnet_dtm_2024","level":2}},{"type":"Feature","geometry":{"type":"LineString","coordinates":[[-5.16042,50.10542],[-5.16042,50.10542]]},"properties":{"source":"emodnet_dtm_2024","level":2}},{"type":"Feature","geometry":{"type":"LineString","coordinates":[[-5.13792,50.10708],[-5.13792,50.10708]]},"properties":{"source":"emodnet_dtm_2024","level":2}},{"type":"Feature","geometry":{"type":"LineString","coordinates":[[-5.15958,50.10792],[-5.15958,50.10792]]},"properties":{"source":"emodnet_dtm_2024","level":2}},{"type":"Feature","geometry":{"type":"LineString","coordinates":[[-5.53125,50.11792],[-5.53125,50.11792]]},"properties":{"source":"emodnet_dtm_2024","level":2}},{"type":"Feature","geometry":{"type":"LineString","coordinates":[[-5.00042,50.16625],[-5.00042,50.16625]]},"properties":{"source":"emodnet_dtm_2024","level":2}},{"type":"Feature","geometry":{"type":"LineString","coordinates":[[-5.00208,50.16792],[-5.00208,50.16792]]},"properties":{"source":"emodnet_dtm_2024","level":2}},{"type":"Feature","geometry":{"type":"LineString","coordinates":[[-4.99708,50.17042],[-4.99708,50.17042]]},"properties":{"source":"emodnet_dtm_2024","level":2}},{"type":"Feature","geometry":{"type":"LineString","coordinates":[[-4.99625,50.17125],[-4.99625,50.17125]]},"properties":{"source":"emodnet_dtm_2024","level":2}},{"type":"Feature","geometry":{"type":"LineString","coordinates":[[-4.99375,50.17375],[-4.99375,50.17375]]},"properties":{"source":"emodnet_dtm_2024","level":2}},{"type":"Feature","geometry":{"type":"LineString","coordinates":[[-5.43542,50.17625],[-5.43542,50.17625]]},"properties":{"source":"emodnet_dtm_2024","level":2}},{"type":"Feature","geometry":{"type":"LineString","coordinates":[[-4.99625,50.17792],[-4.99625,50.17792]]},"properties":{"source":"emodnet_dtm_2024","level":2}},{"type":"Feature","geometry":{"type":"LineString","coordinates":[[-5.05375,50.1787],[-5.05375,50.1787]]},"properties":{"source":"emodnet_dtm_2024","level":2}},{"type":"Feature","geometry":{"type":"LineString","coordinates":[[-4.99542,50.17875],[-4.99542,50.17875]]},"properties":{"source":"emodnet_dtm_2024","level":2}},{"type":"Feature","geometry":{"type":"LineString","coordinates":[[-5.43042,50.17958],[-5.43042,50.17958]]},"properties":{"source":"emodnet_dtm_2024","level":2}},{"type":"Feature","geometry":{"type":"LineString","coordinates":[[-5.43375,50.18208],[-5.43375,50.18208]]},"properties":{"source":"emodnet_dtm_2024","level":2}},{"type":"Feature","geometry":{"type":"LineString","coordinates":[[-5.01792,50.18292],[-5.01792,50.18292]]},"properties":{"source":"emodnet_dtm_2024","level":2}},{"type":"Feature","geometry":{"type":"LineString","coordinates":[[-5.43125,50.18458],[-5.43125,50.18458]]},"properties":{"source":"emodnet_dtm_2024","level":2}},{"type":"Feature","geometry":{"type":"LineString","coordinates":[[-5.01458,50.18458],[-5.01458,50.18458]]},"properties":{"source":"emodnet_dtm_2024","level":2}},{"type":"Feature","geometry":{"type":"LineString","coordinates":[[-5.43042,50.19042],[-5.43042,50.19042]]},"properties":{"source":"emodnet_dtm_2024","level":2}},{"type":"Feature","geometry":{"type":"LineString","coordinates":[[-5.58208,50.19625],[-5.58208,50.19625]]},"properties":{"source":"emodnet_dtm_2024","level":2}},{"type":"Feature","geometry":{"type":"LineString","coordinates":[[-5.58042,50.19625],[-5.58042,50.19625]]},"properties":{"source":"emodnet_dtm_2024","level":2}},{"type":"Feature","geometry":{"type":"LineString","coordinates":[[-5.57958,50.19792],[-5.57958,50.19792]]},"properties":{"source":"emodnet_dtm_2024","level":2}},{"type":"Feature","geometry":{"type":"LineString","coordinates":[[-5.06292,50.20042],[-5.06292,50.20042]]},"properties":{"source":"emodnet_dtm_2024","level":2}},{"type":"Feature","geometry":{"type":"LineString","coordinates":[[-5.06458,50.20125],[-5.06458,50.20125]]},"properties":{"source":"emodnet_dtm_2024","level":2}},{"type":"Feature","geometry":{"type":"LineString","coordinates":[[-5.07458,50.20458],[-5.07458,50.20458]]},"properties":{"source":"emodnet_dtm_2024","level":2}},{"type":"Feature","geometry":{"type":"LineString","coordinates":[[-5.55625,50.20542],[-5.55625,50.20542]]},"properties":{"source":"emodnet_dtm_2024","level":2}},{"type":"Feature","geometry":{"type":"LineString","coordinates":[[-5.07208,50.20542],[-5.07208,50.20542]]},"properties":{"source":"emodnet_dtm_2024","level":2}},{"type":"Feature","geometry":{"type":"LineString","coordinates":[[-5.06458,50.20542],[-5.06458,50.20542]]},"properties":{"source":"emodnet_dtm_2024","level":2}},{"type":"Feature","geometry":{"type":"LineString","coordinates":[[-5.03458,50.22125],[-5.03458,50.22125]]},"properties":{"source":"emodnet_dtm_2024","level":2}},{"type":"Feature","geometry":{"type":"LineString","coordinates":[[-5.02958,50.22356],[-5.02958,50.22356]]},"properties":{"source":"emodnet_dtm_2024","level":2}},{"type":"Feature","geometry":{"type":"LineString","coordinates":[[-5.00125,50.22375],[-5.00125,50.22375]]},"properties":{"source":"emodnet_dtm_2024","level":2}},{"type":"Feature","geometry":{"type":"LineString","coordinates":[[-4.98458,50.22625],[-4.98458,50.22625]]},"properties":{"source":"emodnet_dtm_2024","level":2}},{"type":"Feature","geometry":{"type":"LineString","coordinates":[[-4.98375,50.22792],[-4.98375,50.22792]]},"properties":{"source":"emodnet_dtm_2024","level":2}},{"type":"Feature","geometry":{"type":"LineString","coordinates":[[-5.39208,50.22875],[-5.39208,50.22875]]},"properties":{"source":"emodnet_dtm_2024","level":2}},{"type":"Feature","geometry":{"type":"LineString","coordinates":[[-3.77958,50.22875],[-3.77958,50.22875]]},"properties":{"source":"emodnet_dtm_2024","level":2}},{"type":"Feature","geometry":{"type":"LineString","coordinates":[[-5.01625,50.23708],[-5.01625,50.23708]]},"properties":{"source":"emodnet_dtm_2024","level":2}},{"type":"Feature","geometry":{"type":"LineString","coordinates":[[-5.39375,50.23958],[-5.39375,50.23958]]},"properties":{"source":"emodnet_dtm_2024","level":2}},{"type":"Feature","geometry":{"type":"LineString","coordinates":[[-5.34125,50.24016],[-5.34125,50.24119],[-5.34125,50.24016]]},"properties":{"source":"emodnet_dtm_2024","level":2}},{"type":"Feature","geometry":{"type":"LineString","coordinates":[[-5.02875,50.24042],[-5.02875,50.24042]]},"properties":{"source":"emodnet_dtm_2024","level":2}},{"type":"Feature","geometry":{"type":"LineString","coordinates":[[-5.02542,50.24208],[-5.02542,50.24208]]},"properties":{"source":"emodnet_dtm_2024","level":2}},{"type":"Feature","geometry":{"type":"LineString","coordinates":[[-5.32458,50.2454],[-5.32458,50.2454]]},"properties":{"source":"emodnet_dtm_2024","level":2}},{"type":"Feature","geometry":{"type":"LineString","coordinates":[[-5.02042,50.24625],[-5.02042,50.24625]]},"properties":{"source":"emodnet_dtm_2024","level":2}},{"type":"Feature","geometry":{"type":"LineString","coordinates":[[-5.01625,50.24708],[-5.01625,50.24708]]},"properties":{"source":"emodnet_dtm_2024","level":2}},{"type":"Feature","geometry":{"type":"LineString","coordinates":[[-3.86042,50.24792],[-3.86042,50.24792]]},"properties":{"source":"emodnet_dtm_2024","level":2}},{"type":"Feature","geometry":{"type":"LineString","coordinates":[[-5.00875,50.25125],[-5.00875,50.25125]]},"properties":{"source":"emodnet_dtm_2024","level":2}},{"type":"Feature","geometry":{"type":"LineString","coordinates":[[-5.04125,50.25375],[-5.04125,50.25375]]},"properties":{"source":"emodnet_dtm_2024","level":2}},{"type":"Feature","geometry":{"type":"LineString","coordinates":[[-5.30958,50.25458],[-5.30958,50.25458]]},"properties":{"source":"emodnet_dtm_2024","level":2}},{"type":"Feature","geometry":{"type":"LineString","coordinates":[[-5.04542,50.25792],[-5.04542,50.25792]]},"properties":{"source":"emodnet_dtm_2024","level":2}},{"type":"Feature","geometry":{"type":"LineString","coordinates":[[-5.00958,50.25792],[-5.00958,50.25792]]},"properties":{"source":"emodnet_dtm_2024","level":2}},{"type":"Feature","geometry":{"type":"LineString","coordinates":[[-5.00875,50.25875],[-5.00875,50.25875]]},"properties":{"source":"emodnet_dtm_2024","level":2}},{"type":"Feature","geometry":{"type":"LineString","coordinates":[[-3.85958,50.26042],[-3.85958,50.26042]]},"properties":{"source":"emodnet_dtm_2024","level":2}},{"type":"Feature","geometry":{"type":"LineString","coordinates":[[-3.73958,50.2602],[-3.73958,50.2606],[-3.74005,50.26042],[-3.73958,50.2602]]},"properties":{"source":"emodnet_dtm_2024","level":2}},{"type":"Feature","geometry":{"type":"LineString","coordinates":[[-5.00792,50.26125],[-5.00792,50.26125]]},"properties":{"source":"emodnet_dtm_2024","level":2}},{"type":"Feature","geometry":{"type":"LineString","coordinates":[[-5.00625,50.26292],[-5.00625,50.26292]]},"properties":{"source":"emodnet_dtm_2024","level":2}},{"type":"Feature","geometry":{"type":"LineString","coordinates":[[-5.00542,50.26542],[-5.00542,50.26542]]},"properties":{"source":"emodnet_dtm_2024","level":2}},{"type":"Feature","geometry":{"type":"LineString","coordinates":[[-5.00458,50.26708],[-5.00458,50.26708]]},"properties":{"source":"emodnet_dtm_2024","level":2}},{"type":"Feature","geometry":{"type":"LineString","coordinates":[[-5.00208,50.26792],[-5.00208,50.26792]]},"properties":{"source":"emodnet_dtm_2024","level":2}},{"type":"Feature","geometry":{"type":"LineString","coordinates":[[-5.00208,50.27042],[-5.00208,50.27042]]},"properties":{"source":"emodnet_dtm_2024","level":2}},{"type":"Feature","geometry":{"type":"LineString","coordinates":[[-3.77292,50.27232],[-3.77292,50.27318],[-3.77292,50.27232]]},"properties":{"source":"emodnet_dtm_2024","level":2}},{"type":"Feature","geometry":{"type":"LineString","coordinates":[[-3.88042,50.27686],[-3.88042,50.2773],[-3.88042,50.27686]]},"properties":{"source":"emodnet_dtm_2024","level":2}},{"type":"Feature","geometry":{"type":"LineString","coordinates":[[-3.86875,50.285],[-3.86875,50.28548],[-3.86875,50.285]]},"properties":{"source":"emodnet_dtm_2024","level":2}},{"type":"Feature","geometry":{"type":"LineString","coordinates":[[-3.89958,50.28625],[-3.89958,50.28625]]},"properties":{"source":"emodnet_dtm_2024","level":2}},{"type":"Feature","geometry":{"type":"LineString","coordinates":[[-4.05375,50.30958],[-4.05375,50.30958]]},"properties":{"source":"emodnet_dtm_2024","level":2}},{"type":"Feature","geometry":{"type":"LineString","coordinates":[[-3.94542,50.31042],[-3.94542,50.31042]]},"properties":{"source":"emodnet_dtm_2024","level":2}},{"type":"Feature","geometry":{"type":"LineString","coordinates":[[-4.05792,50.31125],[-4.05792,50.31125]]},"properties":{"source":"emodnet_dtm_2024","level":2}},{"type":"Feature","geometry":{"type":"LineString","coordinates":[[-3.94458,50.31125],[-3.94458,50.31125]]},"properties":{"source":"emodnet_dtm_2024","level":2}},{"type":"Feature","geometry":{"type":"LineString","coordinates":[[-4.07125,50.31208],[-4.07125,50.31208]]},"properties":{"source":"emodnet_dtm_2024","level":2}},{"type":"Feature","geometry":{"type":"LineString","coordinates":[[-3.93458,50.32375],[-3.93458,50.32375]]},"properties":{"source":"emodnet_dtm_2024","level":2}},{"type":"Feature","geometry":{"type":"LineString","coordinates":[[-3.93792,50.32542],[-3.93792,50.32542]]},"properties":{"source":"emodnet_dtm_2024","level":2}},{"type":"Feature","geometry":{"type":"LineString","coordinates":[[-4.19542,50.32694],[-4.19542,50.32738],[-4.19606,50.32708],[-4.19542,50.32694]]},"properties":{"source":"emodnet_dtm_2024","level":2}},{"type":"Feature","geometry":{"type":"LineString","coordinates":[[-3.93458,50.32958],[-3.93458,50.32958]]},"properties":{"source":"emodnet_dtm_2024","level":2}},{"type":"Feature","geometry":{"type":"LineString","coordinates":[[-4.63042,50.34208],[-4.63042,50.34208]]},"properties":{"source":"emodnet_dtm_2024","level":2}},{"type":"Feature","geometry":{"type":"LineString","coordinates":[[-4.45042,50.3449],[-4.45006,50.34542],[-4.45042,50.3449]]},"properties":{"source":"emodnet_dtm_2024","level":2}},{"type":"Feature","geometry":{"type":"LineString","coordinates":[[-4.63458,50.34875],[-4.63458,50.34875]]},"properties":{"source":"emodnet_dtm_2024","level":2}},{"type":"Feature","geometry":{"type":"LineString","coordinates":[[-4.12292,50.34958],[-4.12292,50.34958]]},"properties":{"source":"emodnet_dtm_2024","level":2}},{"type":"Feature","geometry":{"type":"LineString","coordinates":[[-5.15458,50.35458],[-5.15458,50.35458]]},"properties":{"source":"emodnet_dtm_2024","level":2}},{"type":"Feature","geometry":{"type":"LineString","coordinates":[[-4.10875,50.35542],[-4.10875,50.35542]]},"properties":{"source":"emodnet_dtm_2024","level":2}},{"type":"Feature","geometry":{"type":"LineString","coordinates":[[-4.63042,50.35792],[-4.63042,50.35792]]},"properties":{"source":"emodnet_dtm_2024","level":2}},{"type":"Feature","geometry":{"type":"LineString","coordinates":[[-4.62458,50.35792],[-4.62458,50.35792]]},"properties":{"source":"emodnet_dtm_2024","level":2}},{"type":"Feature","geometry":{"type":"LineString","coordinates":[[-5.15208,50.35875],[-5.15208,50.35875]]},"properties":{"source":"emodnet_dtm_2024","level":2}},{"type":"Feature","geometry":{"type":"LineString","coordinates":[[-4.11708,50.35875],[-4.11708,50.35875]]},"properties":{"source":"emodnet_dtm_2024","level":2}},{"type":"Feature","geometry":{"type":"LineString","coordinates":[[-4.11208,50.35958],[-4.11208,50.35958]]},"properties":{"source":"emodnet_dtm_2024","level":2}},{"type":"Feature","geometry":{"type":"LineString","coordinates":[[-4.45625,50.36125],[-4.45625,50.36125]]},"properties":{"source":"emodnet_dtm_2024","level":2}},{"type":"Feature","geometry":{"type":"LineString","coordinates":[[-4.63542,50.36208],[-4.63542,50.36208]]},"properties":{"source":"emodnet_dtm_2024","level":2}},{"type":"Feature","geometry":{"type":"LineString","coordinates":[[-4.11042,50.36208],[-4.11042,50.36208]]},"properties":{"source":"emodnet_dtm_2024","level":2}},{"type":"Feature","geometry":{"type":"LineString","coordinates":[[-4.63458,50.36292],[-4.63458,50.36292]]},"properties":{"source":"emodnet_dtm_2024","level":2}},{"type":"Feature","geometry":{"type":"LineString","coordinates":[[-4.63375,50.36375],[-4.63375,50.36375]]},"properties":{"source":"emodnet_dtm_2024","level":2}},{"type":"Feature","geometry":{"type":"LineString","coordinates":[[-4.10958,50.36375],[-4.10958,50.36375]]},"properties":{"source":"emodnet_dtm_2024","level":2}},{"type":"Feature","geometry":{"type":"LineString","coordinates":[[-4.15458,50.36625],[-4.15458,50.36625]]},"properties":{"source":"emodnet_dtm_2024","level":2}},{"type":"Feature","geometry":{"type":"LineString","coordinates":[[-4.10875,50.36708],[-4.10875,50.36708]]},"properties":{"source":"emodnet_dtm_2024","level":2}},{"type":"Feature","geometry":{"type":"LineString","coordinates":[[-5.15042,50.36947],[-5.15042,50.36992],[-5.15042,50.36947]]},"properties":{"source":"emodnet_dtm_2024","level":2}},{"type":"Feature","geometry":{"type":"LineString","coordinates":[[-4.10625,50.36958],[-4.10625,50.36958]]},"properties":{"source":"emodnet_dtm_2024","level":2}},{"type":"Feature","geometry":{"type":"LineString","coordinates":[[-4.10458,50.37042],[-4.10458,50.37042]]},"properties":{"source":"emodnet_dtm_2024","level":2}},{"type":"Feature","geometry":{"type":"LineString","coordinates":[[-4.63458,50.37125],[-4.63458,50.37125]]},"properties":{"source":"emodnet_dtm_2024","level":2}},{"type":"Feature","geometry":{"type":"LineString","coordinates":[[-4.10375,50.37125],[-4.10375,50.37125]]},"properties":{"source":"emodnet_dtm_2024","level":2}},{"type":"Feature","geometry":{"type":"LineString","coordinates":[[-5.14792,50.37208],[-5.14792,50.37208]]},"properties":{"source":"emodnet_dtm_2024","level":2}},{"type":"Feature","geometry":{"type":"LineString","coordinates":[[-4.10208,50.37208],[-4.10208,50.37208]]},"properties":{"source":"emodnet_dtm_2024","level":2}},{"type":"Feature","geometry":{"type":"LineString","coordinates":[[-5.14792,50.37458],[-5.14792,50.37458]]},"properties":{"source":"emodnet_dtm_2024","level":2}},{"type":"Feature","geometry":{"type":"LineString","coordinates":[[-4.63375,50.37458],[-4.63375,50.37458]]},"properties":{"source":"emodnet_dtm_2024","level":2}},{"type":"Feature","geometry":{"type":"LineString","coordinates":[[-4.10125,50.37458],[-4.10125,50.37458]]},"properties":{"source":"emodnet_dtm_2024","level":2}},{"type":"Feature","geometry":{"type":"LineString","coordinates":[[-4.26708,50.37542],[-4.26708,50.37542]]},"properties":{"source":"emodnet_dtm_2024","level":2}},{"type":"Feature","geometry":{"type":"LineString","coordinates":[[-4.27708,50.37625],[-4.27708,50.37625]]},"properties":{"source":"emodnet_dtm_2024","level":2}},{"type":"Feature","geometry":{"type":"LineString","coordinates":[[-4.26458,50.37625],[-4.26458,50.37625]]},"properties":{"source":"emodnet_dtm_2024","level":2}},{"type":"Feature","geometry":{"type":"LineString","coordinates":[[-4.10042,50.37625],[-4.10042,50.37625]]},"properties":{"source":"emodnet_dtm_2024","level":2}},{"type":"Feature","geometry":{"type":"LineString","coordinates":[[-4.26958,50.37792],[-4.26958,50.37792]]},"properties":{"source":"emodnet_dtm_2024","level":2}},{"type":"Feature","geometry":{"type":"LineString","coordinates":[[-4.24375,50.37958],[-4.24375,50.37958]]},"properties":{"source":"emodnet_dtm_2024","level":2}},{"type":"Feature","geometry":{"type":"LineString","coordinates":[[-4.09958,50.37958],[-4.09958,50.37958]]},"properties":{"source":"emodnet_dtm_2024","level":2}},{"type":"Feature","geometry":{"type":"LineString","coordinates":[[-4.09708,50.38042],[-4.09708,50.38042]]},"properties":{"source":"emodnet_dtm_2024","level":2}},{"type":"Feature","geometry":{"type":"LineString","coordinates":[[-4.25625,50.38208],[-4.25625,50.38208]]},"properties":{"source":"emodnet_dtm_2024","level":2}},{"type":"Feature","geometry":{"type":"LineString","coordinates":[[-4.25292,50.38208],[-4.25292,50.38208]]},"properties":{"source":"emodnet_dtm_2024","level":2}},{"type":"Feature","geometry":{"type":"LineString","coordinates":[[-4.09375,50.38208],[-4.09375,50.38208]]},"properties":{"source":"emodnet_dtm_2024","level":2}},{"type":"Feature","geometry":{"type":"LineString","coordinates":[[-4.24875,50.38292],[-4.24875,50.38292]]},"properties":{"source":"emodnet_dtm_2024","level":2}},{"type":"Feature","geometry":{"type":"LineString","coordinates":[[-4.08958,50.38292],[-4.08958,50.38292]]},"properties":{"source":"emodnet_dtm_2024","level":2}},{"type":"Feature","geometry":{"type":"LineString","coordinates":[[-4.23792,50.38375],[-4.23792,50.38375]]},"properties":{"source":"emodnet_dtm_2024","level":2}},{"type":"Feature","geometry":{"type":"LineString","coordinates":[[-4.08875,50.38375],[-4.08875,50.38375]]},"properties":{"source":"emodnet_dtm_2024","level":2}},{"type":"Feature","geometry":{"type":"LineString","coordinates":[[-4.08792,50.38458],[-4.08792,50.38458]]},"properties":{"source":"emodnet_dtm_2024","level":2}},{"type":"Feature","geometry":{"type":"LineString","coordinates":[[-4.26625,50.38542],[-4.26625,50.38542]]},"properties":{"source":"emodnet_dtm_2024","level":2}},{"type":"Feature","geometry":{"type":"LineString","coordinates":[[-4.23542,50.38792],[-4.23542,50.38792]]},"properties":{"source":"emodnet_dtm_2024","level":2}},{"type":"Feature","geometry":{"type":"LineString","coordinates":[[-4.23458,50.38875],[-4.23458,50.38875]]},"properties":{"source":"emodnet_dtm_2024","level":2}},{"type":"Feature","geometry":{"type":"LineString","coordinates":[[-4.30125,50.39125],[-4.30125,50.39125]]},"properties":{"source":"emodnet_dtm_2024","level":2}},{"type":"Feature","geometry":{"type":"LineString","coordinates":[[-4.28958,50.39125],[-4.28958,50.39125]]},"properties":{"source":"emodnet_dtm_2024","level":2}},{"type":"Feature","geometry":{"type":"LineString","coordinates":[[-4.23708,50.39125],[-4.23708,50.39125]]},"properties":{"source":"emodnet_dtm_2024","level":2}},{"type":"Feature","geometry":{"type":"LineString","coordinates":[[-5.14625,50.39208],[-5.14625,50.39208]]},"properties":{"source":"emodnet_dtm_2024","level":2}},{"type":"Feature","geometry":{"type":"LineString","coordinates":[[-4.28792,50.39292],[-4.28792,50.39292]]},"properties":{"source":"emodnet_dtm_2024","level":2}},{"type":"Feature","geometry":{"type":"LineString","coordinates":[[-5.14542,50.39375],[-5.14542,50.39375]]},"properties":{"source":"emodnet_dtm_2024","level":2}},{"type":"Feature","geometry":{"type":"LineString","coordinates":[[-5.14375,50.39458],[-5.14375,50.39458]]},"properties":{"source":"emodnet_dtm_2024","level":2}},{"type":"Feature","geometry":{"type":"LineString","coordinates":[[-4.29958,50.39625],[-4.29958,50.39625]]},"properties":{"source":"emodnet_dtm_2024","level":2}},{"type":"Feature","geometry":{"type":"LineString","coordinates":[[-5.14792,50.39792],[-5.14792,50.39792]]},"properties":{"source":"emodnet_dtm_2024","level":2}},{"type":"Feature","geometry":{"type":"LineString","coordinates":[[-4.28042,50.39875],[-4.28042,50.39875]]},"properties":{"source":"emodnet_dtm_2024","level":2}},{"type":"Feature","geometry":{"type":"LineString","coordinates":[[-4.30542,50.39958],[-4.30542,50.39958]]},"properties":{"source":"emodnet_dtm_2024","level":2}},{"type":"Feature","geometry":{"type":"LineString","coordinates":[[-4.27958,50.40042],[-4.27958,50.40042]]},"properties":{"source":"emodnet_dtm_2024","level":2}},{"type":"Feature","geometry":{"type":"LineString","coordinates":[[-5.13875,50.40458],[-5.13875,50.40458]]},"properties":{"source":"emodnet_dtm_2024","level":2}},{"type":"Feature","geometry":{"type":"LineString","coordinates":[[-5.12542,50.40542],[-5.12542,50.40542]]},"properties":{"source":"emodnet_dtm_2024","level":2}},{"type":"Feature","geometry":{"type":"LineString","coordinates":[[-5.09125,50.40542],[-5.09125,50.40542]]},"properties":{"source":"emodnet_dtm_2024","level":2}},{"type":"Feature","geometry":{"type":"LineString","coordinates":[[-4.19792,50.41291],[-4.19792,50.41291]]},"properties":{"source":"emodnet_dtm_2024","level":2}},{"type":"Feature","geometry":{"type":"LineString","coordinates":[[-3.55375,50.41441],[-3.55321,50.41458],[-3.55375,50.41482],[-3.55375,50.41441]]},"properties":{"source":"emodnet_dtm_2024","level":2}},{"type":"Feature","geometry":{"type":"LineString","coordinates":[[-5.07708,50.41708],[-5.07708,50.41708]]},"properties":{"source":"emodnet_dtm_2024","level":2}},{"type":"Feature","geometry":{"type":"LineString","coordinates":[[-4.19625,50.41708],[-4.19625,50.41708]]},"properties":{"source":"emodnet_dtm_2024","level":2}},{"type":"Feature","geometry":{"type":"LineString","coordinates":[[-5.07125,50.42125],[-5.07125,50.42125]]},"properties":{"source":"emodnet_dtm_2024","level":2}},{"type":"Feature","geometry":{"type":"LineString","coordinates":[[-5.06792,50.42208],[-5.06792,50.42208]]},"properties":{"source":"emodnet_dtm_2024","level":2}},{"type":"Feature","geometry":{"type":"LineString","coordinates":[[-4.19375,50.42208],[-4.19375,50.42208]]},"properties":{"source":"emodnet_dtm_2024","level":2}},{"type":"Feature","geometry":{"type":"LineString","coordinates":[[-4.17708,50.42208],[-4.17708,50.42208]]},"properties":{"source":"emodnet_dtm_2024","level":2}},{"type":"Feature","geometry":{"type":"LineString","coordinates":[[-4.20792,50.42375],[-4.20792,50.42375]]},"properties":{"source":"emodnet_dtm_2024","level":2}},{"type":"Feature","geometry":{"type":"LineString","coordinates":[[-4.20792,50.42542],[-4.20792,50.42542]]},"properties":{"source":"emodnet_dtm_2024","level":2}},{"type":"Feature","geometry":{"type":"LineString","coordinates":[[-4.19292,50.42542],[-4.19292,50.42542]]},"properties":{"source":"emodnet_dtm_2024","level":2}},{"type":"Feature","geometry":{"type":"LineString","coordinates":[[-4.21458,50.42625],[-4.21458,50.42625]]},"properties":{"source":"emodnet_dtm_2024","level":2}},{"type":"Feature","geometry":{"type":"LineString","coordinates":[[-4.18958,50.42708],[-4.18958,50.42708]]},"properties":{"source":"emodnet_dtm_2024","level":2}},{"type":"Feature","geometry":{"type":"LineString","coordinates":[[-4.20375,50.42792],[-4.20375,50.42792]]},"properties":{"source":"emodnet_dtm_2024","level":2}},{"type":"Feature","geometry":{"type":"LineString","coordinates":[[-4.20292,50.42875],[-4.20292,50.42875]]},"properties":{"source":"emodnet_dtm_2024","level":2}},{"type":"Feature","geometry":{"type":"LineString","coordinates":[[-5.05625,50.42958],[-5.05625,50.42958]]},"properties":{"source":"emodnet_dtm_2024","level":2}},{"type":"Feature","geometry":{"type":"LineString","coordinates":[[-4.18958,50.42958],[-4.18958,50.42958]]},"properties":{"source":"emodnet_dtm_2024","level":2}},{"type":"Feature","geometry":{"type":"LineString","coordinates":[[-5.05542,50.43042],[-5.05542,50.43042]]},"properties":{"source":"emodnet_dtm_2024","level":2}},{"type":"Feature","geometry":{"type":"LineString","coordinates":[[-4.18458,50.43042],[-4.18458,50.43042]]},"properties":{"source":"emodnet_dtm_2024","level":2}},{"type":"Feature","geometry":{"type":"LineString","coordinates":[[-5.05542,50.43208],[-5.05542,50.43208]]},"properties":{"source":"emodnet_dtm_2024","level":2}},{"type":"Feature","geometry":{"type":"LineString","coordinates":[[-4.19958,50.43292],[-4.19958,50.43292]]},"properties":{"source":"emodnet_dtm_2024","level":2}},{"type":"Feature","geometry":{"type":"LineString","coordinates":[[-4.19125,50.4329],[-4.19125,50.43337],[-4.19125,50.4329]]},"properties":{"source":"emodnet_dtm_2024","level":2}},{"type":"Feature","geometry":{"type":"LineString","coordinates":[[-4.18958,50.43292],[-4.18958,50.43292]]},"properties":{"source":"emodnet_dtm_2024","level":2}},{"type":"Feature","geometry":{"type":"LineString","coordinates":[[-4.18792,50.43292],[-4.18792,50.43292]]},"properties":{"source":"emodnet_dtm_2024","level":2}},{"type":"Feature","geometry":{"type":"LineString","coordinates":[[-4.18292,50.43292],[-4.18292,50.43292]]},"properties":{"source":"emodnet_dtm_2024","level":2}},{"type":"Feature","geometry":{"type":"LineString","coordinates":[[-5.05542,50.43375],[-5.05542,50.43375]]},"properties":{"source":"emodnet_dtm_2024","level":2}},{"type":"Feature","geometry":{"type":"LineString","coordinates":[[-4.17958,50.43375],[-4.17958,50.43375]]},"properties":{"source":"emodnet_dtm_2024","level":2}},{"type":"Feature","geometry":{"type":"LineString","coordinates":[[-5.05458,50.43458],[-5.05458,50.43458]]},"properties":{"source":"emodnet_dtm_2024","level":2}},{"type":"Feature","geometry":{"type":"LineString","coordinates":[[-4.17625,50.43458],[-4.17625,50.43458]]},"properties":{"source":"emodnet_dtm_2024","level":2}},{"type":"Feature","geometry":{"type":"LineString","coordinates":[[-4.19208,50.43542],[-4.19208,50.43542]]},"properties":{"source":"emodnet_dtm_2024","level":2}},{"type":"Feature","geometry":{"type":"LineString","coordinates":[[-4.17875,50.43625],[-4.17875,50.43625]]},"properties":{"source":"emodnet_dtm_2024","level":2}},{"type":"Feature","geometry":{"type":"LineString","coordinates":[[-4.17792,50.43708],[-4.17792,50.43708]]},"properties":{"source":"emodnet_dtm_2024","level":2}},{"type":"Feature","geometry":{"type":"LineString","coordinates":[[-4.19875,50.43792],[-4.19875,50.43792]]},"properties":{"source":"emodnet_dtm_2024","level":2}},{"type":"Feature","geometry":{"type":"LineString","coordinates":[[-4.17625,50.43766],[-4.17578,50.43792],[-4.17625,50.43766]]},"properties":{"source":"emodnet_dtm_2024","level":2}},{"type":"Feature","geometry":{"type":"LineString","coordinates":[[-4.19792,50.43865],[-4.19792,50.43865]]},"properties":{"source":"emodnet_dtm_2024","level":2}},{"type":"Feature","geometry":{"type":"LineString","coordinates":[[-4.19292,50.43875],[-4.19292,50.43875]]},"properties":{"source":"emodnet_dtm_2024","level":2}},{"type":"Feature","geometry":{"type":"LineString","coordinates":[[-4.17542,50.43873],[-4.17542,50.43873]]},"properties":{"source":"emodnet_dtm_2024","level":2}},{"type":"Feature","geometry":{"type":"LineString","coordinates":[[-4.17208,50.43875],[-4.17208,50.43875]]},"properties":{"source":"emodnet_dtm_2024","level":2}},{"type":"Feature","geometry":{"type":"LineString","coordinates":[[-4.19375,50.44042],[-4.19375,50.44042]]},"properties":{"source":"emodnet_dtm_2024","level":2}},{"type":"Feature","geometry":{"type":"LineString","coordinates":[[-4.17458,50.44042],[-4.17458,50.44042]]},"properties":{"source":"emodnet_dtm_2024","level":2}},{"type":"Feature","geometry":{"type":"LineString","coordinates":[[-4.19625,50.44125],[-4.19625,50.44125]]},"properties":{"source":"emodnet_dtm_2024","level":2}},{"type":"Feature","geometry":{"type":"LineString","coordinates":[[-4.16875,50.44208],[-4.16875,50.44208]]},"properties":{"source":"emodnet_dtm_2024","level":2}},{"type":"Feature","geometry":{"type":"LineString","coordinates":[[-5.04375,50.44292],[-5.04375,50.44292]]},"properties":{"source":"emodnet_dtm_2024","level":2}},{"type":"Feature","geometry":{"type":"LineString","coordinates":[[-4.16792,50.44292],[-4.16792,50.44292]]},"properties":{"source":"emodnet_dtm_2024","level":2}},{"type":"Feature","geometry":{"type":"LineString","coordinates":[[-5.04292,50.44458],[-5.04292,50.44458]]},"properties":{"source":"emodnet_dtm_2024","level":2}},{"type":"Feature","geometry":{"type":"LineString","coordinates":[[-4.16708,50.44458],[-4.16708,50.44458]]},"properties":{"source":"emodnet_dtm_2024","level":2}},{"type":"Feature","geometry":{"type":"LineString","coordinates":[[-4.17042,50.44542],[-4.17042,50.44542]]},"properties":{"source":"emodnet_dtm_2024","level":2}},{"type":"Feature","geometry":{"type":"LineString","coordinates":[[-5.04292,50.44625],[-5.04292,50.44625]]},"properties":{"source":"emodnet_dtm_2024","level":2}},{"type":"Feature","geometry":{"type":"LineString","coordinates":[[-4.16708,50.44625],[-4.16708,50.44625]]},"properties":{"source":"emodnet_dtm_2024","level":2}},{"type":"Feature","geometry":{"type":"LineString","coordinates":[[-4.16458,50.44708],[-4.16458,50.44708]]},"properties":{"source":"emodnet_dtm_2024","level":2}},{"type":"Feature","geometry":{"type":"LineString","coordinates":[[-4.20042,50.44792],[-4.20042,50.44792]]},"properties":{"source":"emodnet_dtm_2024","level":2}},{"type":"Feature","geometry":{"type":"LineString","coordinates":[[-4.16958,50.44792],[-4.16958,50.44792]]},"properties":{"source":"emodnet_dtm_2024","level":2}},{"type":"Feature","geometry":{"type":"LineString","coordinates":[[-4.20125,50.44958],[-4.20125,50.44958]]},"properties":{"source":"emodnet_dtm_2024","level":2}},{"type":"Feature","geometry":{"type":"LineString","coordinates":[[-4.20792,50.45042],[-4.20792,50.45042]]},"properties":{"source":"emodnet_dtm_2024","level":2}},{"type":"Feature","geometry":{"type":"LineString","coordinates":[[-4.16292,50.45042],[-4.16292,50.45042]]},"properties":{"source":"emodnet_dtm_2024","level":2}},{"type":"Feature","geometry":{"type":"LineString","coordinates":[[-4.20125,50.45125],[-4.20125,50.45125]]},"properties":{"source":"emodnet_dtm_2024","level":2}},{"type":"Feature","geometry":{"type":"LineString","coordinates":[[-4.16542,50.45208],[-4.16542,50.45208]]},"properties":{"source":"emodnet_dtm_2024","level":2}},{"type":"Feature","geometry":{"type":"LineString","coordinates":[[-4.20125,50.45292],[-4.20125,50.45292]]},"properties":{"source":"emodnet_dtm_2024","level":2}},{"type":"Feature","geometry":{"type":"LineString","coordinates":[[-5.04208,50.45373],[-5.04208,50.45373]]},"properties":{"source":"emodnet_dtm_2024","level":2}},{"type":"Feature","geometry":{"type":"LineString","coordinates":[[-4.16292,50.45375],[-4.16292,50.45375]]},"properties":{"source":"emodnet_dtm_2024","level":2}},{"type":"Feature","geometry":{"type":"LineString","coordinates":[[-4.15625,50.45458],[-4.15625,50.45458]]},"properties":{"source":"emodnet_dtm_2024","level":2}},{"type":"Feature","geometry":{"type":"LineString","coordinates":[[-4.22875,50.45542],[-4.22875,50.45542]]},"properties":{"source":"emodnet_dtm_2024","level":2}},{"type":"Feature","geometry":{"type":"LineString","coordinates":[[-4.20458,50.45625],[-4.20458,50.45625]]},"properties":{"source":"emodnet_dtm_2024","level":2}},{"type":"Feature","geometry":{"type":"LineString","coordinates":[[-5.04375,50.45708],[-5.04375,50.45708]]},"properties":{"source":"emodnet_dtm_2024","level":2}},{"type":"Feature","geometry":{"type":"LineString","coordinates":[[-4.23458,50.45708],[-4.23458,50.45708]]},"properties":{"source":"emodnet_dtm_2024","level":2}},{"type":"Feature","geometry":{"type":"LineString","coordinates":[[-4.22625,50.45708],[-4.22625,50.45708]]},"properties":{"source":"emodnet_dtm_2024","level":2}},{"type":"Feature","geometry":{"type":"LineString","coordinates":[[-4.21125,50.45875],[-4.21125,50.45875]]},"properties":{"source":"emodnet_dtm_2024","level":2}},{"type":"Feature","geometry":{"type":"LineString","coordinates":[[-4.20875,50.46042],[-4.20875,50.46042]]},"properties":{"source":"emodnet_dtm_2024","level":2}},{"type":"Feature","geometry":{"type":"LineString","coordinates":[[-4.22208,50.46375],[-4.22208,50.46375]]},"properties":{"source":"emodnet_dtm_2024","level":2}},{"type":"Feature","geometry":{"type":"LineString","coordinates":[[-4.21542,50.46375],[-4.21542,50.46375]]},"properties":{"source":"emodnet_dtm_2024","level":2}},{"type":"Feature","geometry":{"type":"LineString","coordinates":[[-4.22458,50.46458],[-4.22458,50.46458]]},"properties":{"source":"emodnet_dtm_2024","level":2}},{"type":"Feature","geometry":{"type":"LineString","coordinates":[[-4.21375,50.46458],[-4.21375,50.46458]]},"properties":{"source":"emodnet_dtm_2024","level":2}},{"type":"Feature","geometry":{"type":"LineString","coordinates":[[-4.23708,50.46542],[-4.23708,50.46542]]},"properties":{"source":"emodnet_dtm_2024","level":2}},{"type":"Feature","geometry":{"type":"LineString","coordinates":[[-4.22375,50.46542],[-4.22375,50.46542]]},"properties":{"source":"emodnet_dtm_2024","level":2}},{"type":"Feature","geometry":{"type":"LineString","coordinates":[[-4.22042,50.46625],[-4.22042,50.46625]]},"properties":{"source":"emodnet_dtm_2024","level":2}},{"type":"Feature","geometry":{"type":"LineString","coordinates":[[-5.03792,50.46708],[-5.03792,50.46708]]},"properties":{"source":"emodnet_dtm_2024","level":2}},{"type":"Feature","geometry":{"type":"LineString","coordinates":[[-4.23458,50.46708],[-4.23458,50.46708]]},"properties":{"source":"emodnet_dtm_2024","level":2}},{"type":"Feature","geometry":{"type":"LineString","coordinates":[[-4.23125,50.46792],[-4.23125,50.46792]]},"properties":{"source":"emodnet_dtm_2024","level":2}},{"type":"Feature","geometry":{"type":"LineString","coordinates":[[-5.03875,50.46947],[-5.03792,50.46965],[-5.03792,50.47046],[-5.03849,50.47042],[-5.03875,50.46947]]},"properties":{"source":"emodnet_dtm_2024","level":2}},{"type":"Feature","geometry":{"type":"LineString","coordinates":[[-5.03542,50.46958],[-5.03542,50.46958]]},"properties":{"source":"emodnet_dtm_2024","level":2}},{"type":"Feature","geometry":{"type":"LineString","coordinates":[[-4.22958,50.46958],[-4.22958,50.46958]]},"properties":{"source":"emodnet_dtm_2024","level":2}},{"type":"Feature","geometry":{"type":"LineString","coordinates":[[-4.22292,50.47208],[-4.22292,50.47208]]},"properties":{"source":"emodnet_dtm_2024","level":2}},{"type":"Feature","geometry":{"type":"LineString","coordinates":[[-4.21792,50.47458],[-4.21792,50.47458]]},"properties":{"source":"emodnet_dtm_2024","level":2}},{"type":"Feature","geometry":{"type":"LineString","coordinates":[[-5.03875,50.47625],[-5.03875,50.47625]]},"properties":{"source":"emodnet_dtm_2024","level":2}},{"type":"Feature","geometry":{"type":"LineString","coordinates":[[-5.03792,50.47958],[-5.03792,50.47958]]},"properties":{"source":"emodnet_dtm_2024","level":2}},{"type":"Feature","geometry":{"type":"LineString","coordinates":[[-5.03542,50.48625],[-5.03542,50.48625]]},"properties":{"source":"emodnet_dtm_2024","level":2}},{"type":"Feature","geometry":{"type":"LineString","coordinates":[[-4.22208,50.48708],[-4.22208,50.48708]]},"properties":{"source":"emodnet_dtm_2024","level":2}},{"type":"Feature","geometry":{"type":"LineString","coordinates":[[-4.93875,50.52125],[-4.93875,50.52125]]},"properties":{"source":"emodnet_dtm_2024","level":2}},{"type":"Feature","geometry":{"type":"LineString","coordinates":[[-4.89792,50.52625],[-4.89792,50.52625]]},"properties":{"source":"emodnet_dtm_2024","level":2}},{"type":"Feature","geometry":{"type":"LineString","coordinates":[[-4.93042,50.52792],[-4.93042,50.52792]]},"properties":{"source":"emodnet_dtm_2024","level":2}},{"type":"Feature","geometry":{"type":"LineString","coordinates":[[-4.89208,50.52958],[-4.89208,50.52958]]},"properties":{"source":"emodnet_dtm_2024","level":2}},{"type":"Feature","geometry":{"type":"LineString","coordinates":[[-4.90792,50.53042],[-4.90792,50.53042]]},"properties":{"source":"emodnet_dtm_2024","level":2}},{"type":"Feature","geometry":{"type":"LineString","coordinates":[[-4.87875,50.53041],[-4.87875,50.53041]]},"properties":{"source":"emodnet_dtm_2024","level":2}},{"type":"Feature","geometry":{"type":"LineString","coordinates":[[-4.90458,50.53125],[-4.90458,50.53125]]},"properties":{"source":"emodnet_dtm_2024","level":2}},{"type":"Feature","geometry":{"type":"LineString","coordinates":[[-4.85542,50.53208],[-4.85542,50.53208]]},"properties":{"source":"emodnet_dtm_2024","level":2}},{"type":"Feature","geometry":{"type":"LineString","coordinates":[[-4.86208,50.53292],[-4.86208,50.53292]]},"properties":{"source":"emodnet_dtm_2024","level":2}},{"type":"Feature","geometry":{"type":"LineString","coordinates":[[-4.85875,50.53292],[-4.85875,50.53292]]},"properties":{"source":"emodnet_dtm_2024","level":2}},{"type":"Feature","geometry":{"type":"LineString","coordinates":[[-3.53958,50.53875],[-3.53958,50.53875]]},"properties":{"source":"emodnet_dtm_2024","level":2}},{"type":"Feature","geometry":{"type":"LineString","coordinates":[[-4.99375,50.54203],[-4.99375,50.54203]]},"properties":{"source":"emodnet_dtm_2024","level":2}},{"type":"Feature","geometry":{"type":"LineString","coordinates":[[-3.56542,50.54208],[-3.56542,50.54208]]},"properties":{"source":"emodnet_dtm_2024","level":2}},{"type":"Feature","geometry":{"type":"LineString","coordinates":[[-3.55542,50.54375],[-3.55542,50.54375]]},"properties":{"source":"emodnet_dtm_2024","level":2}},{"type":"Feature","geometry":{"type":"LineString","coordinates":[[-3.51292,50.54406],[-3.51251,50.54458],[-3.5135,50.54458],[-3.51292,50.54406]]},"properties":{"source":"emodnet_dtm_2024","level":2}},{"type":"Feature","geometry":{"type":"LineString","coordinates":[[-4.91875,50.57708],[-4.91875,50.57708]]},"properties":{"source":"emodnet_dtm_2024","level":2}},{"type":"Feature","geometry":{"type":"LineString","coordinates":[[-4.78542,50.60875],[-4.78542,50.60875]]},"properties":{"source":"emodnet_dtm_2024","level":2}},{"type":"Feature","geometry":{"type":"LineString","coordinates":[[-3.44708,50.61708],[-3.44708,50.61708]]},"properties":{"source":"emodnet_dtm_2024","level":2}},{"type":"Feature","geometry":{"type":"LineString","coordinates":[[-3.42375,50.62041],[-3.42375,50.62041]]},"properties":{"source":"emodnet_dtm_2024","level":2}},{"type":"Feature","geometry":{"type":"LineString","coordinates":[[-4.77292,50.62208],[-4.77292,50.62208]]},"properties":{"source":"emodnet_dtm_2024","level":2}},{"type":"Feature","geometry":{"type":"LineString","coordinates":[[-3.41708,50.62208],[-3.41708,50.62208]]},"properties":{"source":"emodnet_dtm_2024","level":2}},{"type":"Feature","geometry":{"type":"LineString","coordinates":[[-3.41708,50.62875],[-3.41708,50.62875]]},"properties":{"source":"emodnet_dtm_2024","level":2}},{"type":"Feature","geometry":{"type":"LineString","coordinates":[[-4.76875,50.63458],[-4.76875,50.63458]]},"properties":{"source":"emodnet_dtm_2024","level":2}},{"type":"Feature","geometry":{"type":"LineString","coordinates":[[-3.42542,50.63958],[-3.42542,50.63958]]},"properties":{"source":"emodnet_dtm_2024","level":2}},{"type":"Feature","geometry":{"type":"LineString","coordinates":[[-3.43625,50.64207],[-3.43625,50.64207]]},"properties":{"source":"emodnet_dtm_2024","level":2}},{"type":"Feature","geometry":{"type":"LineString","coordinates":[[-4.76792,50.64292],[-4.76792,50.64292]]},"properties":{"source":"emodnet_dtm_2024","level":2}},{"type":"Feature","geometry":{"type":"LineString","coordinates":[[-4.76542,50.64458],[-4.76542,50.64458]]},"properties":{"source":"emodnet_dtm_2024","level":2}},{"type":"Feature","geometry":{"type":"LineString","coordinates":[[-4.76292,50.64625],[-4.76292,50.64625]]},"properties":{"source":"emodnet_dtm_2024","level":2}},{"type":"Feature","geometry":{"type":"LineString","coordinates":[[-4.76042,50.65125],[-4.76042,50.65125]]},"properties":{"source":"emodnet_dtm_2024","level":2}},{"type":"Feature","geometry":{"type":"LineString","coordinates":[[-3.45792,50.65872],[-3.45713,50.65875],[-3.45851,50.65875],[-3.45792,50.65872]]},"properties":{"source":"emodnet_dtm_2024","level":2}},{"type":"Feature","geometry":{"type":"LineString","coordinates":[[-3.46625,50.66528],[-3.46625,50.66528]]},"properties":{"source":"emodnet_dtm_2024","level":2}},{"type":"Feature","geometry":{"type":"LineString","coordinates":[[-3.46208,50.66606],[-3.46155,50.66625],[-3.46208,50.66645],[-3.46208,50.66606]]},"properties":{"source":"emodnet_dtm_2024","level":2}},{"type":"Feature","geometry":{"type":"LineString","coordinates":[[-3.44625,50.66875],[-3.44625,50.66875]]},"properties":{"source":"emodnet_dtm_2024","level":2}},{"type":"Feature","geometry":{"type":"LineString","coordinates":[[-3.46042,50.67438],[-3.46042,50.6751],[-3.46042,50.67438]]},"properties":{"source":"emodnet_dtm_2024","level":2}},{"type":"Feature","geometry":{"type":"LineString","coordinates":[[-4.73125,50.67542],[-4.73125,50.67542]]},"properties":{"source":"emodnet_dtm_2024","level":2}},{"type":"Feature","geometry":{"type":"LineString","coordinates":[[-4.72542,50.68352],[-4.72542,50.68352]]},"properties":{"source":"emodnet_dtm_2024","level":2}},{"type":"Feature","geometry":{"type":"LineString","coordinates":[[-4.71375,50.68535],[-4.71375,50.68535]]},"properties":{"source":"emodnet_dtm_2024","level":2}},{"type":"Feature","geometry":{"type":"LineString","coordinates":[[-3.47542,50.68708],[-3.47542,50.68708]]},"properties":{"source":"emodnet_dtm_2024","level":2}},{"type":"Feature","geometry":{"type":"LineString","coordinates":[[-4.68375,50.69542],[-4.68375,50.69542]]},"properties":{"source":"emodnet_dtm_2024","level":2}},{"type":"Feature","geometry":{"type":"LineString","coordinates":[[-4.66708,50.71125],[-4.66708,50.71125]]},"properties":{"source":"emodnet_dtm_2024","level":2}},{"type":"Feature","geometry":{"type":"LineString","coordinates":[[-4.65125,50.72625],[-4.65125,50.72625]]},"properties":{"source":"emodnet_dtm_2024","level":2}},{"type":"Feature","geometry":{"type":"LineString","coordinates":[[-4.64042,50.74042],[-4.64042,50.74042]]},"properties":{"source":"emodnet_dtm_2024","level":2}},{"type":"Feature","geometry":{"type":"LineString","coordinates":[[-4.63958,50.74292],[-4.63958,50.74292]]},"properties":{"source":"emodnet_dtm_2024","level":2}},{"type":"Feature","geometry":{"type":"LineString","coordinates":[[-4.63792,50.74625],[-4.63792,50.74625]]},"properties":{"source":"emodnet_dtm_2024","level":2}},{"type":"Feature","geometry":{"type":"LineString","coordinates":[[-4.63708,50.74708],[-4.63708,50.74708]]},"properties":{"source":"emodnet_dtm_2024","level":2}},{"type":"Feature","geometry":{"type":"LineString","coordinates":[[-4.63458,50.7486],[-4.63458,50.7486]]},"properties":{"source":"emodnet_dtm_2024","level":2}},{"type":"Feature","geometry":{"type":"LineString","coordinates":[[-4.62958,50.75042],[-4.62958,50.75042]]},"properties":{"source":"emodnet_dtm_2024","level":2}},{"type":"Feature","geometry":{"type":"LineString","coordinates":[[-4.62208,50.75125],[-4.62208,50.75125]]},"properties":{"source":"emodnet_dtm_2024","level":2}},{"type":"Feature","geometry":{"type":"LineString","coordinates":[[-4.61875,50.75292],[-4.61875,50.75292]]},"properties":{"source":"emodnet_dtm_2024","level":2}},{"type":"Feature","geometry":{"type":"LineString","coordinates":[[-4.61792,50.75708],[-4.61792,50.75708]]},"properties":{"source":"emodnet_dtm_2024","level":2}},{"type":"Feature","geometry":{"type":"LineString","coordinates":[[-4.61708,50.75792],[-4.61708,50.75792]]},"properties":{"source":"emodnet_dtm_2024","level":2}},{"type":"Feature","geometry":{"type":"LineString","coordinates":[[-4.58875,50.76792],[-4.58875,50.76792]]},"properties":{"source":"emodnet_dtm_2024","level":2}},{"type":"Feature","geometry":{"type":"LineString","coordinates":[[-4.58708,50.76957],[-4.58708,50.76957]]},"properties":{"source":"emodnet_dtm_2024","level":2}},{"type":"Feature","geometry":{"type":"LineString","coordinates":[[-4.58458,50.77034],[-4.58458,50.77074],[-4.58532,50.77042],[-4.58458,50.77034]]},"properties":{"source":"emodnet_dtm_2024","level":2}},{"type":"Feature","geometry":{"type":"LineString","coordinates":[[-4.56125,50.80292],[-4.56125,50.80292]]},"properties":{"source":"emodnet_dtm_2024","level":2}},{"type":"Feature","geometry":{"type":"LineString","coordinates":[[-4.56042,50.80375],[-4.56042,50.80375]]},"properties":{"source":"emodnet_dtm_2024","level":2}},{"type":"Feature","geometry":{"type":"LineString","coordinates":[[-4.56042,50.80708],[-4.56042,50.80708]]},"properties":{"source":"emodnet_dtm_2024","level":2}},{"type":"Feature","geometry":{"type":"LineString","coordinates":[[-4.55958,50.80792],[-4.55958,50.80792]]},"properties":{"source":"emodnet_dtm_2024","level":2}},{"type":"Feature","geometry":{"type":"LineString","coordinates":[[-4.55875,50.81125],[-4.55875,50.81125]]},"properties":{"source":"emodnet_dtm_2024","level":2}},{"type":"Feature","geometry":{"type":"LineString","coordinates":[[-4.55875,50.82042],[-4.55875,50.82042]]},"properties":{"source":"emodnet_dtm_2024","level":2}},{"type":"Feature","geometry":{"type":"LineString","coordinates":[[-4.55875,50.82708],[-4.55875,50.82708]]},"properties":{"source":"emodnet_dtm_2024","level":2}},{"type":"Feature","geometry":{"type":"LineString","coordinates":[[-4.55625,50.83542],[-4.55625,50.83542]]},"properties":{"source":"emodnet_dtm_2024","level":2}},{"type":"Feature","geometry":{"type":"LineString","coordinates":[[-4.55625,50.83792],[-4.55625,50.83792]]},"properties":{"source":"emodnet_dtm_2024","level":2}},{"type":"Feature","geometry":{"type":"LineString","coordinates":[[-4.56125,50.83958],[-4.56125,50.83958]]},"properties":{"source":"emodnet_dtm_2024","level":2}},{"type":"Feature","geometry":{"type":"LineString","coordinates":[[-4.55625,50.84792],[-4.55625,50.84792]]},"properties":{"source":"emodnet_dtm_2024","level":2}},{"type":"Feature","geometry":{"type":"LineString","coordinates":[[-4.55875,50.84958],[-4.55875,50.84958]]},"properties":{"source":"emodnet_dtm_2024","level":2}},{"type":"Feature","geometry":{"type":"LineString","coordinates":[[-4.55875,50.86625],[-4.55875,50.86625]]},"properties":{"source":"emodnet_dtm_2024","level":2}},{"type":"Feature","geometry":{"type":"LineString","coordinates":[[-4.56208,50.87875],[-4.56208,50.87875]]},"properties":{"source":"emodnet_dtm_2024","level":2}},{"type":"Feature","geometry":{"type":"LineString","coordinates":[[-4.56375,50.88125],[-4.56375,50.88125]]},"properties":{"source":"emodnet_dtm_2024","level":2}},{"type":"Feature","geometry":{"type":"LineString","coordinates":[[-4.56458,50.88792],[-4.56458,50.88792]]},"properties":{"source":"emodnet_dtm_2024","level":2}},{"type":"Feature","geometry":{"type":"LineString","coordinates":[[-4.56292,50.89125],[-4.56292,50.89125]]},"properties":{"source":"emodnet_dtm_2024","level":2}},{"type":"Feature","geometry":{"type":"LineString","coordinates":[[-4.56292,50.91603],[-4.56292,50.91639],[-4.56292,50.91603]]},"properties":{"source":"emodnet_dtm_2024","level":2}},{"type":"Feature","geometry":{"type":"LineString","coordinates":[[-4.55875,50.91958],[-4.55875,50.91958]]},"properties":{"source":"emodnet_dtm_2024","level":2}},{"type":"Feature","geometry":{"type":"LineString","coordinates":[[-4.54708,50.93292],[-4.54708,50.93292]]},"properties":{"source":"emodnet_dtm_2024","level":2}},{"type":"Feature","geometry":{"type":"LineString","coordinates":[[-4.54792,50.93458],[-4.54792,50.93458]]},"properties":{"source":"emodnet_dtm_2024","level":2}},{"type":"Feature","geometry":{"type":"LineString","coordinates":[[-4.54458,50.94458],[-4.54458,50.94458]]},"properties":{"source":"emodnet_dtm_2024","level":2}},{"type":"Feature","geometry":{"type":"LineString","coordinates":[[-4.54292,50.94875],[-4.54292,50.94875]]},"properties":{"source":"emodnet_dtm_2024","level":2}},{"type":"Feature","geometry":{"type":"LineString","coordinates":[[-4.53542,50.96375],[-4.53542,50.96375]]},"properties":{"source":"emodnet_dtm_2024","level":2}},{"type":"Feature","geometry":{"type":"LineString","coordinates":[[-4.53458,50.96875],[-4.53458,50.96875]]},"properties":{"source":"emodnet_dtm_2024","level":2}},{"type":"Feature","geometry":{"type":"LineString","coordinates":[[-4.53458,50.97042],[-4.53458,50.97042]]},"properties":{"source":"emodnet_dtm_2024","level":2}},{"type":"Feature","geometry":{"type":"LineString","coordinates":[[-4.53458,50.97208],[-4.53458,50.97208]]},"properties":{"source":"emodnet_dtm_2024","level":2}},{"type":"Feature","geometry":{"type":"LineString","coordinates":[[-4.53542,50.97375],[-4.53542,50.97375]]},"properties":{"source":"emodnet_dtm_2024","level":2}},{"type":"Feature","geometry":{"type":"LineString","coordinates":[[-4.53542,50.97792],[-4.53542,50.97792]]},"properties":{"source":"emodnet_dtm_2024","level":2}},{"type":"Feature","geometry":{"type":"LineString","coordinates":[[-4.53542,50.97958],[-4.53542,50.97958]]},"properties":{"source":"emodnet_dtm_2024","level":2}},{"type":"Feature","geometry":{"type":"LineString","coordinates":[[-4.53458,50.98042],[-4.53458,50.98042]]},"properties":{"source":"emodnet_dtm_2024","level":2}},{"type":"Feature","geometry":{"type":"LineString","coordinates":[[-4.53458,50.98208],[-4.53458,50.98208]]},"properties":{"source":"emodnet_dtm_2024","level":2}},{"type":"Feature","geometry":{"type":"LineString","coordinates":[[-4.53292,50.98542],[-4.53292,50.98542]]},"properties":{"source":"emodnet_dtm_2024","level":2}},{"type":"Feature","geometry":{"type":"LineString","coordinates":[[-4.53042,50.98625],[-4.53042,50.98625]]},"properties":{"source":"emodnet_dtm_2024","level":2}},{"type":"Feature","geometry":{"type":"LineString","coordinates":[[-4.53458,50.98958],[-4.53458,50.98958]]},"properties":{"source":"emodnet_dtm_2024","level":2}},{"type":"Feature","geometry":{"type":"LineString","coordinates":[[-4.34792,50.98956],[-4.34792,50.98956]]},"properties":{"source":"emodnet_dtm_2024","level":2}},{"type":"Feature","geometry":{"type":"LineString","coordinates":[[-4.30458,50.99707],[-4.30458,50.99767],[-4.30458,50.99707]]},"properties":{"source":"emodnet_dtm_2024","level":2}},{"type":"Feature","geometry":{"type":"LineString","coordinates":[[-4.19125,50.99958],[-4.19125,50.99958]]},"properties":{"source":"emodnet_dtm_2024","level":2}},{"type":"Feature","geometry":{"type":"LineString","coordinates":[[-4.30042,51.00042],[-4.30042,51.00042]]},"properties":{"source":"emodnet_dtm_2024","level":2}},{"type":"Feature","geometry":{"type":"LineString","coordinates":[[-4.19542,51.00125],[-4.19542,51.00125]]},"properties":{"source":"emodnet_dtm_2024","level":2}},{"type":"Feature","geometry":{"type":"LineString","coordinates":[[-4.53125,51.00458],[-4.53125,51.00458]]},"properties":{"source":"emodnet_dtm_2024","level":2}},{"type":"Feature","geometry":{"type":"LineString","coordinates":[[-4.29375,51.00542],[-4.29375,51.00542]]},"properties":{"source":"emodnet_dtm_2024","level":2}},{"type":"Feature","geometry":{"type":"LineString","coordinates":[[-4.20375,51.00542],[-4.20375,51.00542]]},"properties":{"source":"emodnet_dtm_2024","level":2}},{"type":"Feature","geometry":{"type":"LineString","coordinates":[[-4.28958,51.00875],[-4.28958,51.00875]]},"properties":{"source":"emodnet_dtm_2024","level":2}},{"type":"Feature","geometry":{"type":"LineString","coordinates":[[-4.28875,51.00958],[-4.28875,51.00958]]},"properties":{"source":"emodnet_dtm_2024","level":2}},{"type":"Feature","geometry":{"type":"LineString","coordinates":[[-4.52542,51.02035],[-4.52589,51.02042],[-4.52542,51.02035]]},"properties":{"source":"emodnet_dtm_2024","level":2}},{"type":"Feature","geometry":{"type":"LineString","coordinates":[[-4.20042,51.02125],[-4.20042,51.02125]]},"properties":{"source":"emodnet_dtm_2024","level":2}},{"type":"Feature","geometry":{"type":"LineString","coordinates":[[-4.27292,51.02374],[-4.27292,51.02374]]},"properties":{"source":"emodnet_dtm_2024","level":2}},{"type":"Feature","geometry":{"type":"LineString","coordinates":[[-4.26708,51.03042],[-4.26708,51.03042]]},"properties":{"source":"emodnet_dtm_2024","level":2}},{"type":"Feature","geometry":{"type":"LineString","coordinates":[[-4.19375,51.03522],[-4.19375,51.03556],[-4.19375,51.03522]]},"properties":{"source":"emodnet_dtm_2024","level":2}},{"type":"Feature","geometry":{"type":"LineString","coordinates":[[-4.19708,51.03625],[-4.19708,51.03625]]},"properties":{"source":"emodnet_dtm_2024","level":2}},{"type":"Feature","geometry":{"type":"LineString","coordinates":[[-4.19625,51.03708],[-4.19625,51.03708]]},"properties":{"source":"emodnet_dtm_2024","level":2}},{"type":"Feature","geometry":{"type":"LineString","coordinates":[[-4.19125,51.04208],[-4.19125,51.04208]]},"properties":{"source":"emodnet_dtm_2024","level":2}},{"type":"Feature","geometry":{"type":"LineString","coordinates":[[-4.18792,51.05829],[-4.18712,51.05875],[-4.18792,51.05888],[-4.18792,51.05829]]},"properties":{"source":"emodnet_dtm_2024","level":2}},{"type":"Feature","geometry":{"type":"LineString","coordinates":[[-4.18042,51.06042],[-4.18042,51.06042]]},"properties":{"source":"emodnet_dtm_2024","level":2}},{"type":"Feature","geometry":{"type":"LineString","coordinates":[[-4.17958,51.06458],[-4.17958,51.06458]]},"properties":{"source":"emodnet_dtm_2024","level":2}},{"type":"Feature","geometry":{"type":"LineString","coordinates":[[-4.17625,51.06458],[-4.17625,51.06458]]},"properties":{"source":"emodnet_dtm_2024","level":2}},{"type":"Feature","geometry":{"type":"LineString","coordinates":[[-4.20375,51.0653],[-4.20375,51.0653]]},"properties":{"source":"emodnet_dtm_2024","level":2}},{"type":"Feature","geometry":{"type":"LineString","coordinates":[[-4.18375,51.06539],[-4.18375,51.06539]]},"properties":{"source":"emodnet_dtm_2024","level":2}},{"type":"Feature","geometry":{"type":"LineString","coordinates":[[-4.18542,51.07292],[-4.18542,51.07292]]},"properties":{"source":"emodnet_dtm_2024","level":2}},{"type":"Feature","geometry":{"type":"LineString","coordinates":[[-4.15375,51.07375],[-4.15375,51.07375]]},"properties":{"source":"emodnet_dtm_2024","level":2}},{"type":"Feature","geometry":{"type":"LineString","coordinates":[[-4.17542,51.0754],[-4.17469,51.07542],[-4.17542,51.0754]]},"properties":{"source":"emodnet_dtm_2024","level":2}},{"type":"Feature","geometry":{"type":"LineString","coordinates":[[-4.21875,51.07708],[-4.21875,51.07708]]},"properties":{"source":"emodnet_dtm_2024","level":2}},{"type":"Feature","geometry":{"type":"LineString","coordinates":[[-4.13542,51.07958],[-4.13542,51.07958]]},"properties":{"source":"emodnet_dtm_2024","level":2}},{"type":"Feature","geometry":{"type":"LineString","coordinates":[[-4.08125,51.08125],[-4.08125,51.08125]]},"properties":{"source":"emodnet_dtm_2024","level":2}},{"type":"Feature","geometry":{"type":"LineString","coordinates":[[-4.09375,51.08542],[-4.09375,51.08542]]},"properties":{"source":"emodnet_dtm_2024","level":2}},{"type":"Feature","geometry":{"type":"LineString","coordinates":[[-4.22292,51.08625],[-4.22292,51.08625]]},"properties":{"source":"emodnet_dtm_2024","level":2}},{"type":"Feature","geometry":{"type":"LineString","coordinates":[[-4.10458,51.09042],[-4.10458,51.09042]]},"properties":{"source":"emodnet_dtm_2024","level":2}},{"type":"Feature","geometry":{"type":"LineString","coordinates":[[-4.10625,51.09125],[-4.10625,51.09125]]},"properties":{"source":"emodnet_dtm_2024","level":2}},{"type":"Feature","geometry":{"type":"LineString","coordinates":[[-4.22292,51.10875],[-4.22292,51.10875]]},"properties":{"source":"emodnet_dtm_2024","level":2}},{"type":"Feature","geometry":{"type":"LineString","coordinates":[[-4.22542,51.11625],[-4.22542,51.11625]]},"properties":{"source":"emodnet_dtm_2024","level":2}},{"type":"Feature","geometry":{"type":"LineString","coordinates":[[-3.01792,51.20208],[-3.01792,51.20208]]},"properties":{"source":"emodnet_dtm_2024","level":2}},{"type":"Feature","geometry":{"type":"LineString","coordinates":[[-3.01375,51.20625],[-3.01375,51.20625]]},"properties":{"source":"emodnet_dtm_2024","level":2}},{"type":"Feature","geometry":{"type":"LineString","coordinates":[[-4.04542,51.20875],[-4.04542,51.20875]]},"properties":{"source":"emodnet_dtm_2024","level":2}},{"type":"Feature","geometry":{"type":"LineString","coordinates":[[-4.09958,51.21291],[-4.09958,51.21291]]},"properties":{"source":"emodnet_dtm_2024","level":2}},{"type":"Feature","geometry":{"type":"LineString","coordinates":[[-3.47875,51.21707],[-3.47818,51.21708],[-3.47875,51.21776],[-3.47875,51.21707]]},"properties":{"source":"emodnet_dtm_2024","level":2}},{"type":"Feature","geometry":{"type":"LineString","coordinates":[[-3.48042,51.21792],[-3.48042,51.21792]]},"properties":{"source":"emodnet_dtm_2024","level":2}},{"type":"Feature","geometry":{"type":"LineString","coordinates":[[-3.60375,51.21982],[-3.60375,51.22056],[-3.60375,51.21982]]},"properties":{"source":"emodnet_dtm_2024","level":2}},{"type":"Feature","geometry":{"type":"LineString","coordinates":[[-3.89709,51.22625],[-3.89708,51.22625]]},"properties":{"source":"emodnet_dtm_2024","level":2}},{"type":"Feature","geometry":{"type":"LineString","coordinates":[[-3.74542,47.81458],[-3.74542,47.81458]]},"properties":{"source":"emodnet_dtm_2024","level":2}},{"type":"Feature","geometry":{"type":"LineString","coordinates":[[-3.74458,47.82625],[-3.74458,47.82625]]},"properties":{"source":"emodnet_dtm_2024","level":2}},{"type":"Feature","geometry":{"type":"LineString","coordinates":[[-3.74625,47.82708],[-3.74625,47.82708]]},"properties":{"source":"emodnet_dtm_2024","level":2}},{"type":"Feature","geometry":{"type":"LineString","coordinates":[[-3.75042,47.82875],[-3.75042,47.82875]]},"properties":{"source":"emodnet_dtm_2024","level":2}},{"type":"Feature","geometry":{"type":"LineString","coordinates":[[-3.69542,47.82958],[-3.69542,47.82958]]},"properties":{"source":"emodnet_dtm_2024","level":2}},{"type":"Feature","geometry":{"type":"LineString","coordinates":[[-3.75125,47.83042],[-3.75125,47.83042]]},"properties":{"source":"emodnet_dtm_2024","level":2}},{"type":"Feature","geometry":{"type":"LineString","coordinates":[[-3.75375,47.83125],[-3.75375,47.83125]]},"properties":{"source":"emodnet_dtm_2024","level":2}},{"type":"Feature","geometry":{"type":"LineString","coordinates":[[-4.18792,47.85042],[-4.18792,47.85042]]},"properties":{"source":"emodnet_dtm_2024","level":2}},{"type":"Feature","geometry":{"type":"LineString","coordinates":[[-4.19042,47.85125],[-4.19042,47.85125]]},"properties":{"source":"emodnet_dtm_2024","level":2}},{"type":"Feature","geometry":{"type":"LineString","coordinates":[[-4.19292,47.85458],[-4.19292,47.85458]]},"properties":{"source":"emodnet_dtm_2024","level":2}},{"type":"Feature","geometry":{"type":"LineString","coordinates":[[-4.19458,47.85708],[-4.19458,47.85708]]},"properties":{"source":"emodnet_dtm_2024","level":2}},{"type":"Feature","geometry":{"type":"LineString","coordinates":[[-4.19542,47.85958],[-4.19542,47.85958]]},"properties":{"source":"emodnet_dtm_2024","level":2}},{"type":"Feature","geometry":{"type":"LineString","coordinates":[[-4.17208,47.86625],[-4.17208,47.86625]]},"properties":{"source":"emodnet_dtm_2024","level":2}},{"type":"Feature","geometry":{"type":"LineString","coordinates":[[-4.15042,47.89208],[-4.15042,47.89208]]},"properties":{"source":"emodnet_dtm_2024","level":2}},{"type":"Feature","geometry":{"type":"LineString","coordinates":[[-4.16792,47.89542],[-4.16792,47.89542]]},"properties":{"source":"emodnet_dtm_2024","level":2}},{"type":"Feature","geometry":{"type":"LineString","coordinates":[[-4.16958,47.89708],[-4.16958,47.89708]]},"properties":{"source":"emodnet_dtm_2024","level":2}},{"type":"Feature","geometry":{"type":"LineString","coordinates":[[-4.11375,47.96375],[-4.11375,47.96375]]},"properties":{"source":"emodnet_dtm_2024","level":2}},{"type":"Feature","geometry":{"type":"LineString","coordinates":[[-4.33625,48.41208],[-4.33625,48.41208]]},"properties":{"source":"emodnet_dtm_2024","level":2}},{"type":"Feature","geometry":{"type":"LineString","coordinates":[[-4.53792,48.55458],[-4.53792,48.55458]]},"properties":{"source":"emodnet_dtm_2024","level":2}},{"type":"Feature","geometry":{"type":"LineString","coordinates":[[-4.54625,48.55708],[-4.54625,48.55708]]},"properties":{"source":"emodnet_dtm_2024","level":2}},{"type":"Feature","geometry":{"type":"LineString","coordinates":[[-4.59042,48.56125],[-4.59042,48.56125]]},"properties":{"source":"emodnet_dtm_2024","level":2}},{"type":"Feature","geometry":{"type":"LineString","coordinates":[[-4.59125,48.56208],[-4.59125,48.56208]]},"properties":{"source":"emodnet_dtm_2024","level":2}},{"type":"Feature","geometry":{"type":"LineString","coordinates":[[-4.59292,48.56292],[-4.59292,48.56292]]},"properties":{"source":"emodnet_dtm_2024","level":2}},{"type":"Feature","geometry":{"type":"LineString","coordinates":[[-4.48375,48.57208],[-4.48375,48.57208]]},"properties":{"source":"emodnet_dtm_2024","level":2}},{"type":"Feature","geometry":{"type":"LineString","coordinates":[[-4.48875,48.57542],[-4.48875,48.57542]]},"properties":{"source":"emodnet_dtm_2024","level":2}},{"type":"Feature","geometry":{"type":"LineString","coordinates":[[-4.49042,48.57625],[-4.49042,48.57625]]},"properties":{"source":"emodnet_dtm_2024","level":2}},{"type":"Feature","geometry":{"type":"LineString","coordinates":[[-4.49125,48.57792],[-4.49125,48.57792]]},"properties":{"source":"emodnet_dtm_2024","level":2}},{"type":"Feature","geometry":{"type":"LineString","coordinates":[[-4.49292,48.57875],[-4.49292,48.57875]]},"properties":{"source":"emodnet_dtm_2024","level":2}},{"type":"Feature","geometry":{"type":"LineString","coordinates":[[-4.51958,48.58625],[-4.51958,48.58625]]},"properties":{"source":"emodnet_dtm_2024","level":2}},{"type":"Feature","geometry":{"type":"LineString","coordinates":[[-3.95125,48.62042],[-3.95125,48.62042]]},"properties":{"source":"emodnet_dtm_2024","level":2}},{"type":"Feature","geometry":{"type":"LineString","coordinates":[[-3.95292,48.62542],[-3.95292,48.62542]]},"properties":{"source":"emodnet_dtm_2024","level":2}},{"type":"Feature","geometry":{"type":"LineString","coordinates":[[-3.85382,48.66542],[-3.85382,48.66542]]},"properties":{"source":"emodnet_dtm_2024","level":2}},{"type":"Feature","geometry":{"type":"LineString","coordinates":[[-3.64625,48.66792],[-3.64625,48.66792]]},"properties":{"source":"emodnet_dtm_2024","level":2}},{"type":"Feature","geometry":{"type":"LineString","coordinates":[[-4.06125,48.67792],[-4.06125,48.67792]]},"properties":{"source":"emodnet_dtm_2024","level":2}},{"type":"Feature","geometry":{"type":"LineString","coordinates":[[-4.06542,48.67875],[-4.06542,48.67875]]},"properties":{"source":"emodnet_dtm_2024","level":2}},{"type":"Feature","geometry":{"type":"LineString","coordinates":[[-4.20613,48.67958],[-4.20534,48.67958],[-4.20613,48.67958]]},"properties":{"source":"emodnet_dtm_2024","level":2}},{"type":"Feature","geometry":{"type":"LineString","coordinates":[[-4.06708,48.67958],[-4.06708,48.67958]]},"properties":{"source":"emodnet_dtm_2024","level":2}},{"type":"Feature","geometry":{"type":"LineString","coordinates":[[-4.00817,48.72792],[-4.00792,48.72755],[-4.00817,48.72792]]},"properties":{"source":"emodnet_dtm_2024","level":2}},{"type":"Feature","geometry":{"type":"LineString","coordinates":[[-4.0089,48.72875],[-4.0089,48.72875]]},"properties":{"source":"emodnet_dtm_2024","level":2}},{"type":"Feature","geometry":{"type":"LineString","coordinates":[[-3.00964,48.84042],[-3.00893,48.84042],[-3.00958,48.84107],[-3.00964,48.84042]]},"properties":{"source":"emodnet_dtm_2024","level":2}},{"type":"Feature","geometry":{"type":"LineString","coordinates":[[-6.36701,49.95042],[-6.36625,49.94985],[-6.36625,49.95109],[-6.36701,49.95042]]},"properties":{"source":"emodnet_dtm_2024","level":2}},{"type":"Feature","geometry":{"type":"LineString","coordinates":[[-5.43792,50.17625],[-5.43792,50.17625]]},"properties":{"source":"emodnet_dtm_2024","level":2}},{"type":"Feature","geometry":{"type":"LineString","coordinates":[[-5.43125,50.17875],[-5.43125,50.17875]]},"properties":{"source":"emodnet_dtm_2024","level":2}},{"type":"Feature","geometry":{"type":"LineString","coordinates":[[-5.43458,50.18292],[-5.43458,50.18292]]},"properties":{"source":"emodnet_dtm_2024","level":2}},{"type":"Feature","geometry":{"type":"LineString","coordinates":[[-5.43042,50.18792],[-5.43042,50.18792]]},"properties":{"source":"emodnet_dtm_2024","level":2}},{"type":"Feature","geometry":{"type":"LineString","coordinates":[[-5.00458,50.22375],[-5.00458,50.22375]]},"properties":{"source":"emodnet_dtm_2024","level":2}},{"type":"Feature","geometry":{"type":"LineString","coordinates":[[-5.00708,50.22625],[-5.00708,50.22625]]},"properties":{"source":"emodnet_dtm_2024","level":2}},{"type":"Feature","geometry":{"type":"LineString","coordinates":[[-5.03292,50.24292],[-5.03292,50.24292]]},"properties":{"source":"emodnet_dtm_2024","level":2}},{"type":"Feature","geometry":{"type":"LineString","coordinates":[[-5.03375,50.24458],[-5.03375,50.24458]]},"properties":{"source":"emodnet_dtm_2024","level":2}},{"type":"Feature","geometry":{"type":"LineString","coordinates":[[-5.01792,50.24708],[-5.01792,50.24708]]},"properties":{"source":"emodnet_dtm_2024","level":2}},{"type":"Feature","geometry":{"type":"LineString","coordinates":[[-5.04208,50.25375],[-5.04208,50.25375]]},"properties":{"source":"emodnet_dtm_2024","level":2}},{"type":"Feature","geometry":{"type":"LineString","coordinates":[[-5.01125,50.25375],[-5.01125,50.25375]]},"properties":{"source":"emodnet_dtm_2024","level":2}},{"type":"Feature","geometry":{"type":"LineString","coordinates":[[-5.01292,50.25458],[-5.01292,50.25458]]},"properties":{"source":"emodnet_dtm_2024","level":2}},{"type":"Feature","geometry":{"type":"LineString","coordinates":[[-4.6306,50.34542],[-4.6306,50.34542]]},"properties":{"source":"emodnet_dtm_2024","level":2}},{"type":"Feature","geometry":{"type":"LineString","coordinates":[[-4.63708,50.35375],[-4.63708,50.35375]]},"properties":{"source":"emodnet_dtm_2024","level":2}},{"type":"Feature","geometry":{"type":"LineString","coordinates":[[-4.45792,50.35875],[-4.45792,50.35875]]},"properties":{"source":"emodnet_dtm_2024","level":2}},{"type":"Feature","geometry":{"type":"LineString","coordinates":[[-4.11292,50.35958],[-4.11292,50.35958]]},"properties":{"source":"emodnet_dtm_2024","level":2}},{"type":"Feature","geometry":{"type":"LineString","coordinates":[[-4.63792,50.36125],[-4.63792,50.36125]]},"properties":{"source":"emodnet_dtm_2024","level":2}},{"type":"Feature","geometry":{"type":"LineString","coordinates":[[-4.64042,50.37208],[-4.64042,50.37208]]},"properties":{"source":"emodnet_dtm_2024","level":2}},{"type":"Feature","geometry":{"type":"LineString","coordinates":[[-4.64292,50.37375],[-4.64292,50.37375]]},"properties":{"source":"emodnet_dtm_2024","level":2}},{"type":"Feature","geometry":{"type":"LineString","coordinates":[[-4.64458,50.37458],[-4.64458,50.37458]]},"properties":{"source":"emodnet_dtm_2024","level":2}},{"type":"Feature","geometry":{"type":"LineString","coordinates":[[-4.64542,50.37542],[-4.64542,50.37542]]},"properties":{"source":"emodnet_dtm_2024","level":2}},{"type":"Feature","geometry":{"type":"LineString","coordinates":[[-4.64708,50.37625],[-4.64708,50.37625]]},"properties":{"source":"emodnet_dtm_2024","level":2}},{"type":"Feature","geometry":{"type":"LineString","coordinates":[[-4.27792,50.37625],[-4.27792,50.37625]]},"properties":{"source":"emodnet_dtm_2024","level":2}},{"type":"Feature","geometry":{"type":"LineString","coordinates":[[-4.64875,50.37792],[-4.64875,50.37792]]},"properties":{"source":"emodnet_dtm_2024","level":2}},{"type":"Feature","geometry":{"type":"LineString","coordinates":[[-4.65292,50.37875],[-4.65292,50.37875]]},"properties":{"source":"emodnet_dtm_2024","level":2}},{"type":"Feature","geometry":{"type":"LineString","coordinates":[[-4.65375,50.37958],[-4.65375,50.37958]]},"properties":{"source":"emodnet_dtm_2024","level":2}},{"type":"Feature","geometry":{"type":"LineString","coordinates":[[-4.28292,50.37958],[-4.28292,50.37958]]},"properties":{"source":"emodnet_dtm_2024","level":2}},{"type":"Feature","geometry":{"type":"LineString","coordinates":[[-4.65458,50.38042],[-4.65458,50.38042]]},"properties":{"source":"emodnet_dtm_2024","level":2}},{"type":"Feature","geometry":{"type":"LineString","coordinates":[[-4.65542,50.38208],[-4.65542,50.38208]]},"properties":{"source":"emodnet_dtm_2024","level":2}},{"type":"Feature","geometry":{"type":"LineString","coordinates":[[-4.28458,50.38208],[-4.28458,50.38208]]},"properties":{"source":"emodnet_dtm_2024","level":2}},{"type":"Feature","geometry":{"type":"LineString","coordinates":[[-4.28625,50.38292],[-4.28625,50.38292]]},"properties":{"source":"emodnet_dtm_2024","level":2}},{"type":"Feature","geometry":{"type":"LineString","coordinates":[[-4.28875,50.38375],[-4.28875,50.38375]]},"properties":{"source":"emodnet_dtm_2024","level":2}},{"type":"Feature","geometry":{"type":"LineString","coordinates":[[-4.29125,50.38458],[-4.29125,50.38458]]},"properties":{"source":"emodnet_dtm_2024","level":2}},{"type":"Feature","geometry":{"type":"LineString","coordinates":[[-4.29208,50.38625],[-4.29208,50.38625]]},"properties":{"source":"emodnet_dtm_2024","level":2}},{"type":"Feature","geometry":{"type":"LineString","coordinates":[[-4.65958,50.38708],[-4.65958,50.38708]]},"properties":{"source":"emodnet_dtm_2024","level":2}},{"type":"Feature","geometry":{"type":"LineString","coordinates":[[-4.29458,50.38708],[-4.29458,50.38708]]},"properties":{"source":"emodnet_dtm_2024","level":2}},{"type":"Feature","geometry":{"type":"LineString","coordinates":[[-4.29708,50.38792],[-4.29708,50.38792]]},"properties":{"source":"emodnet_dtm_2024","level":2}},{"type":"Feature","geometry":{"type":"LineString","coordinates":[[-4.30042,50.38875],[-4.30042,50.38875]]},"properties":{"source":"emodnet_dtm_2024","level":2}},{"type":"Feature","geometry":{"type":"LineString","coordinates":[[-4.30042,50.39708],[-4.30042,50.39708]]},"properties":{"source":"emodnet_dtm_2024","level":2}},{"type":"Feature","geometry":{"type":"LineString","coordinates":[[-5.09292,50.40542],[-5.09292,50.40542]]},"properties":{"source":"emodnet_dtm_2024","level":2}},{"type":"Feature","geometry":{"type":"LineString","coordinates":[[-4.20792,50.41292],[-4.20792,50.41292]]},"properties":{"source":"emodnet_dtm_2024","level":2}},{"type":"Feature","geometry":{"type":"LineString","coordinates":[[-4.19292,50.43625],[-4.19292,50.43625]]},"properties":{"source":"emodnet_dtm_2024","level":2}},{"type":"Feature","geometry":{"type":"LineString","coordinates":[[-4.19958,50.43875],[-4.19958,50.43875]]},"properties":{"source":"emodnet_dtm_2024","level":2}},{"type":"Feature","geometry":{"type":"LineString","coordinates":[[-3.55375,50.44458],[-3.55375,50.44458]]},"properties":{"source":"emodnet_dtm_2024","level":2}},{"type":"Feature","geometry":{"type":"LineString","coordinates":[[-4.20208,50.45375],[-4.20208,50.45375]]},"properties":{"source":"emodnet_dtm_2024","level":2}},{"type":"Feature","geometry":{"type":"LineString","coordinates":[[-4.20542,50.45708],[-4.20542,50.45708]]},"properties":{"source":"emodnet_dtm_2024","level":2}},{"type":"Feature","geometry":{"type":"LineString","coordinates":[[-4.23792,50.45958],[-4.23792,50.45958]]},"properties":{"source":"emodnet_dtm_2024","level":2}},{"type":"Feature","geometry":{"type":"LineString","coordinates":[[-3.53625,50.46042],[-3.53625,50.46042]]},"properties":{"source":"emodnet_dtm_2024","level":2}},{"type":"Feature","geometry":{"type":"LineString","coordinates":[[-4.20958,50.46125],[-4.20958,50.46125]]},"properties":{"source":"emodnet_dtm_2024","level":2}},{"type":"Feature","geometry":{"type":"LineString","coordinates":[[-4.21042,50.46208],[-4.21042,50.46208]]},"properties":{"source":"emodnet_dtm_2024","level":2}},{"type":"Feature","geometry":{"type":"LineString","coordinates":[[-4.90542,50.53208],[-4.90542,50.53208]]},"properties":{"source":"emodnet_dtm_2024","level":2}},{"type":"Feature","geometry":{"type":"LineString","coordinates":[[-4.90625,50.53292],[-4.90625,50.53292]]},"properties":{"source":"emodnet_dtm_2024","level":2}},{"type":"Feature","geometry":{"type":"LineString","coordinates":[[-3.44708,50.66958],[-3.44708,50.66958]]},"properties":{"source":"emodnet_dtm_2024","level":2}},{"type":"Feature","geometry":{"type":"LineString","coordinates":[[-4.55875,50.82958],[-4.55875,50.82958]]},"properties":{"source":"emodnet_dtm_2024","level":2}},{"type":"Feature","geometry":{"type":"LineString","coordinates":[[-4.55375,50.83042],[-4.55375,50.83042]]},"properties":{"source":"emodnet_dtm_2024","level":2}},{"type":"Feature","geometry":{"type":"LineString","coordinates":[[-4.53375,50.99625],[-4.53375,50.99625]]},"properties":{"source":"emodnet_dtm_2024","level":2}},{"type":"Feature","geometry":{"type":"LineString","coordinates":[[-4.17958,51.06292],[-4.17958,51.06292]]},"properties":{"source":"emodnet_dtm_2024","level":2}},{"type":"Feature","geometry":{"type":"LineString","coordinates":[[-4.15542,51.07792],[-4.15542,51.07792]]},"properties":{"source":"emodnet_dtm_2024","level":2}},{"type":"Feature","geometry":{"type":"LineString","coordinates":[[-4.13708,51.07958],[-4.13708,51.07958]]},"properties":{"source":"emodnet_dtm_2024","level":2}},{"type":"Feature","geometry":{"type":"LineString","coordinates":[[-4.08458,51.07958],[-4.08458,51.07958]]},"properties":{"source":"emodnet_dtm_2024","level":2}},{"type":"Feature","geometry":{"type":"LineString","coordinates":[[-3.48653,51.22042],[-3.48625,51.22083],[-3.48653,51.22042]]},"properties":{"source":"emodnet_dtm_2024","level":2}},{"type":"Feature","geometry":{"type":"LineString","coordinates":[[-3.70195,47.81375],[-3.70208,47.81434],[-3.70292,47.81434],[-3.70307,47.81375]]},"properties":{"source":"emodnet_dtm_2024","level":2}},{"type":"Feature","geometry":{"type":"LineString","coordinates":[[-3.75042,47.81542],[-3.75042,47.81542]]},"properties":{"source":"emodnet_dtm_2024","level":2}},{"type":"Feature","geometry":{"type":"LineString","coordinates":[[-3.74375,47.81542],[-3.74375,47.81542]]},"properties":{"source":"emodnet_dtm_2024","level":2}},{"type":"Feature","geometry":{"type":"LineString","coordinates":[[-3.74708,47.81625],[-3.74708,47.81625]]},"properties":{"source":"emodnet_dtm_2024","level":2}},{"type":"Feature","geometry":{"type":"LineString","coordinates":[[-3.70292,47.81625],[-3.70292,47.81625]]},"properties":{"source":"emodnet_dtm_2024","level":2}},{"type":"Feature","geometry":{"type":"LineString","coordinates":[[-3.28375,47.81625],[-3.28375,47.81625]]},"properties":{"source":"emodnet_dtm_2024","level":2}},{"type":"Feature","geometry":{"type":"LineString","coordinates":[[-3.74542,47.81708],[-3.74542,47.81708]]},"properties":{"source":"emodnet_dtm_2024","level":2}},{"type":"Feature","geometry":{"type":"LineString","coordinates":[[-3.70125,47.81708],[-3.70125,47.81708]]},"properties":{"source":"emodnet_dtm_2024","level":2}},{"type":"Feature","geometry":{"type":"LineString","coordinates":[[-3.70042,47.81792],[-3.70042,47.81792]]},"properties":{"source":"emodnet_dtm_2024","level":2}},{"type":"Feature","geometry":{"type":"LineString","coordinates":[[-3.69042,47.81958],[-3.69042,47.81958]]},"properties":{"source":"emodnet_dtm_2024","level":2}},{"type":"Feature","geometry":{"type":"LineString","coordinates":[[-3.68708,47.81958],[-3.68708,47.81958]]},"properties":{"source":"emodnet_dtm_2024","level":2}},{"type":"Feature","geometry":{"type":"LineString","coordinates":[[-3.69708,47.82042],[-3.69708,47.82042]]},"properties":{"source":"emodnet_dtm_2024","level":2}},{"type":"Feature","geometry":{"type":"LineString","coordinates":[[-3.68375,47.82042],[-3.68375,47.82042]]},"properties":{"source":"emodnet_dtm_2024","level":2}},{"type":"Feature","geometry":{"type":"LineString","coordinates":[[-3.74458,47.82208],[-3.74458,47.82208]]},"properties":{"source":"emodnet_dtm_2024","level":2}},{"type":"Feature","geometry":{"type":"LineString","coordinates":[[-3.67375,47.82375],[-3.67375,47.82375]]},"properties":{"source":"emodnet_dtm_2024","level":2}},{"type":"Feature","geometry":{"type":"LineString","coordinates":[[-3.65958,47.82375],[-3.65958,47.82375]]},"properties":{"source":"emodnet_dtm_2024","level":2}},{"type":"Feature","geometry":{"type":"LineString","coordinates":[[-3.75375,47.83292],[-3.75375,47.83292]]},"properties":{"source":"emodnet_dtm_2024","level":2}},{"type":"Feature","geometry":{"type":"LineString","coordinates":[[-4.18042,47.83625],[-4.18042,47.83625]]},"properties":{"source":"emodnet_dtm_2024","level":2}},{"type":"Feature","geometry":{"type":"LineString","coordinates":[[-3.75125,47.83625],[-3.75125,47.83625]]},"properties":{"source":"emodnet_dtm_2024","level":2}},{"type":"Feature","geometry":{"type":"LineString","coordinates":[[-3.75042,47.83792],[-3.75042,47.83792]]},"properties":{"source":"emodnet_dtm_2024","level":2}},{"type":"Feature","geometry":{"type":"LineString","coordinates":[[-3.74875,47.83958],[-3.74875,47.83958]]},"properties":{"source":"emodnet_dtm_2024","level":2}},{"type":"Feature","geometry":{"type":"LineString","coordinates":[[-4.03875,47.84792],[-4.03875,47.84792]]},"properties":{"source":"emodnet_dtm_2024","level":2}},{"type":"Feature","geometry":{"type":"LineString","coordinates":[[-4.19542,47.86125],[-4.19542,47.86125]]},"properties":{"source":"emodnet_dtm_2024","level":2}},{"type":"Feature","geometry":{"type":"LineString","coordinates":[[-4.19458,47.86208],[-4.19458,47.86208]]},"properties":{"source":"emodnet_dtm_2024","level":2}},{"type":"Feature","geometry":{"type":"LineString","coordinates":[[-4.19292,47.86292],[-4.19292,47.86292]]},"properties":{"source":"emodnet_dtm_2024","level":2}},{"type":"Feature","geometry":{"type":"LineString","coordinates":[[-4.20542,47.86458],[-4.20542,47.86458]]},"properties":{"source":"emodnet_dtm_2024","level":2}},{"type":"Feature","geometry":{"type":"LineString","coordinates":[[-4.13042,47.86458],[-4.13042,47.86458]]},"properties":{"source":"emodnet_dtm_2024","level":2}},{"type":"Feature","geometry":{"type":"LineString","coordinates":[[-4.08292,47.87292],[-4.08292,47.87292]]},"properties":{"source":"emodnet_dtm_2024","level":2}},{"type":"Feature","geometry":{"type":"LineString","coordinates":[[-4.12125,47.89375],[-4.12125,47.89375]]},"properties":{"source":"emodnet_dtm_2024","level":2}},{"type":"Feature","geometry":{"type":"LineString","coordinates":[[-4.16208,47.89542],[-4.16208,47.89542]]},"properties":{"source":"emodnet_dtm_2024","level":2}},{"type":"Feature","geometry":{"type":"LineString","coordinates":[[-3.97875,47.89875],[-3.97875,47.89875]]},"properties":{"source":"emodnet_dtm_2024","level":2}},{"type":"Feature","geometry":{"type":"LineString","coordinates":[[-3.97792,47.90375],[-3.97792,47.90375]]},"properties":{"source":"emodnet_dtm_2024","level":2}},{"type":"Feature","geometry":{"type":"LineString","coordinates":[[-4.17458,47.90625],[-4.17458,47.90625]]},"properties":{"source":"emodnet_dtm_2024","level":2}},{"type":"Feature","geometry":{"type":"LineString","coordinates":[[-4.09458,47.93958],[-4.09458,47.93958]]},"properties":{"source":"emodnet_dtm_2024","level":2}},{"type":"Feature","geometry":{"type":"LineString","coordinates":[[-4.09458,47.94208],[-4.09458,47.94208]]},"properties":{"source":"emodnet_dtm_2024","level":2}},{"type":"Feature","geometry":{"type":"LineString","coordinates":[[-4.10042,47.94375],[-4.10042,47.94375]]},"properties":{"source":"emodnet_dtm_2024","level":2}},{"type":"Feature","geometry":{"type":"LineString","coordinates":[[-4.09292,47.94375],[-4.09292,47.94375]]},"properties":{"source":"emodnet_dtm_2024","level":2}},{"type":"Feature","geometry":{"type":"LineString","coordinates":[[-4.08875,47.94792],[-4.08875,47.94792]]},"properties":{"source":"emodnet_dtm_2024","level":2}},{"type":"Feature","geometry":{"type":"LineString","coordinates":[[-4.11958,47.95292],[-4.11958,47.95292]]},"properties":{"source":"emodnet_dtm_2024","level":2}},{"type":"Feature","geometry":{"type":"LineString","coordinates":[[-4.11375,47.96458],[-4.11375,47.96458]]},"properties":{"source":"emodnet_dtm_2024","level":2}},{"type":"Feature","geometry":{"type":"LineString","coordinates":[[-4.11292,47.96542],[-4.11292,47.96542]]},"properties":{"source":"emodnet_dtm_2024","level":2}},{"type":"Feature","geometry":{"type":"LineString","coordinates":[[-4.53375,48.03125],[-4.53375,48.03125]]},"properties":{"source":"emodnet_dtm_2024","level":2}},{"type":"Feature","geometry":{"type":"LineString","coordinates":[[-4.26708,48.35625],[-4.26708,48.35625]]},"properties":{"source":"emodnet_dtm_2024","level":2}},{"type":"Feature","geometry":{"type":"LineString","coordinates":[[-4.75792,48.36042],[-4.75792,48.36042]]},"properties":{"source":"emodnet_dtm_2024","level":2}},{"type":"Feature","geometry":{"type":"LineString","coordinates":[[-4.75625,48.36042],[-4.75625,48.36042]]},"properties":{"source":"emodnet_dtm_2024","level":2}},{"type":"Feature","geometry":{"type":"LineString","coordinates":[[-4.46458,48.38292],[-4.46458,48.38292]]},"properties":{"source":"emodnet_dtm_2024","level":2}},{"type":"Feature","geometry":{"type":"LineString","coordinates":[[-4.29958,48.42542],[-4.29958,48.42542]]},"properties":{"source":"emodnet_dtm_2024","level":2}},{"type":"Feature","geometry":{"type":"LineString","coordinates":[[-4.29875,48.42708],[-4.29875,48.42708]]},"properties":{"source":"emodnet_dtm_2024","level":2}},{"type":"Feature","geometry":{"type":"LineString","coordinates":[[-4.29708,48.42792],[-4.29708,48.42792]]},"properties":{"source":"emodnet_dtm_2024","level":2}},{"type":"Feature","geometry":{"type":"LineString","coordinates":[[-5.09458,48.44042],[-5.09458,48.44042]]},"properties":{"source":"emodnet_dtm_2024","level":2}},{"type":"Feature","geometry":{"type":"LineString","coordinates":[[-4.53292,48.55375],[-4.53292,48.55375]]},"properties":{"source":"emodnet_dtm_2024","level":2}},{"type":"Feature","geometry":{"type":"LineString","coordinates":[[-4.59042,48.55708],[-4.59042,48.55708]]},"properties":{"source":"emodnet_dtm_2024","level":2}},{"type":"Feature","geometry":{"type":"LineString","coordinates":[[-4.54542,48.55792],[-4.54542,48.55792]]},"properties":{"source":"emodnet_dtm_2024","level":2}},{"type":"Feature","geometry":{"type":"LineString","coordinates":[[-4.54208,48.55875],[-4.54208,48.55875]]},"properties":{"source":"emodnet_dtm_2024","level":2}},{"type":"Feature","geometry":{"type":"LineString","coordinates":[[-4.54042,48.55875],[-4.54042,48.55875]]},"properties":{"source":"emodnet_dtm_2024","level":2}},{"type":"Feature","geometry":{"type":"LineString","coordinates":[[-4.56958,48.56042],[-4.56958,48.56042]]},"properties":{"source":"emodnet_dtm_2024","level":2}},{"type":"Feature","geometry":{"type":"LineString","coordinates":[[-4.56542,48.56042],[-4.56542,48.56042]]},"properties":{"source":"emodnet_dtm_2024","level":2}},{"type":"Feature","geometry":{"type":"LineString","coordinates":[[-4.55375,48.56042],[-4.55375,48.56042]]},"properties":{"source":"emodnet_dtm_2024","level":2}},{"type":"Feature","geometry":{"type":"LineString","coordinates":[[-4.59292,48.56458],[-4.59292,48.56458]]},"properties":{"source":"emodnet_dtm_2024","level":2}},{"type":"Feature","geometry":{"type":"LineString","coordinates":[[-4.59042,48.56542],[-4.59042,48.56542]]},"properties":{"source":"emodnet_dtm_2024","level":2}},{"type":"Feature","geometry":{"type":"LineString","coordinates":[[-4.59042,48.56875],[-4.59042,48.56875]]},"properties":{"source":"emodnet_dtm_2024","level":2}},{"type":"Feature","geometry":{"type":"LineString","coordinates":[[-4.49292,48.58125],[-4.49292,48.58125]]},"properties":{"source":"emodnet_dtm_2024","level":2}},{"type":"Feature","geometry":{"type":"LineString","coordinates":[[-4.49958,48.58375],[-4.49958,48.58375]]},"properties":{"source":"emodnet_dtm_2024","level":2}},{"type":"Feature","geometry":{"type":"LineString","coordinates":[[-3.93875,48.60208],[-3.93875,48.60208]]},"properties":{"source":"emodnet_dtm_2024","level":2}},{"type":"Feature","geometry":{"type":"LineString","coordinates":[[-3.95292,48.62708],[-3.95292,48.62708]]},"properties":{"source":"emodnet_dtm_2024","level":2}},{"type":"Feature","geometry":{"type":"LineString","coordinates":[[-3.95125,48.62958],[-3.95125,48.62958]]},"properties":{"source":"emodnet_dtm_2024","level":2}},{"type":"Feature","geometry":{"type":"LineString","coordinates":[[-4.21458,48.65708],[-4.21458,48.65708]]},"properties":{"source":"emodnet_dtm_2024","level":2}},{"type":"Feature","geometry":{"type":"LineString","coordinates":[[-3.64625,48.66875],[-3.64625,48.66875]]},"properties":{"source":"emodnet_dtm_2024","level":2}},{"type":"Feature","geometry":{"type":"LineString","coordinates":[[-3.64542,48.66958],[-3.64542,48.66958]]},"properties":{"source":"emodnet_dtm_2024","level":2}},{"type":"Feature","geometry":{"type":"LineString","coordinates":[[-3.64458,48.67042],[-3.64458,48.67042]]},"properties":{"source":"emodnet_dtm_2024","level":2}},{"type":"Feature","geometry":{"type":"LineString","coordinates":[[-3.64375,48.67208],[-3.64375,48.67208]]},"properties":{"source":"emodnet_dtm_2024","level":2}},{"type":"Feature","geometry":{"type":"LineString","coordinates":[[-3.06375,48.83458],[-3.06375,48.83458]]},"properties":{"source":"emodnet_dtm_2024","level":2}},{"type":"Feature","geometry":{"type":"LineString","coordinates":[[-6.34875,49.92875],[-6.34875,49.92875]]},"properties":{"source":"emodnet_dtm_2024","level":2}},{"type":"Feature","geometry":{"type":"LineString","coordinates":[[-5.19208,50.08958],[-5.19208,50.08958]]},"properties":{"source":"emodnet_dtm_2024","level":2}},{"type":"Feature","geometry":{"type":"LineString","coordinates":[[-5.17458,50.08958],[-5.17458,50.08958]]},"properties":{"source":"emodnet_dtm_2024","level":2}},{"type":"Feature","geometry":{"type":"LineString","coordinates":[[-5.16542,50.09958],[-5.16542,50.09958]]},"properties":{"source":"emodnet_dtm_2024","level":2}},{"type":"Feature","geometry":{"type":"LineString","coordinates":[[-5.13875,50.10208],[-5.13875,50.10208]]},"properties":{"source":"emodnet_dtm_2024","level":2}},{"type":"Feature","geometry":{"type":"LineString","coordinates":[[-5.16125,50.10625],[-5.16125,50.10625]]},"properties":{"source":"emodnet_dtm_2024","level":2}},{"type":"Feature","geometry":{"type":"LineString","coordinates":[[-5.53208,50.11875],[-5.53208,50.11875]]},"properties":{"source":"emodnet_dtm_2024","level":2}},{"type":"Feature","geometry":{"type":"LineString","coordinates":[[-5.00292,50.16958],[-5.00292,50.16958]]},"properties":{"source":"emodnet_dtm_2024","level":2}},{"type":"Feature","geometry":{"type":"LineString","coordinates":[[-4.99542,50.17375],[-4.99542,50.17375]]},"properties":{"source":"emodnet_dtm_2024","level":2}},{"type":"Feature","geometry":{"type":"LineString","coordinates":[[-4.99458,50.17542],[-4.99458,50.17542]]},"properties":{"source":"emodnet_dtm_2024","level":2}},{"type":"Feature","geometry":{"type":"LineString","coordinates":[[-5.43792,50.17875],[-5.43792,50.17875]]},"properties":{"source":"emodnet_dtm_2024","level":2}},{"type":"Feature","geometry":{"type":"LineString","coordinates":[[-5.43208,50.18542],[-5.43208,50.18542]]},"properties":{"source":"emodnet_dtm_2024","level":2}},{"type":"Feature","geometry":{"type":"LineString","coordinates":[[-5.01542,50.18625],[-5.01542,50.18625]]},"properties":{"source":"emodnet_dtm_2024","level":2}},{"type":"Feature","geometry":{"type":"LineString","coordinates":[[-5.06958,50.20375],[-5.06958,50.20375]]},"properties":{"source":"emodnet_dtm_2024","level":2}},{"type":"Feature","geometry":{"type":"LineString","coordinates":[[-5.06792,50.20458],[-5.06792,50.20458]]},"properties":{"source":"emodnet_dtm_2024","level":2}},{"type":"Feature","geometry":{"type":"LineString","coordinates":[[-5.06625,50.20708],[-5.06625,50.20708]]},"properties":{"source":"emodnet_dtm_2024","level":2}},{"type":"Feature","geometry":{"type":"LineString","coordinates":[[-5.08292,50.20792],[-5.08292,50.20792]]},"properties":{"source":"emodnet_dtm_2024","level":2}},{"type":"Feature","geometry":{"type":"LineString","coordinates":[[-4.99042,50.22542],[-4.99042,50.22542]]},"properties":{"source":"emodnet_dtm_2024","level":2}},{"type":"Feature","geometry":{"type":"LineString","coordinates":[[-5.03458,50.22708],[-5.03458,50.22708]]},"properties":{"source":"emodnet_dtm_2024","level":2}},{"type":"Feature","geometry":{"type":"LineString","coordinates":[[-5.00708,50.22708],[-5.00708,50.22708]]},"properties":{"source":"emodnet_dtm_2024","level":2}},{"type":"Feature","geometry":{"type":"LineString","coordinates":[[-4.98792,50.22708],[-4.98792,50.22708]]},"properties":{"source":"emodnet_dtm_2024","level":2}},{"type":"Feature","geometry":{"type":"LineString","coordinates":[[-5.02958,50.23958],[-5.02958,50.23958]]},"properties":{"source":"emodnet_dtm_2024","level":2}},{"type":"Feature","geometry":{"type":"LineString","coordinates":[[-5.01792,50.24792],[-5.01792,50.24792]]},"properties":{"source":"emodnet_dtm_2024","level":2}},{"type":"Feature","geometry":{"type":"LineString","coordinates":[[-5.01625,50.24875],[-5.01625,50.24875]]},"properties":{"source":"emodnet_dtm_2024","level":2}},{"type":"Feature","geometry":{"type":"LineString","coordinates":[[-5.01292,50.25625],[-5.01292,50.25625]]},"properties":{"source":"emodnet_dtm_2024","level":2}},{"type":"Feature","geometry":{"type":"LineString","coordinates":[[-5.01208,50.25792],[-5.01208,50.25792]]},"properties":{"source":"emodnet_dtm_2024","level":2}},{"type":"Feature","geometry":{"type":"LineString","coordinates":[[-5.01125,50.25875],[-5.01125,50.25875]]},"properties":{"source":"emodnet_dtm_2024","level":2}},{"type":"Feature","geometry":{"type":"LineString","coordinates":[[-5.00958,50.26042],[-5.00958,50.26042]]},"properties":{"source":"emodnet_dtm_2024","level":2}},{"type":"Feature","geometry":{"type":"LineString","coordinates":[[-5.00875,50.26292],[-5.00875,50.26292]]},"properties":{"source":"emodnet_dtm_2024","level":2}},{"type":"Feature","geometry":{"type":"LineString","coordinates":[[-5.00792,50.26458],[-5.00792,50.26458]]},"properties":{"source":"emodnet_dtm_2024","level":2}},{"type":"Feature","geometry":{"type":"LineString","coordinates":[[-5.00708,50.26542],[-5.00708,50.26542]]},"properties":{"source":"emodnet_dtm_2024","level":2}},{"type":"Feature","geometry":{"type":"LineString","coordinates":[[-3.76458,50.26542],[-3.76458,50.26542]]},"properties":{"source":"emodnet_dtm_2024","level":2}},{"type":"Feature","geometry":{"type":"LineString","coordinates":[[-5.00542,50.26625],[-5.00542,50.26625]]},"properties":{"source":"emodnet_dtm_2024","level":2}},{"type":"Feature","geometry":{"type":"LineString","coordinates":[[-5.00292,50.26875],[-5.00292,50.26875]]},"properties":{"source":"emodnet_dtm_2024","level":2}},{"type":"Feature","geometry":{"type":"LineString","coordinates":[[-5.00292,50.27125],[-5.00292,50.27125]]},"properties":{"source":"emodnet_dtm_2024","level":2}},{"type":"Feature","geometry":{"type":"LineString","coordinates":[[-5.00125,50.27292],[-5.00125,50.27292]]},"properties":{"source":"emodnet_dtm_2024","level":2}},{"type":"Feature","geometry":{"type":"LineString","coordinates":[[-3.89708,50.28208],[-3.89708,50.28208]]},"properties":{"source":"emodnet_dtm_2024","level":2}},{"type":"Feature","geometry":{"type":"LineString","coordinates":[[-3.87625,50.28208],[-3.87625,50.28208]]},"properties":{"source":"emodnet_dtm_2024","level":2}},{"type":"Feature","geometry":{"type":"LineString","coordinates":[[-4.05542,50.31042],[-4.05542,50.31042]]},"properties":{"source":"emodnet_dtm_2024","level":2}},{"type":"Feature","geometry":{"type":"LineString","coordinates":[[-4.08375,50.31542],[-4.08375,50.31542]]},"properties":{"source":"emodnet_dtm_2024","level":2}},{"type":"Feature","geometry":{"type":"LineString","coordinates":[[-4.73208,50.33625],[-4.73208,50.33625]]},"properties":{"source":"emodnet_dtm_2024","level":2}},{"type":"Feature","geometry":{"type":"LineString","coordinates":[[-4.68958,50.34042],[-4.68958,50.34042]]},"properties":{"source":"emodnet_dtm_2024","level":2}},{"type":"Feature","geometry":{"type":"LineString","coordinates":[[-4.10958,50.35625],[-4.10958,50.35625]]},"properties":{"source":"emodnet_dtm_2024","level":2}},{"type":"Feature","geometry":{"type":"LineString","coordinates":[[-4.63792,50.35792],[-4.63792,50.35792]]},"properties":{"source":"emodnet_dtm_2024","level":2}},{"type":"Feature","geometry":{"type":"LineString","coordinates":[[-4.45792,50.36125],[-4.45792,50.36125]]},"properties":{"source":"emodnet_dtm_2024","level":2}},{"type":"Feature","geometry":{"type":"LineString","coordinates":[[-4.45708,50.36208],[-4.45708,50.36208]]},"properties":{"source":"emodnet_dtm_2024","level":2}},{"type":"Feature","geometry":{"type":"LineString","coordinates":[[-4.11208,50.36208],[-4.11208,50.36208]]},"properties":{"source":"emodnet_dtm_2024","level":2}},{"type":"Feature","geometry":{"type":"LineString","coordinates":[[-4.11125,50.36458],[-4.11125,50.36458]]},"properties":{"source":"emodnet_dtm_2024","level":2}},{"type":"Feature","geometry":{"type":"LineString","coordinates":[[-4.63792,50.36542],[-4.63792,50.36542]]},"properties":{"source":"emodnet_dtm_2024","level":2}},{"type":"Feature","geometry":{"type":"LineString","coordinates":[[-4.10958,50.36542],[-4.10958,50.36542]]},"properties":{"source":"emodnet_dtm_2024","level":2}},{"type":"Feature","geometry":{"type":"LineString","coordinates":[[-4.45875,50.36875],[-4.45875,50.36875]]},"properties":{"source":"emodnet_dtm_2024","level":2}},{"type":"Feature","geometry":{"type":"LineString","coordinates":[[-4.10875,50.37125],[-4.10875,50.37125]]},"properties":{"source":"emodnet_dtm_2024","level":2}},{"type":"Feature","geometry":{"type":"LineString","coordinates":[[-4.10792,50.37292],[-4.10792,50.37292]]},"properties":{"source":"emodnet_dtm_2024","level":2}},{"type":"Feature","geometry":{"type":"LineString","coordinates":[[-4.10708,50.37375],[-4.10708,50.37375]]},"properties":{"source":"emodnet_dtm_2024","level":2}},{"type":"Feature","geometry":{"type":"LineString","coordinates":[[-4.63458,50.37542],[-4.63458,50.37542]]},"properties":{"source":"emodnet_dtm_2024","level":2}},{"type":"Feature","geometry":{"type":"LineString","coordinates":[[-4.10542,50.37542],[-4.10542,50.37542]]},"properties":{"source":"emodnet_dtm_2024","level":2}},{"type":"Feature","geometry":{"type":"LineString","coordinates":[[-4.10458,50.37708],[-4.10458,50.37708]]},"properties":{"source":"emodnet_dtm_2024","level":2}},{"type":"Feature","geometry":{"type":"LineString","coordinates":[[-4.10375,50.37875],[-4.10375,50.37875]]},"properties":{"source":"emodnet_dtm_2024","level":2}},{"type":"Feature","geometry":{"type":"LineString","coordinates":[[-4.10292,50.37958],[-4.10292,50.37958]]},"properties":{"source":"emodnet_dtm_2024","level":2}},{"type":"Feature","geometry":{"type":"LineString","coordinates":[[-4.10125,50.38125],[-4.10125,50.38125]]},"properties":{"source":"emodnet_dtm_2024","level":2}},{"type":"Feature","geometry":{"type":"LineString","coordinates":[[-4.09958,50.38208],[-4.09958,50.38208]]},"properties":{"source":"emodnet_dtm_2024","level":2}},{"type":"Feature","geometry":{"type":"LineString","coordinates":[[-4.09875,50.38292],[-4.09875,50.38292]]},"properties":{"source":"emodnet_dtm_2024","level":2}},{"type":"Feature","geometry":{"type":"LineString","coordinates":[[-4.09458,50.38375],[-4.09458,50.38375]]},"properties":{"source":"emodnet_dtm_2024","level":2}},{"type":"Feature","geometry":{"type":"LineString","coordinates":[[-4.08875,50.38542],[-4.08875,50.38542]]},"properties":{"source":"emodnet_dtm_2024","level":2}},{"type":"Feature","geometry":{"type":"LineString","coordinates":[[-4.08792,50.38625],[-4.08792,50.38625]]},"properties":{"source":"emodnet_dtm_2024","level":2}},{"type":"Feature","geometry":{"type":"LineString","coordinates":[[-4.30042,50.38958],[-4.30042,50.38958]]},"properties":{"source":"emodnet_dtm_2024","level":2}},{"type":"Feature","geometry":{"type":"LineString","coordinates":[[-4.29125,50.39042],[-4.29125,50.39042]]},"properties":{"source":"emodnet_dtm_2024","level":2}},{"type":"Feature","geometry":{"type":"LineString","coordinates":[[-4.30125,50.39375],[-4.30125,50.39375]]},"properties":{"source":"emodnet_dtm_2024","level":2}},{"type":"Feature","geometry":{"type":"LineString","coordinates":[[-4.29042,50.39375],[-4.29042,50.39375]]},"properties":{"source":"emodnet_dtm_2024","level":2}},{"type":"Feature","geometry":{"type":"LineString","coordinates":[[-3.62708,50.39458],[-3.62708,50.39458]]},"properties":{"source":"emodnet_dtm_2024","level":2}},{"type":"Feature","geometry":{"type":"LineString","coordinates":[[-4.22042,50.39542],[-4.22042,50.39542]]},"properties":{"source":"emodnet_dtm_2024","level":2}},{"type":"Feature","geometry":{"type":"LineString","coordinates":[[-4.30375,50.39875],[-4.30375,50.39875]]},"properties":{"source":"emodnet_dtm_2024","level":2}},{"type":"Feature","geometry":{"type":"LineString","coordinates":[[-5.09542,50.40708],[-5.09542,50.40708]]},"properties":{"source":"emodnet_dtm_2024","level":2}},{"type":"Feature","geometry":{"type":"LineString","coordinates":[[-4.18375,50.42458],[-4.18375,50.42458]]},"properties":{"source":"emodnet_dtm_2024","level":2}},{"type":"Feature","geometry":{"type":"LineString","coordinates":[[-4.21625,50.42708],[-4.21625,50.42708]]},"properties":{"source":"emodnet_dtm_2024","level":2}},{"type":"Feature","geometry":{"type":"LineString","coordinates":[[-3.55292,50.44542],[-3.55292,50.44542]]},"properties":{"source":"emodnet_dtm_2024","level":2}},{"type":"Feature","geometry":{"type":"LineString","coordinates":[[-3.54958,50.44958],[-3.54958,50.44958]]},"properties":{"source":"emodnet_dtm_2024","level":2}},{"type":"Feature","geometry":{"type":"LineString","coordinates":[[-4.23208,50.45625],[-4.23208,50.45625]]},"properties":{"source":"emodnet_dtm_2024","level":2}},{"type":"Feature","geometry":{"type":"LineString","coordinates":[[-4.15542,50.46042],[-4.15542,50.46042]]},"properties":{"source":"emodnet_dtm_2024","level":2}},{"type":"Feature","geometry":{"type":"LineString","coordinates":[[-4.23792,50.46458],[-4.23792,50.46458]]},"properties":{"source":"emodnet_dtm_2024","level":2}},{"type":"Feature","geometry":{"type":"LineString","coordinates":[[-4.23375,50.46875],[-4.23375,50.46875]]},"properties":{"source":"emodnet_dtm_2024","level":2}},{"type":"Feature","geometry":{"type":"LineString","coordinates":[[-4.23208,50.46958],[-4.23208,50.46958]]},"properties":{"source":"emodnet_dtm_2024","level":2}},{"type":"Feature","geometry":{"type":"LineString","coordinates":[[-4.22958,50.47042],[-4.22958,50.47042]]},"properties":{"source":"emodnet_dtm_2024","level":2}},{"type":"Feature","geometry":{"type":"LineString","coordinates":[[-4.22375,50.47292],[-4.22375,50.47292]]},"properties":{"source":"emodnet_dtm_2024","level":2}},{"type":"Feature","geometry":{"type":"LineString","coordinates":[[-4.21708,50.48125],[-4.21708,50.48125]]},"properties":{"source":"emodnet_dtm_2024","level":2}},{"type":"Feature","geometry":{"type":"LineString","coordinates":[[-4.93792,50.52292],[-4.93792,50.52292]]},"properties":{"source":"emodnet_dtm_2024","level":2}},{"type":"Feature","geometry":{"type":"LineString","coordinates":[[-4.89875,50.52708],[-4.89875,50.52708]]},"properties":{"source":"emodnet_dtm_2024","level":2}},{"type":"Feature","geometry":{"type":"LineString","coordinates":[[-4.87042,50.53208],[-4.87042,50.53208]]},"properties":{"source":"emodnet_dtm_2024","level":2}},{"type":"Feature","geometry":{"type":"LineString","coordinates":[[-3.54125,50.53958],[-3.54125,50.53958]]},"properties":{"source":"emodnet_dtm_2024","level":2}},{"type":"Feature","geometry":{"type":"LineString","coordinates":[[-3.53958,50.54042],[-3.53958,50.54042]]},"properties":{"source":"emodnet_dtm_2024","level":2}},{"type":"Feature","geometry":{"type":"LineString","coordinates":[[-3.55958,50.54458],[-3.55958,50.54458]]},"properties":{"source":"emodnet_dtm_2024","level":2}},{"type":"Feature","geometry":{"type":"LineString","coordinates":[[-3.53625,50.54458],[-3.53625,50.54458]]},"properties":{"source":"emodnet_dtm_2024","level":2}},{"type":"Feature","geometry":{"type":"LineString","coordinates":[[-3.53458,50.54542],[-3.53458,50.54542]]},"properties":{"source":"emodnet_dtm_2024","level":2}},{"type":"Feature","geometry":{"type":"LineString","coordinates":[[-3.49125,50.54542],[-3.49125,50.54542]]},"properties":{"source":"emodnet_dtm_2024","level":2}},{"type":"Feature","geometry":{"type":"LineString","coordinates":[[-4.78292,50.61042],[-4.78292,50.61042]]},"properties":{"source":"emodnet_dtm_2024","level":2}},{"type":"Feature","geometry":{"type":"LineString","coordinates":[[-3.46958,50.68292],[-3.46958,50.68292]]},"properties":{"source":"emodnet_dtm_2024","level":2}},{"type":"Feature","geometry":{"type":"LineString","coordinates":[[-4.61875,50.75625],[-4.61875,50.75625]]},"properties":{"source":"emodnet_dtm_2024","level":2}},{"type":"Feature","geometry":{"type":"LineString","coordinates":[[-4.55875,50.82292],[-4.55875,50.82292]]},"properties":{"source":"emodnet_dtm_2024","level":2}},{"type":"Feature","geometry":{"type":"LineString","coordinates":[[-4.55375,50.83125],[-4.55375,50.83125]]},"properties":{"source":"emodnet_dtm_2024","level":2}},{"type":"Feature","geometry":{"type":"LineString","coordinates":[[-4.55958,50.87292],[-4.55958,50.87292]]},"properties":{"source":"emodnet_dtm_2024","level":2}},{"type":"Feature","geometry":{"type":"LineString","coordinates":[[-4.53542,50.99375],[-4.53542,50.99375]]},"properties":{"source":"emodnet_dtm_2024","level":2}},{"type":"Feature","geometry":{"type":"LineString","coordinates":[[-4.20125,51.03292],[-4.20125,51.03292]]},"properties":{"source":"emodnet_dtm_2024","level":2}},{"type":"Feature","geometry":{"type":"LineString","coordinates":[[-4.18625,51.07292],[-4.18625,51.07292]]},"properties":{"source":"emodnet_dtm_2024","level":2}},{"type":"Feature","geometry":{"type":"LineString","coordinates":[[-4.18542,51.07458],[-4.18542,51.07458]]},"properties":{"source":"emodnet_dtm_2024","level":2}},{"type":"Feature","geometry":{"type":"LineString","coordinates":[[-4.05875,51.07708],[-4.05875,51.07708]]},"properties":{"source":"emodnet_dtm_2024","level":2}},{"type":"Feature","geometry":{"type":"LineString","coordinates":[[-4.07292,51.07958],[-4.07292,51.07958]]},"properties":{"source":"emodnet_dtm_2024","level":2}},{"type":"Feature","geometry":{"type":"LineString","coordinates":[[-4.13542,51.08625],[-4.13542,51.08625]]},"properties":{"source":"emodnet_dtm_2024","level":2}},{"type":"Feature","geometry":{"type":"LineString","coordinates":[[-4.09708,51.08625],[-4.09708,51.08625]]},"properties":{"source":"emodnet_dtm_2024","level":2}},{"type":"Feature","geometry":{"type":"LineString","coordinates":[[-4.16792,51.08958],[-4.16792,51.08958]]},"properties":{"source":"emodnet_dtm_2024","level":2}},{"type":"Feature","geometry":{"type":"LineString","coordinates":[[-4.12542,51.09042],[-4.12542,51.09042]]},"properties":{"source":"emodnet_dtm_2024","level":2}},{"type":"Feature","geometry":{"type":"LineString","coordinates":[[-4.12375,51.09208],[-4.12375,51.09208]]},"properties":{"source":"emodnet_dtm_2024","level":2}},{"type":"Feature","geometry":{"type":"LineString","coordinates":[[-3.04458,51.19042],[-3.04458,51.19042]]},"properties":{"source":"emodnet_dtm_2024","level":2}},{"type":"Feature","geometry":{"type":"LineString","coordinates":[[-3.74958,47.81542],[-3.74958,47.81542]]},"properties":{"source":"emodnet_dtm_2024","level":2}},{"type":"Feature","geometry":{"type":"LineString","coordinates":[[-3.69292,47.81958],[-3.69292,47.81958]]},"properties":{"source":"emodnet_dtm_2024","level":2}},{"type":"Feature","geometry":{"type":"LineString","coordinates":[[-3.68875,47.81958],[-3.68875,47.81958]]},"properties":{"source":"emodnet_dtm_2024","level":2}},{"type":"Feature","geometry":{"type":"LineString","coordinates":[[-3.74375,47.82208],[-3.74375,47.82208]]},"properties":{"source":"emodnet_dtm_2024","level":2}},{"type":"Feature","geometry":{"type":"LineString","coordinates":[[-3.67958,47.82208],[-3.67958,47.82208]]},"properties":{"source":"emodnet_dtm_2024","level":2}},{"type":"Feature","geometry":{"type":"LineString","coordinates":[[-3.65458,47.82208],[-3.65458,47.82208]]},"properties":{"source":"emodnet_dtm_2024","level":2}},{"type":"Feature","geometry":{"type":"LineString","coordinates":[[-3.67292,47.82375],[-3.67292,47.82375]]},"properties":{"source":"emodnet_dtm_2024","level":2}},{"type":"Feature","geometry":{"type":"LineString","coordinates":[[-3.65875,47.82375],[-3.65875,47.82375]]},"properties":{"source":"emodnet_dtm_2024","level":2}},{"type":"Feature","geometry":{"type":"LineString","coordinates":[[-3.67042,47.82458],[-3.67042,47.82458]]},"properties":{"source":"emodnet_dtm_2024","level":2}},{"type":"Feature","geometry":{"type":"LineString","coordinates":[[-3.88542,47.82792],[-3.88542,47.82792]]},"properties":{"source":"emodnet_dtm_2024","level":2}},{"type":"Feature","geometry":{"type":"LineString","coordinates":[[-3.74375,47.82792],[-3.74375,47.82792]]},"properties":{"source":"emodnet_dtm_2024","level":2}},{"type":"Feature","geometry":{"type":"LineString","coordinates":[[-3.74542,47.82875],[-3.74542,47.82875]]},"properties":{"source":"emodnet_dtm_2024","level":2}},{"type":"Feature","geometry":{"type":"LineString","coordinates":[[-3.69375,47.82875],[-3.69375,47.82875]]},"properties":{"source":"emodnet_dtm_2024","level":2}},{"type":"Feature","geometry":{"type":"LineString","coordinates":[[-3.74708,47.82958],[-3.74708,47.82958]]},"properties":{"source":"emodnet_dtm_2024","level":2}},{"type":"Feature","geometry":{"type":"LineString","coordinates":[[-3.74792,47.83042],[-3.74792,47.83042]]},"properties":{"source":"emodnet_dtm_2024","level":2}},{"type":"Feature","geometry":{"type":"LineString","coordinates":[[-3.75042,47.83292],[-3.75042,47.83292]]},"properties":{"source":"emodnet_dtm_2024","level":2}},{"type":"Feature","geometry":{"type":"LineString","coordinates":[[-3.74625,47.83625],[-3.74625,47.83625]]},"properties":{"source":"emodnet_dtm_2024","level":2}},{"type":"Feature","geometry":{"type":"LineString","coordinates":[[-3.74792,47.83708],[-3.74792,47.83708]]},"properties":{"source":"emodnet_dtm_2024","level":2}},{"type":"Feature","geometry":{"type":"LineString","coordinates":[[-3.74792,47.83958],[-3.74792,47.83958]]},"properties":{"source":"emodnet_dtm_2024","level":2}},{"type":"Feature","geometry":{"type":"LineString","coordinates":[[-4.17042,47.84042],[-4.17042,47.84042]]},"properties":{"source":"emodnet_dtm_2024","level":2}},{"type":"Feature","geometry":{"type":"LineString","coordinates":[[-4.18542,47.84792],[-4.18542,47.84792]]},"properties":{"source":"emodnet_dtm_2024","level":2}},{"type":"Feature","geometry":{"type":"LineString","coordinates":[[-3.91125,47.85375],[-3.91125,47.85375]]},"properties":{"source":"emodnet_dtm_2024","level":2}},{"type":"Feature","geometry":{"type":"LineString","coordinates":[[-4.18375,47.85458],[-4.18375,47.85458]]},"properties":{"source":"emodnet_dtm_2024","level":2}},{"type":"Feature","geometry":{"type":"LineString","coordinates":[[-3.91375,47.85458],[-3.91375,47.85458]]},"properties":{"source":"emodnet_dtm_2024","level":2}},{"type":"Feature","geometry":{"type":"LineString","coordinates":[[-4.18542,47.85625],[-4.18542,47.85625]]},"properties":{"source":"emodnet_dtm_2024","level":2}},{"type":"Feature","geometry":{"type":"LineString","coordinates":[[-4.18708,47.85708],[-4.18708,47.85708]]},"properties":{"source":"emodnet_dtm_2024","level":2}},{"type":"Feature","geometry":{"type":"LineString","coordinates":[[-4.18875,47.85792],[-4.18875,47.85792]]},"properties":{"source":"emodnet_dtm_2024","level":2}},{"type":"Feature","geometry":{"type":"LineString","coordinates":[[-4.06875,47.85875],[-4.06875,47.85875]]},"properties":{"source":"emodnet_dtm_2024","level":2}},{"type":"Feature","geometry":{"type":"LineString","coordinates":[[-4.18875,47.86042],[-4.18875,47.86042]]},"properties":{"source":"emodnet_dtm_2024","level":2}},{"type":"Feature","geometry":{"type":"LineString","coordinates":[[-4.15625,47.86042],[-4.15625,47.86042]]},"properties":{"source":"emodnet_dtm_2024","level":2}},{"type":"Feature","geometry":{"type":"LineString","coordinates":[[-4.07042,47.86042],[-4.07042,47.86042]]},"properties":{"source":"emodnet_dtm_2024","level":2}},{"type":"Feature","geometry":{"type":"LineString","coordinates":[[-4.19208,47.86208],[-4.19208,47.86208]]},"properties":{"source":"emodnet_dtm_2024","level":2}},{"type":"Feature","geometry":{"type":"LineString","coordinates":[[-4.12708,47.86458],[-4.12708,47.86458]]},"properties":{"source":"emodnet_dtm_2024","level":2}},{"type":"Feature","geometry":{"type":"LineString","coordinates":[[-3.94542,47.88625],[-3.94542,47.88625]]},"properties":{"source":"emodnet_dtm_2024","level":2}},{"type":"Feature","geometry":{"type":"LineString","coordinates":[[-4.15958,47.89375],[-4.15958,47.89375]]},"properties":{"source":"emodnet_dtm_2024","level":2}},{"type":"Feature","geometry":{"type":"LineString","coordinates":[[-4.12042,47.89375],[-4.12042,47.89375]]},"properties":{"source":"emodnet_dtm_2024","level":2}},{"type":"Feature","geometry":{"type":"LineString","coordinates":[[-4.16042,47.89458],[-4.16042,47.89458]]},"properties":{"source":"emodnet_dtm_2024","level":2}},{"type":"Feature","geometry":{"type":"LineString","coordinates":[[-4.15625,47.89458],[-4.15625,47.89458]]},"properties":{"source":"emodnet_dtm_2024","level":2}},{"type":"Feature","geometry":{"type":"LineString","coordinates":[[-4.16708,47.89542],[-4.16708,47.89542]]},"properties":{"source":"emodnet_dtm_2024","level":2}},{"type":"Feature","geometry":{"type":"LineString","coordinates":[[-4.15042,47.89542],[-4.15042,47.89542]]},"properties":{"source":"emodnet_dtm_2024","level":2}},{"type":"Feature","geometry":{"type":"LineString","coordinates":[[-4.16792,47.89792],[-4.16792,47.89792]]},"properties":{"source":"emodnet_dtm_2024","level":2}},{"type":"Feature","geometry":{"type":"LineString","coordinates":[[-4.16875,47.89875],[-4.16875,47.89875]]},"properties":{"source":"emodnet_dtm_2024","level":2}},{"type":"Feature","geometry":{"type":"LineString","coordinates":[[-3.97708,47.90375],[-3.97708,47.90375]]},"properties":{"source":"emodnet_dtm_2024","level":2}},{"type":"Feature","geometry":{"type":"LineString","coordinates":[[-4.17292,47.90458],[-4.17292,47.90458]]},"properties":{"source":"emodnet_dtm_2024","level":2}},{"type":"Feature","geometry":{"type":"LineString","coordinates":[[-4.09375,47.93958],[-4.09375,47.93958]]},"properties":{"source":"emodnet_dtm_2024","level":2}},{"type":"Feature","geometry":{"type":"LineString","coordinates":[[-4.08792,47.94792],[-4.08792,47.94792]]},"properties":{"source":"emodnet_dtm_2024","level":2}},{"type":"Feature","geometry":{"type":"LineString","coordinates":[[-4.11458,47.95292],[-4.11458,47.95292]]},"properties":{"source":"emodnet_dtm_2024","level":2}},{"type":"Feature","geometry":{"type":"LineString","coordinates":[[-4.11208,47.96542],[-4.11208,47.96542]]},"properties":{"source":"emodnet_dtm_2024","level":2}},{"type":"Feature","geometry":{"type":"LineString","coordinates":[[-4.52125,48.03708],[-4.52125,48.03708]]},"properties":{"source":"emodnet_dtm_2024","level":2}},{"type":"Feature","geometry":{"type":"LineString","coordinates":[[-4.25875,48.25875],[-4.25875,48.25875]]},"properties":{"source":"emodnet_dtm_2024","level":2}},{"type":"Feature","geometry":{"type":"LineString","coordinates":[[-4.18958,48.29375],[-4.18958,48.29375]]},"properties":{"source":"emodnet_dtm_2024","level":2}},{"type":"Feature","geometry":{"type":"LineString","coordinates":[[-4.19292,48.29792],[-4.19292,48.29792]]},"properties":{"source":"emodnet_dtm_2024","level":2}},{"type":"Feature","geometry":{"type":"LineString","coordinates":[[-4.22708,48.31208],[-4.22708,48.31208]]},"properties":{"source":"emodnet_dtm_2024","level":2}},{"type":"Feature","geometry":{"type":"LineString","coordinates":[[-4.65542,48.34792],[-4.65542,48.34792]]},"properties":{"source":"emodnet_dtm_2024","level":2}},{"type":"Feature","geometry":{"type":"LineString","coordinates":[[-4.84792,48.35208],[-4.84792,48.35208]]},"properties":{"source":"emodnet_dtm_2024","level":2}},{"type":"Feature","geometry":{"type":"LineString","coordinates":[[-4.27542,48.35375],[-4.27542,48.35375]]},"properties":{"source":"emodnet_dtm_2024","level":2}},{"type":"Feature","geometry":{"type":"LineString","coordinates":[[-4.26625,48.35625],[-4.26625,48.35625]]},"properties":{"source":"emodnet_dtm_2024","level":2}},{"type":"Feature","geometry":{"type":"LineString","coordinates":[[-4.75208,48.36042],[-4.75208,48.36042]]},"properties":{"source":"emodnet_dtm_2024","level":2}},{"type":"Feature","geometry":{"type":"LineString","coordinates":[[-4.75625,48.36208],[-4.75625,48.36208]]},"properties":{"source":"emodnet_dtm_2024","level":2}},{"type":"Feature","geometry":{"type":"LineString","coordinates":[[-4.77292,48.36458],[-4.77292,48.36458]]},"properties":{"source":"emodnet_dtm_2024","level":2}},{"type":"Feature","geometry":{"type":"LineString","coordinates":[[-4.90125,48.37292],[-4.90125,48.37292]]},"properties":{"source":"emodnet_dtm_2024","level":2}},{"type":"Feature","geometry":{"type":"LineString","coordinates":[[-4.45208,48.38292],[-4.45208,48.38292]]},"properties":{"source":"emodnet_dtm_2024","level":2}},{"type":"Feature","geometry":{"type":"LineString","coordinates":[[-4.29625,48.42792],[-4.29625,48.42792]]},"properties":{"source":"emodnet_dtm_2024","level":2}},{"type":"Feature","geometry":{"type":"LineString","coordinates":[[-4.73708,48.47125],[-4.73708,48.47125]]},"properties":{"source":"emodnet_dtm_2024","level":2}},{"type":"Feature","geometry":{"type":"LineString","coordinates":[[-4.73125,48.47375],[-4.73125,48.47375]]},"properties":{"source":"emodnet_dtm_2024","level":2}},{"type":"Feature","geometry":{"type":"LineString","coordinates":[[-4.52875,48.55458],[-4.52875,48.55458]]},"properties":{"source":"emodnet_dtm_2024","level":2}},{"type":"Feature","geometry":{"type":"LineString","coordinates":[[-4.52458,48.55458],[-4.52458,48.55458]]},"properties":{"source":"emodnet_dtm_2024","level":2}},{"type":"Feature","geometry":{"type":"LineString","coordinates":[[-4.53542,48.55625],[-4.53542,48.55625]]},"properties":{"source":"emodnet_dtm_2024","level":2}},{"type":"Feature","geometry":{"type":"LineString","coordinates":[[-4.53792,48.55708],[-4.53792,48.55708]]},"properties":{"source":"emodnet_dtm_2024","level":2}},{"type":"Feature","geometry":{"type":"LineString","coordinates":[[-4.58458,48.55792],[-4.58458,48.55792]]},"properties":{"source":"emodnet_dtm_2024","level":2}},{"type":"Feature","geometry":{"type":"LineString","coordinates":[[-4.55042,48.55792],[-4.55042,48.55792]]},"properties":{"source":"emodnet_dtm_2024","level":2}},{"type":"Feature","geometry":{"type":"LineString","coordinates":[[-4.55208,48.55875],[-4.55208,48.55875]]},"properties":{"source":"emodnet_dtm_2024","level":2}},{"type":"Feature","geometry":{"type":"LineString","coordinates":[[-4.53875,48.55875],[-4.53875,48.55875]]},"properties":{"source":"emodnet_dtm_2024","level":2}},{"type":"Feature","geometry":{"type":"LineString","coordinates":[[-4.56875,48.56042],[-4.56875,48.56042]]},"properties":{"source":"emodnet_dtm_2024","level":2}},{"type":"Feature","geometry":{"type":"LineString","coordinates":[[-4.56292,48.56042],[-4.56292,48.56042]]},"properties":{"source":"emodnet_dtm_2024","level":2}},{"type":"Feature","geometry":{"type":"LineString","coordinates":[[-4.58542,48.56125],[-4.58542,48.56125]]},"properties":{"source":"emodnet_dtm_2024","level":2}},{"type":"Feature","geometry":{"type":"LineString","coordinates":[[-4.58792,48.56208],[-4.58792,48.56208]]},"properties":{"source":"emodnet_dtm_2024","level":2}},{"type":"Feature","geometry":{"type":"LineString","coordinates":[[-4.58875,48.56292],[-4.58875,48.56292]]},"properties":{"source":"emodnet_dtm_2024","level":2}},{"type":"Feature","geometry":{"type":"LineString","coordinates":[[-4.58875,48.56625],[-4.58875,48.56625]]},"properties":{"source":"emodnet_dtm_2024","level":2}},{"type":"Feature","geometry":{"type":"LineString","coordinates":[[-4.58958,48.56875],[-4.58958,48.56875]]},"properties":{"source":"emodnet_dtm_2024","level":2}},{"type":"Feature","geometry":{"type":"LineString","coordinates":[[-4.48375,48.57375],[-4.48375,48.57375]]},"properties":{"source":"emodnet_dtm_2024","level":2}},{"type":"Feature","geometry":{"type":"LineString","coordinates":[[-4.48792,48.57542],[-4.48792,48.57542]]},"properties":{"source":"emodnet_dtm_2024","level":2}},{"type":"Feature","geometry":{"type":"LineString","coordinates":[[-4.48875,48.57708],[-4.48875,48.57708]]},"properties":{"source":"emodnet_dtm_2024","level":2}},{"type":"Feature","geometry":{"type":"LineString","coordinates":[[-4.48958,48.57792],[-4.48958,48.57792]]},"properties":{"source":"emodnet_dtm_2024","level":2}},{"type":"Feature","geometry":{"type":"LineString","coordinates":[[-4.49125,48.57875],[-4.49125,48.57875]]},"properties":{"source":"emodnet_dtm_2024","level":2}},{"type":"Feature","geometry":{"type":"LineString","coordinates":[[-4.49208,48.57958],[-4.49208,48.57958]]},"properties":{"source":"emodnet_dtm_2024","level":2}},{"type":"Feature","geometry":{"type":"LineString","coordinates":[[-4.49542,48.58208],[-4.49542,48.58208]]},"properties":{"source":"emodnet_dtm_2024","level":2}},{"type":"Feature","geometry":{"type":"LineString","coordinates":[[-4.49708,48.58292],[-4.49708,48.58292]]},"properties":{"source":"emodnet_dtm_2024","level":2}},{"type":"Feature","geometry":{"type":"LineString","coordinates":[[-4.51625,48.58708],[-4.51625,48.58708]]},"properties":{"source":"emodnet_dtm_2024","level":2}},{"type":"Feature","geometry":{"type":"LineString","coordinates":[[-4.60958,48.60208],[-4.60958,48.60208]]},"properties":{"source":"emodnet_dtm_2024","level":2}},{"type":"Feature","geometry":{"type":"LineString","coordinates":[[-4.56792,48.60708],[-4.56792,48.60708]]},"properties":{"source":"emodnet_dtm_2024","level":2}},{"type":"Feature","geometry":{"type":"LineString","coordinates":[[-4.57208,48.61042],[-4.57208,48.61042]]},"properties":{"source":"emodnet_dtm_2024","level":2}},{"type":"Feature","geometry":{"type":"LineString","coordinates":[[-3.82875,48.62792],[-3.82875,48.62792]]},"properties":{"source":"emodnet_dtm_2024","level":2}},{"type":"Feature","geometry":{"type":"LineString","coordinates":[[-4.41875,48.63875],[-4.41875,48.63875]]},"properties":{"source":"emodnet_dtm_2024","level":2}},{"type":"Feature","geometry":{"type":"LineString","coordinates":[[-4.43542,48.65792],[-4.43542,48.65792]]},"properties":{"source":"emodnet_dtm_2024","level":2}},{"type":"Feature","geometry":{"type":"LineString","coordinates":[[-3.64792,48.66708],[-3.64792,48.66708]]},"properties":{"source":"emodnet_dtm_2024","level":2}},{"type":"Feature","geometry":{"type":"LineString","coordinates":[[-3.64125,48.67042],[-3.64125,48.67042]]},"properties":{"source":"emodnet_dtm_2024","level":2}},{"type":"Feature","geometry":{"type":"LineString","coordinates":[[-4.05958,48.67708],[-4.05958,48.67708]]},"properties":{"source":"emodnet_dtm_2024","level":2}},{"type":"Feature","geometry":{"type":"LineString","coordinates":[[-4.06042,48.67875],[-4.06042,48.67875]]},"properties":{"source":"emodnet_dtm_2024","level":2}},{"type":"Feature","geometry":{"type":"LineString","coordinates":[[-4.06375,48.68208],[-4.06375,48.68208]]},"properties":{"source":"emodnet_dtm_2024","level":2}},{"type":"Feature","geometry":{"type":"LineString","coordinates":[[-3.85208,48.68542],[-3.85208,48.68542]]},"properties":{"source":"emodnet_dtm_2024","level":2}},{"type":"Feature","geometry":{"type":"LineString","coordinates":[[-3.12625,48.75625],[-3.12625,48.75625]]},"properties":{"source":"emodnet_dtm_2024","level":2}},{"type":"Feature","geometry":{"type":"LineString","coordinates":[[-3.23542,48.75875],[-3.23542,48.75875]]},"properties":{"source":"emodnet_dtm_2024","level":2}},{"type":"Feature","geometry":{"type":"LineString","coordinates":[[-3.58542,48.80208],[-3.58542,48.80208]]},"properties":{"source":"emodnet_dtm_2024","level":2}},{"type":"Feature","geometry":{"type":"LineString","coordinates":[[-3.00542,48.83958],[-3.00542,48.83958]]},"properties":{"source":"emodnet_dtm_2024","level":2}},{"type":"Feature","geometry":{"type":"LineString","coordinates":[[-6.31042,49.92292],[-6.31042,49.92292]]},"properties":{"source":"emodnet_dtm_2024","level":2}},{"type":"Feature","geometry":{"type":"LineString","coordinates":[[-6.35625,49.93042],[-6.35625,49.93042]]},"properties":{"source":"emodnet_dtm_2024","level":2}},{"type":"Feature","geometry":{"type":"LineString","coordinates":[[-5.26875,50.03708],[-5.26875,50.03708]]},"properties":{"source":"emodnet_dtm_2024","level":2}},{"type":"Feature","geometry":{"type":"LineString","coordinates":[[-5.71458,50.06542],[-5.71458,50.06542]]},"properties":{"source":"emodnet_dtm_2024","level":2}},{"type":"Feature","geometry":{"type":"LineString","coordinates":[[-5.30292,50.07375],[-5.30292,50.07375]]},"properties":{"source":"emodnet_dtm_2024","level":2}},{"type":"Feature","geometry":{"type":"LineString","coordinates":[[-5.32542,50.08375],[-5.32542,50.08375]]},"properties":{"source":"emodnet_dtm_2024","level":2}},{"type":"Feature","geometry":{"type":"LineString","coordinates":[[-5.18458,50.08792],[-5.18458,50.08792]]},"properties":{"source":"emodnet_dtm_2024","level":2}},{"type":"Feature","geometry":{"type":"LineString","coordinates":[[-5.19792,50.08958],[-5.19792,50.08958]]},"properties":{"source":"emodnet_dtm_2024","level":2}},{"type":"Feature","geometry":{"type":"LineString","coordinates":[[-5.19125,50.08958],[-5.19125,50.08958]]},"properties":{"source":"emodnet_dtm_2024","level":2}},{"type":"Feature","geometry":{"type":"LineString","coordinates":[[-5.17292,50.08958],[-5.17292,50.08958]]},"properties":{"source":"emodnet_dtm_2024","level":2}},{"type":"Feature","geometry":{"type":"LineString","coordinates":[[-5.19958,50.09042],[-5.19958,50.09042]]},"properties":{"source":"emodnet_dtm_2024","level":2}},{"type":"Feature","geometry":{"type":"LineString","coordinates":[[-5.16458,50.09958],[-5.16458,50.09958]]},"properties":{"source":"emodnet_dtm_2024","level":2}},{"type":"Feature","geometry":{"type":"LineString","coordinates":[[-5.13958,50.10458],[-5.13958,50.10458]]},"properties":{"source":"emodnet_dtm_2024","level":2}},{"type":"Feature","geometry":{"type":"LineString","coordinates":[[-5.16042,50.10625],[-5.16042,50.10625]]},"properties":{"source":"emodnet_dtm_2024","level":2}},{"type":"Feature","geometry":{"type":"LineString","coordinates":[[-5.13542,50.10792],[-5.13542,50.10792]]},"properties":{"source":"emodnet_dtm_2024","level":2}},{"type":"Feature","geometry":{"type":"LineString","coordinates":[[-5.53125,50.11875],[-5.53125,50.11875]]},"properties":{"source":"emodnet_dtm_2024","level":2}},{"type":"Feature","geometry":{"type":"LineString","coordinates":[[-5.00208,50.16958],[-5.00208,50.16958]]},"properties":{"source":"emodnet_dtm_2024","level":2}},{"type":"Feature","geometry":{"type":"LineString","coordinates":[[-4.99375,50.17542],[-4.99375,50.17542]]},"properties":{"source":"emodnet_dtm_2024","level":2}},{"type":"Feature","geometry":{"type":"LineString","coordinates":[[-5.43542,50.17708],[-5.43542,50.17708]]},"properties":{"source":"emodnet_dtm_2024","level":2}},{"type":"Feature","geometry":{"type":"LineString","coordinates":[[-5.43625,50.17875],[-5.43625,50.17875]]},"properties":{"source":"emodnet_dtm_2024","level":2}},{"type":"Feature","geometry":{"type":"LineString","coordinates":[[-5.43125,50.18125],[-5.43125,50.18125]]},"properties":{"source":"emodnet_dtm_2024","level":2}},{"type":"Feature","geometry":{"type":"LineString","coordinates":[[-5.43125,50.18542],[-5.43125,50.18542]]},"properties":{"source":"emodnet_dtm_2024","level":2}},{"type":"Feature","geometry":{"type":"LineString","coordinates":[[-5.01458,50.18625],[-5.01458,50.18625]]},"properties":{"source":"emodnet_dtm_2024","level":2}},{"type":"Feature","geometry":{"type":"LineString","coordinates":[[-5.42958,50.18708],[-5.42958,50.18708]]},"properties":{"source":"emodnet_dtm_2024","level":2}},{"type":"Feature","geometry":{"type":"LineString","coordinates":[[-5.05958,50.19125],[-5.05958,50.19125]]},"properties":{"source":"emodnet_dtm_2024","level":2}},{"type":"Feature","geometry":{"type":"LineString","coordinates":[[-5.57708,50.19542],[-5.57708,50.19542]]},"properties":{"source":"emodnet_dtm_2024","level":2}},{"type":"Feature","geometry":{"type":"LineString","coordinates":[[-5.06458,50.20208],[-5.06458,50.20208]]},"properties":{"source":"emodnet_dtm_2024","level":2}},{"type":"Feature","geometry":{"type":"LineString","coordinates":[[-5.07208,50.20625],[-5.07208,50.20625]]},"properties":{"source":"emodnet_dtm_2024","level":2}},{"type":"Feature","geometry":{"type":"LineString","coordinates":[[-5.06458,50.20625],[-5.06458,50.20625]]},"properties":{"source":"emodnet_dtm_2024","level":2}},{"type":"Feature","geometry":{"type":"LineString","coordinates":[[-5.07292,50.20708],[-5.07292,50.20708]]},"properties":{"source":"emodnet_dtm_2024","level":2}},{"type":"Feature","geometry":{"type":"LineString","coordinates":[[-5.08542,50.20792],[-5.08542,50.20792]]},"properties":{"source":"emodnet_dtm_2024","level":2}},{"type":"Feature","geometry":{"type":"LineString","coordinates":[[-5.08125,50.20792],[-5.08125,50.20792]]},"properties":{"source":"emodnet_dtm_2024","level":2}},{"type":"Feature","geometry":{"type":"LineString","coordinates":[[-5.00208,50.22458],[-5.00208,50.22458]]},"properties":{"source":"emodnet_dtm_2024","level":2}},{"type":"Feature","geometry":{"type":"LineString","coordinates":[[-4.99542,50.22458],[-4.99542,50.22458]]},"properties":{"source":"emodnet_dtm_2024","level":2}},{"type":"Feature","geometry":{"type":"LineString","coordinates":[[-5.00458,50.22542],[-5.00458,50.22542]]},"properties":{"source":"emodnet_dtm_2024","level":2}},{"type":"Feature","geometry":{"type":"LineString","coordinates":[[-5.00542,50.22708],[-5.00542,50.22708]]},"properties":{"source":"emodnet_dtm_2024","level":2}},{"type":"Feature","geometry":{"type":"LineString","coordinates":[[-5.01708,50.23458],[-5.01708,50.23458]]},"properties":{"source":"emodnet_dtm_2024","level":2}},{"type":"Feature","geometry":{"type":"LineString","coordinates":[[-5.02708,50.24125],[-5.02708,50.24125]]},"properties":{"source":"emodnet_dtm_2024","level":2}},{"type":"Feature","geometry":{"type":"LineString","coordinates":[[-5.02875,50.24208],[-5.02875,50.24208]]},"properties":{"source":"emodnet_dtm_2024","level":2}},{"type":"Feature","geometry":{"type":"LineString","coordinates":[[-5.02958,50.24375],[-5.02958,50.24375]]},"properties":{"source":"emodnet_dtm_2024","level":2}},{"type":"Feature","geometry":{"type":"LineString","coordinates":[[-5.03042,50.24458],[-5.03042,50.24458]]},"properties":{"source":"emodnet_dtm_2024","level":2}},{"type":"Feature","geometry":{"type":"LineString","coordinates":[[-5.03125,50.24542],[-5.03125,50.24542]]},"properties":{"source":"emodnet_dtm_2024","level":2}},{"type":"Feature","geometry":{"type":"LineString","coordinates":[[-5.03292,50.24625],[-5.03292,50.24625]]},"properties":{"source":"emodnet_dtm_2024","level":2}},{"type":"Feature","geometry":{"type":"LineString","coordinates":[[-5.03375,50.24792],[-5.03375,50.24792]]},"properties":{"source":"emodnet_dtm_2024","level":2}},{"type":"Feature","geometry":{"type":"LineString","coordinates":[[-5.03458,50.24875],[-5.03458,50.24875]]},"properties":{"source":"emodnet_dtm_2024","level":2}},{"type":"Feature","geometry":{"type":"LineString","coordinates":[[-5.01375,50.24875],[-5.01375,50.24875]]},"properties":{"source":"emodnet_dtm_2024","level":2}},{"type":"Feature","geometry":{"type":"LineString","coordinates":[[-5.00875,50.25208],[-5.00875,50.25208]]},"properties":{"source":"emodnet_dtm_2024","level":2}},{"type":"Feature","geometry":{"type":"LineString","coordinates":[[-5.00958,50.25292],[-5.00958,50.25292]]},"properties":{"source":"emodnet_dtm_2024","level":2}},{"type":"Feature","geometry":{"type":"LineString","coordinates":[[-5.04208,50.25458],[-5.04208,50.25458]]},"properties":{"source":"emodnet_dtm_2024","level":2}},{"type":"Feature","geometry":{"type":"LineString","coordinates":[[-5.28458,50.26542],[-5.28458,50.26542]]},"properties":{"source":"emodnet_dtm_2024","level":2}},{"type":"Feature","geometry":{"type":"LineString","coordinates":[[-5.00208,50.26875],[-5.00208,50.26875]]},"properties":{"source":"emodnet_dtm_2024","level":2}},{"type":"Feature","geometry":{"type":"LineString","coordinates":[[-4.05375,50.31042],[-4.05375,50.31042]]},"properties":{"source":"emodnet_dtm_2024","level":2}},{"type":"Feature","geometry":{"type":"LineString","coordinates":[[-4.05958,50.31208],[-4.05958,50.31208]]},"properties":{"source":"emodnet_dtm_2024","level":2}},{"type":"Feature","geometry":{"type":"LineString","coordinates":[[-4.62292,50.33375],[-4.62292,50.33375]]},"properties":{"source":"emodnet_dtm_2024","level":2}},{"type":"Feature","geometry":{"type":"LineString","coordinates":[[-3.56042,50.34042],[-3.56042,50.34042]]},"properties":{"source":"emodnet_dtm_2024","level":2}},{"type":"Feature","geometry":{"type":"LineString","coordinates":[[-3.56375,50.34375],[-3.56375,50.34375]]},"properties":{"source":"emodnet_dtm_2024","level":2}},{"type":"Feature","geometry":{"type":"LineString","coordinates":[[-4.63542,50.35292],[-4.63542,50.35292]]},"properties":{"source":"emodnet_dtm_2024","level":2}},{"type":"Feature","geometry":{"type":"LineString","coordinates":[[-4.10542,50.35708],[-4.10542,50.35708]]},"properties":{"source":"emodnet_dtm_2024","level":2}},{"type":"Feature","geometry":{"type":"LineString","coordinates":[[-4.63542,50.35875],[-4.63542,50.35875]]},"properties":{"source":"emodnet_dtm_2024","level":2}},{"type":"Feature","geometry":{"type":"LineString","coordinates":[[-4.45625,50.35875],[-4.45625,50.35875]]},"properties":{"source":"emodnet_dtm_2024","level":2}},{"type":"Feature","geometry":{"type":"LineString","coordinates":[[-4.45625,50.36208],[-4.45625,50.36208]]},"properties":{"source":"emodnet_dtm_2024","level":2}},{"type":"Feature","geometry":{"type":"LineString","coordinates":[[-4.63375,50.36625],[-4.63375,50.36625]]},"properties":{"source":"emodnet_dtm_2024","level":2}},{"type":"Feature","geometry":{"type":"LineString","coordinates":[[-4.45792,50.36625],[-4.45792,50.36625]]},"properties":{"source":"emodnet_dtm_2024","level":2}},{"type":"Feature","geometry":{"type":"LineString","coordinates":[[-4.63458,50.36875],[-4.63458,50.36875]]},"properties":{"source":"emodnet_dtm_2024","level":2}},{"type":"Feature","geometry":{"type":"LineString","coordinates":[[-3.58042,50.36875],[-3.58042,50.36875]]},"properties":{"source":"emodnet_dtm_2024","level":2}},{"type":"Feature","geometry":{"type":"LineString","coordinates":[[-4.63875,50.37292],[-4.63875,50.37292]]},"properties":{"source":"emodnet_dtm_2024","level":2}},{"type":"Feature","geometry":{"type":"LineString","coordinates":[[-5.15125,50.37375],[-5.15125,50.37375]]},"properties":{"source":"emodnet_dtm_2024","level":2}},{"type":"Feature","geometry":{"type":"LineString","coordinates":[[-4.63958,50.37375],[-4.63958,50.37375]]},"properties":{"source":"emodnet_dtm_2024","level":2}},{"type":"Feature","geometry":{"type":"LineString","coordinates":[[-4.64125,50.37458],[-4.64125,50.37458]]},"properties":{"source":"emodnet_dtm_2024","level":2}},{"type":"Feature","geometry":{"type":"LineString","coordinates":[[-5.15208,50.37542],[-5.15208,50.37542]]},"properties":{"source":"emodnet_dtm_2024","level":2}},{"type":"Feature","geometry":{"type":"LineString","coordinates":[[-4.64208,50.37542],[-4.64208,50.37542]]},"properties":{"source":"emodnet_dtm_2024","level":2}},{"type":"Feature","geometry":{"type":"LineString","coordinates":[[-4.64375,50.37708],[-4.64375,50.37708]]},"properties":{"source":"emodnet_dtm_2024","level":2}},{"type":"Feature","geometry":{"type":"LineString","coordinates":[[-4.64542,50.37792],[-4.64542,50.37792]]},"properties":{"source":"emodnet_dtm_2024","level":2}},{"type":"Feature","geometry":{"type":"LineString","coordinates":[[-4.27708,50.37792],[-4.27708,50.37792]]},"properties":{"source":"emodnet_dtm_2024","level":2}},{"type":"Feature","geometry":{"type":"LineString","coordinates":[[-4.64625,50.37875],[-4.64625,50.37875]]},"properties":{"source":"emodnet_dtm_2024","level":2}},{"type":"Feature","geometry":{"type":"LineString","coordinates":[[-4.27958,50.37875],[-4.27958,50.37875]]},"properties":{"source":"emodnet_dtm_2024","level":2}},{"type":"Feature","geometry":{"type":"LineString","coordinates":[[-4.64792,50.37958],[-4.64792,50.37958]]},"properties":{"source":"emodnet_dtm_2024","level":2}},{"type":"Feature","geometry":{"type":"LineString","coordinates":[[-4.28125,50.37958],[-4.28125,50.37958]]},"properties":{"source":"emodnet_dtm_2024","level":2}},{"type":"Feature","geometry":{"type":"LineString","coordinates":[[-4.65125,50.38125],[-4.65125,50.38125]]},"properties":{"source":"emodnet_dtm_2024","level":2}},{"type":"Feature","geometry":{"type":"LineString","coordinates":[[-4.28292,50.38125],[-4.28292,50.38125]]},"properties":{"source":"emodnet_dtm_2024","level":2}},{"type":"Feature","geometry":{"type":"LineString","coordinates":[[-4.65375,50.38208],[-4.65375,50.38208]]},"properties":{"source":"emodnet_dtm_2024","level":2}},{"type":"Feature","geometry":{"type":"LineString","coordinates":[[-4.28375,50.38208],[-4.28375,50.38208]]},"properties":{"source":"emodnet_dtm_2024","level":2}},{"type":"Feature","geometry":{"type":"LineString","coordinates":[[-4.65458,50.38292],[-4.65458,50.38292]]},"properties":{"source":"emodnet_dtm_2024","level":2}},{"type":"Feature","geometry":{"type":"LineString","coordinates":[[-4.28458,50.38292],[-4.28458,50.38292]]},"properties":{"source":"emodnet_dtm_2024","level":2}},{"type":"Feature","geometry":{"type":"LineString","coordinates":[[-4.18458,50.38292],[-4.18458,50.38292]]},"properties":{"source":"emodnet_dtm_2024","level":2}},{"type":"Feature","geometry":{"type":"LineString","coordinates":[[-4.65542,50.38375],[-4.65542,50.38375]]},"properties":{"source":"emodnet_dtm_2024","level":2}},{"type":"Feature","geometry":{"type":"LineString","coordinates":[[-4.28542,50.38375],[-4.28542,50.38375]]},"properties":{"source":"emodnet_dtm_2024","level":2}},{"type":"Feature","geometry":{"type":"LineString","coordinates":[[-4.65625,50.38542],[-4.65625,50.38542]]},"properties":{"source":"emodnet_dtm_2024","level":2}},{"type":"Feature","geometry":{"type":"LineString","coordinates":[[-4.28708,50.38542],[-4.28708,50.38542]]},"properties":{"source":"emodnet_dtm_2024","level":2}},{"type":"Feature","geometry":{"type":"LineString","coordinates":[[-4.65792,50.38625],[-4.65792,50.38625]]},"properties":{"source":"emodnet_dtm_2024","level":2}},{"type":"Feature","geometry":{"type":"LineString","coordinates":[[-4.28792,50.38625],[-4.28792,50.38625]]},"properties":{"source":"emodnet_dtm_2024","level":2}},{"type":"Feature","geometry":{"type":"LineString","coordinates":[[-4.08708,50.38625],[-4.08708,50.38625]]},"properties":{"source":"emodnet_dtm_2024","level":2}},{"type":"Feature","geometry":{"type":"LineString","coordinates":[[-4.66042,50.38792],[-4.66042,50.38792]]},"properties":{"source":"emodnet_dtm_2024","level":2}},{"type":"Feature","geometry":{"type":"LineString","coordinates":[[-4.29708,50.38958],[-4.29708,50.38958]]},"properties":{"source":"emodnet_dtm_2024","level":2}},{"type":"Feature","geometry":{"type":"LineString","coordinates":[[-4.28958,50.38958],[-4.28958,50.38958]]},"properties":{"source":"emodnet_dtm_2024","level":2}},{"type":"Feature","geometry":{"type":"LineString","coordinates":[[-4.18542,50.39208],[-4.18542,50.39208]]},"properties":{"source":"emodnet_dtm_2024","level":2}},{"type":"Feature","geometry":{"type":"LineString","coordinates":[[-4.28792,50.39375],[-4.28792,50.39375]]},"properties":{"source":"emodnet_dtm_2024","level":2}},{"type":"Feature","geometry":{"type":"LineString","coordinates":[[-5.14542,50.39458],[-5.14542,50.39458]]},"properties":{"source":"emodnet_dtm_2024","level":2}},{"type":"Feature","geometry":{"type":"LineString","coordinates":[[-5.14708,50.39625],[-5.14708,50.39625]]},"properties":{"source":"emodnet_dtm_2024","level":2}},{"type":"Feature","geometry":{"type":"LineString","coordinates":[[-4.30042,50.39875],[-4.30042,50.39875]]},"properties":{"source":"emodnet_dtm_2024","level":2}},{"type":"Feature","geometry":{"type":"LineString","coordinates":[[-5.08708,50.40458],[-5.08708,50.40458]]},"properties":{"source":"emodnet_dtm_2024","level":2}},{"type":"Feature","geometry":{"type":"LineString","coordinates":[[-5.09125,50.40625],[-5.09125,50.40625]]},"properties":{"source":"emodnet_dtm_2024","level":2}},{"type":"Feature","geometry":{"type":"LineString","coordinates":[[-5.09292,50.40708],[-5.09292,50.40708]]},"properties":{"source":"emodnet_dtm_2024","level":2}},{"type":"Feature","geometry":{"type":"LineString","coordinates":[[-4.17708,50.42292],[-4.17708,50.42292]]},"properties":{"source":"emodnet_dtm_2024","level":2}},{"type":"Feature","geometry":{"type":"LineString","coordinates":[[-4.17875,50.42375],[-4.17875,50.42375]]},"properties":{"source":"emodnet_dtm_2024","level":2}},{"type":"Feature","geometry":{"type":"LineString","coordinates":[[-5.05542,50.42458],[-5.05542,50.42458]]},"properties":{"source":"emodnet_dtm_2024","level":2}},{"type":"Feature","geometry":{"type":"LineString","coordinates":[[-4.21458,50.42708],[-4.21458,50.42708]]},"properties":{"source":"emodnet_dtm_2024","level":2}},{"type":"Feature","geometry":{"type":"LineString","coordinates":[[-4.22875,50.45625],[-4.22875,50.45625]]},"properties":{"source":"emodnet_dtm_2024","level":2}},{"type":"Feature","geometry":{"type":"LineString","coordinates":[[-4.23542,50.45792],[-4.23542,50.45792]]},"properties":{"source":"emodnet_dtm_2024","level":2}},{"type":"Feature","geometry":{"type":"LineString","coordinates":[[-4.23708,50.45875],[-4.23708,50.45875]]},"properties":{"source":"emodnet_dtm_2024","level":2}},{"type":"Feature","geometry":{"type":"LineString","coordinates":[[-4.22542,50.47125],[-4.22542,50.47125]]},"properties":{"source":"emodnet_dtm_2024","level":2}},{"type":"Feature","geometry":{"type":"LineString","coordinates":[[-4.22292,50.47292],[-4.22292,50.47292]]},"properties":{"source":"emodnet_dtm_2024","level":2}},{"type":"Feature","geometry":{"type":"LineString","coordinates":[[-4.22042,50.47375],[-4.22042,50.47375]]},"properties":{"source":"emodnet_dtm_2024","level":2}},{"type":"Feature","geometry":{"type":"LineString","coordinates":[[-5.03792,50.48125],[-5.03792,50.48125]]},"properties":{"source":"emodnet_dtm_2024","level":2}},{"type":"Feature","geometry":{"type":"LineString","coordinates":[[-5.03708,50.48625],[-5.03708,50.48625]]},"properties":{"source":"emodnet_dtm_2024","level":2}},{"type":"Feature","geometry":{"type":"LineString","coordinates":[[-5.03875,50.49208],[-5.03875,50.49208]]},"properties":{"source":"emodnet_dtm_2024","level":2}},{"type":"Feature","geometry":{"type":"LineString","coordinates":[[-5.02292,50.52542],[-5.02292,50.52542]]},"properties":{"source":"emodnet_dtm_2024","level":2}},{"type":"Feature","geometry":{"type":"LineString","coordinates":[[-4.85625,50.52958],[-4.85625,50.52958]]},"properties":{"source":"emodnet_dtm_2024","level":2}},{"type":"Feature","geometry":{"type":"LineString","coordinates":[[-4.86458,50.53208],[-4.86458,50.53208]]},"properties":{"source":"emodnet_dtm_2024","level":2}},{"type":"Feature","geometry":{"type":"LineString","coordinates":[[-3.57125,50.54125],[-3.57125,50.54125]]},"properties":{"source":"emodnet_dtm_2024","level":2}},{"type":"Feature","geometry":{"type":"LineString","coordinates":[[-3.49625,50.54375],[-3.49625,50.54375]]},"properties":{"source":"emodnet_dtm_2024","level":2}},{"type":"Feature","geometry":{"type":"LineString","coordinates":[[-3.55542,50.54458],[-3.55542,50.54458]]},"properties":{"source":"emodnet_dtm_2024","level":2}},{"type":"Feature","geometry":{"type":"LineString","coordinates":[[-3.54208,50.54458],[-3.54208,50.54458]]},"properties":{"source":"emodnet_dtm_2024","level":2}},{"type":"Feature","geometry":{"type":"LineString","coordinates":[[-3.50542,50.54458],[-3.50542,50.54458]]},"properties":{"source":"emodnet_dtm_2024","level":2}},{"type":"Feature","geometry":{"type":"LineString","coordinates":[[-3.52542,50.54542],[-3.52542,50.54542]]},"properties":{"source":"emodnet_dtm_2024","level":2}},{"type":"Feature","geometry":{"type":"LineString","coordinates":[[-3.46875,50.68292],[-3.46875,50.68292]]},"properties":{"source":"emodnet_dtm_2024","level":2}},{"type":"Feature","geometry":{"type":"LineString","coordinates":[[-3.47292,50.68625],[-3.47292,50.68625]]},"properties":{"source":"emodnet_dtm_2024","level":2}},{"type":"Feature","geometry":{"type":"LineString","coordinates":[[-4.65542,50.71708],[-4.65542,50.71708]]},"properties":{"source":"emodnet_dtm_2024","level":2}},{"type":"Feature","geometry":{"type":"LineString","coordinates":[[-4.56042,50.80542],[-4.56042,50.80542]]},"properties":{"source":"emodnet_dtm_2024","level":2}},{"type":"Feature","geometry":{"type":"LineString","coordinates":[[-4.55875,50.81292],[-4.55875,50.81292]]},"properties":{"source":"emodnet_dtm_2024","level":2}},{"type":"Feature","geometry":{"type":"LineString","coordinates":[[-4.55875,50.82542],[-4.55875,50.82542]]},"properties":{"source":"emodnet_dtm_2024","level":2}},{"type":"Feature","geometry":{"type":"LineString","coordinates":[[-4.55208,50.83125],[-4.55208,50.83125]]},"properties":{"source":"emodnet_dtm_2024","level":2}},{"type":"Feature","geometry":{"type":"LineString","coordinates":[[-4.55875,50.85125],[-4.55875,50.85125]]},"properties":{"source":"emodnet_dtm_2024","level":2}},{"type":"Feature","geometry":{"type":"LineString","coordinates":[[-4.56208,50.87958],[-4.56208,50.87958]]},"properties":{"source":"emodnet_dtm_2024","level":2}},{"type":"Feature","geometry":{"type":"LineString","coordinates":[[-4.53542,50.97625],[-4.53542,50.97625]]},"properties":{"source":"emodnet_dtm_2024","level":2}},{"type":"Feature","geometry":{"type":"LineString","coordinates":[[-4.53292,50.98625],[-4.53292,50.98625]]},"properties":{"source":"emodnet_dtm_2024","level":2}},{"type":"Feature","geometry":{"type":"LineString","coordinates":[[-4.53458,50.98792],[-4.53458,50.98792]]},"properties":{"source":"emodnet_dtm_2024","level":2}},{"type":"Feature","geometry":{"type":"LineString","coordinates":[[-4.53125,50.99625],[-4.53125,50.99625]]},"properties":{"source":"emodnet_dtm_2024","level":2}},{"type":"Feature","geometry":{"type":"LineString","coordinates":[[-4.53292,50.99708],[-4.53292,50.99708]]},"properties":{"source":"emodnet_dtm_2024","level":2}},{"type":"Feature","geometry":{"type":"LineString","coordinates":[[-4.53375,50.99958],[-4.53375,50.99958]]},"properties":{"source":"emodnet_dtm_2024","level":2}},{"type":"Feature","geometry":{"type":"LineString","coordinates":[[-4.18458,50.99958],[-4.18458,50.99958]]},"properties":{"source":"emodnet_dtm_2024","level":2}},{"type":"Feature","geometry":{"type":"LineString","coordinates":[[-4.19542,51.00208],[-4.19542,51.00208]]},"properties":{"source":"emodnet_dtm_2024","level":2}},{"type":"Feature","geometry":{"type":"LineString","coordinates":[[-4.19708,51.00292],[-4.19708,51.00292]]},"properties":{"source":"emodnet_dtm_2024","level":2}},{"type":"Feature","geometry":{"type":"LineString","coordinates":[[-4.53292,51.00625],[-4.53292,51.00625]]},"properties":{"source":"emodnet_dtm_2024","level":2}},{"type":"Feature","geometry":{"type":"LineString","coordinates":[[-4.20958,51.07375],[-4.20958,51.07375]]},"properties":{"source":"emodnet_dtm_2024","level":2}},{"type":"Feature","geometry":{"type":"LineString","coordinates":[[-4.21792,51.07875],[-4.21792,51.07875]]},"properties":{"source":"emodnet_dtm_2024","level":2}},{"type":"Feature","geometry":{"type":"LineString","coordinates":[[-4.08542,51.08042],[-4.08542,51.08042]]},"properties":{"source":"emodnet_dtm_2024","level":2}},{"type":"Feature","geometry":{"type":"LineString","coordinates":[[-4.16875,51.08708],[-4.16875,51.08708]]},"properties":{"source":"emodnet_dtm_2024","level":2}},{"type":"Feature","geometry":{"type":"LineString","coordinates":[[-4.10375,51.08875],[-4.10375,51.08875]]},"properties":{"source":"emodnet_dtm_2024","level":2}},{"type":"Feature","geometry":{"type":"LineString","coordinates":[[-4.23958,51.12375],[-4.23958,51.12375]]},"properties":{"source":"emodnet_dtm_2024","level":2}},{"type":"Feature","geometry":{"type":"LineString","coordinates":[[-4.24958,51.13708],[-4.24958,51.13708]]},"properties":{"source":"emodnet_dtm_2024","level":2}},{"type":"Feature","geometry":{"type":"LineString","coordinates":[[-2.99292,51.22292],[-2.99292,51.22292]]},"properties":{"source":"emodnet_dtm_2024","level":2}},{"type":"Feature","geometry":{"type":"LineString","coordinates":[[-4.06042,48.67792],[-4.06042,48.67792]]},"properties":{"source":"emodnet_dtm_2024","level":2}},{"type":"Feature","geometry":{"type":"LineString","coordinates":[[-5.19125,50.08875],[-5.19125,50.08875]]},"properties":{"source":"emodnet_dtm_2024","level":2}},{"type":"Feature","geometry":{"type":"LineString","coordinates":[[-5.16458,50.09708],[-5.16458,50.09708]]},"properties":{"source":"emodnet_dtm_2024","level":2}},{"type":"Feature","geometry":{"type":"LineString","coordinates":[[-5.01042,50.25375],[-5.01042,50.25375]]},"properties":{"source":"emodnet_dtm_2024","level":2}},{"type":"Feature","geometry":{"type":"LineString","coordinates":[[-4.63125,50.34042],[-4.63125,50.34042]]},"properties":{"source":"emodnet_dtm_2024","level":2}},{"type":"Feature","geometry":{"type":"LineString","coordinates":[[-4.63875,50.37208],[-4.63875,50.37208]]},"properties":{"source":"emodnet_dtm_2024","level":2}},{"type":"Feature","geometry":{"type":"LineString","coordinates":[[-4.65625,50.38458],[-4.65625,50.38458]]},"properties":{"source":"emodnet_dtm_2024","level":2}},{"type":"Feature","geometry":{"type":"LineString","coordinates":[[-5.14708,50.39292],[-5.14708,50.39292]]},"properties":{"source":"emodnet_dtm_2024","level":2}},{"type":"Feature","geometry":{"type":"LineString","coordinates":[[-5.05708,50.43042],[-5.05708,50.43042]]},"properties":{"source":"emodnet_dtm_2024","level":2}},{"type":"Feature","geometry":{"type":"LineString","coordinates":[[-5.05625,50.43125],[-5.05625,50.43125]]},"properties":{"source":"emodnet_dtm_2024","level":2}},{"type":"Feature","geometry":{"type":"LineString","coordinates":[[-5.05625,50.43458],[-5.05625,50.43458]]},"properties":{"source":"emodnet_dtm_2024","level":2}},{"type":"Feature","geometry":{"type":"LineString","coordinates":[[-5.05542,50.43542],[-5.05542,50.43542]]},"properties":{"source":"emodnet_dtm_2024","level":2}},{"type":"Feature","geometry":{"type":"LineString","coordinates":[[-4.77375,50.62292],[-4.77375,50.62292]]},"properties":{"source":"emodnet_dtm_2024","level":2}},{"type":"Feature","geometry":{"type":"LineString","coordinates":[[-4.76375,50.64708],[-4.76375,50.64708]]},"properties":{"source":"emodnet_dtm_2024","level":2}},{"type":"Feature","geometry":{"type":"LineString","coordinates":[[-4.56458,50.88208],[-4.56458,50.88208]]},"properties":{"source":"emodnet_dtm_2024","level":2}},{"type":"Feature","geometry":{"type":"LineString","coordinates":[[-4.56542,50.88875],[-4.56542,50.88875]]},"properties":{"source":"emodnet_dtm_2024","level":2}},{"type":"Feature","geometry":{"type":"LineString","coordinates":[[-4.53625,50.96458],[-4.53625,50.96458]]},"properties":{"source":"emodnet_dtm_2024","level":2}},{"type":"Feature","geometry":{"type":"LineString","coordinates":[[-3.69458,47.82875],[-3.69458,47.82875]]},"properties":{"source":"emodnet_dtm_2024","level":2}},{"type":"Feature","geometry":{"type":"LineString","coordinates":[[-3.74708,47.83625],[-3.74708,47.83625]]},"properties":{"source":"emodnet_dtm_2024","level":2}},{"type":"Feature","geometry":{"type":"LineString","coordinates":[[-4.17375,47.90458],[-4.17375,47.90458]]},"properties":{"source":"emodnet_dtm_2024","level":2}},{"type":"Feature","geometry":{"type":"LineString","coordinates":[[-5.19875,50.08958],[-5.19875,50.08958]]},"properties":{"source":"emodnet_dtm_2024","level":2}},{"type":"Feature","geometry":{"type":"LineString","coordinates":[[-4.63625,50.35292],[-4.63625,50.35292]]},"properties":{"source":"emodnet_dtm_2024","level":2}},{"type":"Feature","geometry":{"type":"LineString","coordinates":[[-4.63792,50.37125],[-4.63792,50.37125]]},"properties":{"source":"emodnet_dtm_2024","level":2}},{"type":"Feature","geometry":{"type":"LineString","coordinates":[[-4.65708,50.38542],[-4.65708,50.38542]]},"properties":{"source":"emodnet_dtm_2024","level":2}},{"type":"Feature","geometry":{"type":"LineString","coordinates":[[-4.17792,50.42292],[-4.17792,50.42292]]},"properties":{"source":"emodnet_dtm_2024","level":2}},{"type":"Feature","geometry":{"type":"LineString","coordinates":[[-4.19625,51.00208],[-4.19625,51.00208]]},"properties":{"source":"emodnet_dtm_2024","level":2}},{"type":"Feature","geometry":{"type":"LineString","coordinates":[[-4.84625,48.35625],[-4.84625,48.35625]]},"properties":{"source":"emodnet_dtm_2024","level":2}},{"type":"Feature","geometry":{"type":"LineString","coordinates":[[-3.74958,47.83792],[-3.74958,47.83792]]},"properties":{"source":"emodnet_dtm_2024","level":2}},{"type":"Feature","geometry":{"type":"LineString","coordinates":[[-4.09208,47.94375],[-4.09208,47.94375]]},"properties":{"source":"emodnet_dtm_2024","level":2}},{"type":"Feature","geometry":{"type":"LineString","coordinates":[[-4.08542,47.94958],[-4.08542,47.94958]]},"properties":{"source":"emodnet_dtm_2024","level":2}},{"type":"Feature","geometry":{"type":"LineString","coordinates":[[-4.26792,48.35458],[-4.26792,48.35458]]},"properties":{"source":"emodnet_dtm_2024","level":2}},{"type":"Feature","geometry":{"type":"LineString","coordinates":[[-4.53125,48.55375],[-4.53125,48.55375]]},"properties":{"source":"emodnet_dtm_2024","level":2}},{"type":"Feature","geometry":{"type":"LineString","coordinates":[[-3.64958,48.66625],[-3.64958,48.66625]]},"properties":{"source":"emodnet_dtm_2024","level":2}},{"type":"Feature","geometry":{"type":"LineString","coordinates":[[-4.98458,50.22708],[-4.98458,50.22708]]},"properties":{"source":"emodnet_dtm_2024","level":2}},{"type":"Feature","geometry":{"type":"LineString","coordinates":[[-5.01042,50.24958],[-5.01042,50.24958]]},"properties":{"source":"emodnet_dtm_2024","level":2}},{"type":"Feature","geometry":{"type":"LineString","coordinates":[[-5.00208,50.27125],[-5.00208,50.27125]]},"properties":{"source":"emodnet_dtm_2024","level":2}},{"type":"Feature","geometry":{"type":"LineString","coordinates":[[-4.10875,50.35625],[-4.10875,50.35625]]},"properties":{"source":"emodnet_dtm_2024","level":2}},{"type":"Feature","geometry":{"type":"LineString","coordinates":[[-4.23542,50.46625],[-4.23542,50.46625]]},"properties":{"source":"emodnet_dtm_2024","level":2}},{"type":"Feature","geometry":{"type":"LineString","coordinates":[[-4.22708,50.47042],[-4.22708,50.47042]]},"properties":{"source":"emodnet_dtm_2024","level":2}},{"type":"Feature","geometry":{"type":"LineString","coordinates":[[-5.03958,50.47542],[-5.03958,50.47542]]},"properties":{"source":"emodnet_dtm_2024","level":2}},{"type":"Feature","geometry":{"type":"LineString","coordinates":[[-3.57625,50.54042],[-3.57625,50.54042]]},"properties":{"source":"emodnet_dtm_2024","level":2}},{"type":"Feature","geometry":{"type":"LineString","coordinates":[[-3.56042,50.54375],[-3.56042,50.54375]]},"properties":{"source":"emodnet_dtm_2024","level":2}},{"type":"Feature","geometry":{"type":"LineString","coordinates":[[-4.58958,50.76708],[-4.58958,50.76708]]},"properties":{"source":"emodnet_dtm_2024","level":2}},{"type":"Feature","geometry":{"type":"LineString","coordinates":[[-4.55958,50.86542],[-4.55958,50.86542]]},"properties":{"source":"emodnet_dtm_2024","level":2}},{"type":"Feature","geometry":{"type":"LineString","coordinates":[[-4.59042,48.55542],[-4.59042,48.55542]]},"properties":{"source":"emodnet_dtm_2024","level":2}},{"type":"Feature","geometry":{"type":"LineString","coordinates":[[-4.99542,50.17208],[-4.99542,50.17208]]},"properties":{"source":"emodnet_dtm_2024","level":2}},{"type":"Feature","geometry":{"type":"LineString","coordinates":[[-4.29042,50.39125],[-4.29042,50.39125]]},"properties":{"source":"emodnet_dtm_2024","level":2}},{"type":"Feature","geometry":{"type":"LineString","coordinates":[[-4.23375,50.46792],[-4.23375,50.46792]]},"properties":{"source":"emodnet_dtm_2024","level":2}}]}