{"type":"FeatureCollection","features":[{"type":"Feature","geometry":{"type":"LineString","coordinates":[[-2.93375,48.72026],[-2.93042,48.72076],[-2.92875,48.72051],[-2.92851,48.71958],[-2.92966,48.71708],[-2.92792,48.71512],[-2.92125,48.70966],[-2.91625,48.70733],[-2.91542,48.70839],[-2.91458,48.70816],[-2.91218,48.70542],[-2.91169,48.70625],[-2.91042,48.70635],[-2.90792,48.70361],[-2.89958,48.70126],[-2.89542,48.70312],[-2.89375,48.70311],[-2.89125,48.69982],[-2.8887,48.69958],[-2.88769,48.69625],[-2.88829,48.69542],[-2.88792,48.69399],[-2.88625,48.6918],[-2.88458,48.69223],[-2.88265,48.69042],[-2.88376,48.68292],[-2.87958,48.67945],[-2.87542,48.67706],[-2.87125,48.67562],[-2.86875,48.67588],[-2.86625,48.67491],[-2.86292,48.67443],[-2.86042,48.67573],[-2.85625,48.67474],[-2.85443,48.67292],[-2.85292,48.66956],[-2.85042,48.67046],[-2.84958,48.66788],[-2.84875,48.66832],[-2.84708,48.66784],[-2.84542,48.66635],[-2.84375,48.66724],[-2.84292,48.66711],[-2.84377,48.66625],[-2.83922,48.66375],[-2.83792,48.65982],[-2.83708,48.66011],[-2.83625,48.6598],[-2.83625,48.6587],[-2.83542,48.6587],[-2.83458,48.65789],[-2.83292,48.65819],[-2.83107,48.65708],[-2.82875,48.65656],[-2.82625,48.65653],[-2.82422,48.65375],[-2.82266,48.65292],[-2.82338,48.65125],[-2.82221,48.65042],[-2.81625,48.64973],[-2.81542,48.64891],[-2.81458,48.64889],[-2.81351,48.64708],[-2.81458,48.64568],[-2.81625,48.64552],[-2.81733,48.64458],[-2.81688,48.64292],[-2.8156,48.64042],[-2.81224,48.63792],[-2.81042,48.63492],[-2.80731,48.63375],[-2.80542,48.63188],[-2.80245,48.62708],[-2.80104,48.61958],[-2.80319,48.61792],[-2.80125,48.61788],[-2.79942,48.61708],[-2.80173,48.61458],[-2.79958,48.6135],[-2.80012,48.61125],[-2.7976,48.60875],[-2.79871,48.60375],[-2.79628,48.59958],[-2.79494,48.59542],[-2.79542,48.59439],[-2.79361,48.59208],[-2.79382,48.59125],[-2.79042,48.58883],[-2.78575,48.58708],[-2.77958,48.58611],[-2.77875,48.58458],[-2.77625,48.58382],[-2.77542,48.58208],[-2.77375,48.58288],[-2.77292,48.58265],[-2.77208,48.5797],[-2.77092,48.57875],[-2.76958,48.57848],[-2.76625,48.57621],[-2.75875,48.57337],[-2.75396,48.57042],[-2.75125,48.56974],[-2.74875,48.56841],[-2.74042,48.56659],[-2.73625,48.56493],[-2.73125,48.5647],[-2.72792,48.56285],[-2.72292,48.5626],[-2.72042,48.56362],[-2.71875,48.56371],[-2.71673,48.56208],[-2.71718,48.56042],[-2.71625,48.55979],[-2.71125,48.55909],[-2.70792,48.55781],[-2.70042,48.55776],[-2.69625,48.55585],[-2.68875,48.55506],[-2.68458,48.55399],[-2.68375,48.55425],[-2.68292,48.55372],[-2.67958,48.55442],[-2.67792,48.55389],[-2.67542,48.55443],[-2.67125,48.55409],[-2.67042,48.5546],[-2.66708,48.5548],[-2.66458,48.5544],[-2.65875,48.55511],[-2.65292,48.55492],[-2.64792,48.55562],[-2.64625,48.55668],[-2.64542,48.55615],[-2.64292,48.55612],[-2.64125,48.55768],[-2.63875,48.55684],[-2.62875,48.55693],[-2.62708,48.5576],[-2.62458,48.55762],[-2.61792,48.56033],[-2.61292,48.5609],[-2.61125,48.56313],[-2.60875,48.56419],[-2.60708,48.56337],[-2.60375,48.56382],[-2.60125,48.56516],[-2.59958,48.56513],[-2.59708,48.56661],[-2.59458,48.56725],[-2.59292,48.56902],[-2.5893,48.56958],[-2.58915,48.57042],[-2.58657,48.57208],[-2.58458,48.57517],[-2.58208,48.5751],[-2.57875,48.57657],[-2.57708,48.57835],[-2.57583,48.57875],[-2.56958,48.58521],[-2.56477,48.58792],[-2.56501,48.58958],[-2.56219,48.59458],[-2.56204,48.59708],[-2.56058,48.60042],[-2.56292,48.60188],[-2.56441,48.60375],[-2.56292,48.60644],[-2.56166,48.60625],[-2.56125,48.60489],[-2.5559,48.60458],[-2.55558,48.60292],[-2.55625,48.60215],[-2.55727,48.60208],[-2.55708,48.60042],[-2.55542,48.60031],[-2.55375,48.60117],[-2.55042,48.60079],[-2.54958,48.60129],[-2.54458,48.6005],[-2.54292,48.60106],[-2.53708,48.60108],[-2.52958,48.60224],[-2.52125,48.60468],[-2.51958,48.60599],[-2.51708,48.60597],[-2.51208,48.60737],[-2.50208,48.61108],[-2.49708,48.61381],[-2.49493,48.61708],[-2.49292,48.6177],[-2.49208,48.619],[-2.48768,48.61958],[-2.48208,48.62467],[-2.47946,48.62875],[-2.47918,48.63208],[-2.48073,48.63458],[-2.48068,48.63625],[-2.48208,48.63634],[-2.48292,48.63719],[-2.4859,48.63792],[-2.48581,48.63958],[-2.48503,48.64042],[-2.48708,48.64073],[-2.48792,48.642],[-2.49002,48.64292],[-2.49022,48.64542],[-2.48875,48.64654],[-2.48792,48.64594],[-2.48708,48.64611],[-2.48625,48.64827],[-2.48458,48.64846],[-2.48208,48.64661],[-2.47792,48.64613],[-2.47458,48.6472],[-2.47125,48.65016],[-2.47042,48.65051],[-2.46792,48.65005],[-2.46708,48.65116],[-2.46625,48.65034],[-2.46542,48.65174],[-2.46458,48.65162],[-2.46292,48.65007],[-2.45875,48.6504],[-2.45792,48.65162],[-2.45542,48.65026],[-2.45292,48.65086],[-2.45042,48.65344],[-2.44792,48.65351],[-2.44625,48.6543],[-2.44292,48.65414],[-2.44042,48.65568],[-2.43875,48.65565],[-2.43542,48.65401],[-2.43458,48.65411],[-2.43328,48.65458],[-2.43208,48.65669],[-2.42958,48.65723],[-2.42708,48.65869],[-2.42125,48.65637],[-2.42042,48.6549],[-2.41918,48.65458],[-2.42128,48.65375],[-2.4225,48.65208],[-2.42251,48.65042],[-2.42042,48.64934],[-2.41625,48.64955],[-2.41286,48.64625],[-2.40875,48.64506],[-2.40042,48.64576],[-2.39744,48.64708],[-2.39729,48.64792],[-2.39952,48.65042],[-2.39792,48.65182],[-2.396,48.65125],[-2.39625,48.65062],[-2.3972,48.65042],[-2.39625,48.65016],[-2.39563,48.64792],[-2.39469,48.64708],[-2.39292,48.64697],[-2.39292,48.64813],[-2.39375,48.64731],[-2.39409,48.64792],[-2.39431,48.64958],[-2.38792,48.65375],[-2.38659,48.65375],[-2.38542,48.65468],[-2.38375,48.65487],[-2.38292,48.65427],[-2.37875,48.6541],[-2.37609,48.65542],[-2.37458,48.65845],[-2.37292,48.65824],[-2.3724,48.65708],[-2.37125,48.65695],[-2.36958,48.65918],[-2.36875,48.65917],[-2.36625,48.65739],[-2.36542,48.65898],[-2.36431,48.65875],[-2.36292,48.65745],[-2.36042,48.65884],[-2.35969,48.65958],[-2.35989,48.66125],[-2.35902,48.66208],[-2.35915,48.66625],[-2.35792,48.66743],[-2.35542,48.6664],[-2.35375,48.66812],[-2.35125,48.66725],[-2.34875,48.66861],[-2.34542,48.66746],[-2.34208,48.66951],[-2.34125,48.66906],[-2.33875,48.67014],[-2.33792,48.66944],[-2.33708,48.66947],[-2.33768,48.67042],[-2.33708,48.67103],[-2.33542,48.67103],[-2.33458,48.6724],[-2.33292,48.6725],[-2.33019,48.67458],[-2.32875,48.67725],[-2.32708,48.67847],[-2.3268,48.68208],[-2.32708,48.68262],[-2.32792,48.68261],[-2.32792,48.68317],[-2.32625,48.68327],[-2.32542,48.68462],[-2.32458,48.68352],[-2.32375,48.68441],[-2.32208,48.68409],[-2.32125,48.68447],[-2.31958,48.6875],[-2.31792,48.68891],[-2.31375,48.68614],[-2.31341,48.68375],[-2.31208,48.68171],[-2.30958,48.68163],[-2.30927,48.68125],[-2.30938,48.67958],[-2.31042,48.67827],[-2.31227,48.67792],[-2.31144,48.67542],[-2.31214,48.67458],[-2.31208,48.67207],[-2.31042,48.67204],[-2.308,48.67042],[-2.30529,48.67042],[-2.30375,48.67127],[-2.30125,48.66974],[-2.29792,48.66905],[-2.29708,48.66946],[-2.29625,48.66884],[-2.29114,48.66875],[-2.28708,48.66931],[-2.28447,48.66708],[-2.28442,48.66375],[-2.28542,48.66176],[-2.28875,48.66131],[-2.28958,48.66045],[-2.29125,48.66042],[-2.29211,48.65792],[-2.29375,48.65626],[-2.2946,48.65625],[-2.29355,48.65125],[-2.28875,48.64638],[-2.28625,48.64584],[-2.28266,48.64208],[-2.27891,48.64042],[-2.27542,48.64003],[-2.27333,48.64125],[-2.27238,48.64292],[-2.27125,48.64347],[-2.26958,48.64203],[-2.26708,48.64267],[-2.26663,48.64458],[-2.26542,48.64594],[-2.26375,48.64512],[-2.26042,48.64518],[-2.25958,48.64641],[-2.25708,48.64566],[-2.25702,48.64792],[-2.25625,48.64859],[-2.25375,48.64862],[-2.25208,48.64613],[-2.24792,48.64676],[-2.24625,48.64831],[-2.24375,48.64738],[-2.24208,48.64794],[-2.24154,48.64708],[-2.24211,48.64542],[-2.24173,48.64292],[-2.24072,48.64208],[-2.24164,48.64125],[-2.24151,48.63792],[-2.24375,48.63632],[-2.245,48.63625],[-2.24595,48.63292],[-2.24491,48.63125],[-2.24208,48.6279],[-2.24042,48.62691],[-2.23792,48.62756],[-2.23738,48.62708],[-2.23635,48.62542],[-2.23733,48.62208],[-2.23687,48.62125],[-2.23458,48.62042],[-2.23375,48.61899],[-2.22472,48.61708],[-2.2255,48.61625],[-2.22218,48.61542],[-2.22106,48.61375],[-2.21958,48.61338],[-2.21792,48.61344],[-2.21625,48.61485],[-2.21458,48.61435],[-2.21292,48.61459],[-2.21238,48.61542],[-2.21363,48.61875],[-2.21292,48.62],[-2.21042,48.61692],[-2.20958,48.61629],[-2.20875,48.61652],[-2.20894,48.61875],[-2.20707,48.61958],[-2.20854,48.62125],[-2.2085,48.62208],[-2.20625,48.62537],[-2.20542,48.62555],[-2.20415,48.62458],[-2.2039,48.62292],[-2.20458,48.62166],[-2.20292,48.62171],[-2.20208,48.62393],[-2.2007,48.62458],[-2.20375,48.62702],[-2.20292,48.62834],[-2.20125,48.62739],[-2.19875,48.62904],[-2.19708,48.62915],[-2.19625,48.62684],[-2.19375,48.62688],[-2.19208,48.62947],[-2.1902,48.62958],[-2.18375,48.63358],[-2.18333,48.62875],[-2.18396,48.62792],[-2.18411,48.62458],[-2.18473,48.62208],[-2.18542,48.62134],[-2.18625,48.62131],[-2.18658,48.62042],[-2.18507,48.61958],[-2.18471,48.61792],[-2.18292,48.616],[-2.17993,48.61708],[-2.17875,48.61817],[-2.17708,48.61665],[-2.17458,48.61792],[-2.17125,48.617],[-2.16875,48.61841],[-2.16708,48.61773],[-2.16458,48.6178],[-2.16042,48.62141],[-2.15936,48.62125],[-2.15875,48.62008],[-2.15708,48.62005],[-2.1561,48.62042],[-2.15494,48.62542],[-2.15391,48.62708],[-2.15384,48.62792],[-2.15528,48.62875],[-2.15586,48.63125],[-2.15367,48.63208],[-2.15264,48.63458],[-2.15042,48.63651],[-2.14875,48.63579],[-2.14458,48.63532],[-2.14292,48.63556],[-2.14125,48.63755],[-2.14042,48.63681],[-2.13799,48.63708],[-2.13458,48.63857],[-2.13463,48.64125],[-2.13375,48.64184],[-2.13125,48.6392],[-2.12625,48.63926],[-2.12042,48.64079],[-2.11875,48.64256],[-2.1131,48.64625],[-2.11363,48.64792],[-2.11292,48.64911],[-2.11208,48.64867],[-2.11167,48.64625],[-2.10993,48.64458],[-2.10958,48.64333],[-2.10792,48.6451],[-2.10724,48.64458],[-2.10771,48.64292],[-2.10625,48.64125],[-2.10208,48.64064],[-2.10042,48.64155],[-2.09962,48.64042],[-2.09792,48.64017],[-2.09727,48.63958],[-2.09708,48.63802],[-2.09625,48.63748],[-2.09292,48.63671],[-2.08768,48.63708],[-2.08375,48.63891],[-2.07958,48.64172],[-2.07625,48.64288],[-2.07518,48.64458],[-2.07375,48.64525],[-2.07125,48.64381],[-2.06708,48.64426],[-2.06125,48.64385],[-2.05292,48.64112],[-2.0516,48.64208],[-2.05542,48.64504],[-2.05708,48.64603],[-2.05902,48.64625],[-2.05984,48.64708],[-2.05625,48.64823],[-2.05542,48.64667],[-2.05208,48.64566],[-2.04951,48.64375],[-2.04673,48.64042],[-2.04542,48.6357],[-2.04125,48.631],[-2.03625,48.6281],[-2.03375,48.62805],[-2.0309,48.62708],[-2.03087,48.62625],[-2.02845,48.62375],[-2.02834,48.62208],[-2.02911,48.62125],[-2.028,48.61958],[-2.028,48.61792],[-2.02708,48.61784],[-2.02645,48.61708],[-2.02512,48.61125],[-2.02208,48.60828],[-2.02042,48.60734],[-2.01792,48.60681],[-2.01691,48.60458],[-2.01708,48.60351],[-2.02042,48.6034],[-2.02163,48.60208],[-2.02117,48.59958],[-2.01835,48.59792],[-2.01734,48.59542],[-2.01575,48.59375],[-2.01542,48.59198],[-2.01042,48.58952],[-2.00792,48.58939],[-2.00708,48.58842],[-2.00208,48.58769],[-1.99708,48.58476],[-1.99421,48.58208],[-1.99222,48.57792],[-1.99292,48.57611],[-1.99042,48.57324],[-1.98708,48.56715],[-1.98542,48.5675],[-1.9844,48.56708],[-1.98542,48.56478],[-1.98958,48.56394],[-1.98875,48.56298],[-1.98625,48.5628],[-1.98323,48.56458],[-1.98292,48.56818],[-1.98208,48.56869],[-1.9803,48.56792],[-1.97956,48.56875],[-1.98042,48.56924],[-1.98208,48.56894],[-1.98336,48.56958],[-1.98458,48.56947],[-1.98556,48.57042],[-1.98479,48.57125],[-1.98477,48.57708],[-1.98863,48.58375],[-1.98792,48.5847],[-1.99115,48.58708],[-1.98847,48.58958],[-1.99042,48.58986],[-1.99292,48.58952],[-1.99375,48.59052],[-1.99542,48.58986],[-1.99875,48.58987],[-1.99958,48.59078],[-2.00542,48.59302],[-2.00616,48.59375],[-2.00958,48.59396],[-2.01095,48.59542],[-2.01089,48.59625],[-2.01263,48.59708],[-2.01347,48.59958],[-2.01271,48.60208],[-2.01334,48.60375],[-2.01097,48.60708],[-2.01265,48.61208],[-2.01562,48.61375],[-2.01934,48.62042],[-2.01785,48.62208],[-2.01804,48.62458],[-2.01708,48.62448],[-2.01673,48.62542],[-2.01719,48.62708],[-2.01958,48.62827],[-2.01996,48.62958],[-2.02125,48.63001],[-2.02292,48.63231],[-2.02458,48.63254],[-2.02625,48.63351],[-2.03042,48.63356],[-2.03208,48.63441],[-2.0325,48.63542],[-2.03208,48.63919],[-2.03042,48.64051],[-2.02875,48.64079],[-2.02792,48.64178],[-2.02708,48.64179],[-2.02558,48.64458],[-2.02792,48.6447],[-2.02824,48.64292],[-2.03042,48.64169],[-2.03125,48.64254],[-2.03292,48.64299],[-2.03699,48.64708],[-2.03958,48.65285],[-2.04042,48.65277],[-2.04061,48.65375],[-2.03958,48.65445],[-2.03208,48.65503],[-2.02958,48.65562],[-2.02875,48.65651],[-2.02817,48.65542],[-2.02708,48.65515],[-2.02375,48.65821],[-2.02042,48.65675],[-2.01875,48.65697],[-2.01544,48.65875],[-2.01563,48.66125],[-2.01292,48.66268],[-2.01208,48.66281],[-2.01159,48.66042],[-2.00958,48.66006],[-2.00625,48.66199],[-2.00542,48.66402],[-2.00208,48.6636],[-1.99877,48.66458],[-1.99645,48.66708],[-1.99631,48.66875],[-1.99542,48.66831],[-1.99375,48.66923],[-1.98848,48.67542],[-1.9895,48.67958],[-1.99125,48.67978],[-1.99181,48.68042],[-1.99208,48.68401],[-1.98958,48.68532],[-1.98792,48.68512],[-1.98625,48.68353],[-1.98125,48.68343],[-1.97875,48.68602],[-1.97375,48.68582],[-1.97042,48.68778],[-1.96875,48.68786],[-1.97042,48.68807],[-1.97106,48.68875],[-1.97171,48.69125],[-1.97323,48.69292],[-1.97292,48.69356],[-1.97042,48.69235],[-1.96822,48.69208],[-1.96708,48.68846],[-1.96275,48.68875],[-1.96101,48.68958],[-1.96042,48.69221],[-1.95538,48.69458],[-1.95622,48.69542],[-1.95458,48.69656],[-1.95424,48.69792],[-1.95625,48.6994],[-1.95542,48.70027],[-1.95375,48.7003],[-1.95161,48.69875],[-1.95139,48.69708],[-1.95289,48.69625],[-1.95241,48.69542],[-1.94542,48.69379],[-1.9428,48.69458],[-1.94005,48.69625],[-1.93902,48.70042],[-1.93928,48.70208],[-1.93792,48.70366],[-1.93625,48.7038],[-1.93375,48.70272],[-1.93276,48.70125],[-1.93095,48.70042],[-1.93042,48.69643],[-1.92875,48.69747],[-1.92792,48.69718],[-1.92625,48.69768],[-1.92443,48.69708],[-1.92362,48.69625],[-1.92647,48.69542],[-1.9257,48.69458],[-1.92125,48.69536],[-1.91958,48.69749],[-1.91708,48.69703],[-1.91625,48.69596],[-1.91458,48.69532],[-1.91375,48.69406],[-1.91208,48.69343],[-1.90792,48.69276],[-1.90476,48.69292],[-1.90292,48.69478],[-1.90125,48.6942],[-1.89796,48.69542],[-1.89737,48.69625],[-1.89857,48.69708],[-1.89849,48.69792],[-1.89792,48.69914],[-1.89708,48.69934],[-1.89292,48.69861],[-1.89125,48.70004],[-1.88875,48.70009],[-1.88792,48.70082],[-1.88708,48.70006],[-1.88542,48.70003],[-1.88458,48.69944],[-1.88042,48.69967],[-1.87708,48.69835],[-1.87208,48.70011],[-1.87042,48.7027],[-1.86375,48.7019],[-1.85869,48.70458],[-1.85708,48.70793],[-1.85292,48.70752],[-1.85125,48.7079],[-1.85042,48.70957],[-1.84785,48.70958],[-1.84566,48.71375],[-1.84375,48.71423],[-1.84183,48.71292],[-1.84125,48.70896],[-1.83958,48.70941],[-1.83891,48.70875],[-1.84042,48.70794],[-1.84125,48.70852],[-1.8433,48.70625],[-1.84194,48.70125],[-1.84514,48.70042],[-1.8448,48.69708],[-1.84375,48.69666],[-1.84333,48.69542],[-1.84375,48.69486],[-1.84548,48.69458],[-1.84542,48.6917],[-1.84292,48.69009],[-1.84192,48.68875],[-1.83958,48.68784],[-1.83875,48.68512],[-1.83475,48.68125],[-1.83458,48.67903],[-1.83542,48.67798],[-1.83711,48.67792],[-1.83555,48.66125],[-1.83292,48.65606],[-1.82753,48.65125],[-1.81792,48.64794],[-1.81042,48.64611],[-1.80375,48.64577],[-1.80042,48.64682],[-1.79458,48.64589],[-1.79292,48.64506],[-1.78875,48.64601],[-1.78649,48.64542],[-1.78458,48.64337],[-1.78375,48.64443],[-1.78292,48.64899],[-1.78125,48.64959],[-1.78026,48.64875],[-1.77999,48.64375],[-1.77875,48.6427],[-1.77625,48.64337],[-1.77542,48.64276],[-1.77208,48.6428],[-1.76789,48.64458],[-1.76542,48.64491],[-1.76356,48.64458],[-1.76208,48.64197],[-1.75875,48.64403],[-1.75792,48.64303],[-1.75542,48.64218],[-1.75375,48.64218],[-1.75292,48.64317],[-1.75042,48.64252],[-1.74875,48.64399],[-1.74542,48.64365],[-1.73708,48.64087],[-1.73458,48.64157],[-1.73208,48.64061],[-1.73042,48.64165],[-1.72625,48.641],[-1.72539,48.64292],[-1.72642,48.64625],[-1.72542,48.64721],[-1.72125,48.64415],[-1.71792,48.64576],[-1.71375,48.64531],[-1.71042,48.64586],[-1.70625,48.64908],[-1.70458,48.64905],[-1.70208,48.64985],[-1.69958,48.64863],[-1.69594,48.65292],[-1.69126,48.65542],[-1.68958,48.65905],[-1.68542,48.65971],[-1.67875,48.66321],[-1.67363,48.66625],[-1.67205,48.66875],[-1.66792,48.67102],[-1.66542,48.6739],[-1.64625,48.68449],[-1.64472,48.68625],[-1.64214,48.69208],[-1.64111,48.69292],[-1.63208,48.69762],[-1.62958,48.70041],[-1.62625,48.70081],[-1.62458,48.70154],[-1.61875,48.70742],[-1.61625,48.70822],[-1.60958,48.71181],[-1.60625,48.71274],[-1.59458,48.7187],[-1.59125,48.71908],[-1.58801,48.72125],[-1.58349,48.72792],[-1.58147,48.73875],[-1.58229,48.74042],[-1.58462,48.74208],[-1.58458,48.74363],[-1.58039,48.74458],[-1.58102,48.74708],[-1.57995,48.74875],[-1.58125,48.75111],[-1.58603,48.75375],[-1.58292,48.7541],[-1.58157,48.75375],[-1.58123,48.75542],[-1.58565,48.76292],[-1.58609,48.76542],[-1.58519,48.76708],[-1.58653,48.76792],[-1.58673,48.77292],[-1.58585,48.77458],[-1.5858,48.77708],[-1.58792,48.78507],[-1.59036,48.78708],[-1.59055,48.78792],[-1.58927,48.78875],[-1.58878,48.79125],[-1.58906,48.79208],[-1.59042,48.79247],[-1.5917,48.79375],[-1.59171,48.79625],[-1.59092,48.79708],[-1.59281,48.79792],[-1.59284,48.80125],[-1.59444,48.80375],[-1.59416,48.81208],[-1.59545,48.81542],[-1.59574,48.81875],[-1.59958,48.82319],[-1.60292,48.82415],[-1.60517,48.82542],[-1.60542,48.82826],[-1.60958,48.82953],[-1.61208,48.8286],[-1.61439,48.83042],[-1.61502,48.83208],[-1.61722,48.83375],[-1.6169,48.83458],[-1.61786,48.83625],[-1.61542,48.83935],[-1.61208,48.84156],[-1.60708,48.84637],[-1.60375,48.84841],[-1.60208,48.85084],[-1.59536,48.85708],[-1.59428,48.85875],[-1.5927,48.85958],[-1.59369,48.86125],[-1.59239,48.86375],[-1.59239,48.86542],[-1.59125,48.86654],[-1.58828,48.86708],[-1.58831,48.86792],[-1.5856,48.86958],[-1.58529,48.87042],[-1.58635,48.87208],[-1.58539,48.87458],[-1.58875,48.87636],[-1.58915,48.88125],[-1.59017,48.88292],[-1.58675,48.88375],[-1.58575,48.88458],[-1.58677,48.88542],[-1.58958,48.88617],[-1.58994,48.88708],[-1.58599,48.88792],[-1.58732,48.88875],[-1.58958,48.88886],[-1.59148,48.88792],[-1.59253,48.88958],[-1.59317,48.89292],[-1.59792,48.89721],[-1.59917,48.90125],[-1.60185,48.90375],[-1.60171,48.90625],[-1.60265,48.90792],[-1.60081,48.91292],[-1.59807,48.91542],[-1.59644,48.91958],[-1.59306,48.92375],[-1.59432,48.92458],[-1.59318,48.92542],[-1.59452,48.93792],[-1.59396,48.93875],[-1.59625,48.94186],[-1.59792,48.94231],[-1.59958,48.94475],[-1.60375,48.94391],[-1.60509,48.94542],[-1.60314,48.94625],[-1.60324,48.94708],[-1.60458,48.94954],[-1.60542,48.94901],[-1.60625,48.94958],[-1.60542,48.9501],[-1.60292,48.94922],[-1.60002,48.94958],[-1.59792,48.95233],[-1.59829,48.95542],[-1.59948,48.95708],[-1.59869,48.95875],[-1.60005,48.95958],[-1.59924,48.96208],[-1.6022,48.96708],[-1.60827,48.97458],[-1.6112,48.98292],[-1.61292,48.98515],[-1.61458,48.98584],[-1.61625,48.98541],[-1.61685,48.98708],[-1.61875,48.98849],[-1.62625,48.9916],[-1.62875,48.9918],[-1.62986,48.99292],[-1.63292,48.99302],[-1.63382,48.99458],[-1.63708,48.9961],[-1.63958,48.9967],[-1.64208,48.99596],[-1.64375,48.99654],[-1.64542,48.99601],[-1.64748,48.99625],[-1.64554,48.99875],[-1.64292,49.00068],[-1.63713,49.00375],[-1.63542,49.00403],[-1.63147,49.00708],[-1.6302,49.01292],[-1.63125,49.01689],[-1.63458,49.01705],[-1.63625,49.01953],[-1.64,49.02125],[-1.64016,49.02208],[-1.64125,49.0226],[-1.64143,49.02375],[-1.63916,49.02542],[-1.63792,49.02775],[-1.63708,49.02754],[-1.63696,49.02792],[-1.64125,49.02841],[-1.64243,49.03042],[-1.63611,49.03292],[-1.63511,49.03458],[-1.63118,49.03792],[-1.63123,49.03875],[-1.62924,49.03958],[-1.62792,49.04119],[-1.62542,49.04259],[-1.62496,49.04792],[-1.62789,49.05208],[-1.63119,49.05458],[-1.63125,49.05542],[-1.63375,49.05661],[-1.63625,49.05868],[-1.63792,49.0589],[-1.63958,49.0603],[-1.64194,49.06125],[-1.64551,49.06542],[-1.64792,49.06542],[-1.64875,49.06586],[-1.65125,49.06519],[-1.65375,49.06517],[-1.65708,49.06578],[-1.65713,49.06708],[-1.65125,49.06908],[-1.64958,49.0691],[-1.64875,49.07063],[-1.65125,49.07209],[-1.65375,49.07217],[-1.65875,49.07361],[-1.66042,49.07486],[-1.66375,49.07483],[-1.66542,49.07311],[-1.66708,49.07318],[-1.66778,49.07375],[-1.66743,49.07458],[-1.66514,49.07542],[-1.66322,49.07792],[-1.66708,49.07802],[-1.6699,49.07958],[-1.66708,49.08093],[-1.66542,49.08031],[-1.66208,49.08086],[-1.66044,49.07958],[-1.66208,49.07875],[-1.66042,49.07811],[-1.65884,49.07875],[-1.65949,49.07958],[-1.65832,49.08042],[-1.65848,49.08125],[-1.66208,49.08238],[-1.66458,49.08223],[-1.66625,49.08371],[-1.66713,49.08375],[-1.66625,49.08618],[-1.66318,49.08625],[-1.6635,49.08792],[-1.6619,49.08875],[-1.66168,49.08958],[-1.66303,49.09125],[-1.66208,49.09225],[-1.65958,49.09212],[-1.65958,49.09438],[-1.66068,49.09542],[-1.66042,49.09583],[-1.65958,49.09584],[-1.65875,49.09492],[-1.65708,49.09501],[-1.65635,49.09542],[-1.65625,49.09748],[-1.65375,49.09777],[-1.65012,49.09958],[-1.65019,49.10042],[-1.64792,49.10085],[-1.64458,49.10266],[-1.64139,49.10292],[-1.64125,49.1041],[-1.64292,49.1046],[-1.64451,49.10625],[-1.64392,49.10708],[-1.64125,49.10795],[-1.64104,49.11042],[-1.64018,49.11125],[-1.63875,49.11158],[-1.63375,49.11014],[-1.62958,49.10644],[-1.62765,49.10542],[-1.62375,49.10491],[-1.62247,49.10542],[-1.62513,49.10792],[-1.62531,49.10958],[-1.62458,49.11093],[-1.62375,49.11083],[-1.62266,49.11208],[-1.62233,49.11542],[-1.6217,49.11542],[-1.62125,49.11439],[-1.61958,49.11388],[-1.61747,49.11458],[-1.61727,49.11625],[-1.61606,49.11792],[-1.61595,49.12292],[-1.61452,49.12458],[-1.61345,49.13708],[-1.61185,49.14208],[-1.614,49.14625],[-1.61328,49.14875],[-1.61381,49.14958],[-1.61338,49.15042],[-1.61098,49.15125],[-1.61292,49.15189],[-1.61458,49.15424],[-1.61689,49.15542],[-1.6173,49.15708],[-1.62458,49.15959],[-1.6269,49.16125],[-1.62708,49.16257],[-1.63125,49.16185],[-1.63299,49.16375],[-1.62958,49.16708],[-1.62375,49.16834],[-1.62042,49.1684],[-1.61958,49.16888],[-1.61905,49.16958],[-1.6189,49.17625],[-1.62042,49.17735],[-1.62542,49.17868],[-1.63125,49.18106],[-1.64272,49.18708],[-1.64377,49.19042],[-1.64633,49.19208],[-1.64724,49.19375],[-1.64767,49.19958],[-1.64896,49.20375],[-1.64871,49.20708],[-1.65042,49.20883],[-1.65178,49.21542],[-1.65625,49.21885],[-1.66042,49.21946],[-1.66077,49.22042],[-1.65941,49.22125],[-1.65976,49.22208],[-1.66208,49.22304],[-1.66458,49.22292],[-1.66542,49.22328],[-1.67125,49.22785],[-1.66878,49.23042],[-1.66875,49.23156],[-1.67125,49.23193],[-1.67375,49.2332],[-1.67616,49.23292],[-1.67683,49.23375],[-1.677,49.23458],[-1.67399,49.23708],[-1.67415,49.23792],[-1.67042,49.23948],[-1.66978,49.24042],[-1.67042,49.24217],[-1.67594,49.24292],[-1.67343,49.24542],[-1.67625,49.24635],[-1.67573,49.24708],[-1.67194,49.24875],[-1.67292,49.24943],[-1.67518,49.24958],[-1.6759,49.25042],[-1.67466,49.25125],[-1.67454,49.25625],[-1.67542,49.25668],[-1.67792,49.25491],[-1.67968,49.25708],[-1.67958,49.25952],[-1.68042,49.25861],[-1.68208,49.25853],[-1.68433,49.26042],[-1.68444,49.26125],[-1.68208,49.26215],[-1.68014,49.26125],[-1.67873,49.25958],[-1.67927,49.26458],[-1.68129,49.26708],[-1.68375,49.26743],[-1.68625,49.26914],[-1.68951,49.27042],[-1.68909,49.27125],[-1.68991,49.27208],[-1.69283,49.27375],[-1.69362,49.27458],[-1.69201,49.27542],[-1.69209,49.27625],[-1.69621,49.27958],[-1.69745,49.28292],[-1.69958,49.28558],[-1.70375,49.28639],[-1.70567,49.28708],[-1.70642,49.28792],[-1.70475,49.28958],[-1.70708,49.29049],[-1.70868,49.29542],[-1.71125,49.29755],[-1.71292,49.29674],[-1.71325,49.29708],[-1.71416,49.30208],[-1.71382,49.30542],[-1.71708,49.30744],[-1.71875,49.306],[-1.72208,49.30671],[-1.72342,49.30875],[-1.72332,49.31125],[-1.72734,49.31375],[-1.73426,49.32208],[-1.73625,49.32365],[-1.73875,49.32416],[-1.74158,49.32625],[-1.74421,49.33042],[-1.74462,49.33292],[-1.74951,49.33708],[-1.75568,49.34042],[-1.75708,49.34226],[-1.75792,49.3419],[-1.76125,49.34252],[-1.76232,49.34292],[-1.76375,49.3449],[-1.76866,49.34625],[-1.7695,49.34708],[-1.76958,49.34898],[-1.77208,49.34959],[-1.77542,49.35146],[-1.77708,49.35375],[-1.77875,49.35315],[-1.77958,49.35335],[-1.78325,49.35458],[-1.78708,49.35669],[-1.79042,49.36051],[-1.79125,49.3612],[-1.79224,49.36125],[-1.79743,49.36625],[-1.80292,49.3689],[-1.80471,49.37042],[-1.80875,49.37076],[-1.81317,49.37292],[-1.81796,49.37708],[-1.82208,49.38192],[-1.82292,49.38243],[-1.82542,49.38195],[-1.82625,49.38231],[-1.82673,49.38375],[-1.82875,49.38487],[-1.83087,49.38792],[-1.83027,49.38875],[-1.83066,49.39042],[-1.83208,49.39084],[-1.83375,49.39061],[-1.83551,49.39125],[-1.83544,49.39625],[-1.82974,49.41542],[-1.8309,49.41875],[-1.82985,49.42042],[-1.83009,49.42792],[-1.82934,49.43292],[-1.82993,49.44292],[-1.83292,49.45532],[-1.83556,49.45958],[-1.83792,49.46119],[-1.83858,49.46292],[-1.84231,49.46708],[-1.84796,49.46792],[-1.8493,49.47208],[-1.85353,49.47875],[-1.85249,49.49375],[-1.85383,49.50125],[-1.85692,49.50792],[-1.85962,49.50958],[-1.85994,49.51042],[-1.86125,49.51039],[-1.86202,49.51125],[-1.86292,49.51068],[-1.86375,49.51135],[-1.86792,49.51145],[-1.86875,49.51211],[-1.87292,49.51211],[-1.87577,49.51292],[-1.87708,49.51643],[-1.87882,49.51875],[-1.88208,49.51919],[-1.88292,49.5197],[-1.88533,49.52208],[-1.88542,49.52381],[-1.8869,49.52458],[-1.88678,49.52542],[-1.88798,49.52708],[-1.88655,49.52958],[-1.88714,49.53208],[-1.88618,49.53792],[-1.88478,49.53875],[-1.88458,49.54033],[-1.88125,49.5424],[-1.87963,49.54458],[-1.87875,49.5447],[-1.87708,49.54637],[-1.87292,49.5474],[-1.87198,49.54708],[-1.86948,49.54958],[-1.8694,49.55042],[-1.86542,49.55332],[-1.86375,49.55362],[-1.86192,49.55792],[-1.86292,49.55958],[-1.86253,49.56042],[-1.8576,49.56292],[-1.85525,49.56542],[-1.85208,49.56618],[-1.8514,49.56708],[-1.85046,49.57042],[-1.85042,49.57958],[-1.84844,49.58458],[-1.84886,49.59458],[-1.84806,49.60125],[-1.8487,49.60792],[-1.85155,49.62125],[-1.85486,49.62958],[-1.86157,49.64292],[-1.86643,49.64875],[-1.87458,49.65517],[-1.87824,49.65625],[-1.87958,49.656],[-1.88125,49.6571],[-1.88292,49.65714],[-1.88479,49.65792],[-1.88958,49.65853],[-1.89321,49.66208],[-1.89625,49.66301],[-1.89708,49.66461],[-1.90292,49.66475],[-1.90375,49.66548],[-1.90792,49.66546],[-1.90875,49.66469],[-1.91542,49.66476],[-1.91708,49.66491],[-1.91792,49.66557],[-1.92125,49.66569],[-1.92292,49.66622],[-1.92371,49.66375],[-1.92542,49.66306],[-1.92571,49.66375],[-1.92378,49.66625],[-1.92958,49.66905],[-1.93042,49.6705],[-1.93292,49.67061],[-1.93375,49.67],[-1.93542,49.67072],[-1.93792,49.67088],[-1.93875,49.66994],[-1.94042,49.67025],[-1.9416,49.67208],[-1.94137,49.67375],[-1.94292,49.67316],[-1.94625,49.67347],[-1.94817,49.67542],[-1.94783,49.67792],[-1.94292,49.68208],[-1.94147,49.68458],[-1.9401,49.68792],[-1.94006,49.69208],[-1.94149,49.69542],[-1.94375,49.69627],[-1.94562,49.69625],[-1.94605,49.69708],[-1.94535,49.69958],[-1.94642,49.70208],[-1.94893,49.70292],[-1.94792,49.7048],[-1.95042,49.70664],[-1.95125,49.70628],[-1.95208,49.70653],[-1.95419,49.70792],[-1.95383,49.70875],[-1.94958,49.71139],[-1.94729,49.71375],[-1.9474,49.71458],[-1.95025,49.71625],[-1.95039,49.71708],[-1.94912,49.71792],[-1.94893,49.71875],[-1.95004,49.72042],[-1.94875,49.72215],[-1.94841,49.72458],[-1.94792,49.72516],[-1.94542,49.72545],[-1.94208,49.72785],[-1.93708,49.72808],[-1.93292,49.73005],[-1.92958,49.72995],[-1.92542,49.73085],[-1.92375,49.72906],[-1.92125,49.7284],[-1.91958,49.72899],[-1.91792,49.73049],[-1.91708,49.73051],[-1.91646,49.72875],[-1.91708,49.72781],[-1.91292,49.72489],[-1.91042,49.72417],[-1.90958,49.72193],[-1.90875,49.72174],[-1.90792,49.72249],[-1.90781,49.72125],[-1.90651,49.72042],[-1.90208,49.72049],[-1.90125,49.71988],[-1.89958,49.71996],[-1.89708,49.71851],[-1.89375,49.72027],[-1.89347,49.71375],[-1.89458,49.71335],[-1.89474,49.71208],[-1.89292,49.71083],[-1.88875,49.71038],[-1.88792,49.70787],[-1.88458,49.7071],[-1.87792,49.70775],[-1.87542,49.70891],[-1.87458,49.70884],[-1.87302,49.71042],[-1.87309,49.71458],[-1.87208,49.71569],[-1.87042,49.71513],[-1.86958,49.7154],[-1.86708,49.7174],[-1.86551,49.71708],[-1.86458,49.71571],[-1.86042,49.71581],[-1.85925,49.71625],[-1.85875,49.71759],[-1.85792,49.71691],[-1.85458,49.71727],[-1.85375,49.71821],[-1.85125,49.71866],[-1.84928,49.71708],[-1.84792,49.71434],[-1.84375,49.71349],[-1.84292,49.71419],[-1.84208,49.71412],[-1.84125,49.71285],[-1.83958,49.7122],[-1.83792,49.713],[-1.83589,49.71292],[-1.83494,49.71125],[-1.83556,49.70958],[-1.8351,49.70875],[-1.83251,49.70708],[-1.83396,49.70625],[-1.83375,49.70395],[-1.83292,49.70411],[-1.83061,49.70292],[-1.82983,49.70042],[-1.83042,49.69958],[-1.82704,49.69875],[-1.82552,49.69458],[-1.82262,49.69375],[-1.82208,49.69142],[-1.81458,49.69087],[-1.81375,49.69015],[-1.80958,49.69041],[-1.80625,49.68981],[-1.80542,49.6886],[-1.79958,49.68888],[-1.79625,49.68861],[-1.79542,49.68791],[-1.79292,49.68785],[-1.79208,49.6874],[-1.78958,49.68778],[-1.78875,49.68713],[-1.78292,49.68601],[-1.78208,49.68449],[-1.78125,49.68449],[-1.78042,49.68371],[-1.77875,49.68368],[-1.77792,49.68289],[-1.77542,49.68285],[-1.77458,49.68207],[-1.76708,49.68198],[-1.76625,49.68041],[-1.76342,49.68042],[-1.76208,49.68101],[-1.75875,49.6807],[-1.75625,49.68161],[-1.74958,49.68094],[-1.74708,49.68271],[-1.74125,49.68204],[-1.73708,49.6804],[-1.73458,49.6802],[-1.73292,49.68085],[-1.72958,49.6799],[-1.72708,49.68024],[-1.72471,49.68292],[-1.72375,49.68253],[-1.72208,49.68348],[-1.71792,49.68327],[-1.71708,49.68241],[-1.71042,49.68073],[-1.70631,49.67875],[-1.70713,49.67625],[-1.70639,49.67542],[-1.70375,49.67373],[-1.69958,49.67236],[-1.69708,49.67187],[-1.69375,49.67257],[-1.69208,49.67371],[-1.69208,49.67463],[-1.68958,49.67426],[-1.68792,49.67486],[-1.68458,49.67497],[-1.68375,49.67389],[-1.68125,49.67252],[-1.67875,49.66828],[-1.67875,49.6678],[-1.68042,49.66744],[-1.68079,49.66625],[-1.67875,49.66523],[-1.67708,49.66507],[-1.67609,49.66375],[-1.67407,49.66292],[-1.67125,49.65973],[-1.66708,49.66038],[-1.65958,49.66016],[-1.65708,49.6596],[-1.65458,49.6597],[-1.65125,49.65798],[-1.64792,49.65857],[-1.64375,49.65847],[-1.64292,49.65905],[-1.63779,49.65875],[-1.6362,49.65792],[-1.63494,49.65625],[-1.63463,49.65542],[-1.63526,49.65458],[-1.63409,49.65375],[-1.6352,49.65292],[-1.63375,49.65067],[-1.62708,49.65107],[-1.6244,49.64875],[-1.6249,49.64792],[-1.62292,49.64593],[-1.61875,49.64534],[-1.61458,49.64551],[-1.61375,49.6428],[-1.61261,49.64458],[-1.61292,49.64562],[-1.60875,49.6459],[-1.60792,49.64659],[-1.60625,49.64681],[-1.60458,49.64633],[-1.60356,49.64708],[-1.60292,49.64992],[-1.59792,49.65376],[-1.59208,49.65434],[-1.58875,49.65286],[-1.58708,49.65533],[-1.58458,49.6558],[-1.58234,49.65708],[-1.57958,49.65696],[-1.57125,49.65862],[-1.57087,49.66125],[-1.5718,49.66208],[-1.57201,49.66458],[-1.57292,49.66553],[-1.57458,49.66566],[-1.57542,49.66636],[-1.57792,49.66651],[-1.57958,49.66741],[-1.58375,49.66791],[-1.58383,49.66875],[-1.58542,49.66999],[-1.58563,49.67042],[-1.58294,49.67292],[-1.58289,49.67458],[-1.58208,49.67496],[-1.58042,49.67508],[-1.58004,49.67375],[-1.57708,49.67127],[-1.57666,49.67292],[-1.57625,49.67323],[-1.57496,49.67292],[-1.5746,49.67042],[-1.57577,49.66792],[-1.57167,49.66708],[-1.57206,49.66625],[-1.57058,49.66542],[-1.57067,49.66208],[-1.56958,49.65917],[-1.56375,49.65902],[-1.56042,49.658],[-1.55958,49.65844],[-1.55965,49.65958],[-1.55875,49.65992],[-1.55382,49.65958],[-1.55445,49.65875],[-1.55375,49.65806],[-1.55208,49.65841],[-1.55264,49.65708],[-1.55125,49.65657],[-1.55042,49.65538],[-1.54958,49.65596],[-1.54909,49.65542],[-1.54625,49.6553],[-1.54542,49.65635],[-1.54458,49.65638],[-1.54292,49.65556],[-1.54125,49.65649],[-1.54042,49.65538],[-1.53792,49.65541],[-1.53542,49.65662],[-1.53375,49.65564],[-1.53208,49.65641],[-1.52958,49.65912],[-1.52792,49.65978],[-1.52458,49.65847],[-1.52292,49.65871],[-1.52125,49.66037],[-1.52042,49.66009],[-1.51708,49.662],[-1.51042,49.66247],[-1.50708,49.66379],[-1.50458,49.6637],[-1.50297,49.66458],[-1.50383,49.66542],[-1.50208,49.66653],[-1.49373,49.66875],[-1.49513,49.66958],[-1.49458,49.67055],[-1.49125,49.67103],[-1.49042,49.67038],[-1.48792,49.67069],[-1.48741,49.67125],[-1.488,49.67292],[-1.48625,49.67797],[-1.48208,49.68016],[-1.48042,49.68024],[-1.47875,49.68104],[-1.47493,49.68625],[-1.47469,49.68708],[-1.4766,49.68875],[-1.47768,49.69125],[-1.47747,49.69375],[-1.47542,49.69811],[-1.47292,49.70014],[-1.47125,49.69975],[-1.47042,49.70021],[-1.47031,49.70292],[-1.46958,49.70335],[-1.46723,49.70125],[-1.46712,49.70042],[-1.4682,49.69958],[-1.46762,49.69625],[-1.46625,49.6954],[-1.46042,49.69502],[-1.45958,49.69359],[-1.45458,49.69225],[-1.45081,49.69292],[-1.44927,49.69542],[-1.44958,49.69661],[-1.44875,49.69697],[-1.44792,49.69612],[-1.44625,49.69603],[-1.44503,49.69875],[-1.44292,49.69853],[-1.44091,49.69958],[-1.44104,49.70042],[-1.439,49.70208],[-1.43708,49.70597],[-1.43625,49.70616],[-1.43292,49.70233],[-1.43125,49.70211],[-1.42875,49.70478],[-1.42625,49.70567],[-1.42542,49.70667],[-1.42458,49.70531],[-1.42292,49.70666],[-1.42038,49.70708],[-1.41792,49.70576],[-1.41708,49.70604],[-1.41458,49.70421],[-1.41292,49.70398],[-1.41263,49.70542],[-1.41042,49.7069],[-1.41042,49.70858],[-1.40875,49.70897],[-1.40624,49.70625],[-1.40678,49.70458],[-1.40458,49.70439],[-1.40208,49.70541],[-1.40042,49.70429],[-1.39958,49.70435],[-1.39786,49.70458],[-1.39838,49.70708],[-1.39458,49.70825],[-1.39292,49.70968],[-1.38875,49.70827],[-1.38792,49.70748],[-1.38375,49.7075],[-1.38292,49.70803],[-1.38042,49.70747],[-1.37875,49.70756],[-1.37542,49.70923],[-1.37375,49.70946],[-1.37125,49.70867],[-1.36958,49.70965],[-1.36792,49.70725],[-1.36542,49.70792],[-1.36375,49.70692],[-1.35958,49.7068],[-1.35875,49.70542],[-1.35763,49.70708],[-1.35625,49.70713],[-1.35214,49.70458],[-1.35212,49.70375],[-1.35042,49.70275],[-1.34625,49.70245],[-1.34458,49.70162],[-1.34292,49.70181],[-1.34208,49.70122],[-1.34042,49.7016],[-1.33875,49.70284],[-1.33742,49.70208],[-1.33708,49.70105],[-1.33542,49.70106],[-1.33552,49.70208],[-1.33375,49.70399],[-1.33208,49.70332],[-1.33042,49.70335],[-1.32845,49.70125],[-1.32625,49.70099],[-1.32458,49.69933],[-1.32177,49.69958],[-1.32125,49.70103],[-1.31979,49.70042],[-1.31958,49.6994],[-1.31708,49.6993],[-1.31542,49.69861],[-1.31125,49.69803],[-1.30958,49.69717],[-1.30875,49.69776],[-1.30625,49.69507],[-1.30208,49.69269],[-1.29792,49.69207],[-1.29625,49.69254],[-1.29458,49.69223],[-1.29208,49.69269],[-1.28875,49.69252],[-1.28625,49.69471],[-1.28125,49.69478],[-1.28093,49.69542],[-1.27897,49.69542],[-1.27792,49.69634],[-1.27548,49.69708],[-1.27458,49.69584],[-1.27042,49.69761],[-1.26375,49.69909],[-1.26042,49.69839],[-1.25992,49.69792],[-1.26113,49.69625],[-1.26117,49.69458],[-1.26259,49.69375],[-1.26277,49.69292],[-1.26176,49.69125],[-1.2622,49.68875],[-1.26292,49.68813],[-1.26571,49.68792],[-1.26399,49.68708],[-1.26458,49.68542],[-1.26235,49.68458],[-1.26461,49.68292],[-1.26465,49.68042],[-1.26231,49.67875],[-1.26375,49.67798],[-1.26426,49.67625],[-1.26292,49.67452],[-1.26208,49.67523],[-1.25958,49.67523],[-1.25792,49.676],[-1.257,49.67542],[-1.25696,49.67292],[-1.25625,49.67221],[-1.25458,49.67182],[-1.25292,49.67258],[-1.25125,49.67071],[-1.25042,49.67147],[-1.24985,49.67125],[-1.24875,49.66842],[-1.24625,49.66772],[-1.24625,49.66515],[-1.24542,49.66445],[-1.24458,49.66559],[-1.24347,49.66542],[-1.24231,49.66292],[-1.24292,49.66206],[-1.24125,49.66169],[-1.23792,49.65885],[-1.23428,49.65792],[-1.23375,49.65598],[-1.23292,49.65675],[-1.23171,49.65375],[-1.23484,49.65292],[-1.23599,49.65125],[-1.23757,49.65042],[-1.23834,49.64792],[-1.23708,49.64613],[-1.23458,49.64748],[-1.23292,49.64704],[-1.23208,49.6461],[-1.23042,49.64609],[-1.23002,49.64542],[-1.2312,49.64375],[-1.23063,49.64292],[-1.22772,49.64208],[-1.22792,49.6412],[-1.23028,49.63958],[-1.22976,49.63875],[-1.22756,49.63792],[-1.23085,49.63625],[-1.23115,49.63542],[-1.22958,49.6337],[-1.22778,49.63292],[-1.22857,49.63125],[-1.22708,49.63092],[-1.22636,49.63125],[-1.22542,49.63276],[-1.22375,49.63149],[-1.22542,49.62855],[-1.22666,49.62792],[-1.22625,49.62721],[-1.22353,49.62708],[-1.22388,49.62542],[-1.22223,49.62458],[-1.22292,49.61969],[-1.22125,49.61958],[-1.21799,49.61792],[-1.21867,49.61625],[-1.21694,49.61375],[-1.21792,49.61289],[-1.22208,49.61325],[-1.22558,49.61042],[-1.22502,49.60958],[-1.22259,49.60875],[-1.2242,49.60792],[-1.22379,49.60542],[-1.22164,49.60292],[-1.22542,49.60227],[-1.23208,49.60259],[-1.23533,49.59958],[-1.23738,49.59625],[-1.23665,49.59208],[-1.23375,49.59134],[-1.23055,49.58875],[-1.23133,49.58708],[-1.23435,49.58458],[-1.23501,49.58042],[-1.23603,49.57875],[-1.23708,49.57826],[-1.23792,49.58125],[-1.24208,49.58293],[-1.24375,49.5829],[-1.24625,49.58403],[-1.25125,49.58443],[-1.25375,49.58341],[-1.25458,49.58421],[-1.25732,49.58208],[-1.25792,49.57887],[-1.26042,49.57557],[-1.26458,49.57322],[-1.26708,49.57052],[-1.27458,49.5697],[-1.27792,49.57067],[-1.27875,49.57034],[-1.27958,49.57104],[-1.28375,49.56976],[-1.28604,49.56792],[-1.28744,49.56292],[-1.28506,49.56125],[-1.28517,49.56042],[-1.2873,49.55708],[-1.28648,49.55542],[-1.28708,49.55496],[-1.28792,49.55542],[-1.2892,49.55292],[-1.28816,49.55125],[-1.2891,49.54625],[-1.28625,49.54292],[-1.28689,49.54042],[-1.28509,49.53292],[-1.28125,49.52723],[-1.27742,49.52458],[-1.27607,49.51958],[-1.27104,49.51292],[-1.26833,49.51125],[-1.26848,49.50958],[-1.26375,49.50735],[-1.26125,49.50517],[-1.25818,49.50458],[-1.25882,49.50375],[-1.25664,49.49958],[-1.25613,49.49542],[-1.25458,49.49383],[-1.25242,49.49292],[-1.25212,49.49125],[-1.25029,49.48875],[-1.24443,49.48375],[-1.24292,49.48094],[-1.24125,49.48042],[-1.23875,49.48042],[-1.23644,49.47958],[-1.2372,49.47875],[-1.23666,49.47792],[-1.23352,49.47542],[-1.23174,49.47292],[-1.22811,49.47042],[-1.22768,49.46875],[-1.22432,49.46708],[-1.21708,49.45887],[-1.19419,49.44125],[-1.18625,49.43621],[-1.17192,49.42458],[-1.1668,49.42292],[-1.15875,49.41789],[-1.15625,49.41492],[-1.15458,49.41506],[-1.14792,49.41306],[-1.14375,49.41081],[-1.14125,49.41141],[-1.13792,49.41127],[-1.13625,49.41018],[-1.13375,49.40947],[-1.13125,49.4077],[-1.12958,49.40819],[-1.12375,49.40528],[-1.11875,49.40585],[-1.11208,49.40459],[-1.11125,49.40377],[-1.10875,49.40361],[-1.10458,49.40457],[-1.10125,49.40265],[-1.09958,49.39913],[-1.09708,49.39798],[-1.09245,49.39875],[-1.09042,49.40084],[-1.08792,49.39993],[-1.08375,49.40073],[-1.08042,49.40244],[-1.07208,49.40353],[-1.0707,49.40458],[-1.07042,49.40579],[-1.06625,49.40722],[-1.06375,49.40687],[-1.06215,49.40875],[-1.06098,49.40708],[-1.05958,49.40669],[-1.05825,49.40708],[-1.05792,49.40854],[-1.05708,49.40795],[-1.05208,49.40901],[-1.04792,49.40767],[-1.04458,49.40731],[-1.04208,49.40848],[-1.03792,49.40865],[-1.03542,49.40935],[-1.0313,49.40792],[-1.02621,49.40458],[-1.02704,49.40208],[-1.02625,49.4014],[-1.02375,49.40206],[-1.02208,49.40041],[-1.02047,49.40208],[-1.01792,49.40254],[-1.01625,49.39875],[-1.01542,49.39869],[-1.01208,49.4019],[-1.00542,49.40188],[-1.00204,49.40042],[-1.00183,49.39958],[-1.00314,49.39875],[-1.00388,49.39708],[-1.00292,49.39681],[-0.99292,49.39624],[-0.98958,49.39957],[-0.98625,49.3973],[-0.98458,49.39721],[-0.98292,49.39642],[-0.97625,49.39587],[-0.97241,49.39625],[-0.97042,49.39747],[-0.96792,49.39805],[-0.96292,49.39765],[-0.96125,49.39706],[-0.94625,49.39695],[-0.93208,49.39496],[-0.92125,49.39247],[-0.91458,49.38903],[-0.90458,49.38511],[-0.90042,49.3841],[-0.89708,49.38215],[-0.89542,49.38192],[-0.87875,49.37537],[-0.86375,49.37073],[-0.85792,49.36952],[-0.84208,49.36442],[-0.82042,49.35956],[-0.80997,49.35792],[-0.80042,49.35703]]},"properties":{"source":"emodnet_dtm_2024","level":2}},{"type":"Feature","geometry":{"type":"LineString","coordinates":[[-2.65875,48.55825],[-2.65875,48.55718],[-2.65924,48.55792],[-2.65875,48.55825]]},"properties":{"source":"emodnet_dtm_2024","level":2}},{"type":"Feature","geometry":{"type":"LineString","coordinates":[[-1.99208,48.58728],[-1.9914,48.58708],[-1.99292,48.58589],[-1.99502,48.58625],[-1.99531,48.58708],[-1.99458,48.58766],[-1.99292,48.58777],[-1.99208,48.58728]]},"properties":{"source":"emodnet_dtm_2024","level":2}},{"type":"Feature","geometry":{"type":"LineString","coordinates":[[-2.00542,48.59677],[-2.00375,48.5951],[-2.00292,48.59495],[-2.00269,48.59542],[-2.00375,48.59581],[-2.00514,48.59792],[-2.00853,48.59792],[-2.00792,48.59741],[-2.00625,48.59756],[-2.00542,48.59677]]},"properties":{"source":"emodnet_dtm_2024","level":2}},{"type":"Feature","geometry":{"type":"LineString","coordinates":[[-2.58042,48.61323],[-2.58042,48.61271],[-2.58042,48.61323]]},"properties":{"source":"emodnet_dtm_2024","level":2}},{"type":"Feature","geometry":{"type":"LineString","coordinates":[[-2.52125,48.61409],[-2.52143,48.61292],[-2.52375,48.61155],[-2.52458,48.61307],[-2.52125,48.61409]]},"properties":{"source":"emodnet_dtm_2024","level":2}},{"type":"Feature","geometry":{"type":"LineString","coordinates":[[-2.57958,48.61674],[-2.57889,48.61625],[-2.57958,48.61607],[-2.57958,48.61674]]},"properties":{"source":"emodnet_dtm_2024","level":2}},{"type":"Feature","geometry":{"type":"LineString","coordinates":[[-2.57208,48.61709],[-2.57226,48.61542],[-2.57375,48.61422],[-2.57625,48.61515],[-2.57792,48.61699],[-2.57868,48.61708],[-2.57792,48.6171],[-2.57726,48.61792],[-2.57606,48.62042],[-2.57458,48.62109],[-2.57242,48.61958],[-2.57208,48.61709]]},"properties":{"source":"emodnet_dtm_2024","level":2}},{"type":"Feature","geometry":{"type":"LineString","coordinates":[[-2.02042,48.6199],[-2.02042,48.61692],[-2.02266,48.61875],[-2.02208,48.61999],[-2.02042,48.6199]]},"properties":{"source":"emodnet_dtm_2024","level":2}},{"type":"Feature","geometry":{"type":"LineString","coordinates":[[-2.16958,48.62098],[-2.16879,48.61958],[-2.16958,48.61913],[-2.1704,48.61958],[-2.16958,48.62098]]},"properties":{"source":"emodnet_dtm_2024","level":2}},{"type":"Feature","geometry":{"type":"LineString","coordinates":[[-2.76958,48.62542],[-2.76946,48.62458],[-2.77042,48.62416],[-2.77042,48.62602],[-2.76958,48.62542]]},"properties":{"source":"emodnet_dtm_2024","level":2}},{"type":"Feature","geometry":{"type":"LineString","coordinates":[[-2.16958,48.62708],[-2.16929,48.62375],[-2.17042,48.62181],[-2.17051,48.62292],[-2.17208,48.62398],[-2.17236,48.62542],[-2.17042,48.62764],[-2.16958,48.62708]]},"properties":{"source":"emodnet_dtm_2024","level":2}},{"type":"Feature","geometry":{"type":"LineString","coordinates":[[-2.16875,48.62916],[-2.16875,48.6282],[-2.16958,48.62796],[-2.16988,48.62875],[-2.16875,48.62916]]},"properties":{"source":"emodnet_dtm_2024","level":2}},{"type":"Feature","geometry":{"type":"LineString","coordinates":[[-2.02542,48.62891],[-2.02542,48.62837],[-2.02625,48.62812],[-2.02813,48.62875],[-2.02708,48.62926],[-2.02542,48.62891]]},"properties":{"source":"emodnet_dtm_2024","level":2}},{"type":"Feature","geometry":{"type":"LineString","coordinates":[[-2.02125,48.62919],[-2.02125,48.6278],[-2.02206,48.62875],[-2.02125,48.62919]]},"properties":{"source":"emodnet_dtm_2024","level":2}},{"type":"Feature","geometry":{"type":"LineString","coordinates":[[-2.77042,48.6297],[-2.77125,48.62893],[-2.77208,48.6295],[-2.77408,48.63125],[-2.77375,48.63232],[-2.77125,48.63115],[-2.77042,48.6297]]},"properties":{"source":"emodnet_dtm_2024","level":2}},{"type":"Feature","geometry":{"type":"LineString","coordinates":[[-2.74375,48.63216],[-2.74458,48.63133],[-2.74526,48.63208],[-2.74458,48.63313],[-2.74375,48.63216]]},"properties":{"source":"emodnet_dtm_2024","level":2}},{"type":"Feature","geometry":{"type":"LineString","coordinates":[[-2.74542,48.63408],[-2.74542,48.63334],[-2.74542,48.63408]]},"properties":{"source":"emodnet_dtm_2024","level":2}},{"type":"Feature","geometry":{"type":"LineString","coordinates":[[-2.75958,48.63525],[-2.75958,48.6345],[-2.76029,48.63458],[-2.75958,48.63525]]},"properties":{"source":"emodnet_dtm_2024","level":2}},{"type":"Feature","geometry":{"type":"LineString","coordinates":[[-2.02792,48.63479],[-2.02708,48.63444],[-2.02638,48.63542],[-2.02708,48.63612],[-2.02872,48.63542],[-2.02792,48.63479]]},"properties":{"source":"emodnet_dtm_2024","level":2}},{"type":"Feature","geometry":{"type":"LineString","coordinates":[[-2.76875,48.63744],[-2.76958,48.63612],[-2.77125,48.63681],[-2.77292,48.63685],[-2.77375,48.63981],[-2.77458,48.64041],[-2.77542,48.63977],[-2.77958,48.64408],[-2.78079,48.64375],[-2.7812,48.64208],[-2.78375,48.64148],[-2.78473,48.64208],[-2.78458,48.64391],[-2.78542,48.64429],[-2.78792,48.64387],[-2.79208,48.6465],[-2.79375,48.64646],[-2.79458,48.64857],[-2.79958,48.65076],[-2.80112,48.65542],[-2.79875,48.65968],[-2.79958,48.66065],[-2.80125,48.66002],[-2.80208,48.66064],[-2.80352,48.66042],[-2.80375,48.65949],[-2.80542,48.65924],[-2.80589,48.65958],[-2.80542,48.66183],[-2.80644,48.66208],[-2.80708,48.66402],[-2.80792,48.66405],[-2.81055,48.66625],[-2.80958,48.66811],[-2.80875,48.66853],[-2.80625,48.66556],[-2.80419,48.66542],[-2.80375,48.66381],[-2.80292,48.66371],[-2.80125,48.66472],[-2.79958,48.66425],[-2.79864,48.66542],[-2.79914,48.66708],[-2.79708,48.66744],[-2.79076,48.66208],[-2.78875,48.66172],[-2.7879,48.66208],[-2.78542,48.65799],[-2.78375,48.65765],[-2.78125,48.65614],[-2.77875,48.656],[-2.77792,48.65295],[-2.77708,48.65225],[-2.77375,48.65185],[-2.77101,48.65042],[-2.77294,48.64875],[-2.77436,48.64458],[-2.77375,48.64351],[-2.77163,48.64458],[-2.77125,48.64646],[-2.76875,48.64604],[-2.76792,48.64684],[-2.76898,48.64958],[-2.76625,48.6515],[-2.76375,48.65047],[-2.76436,48.64958],[-2.76387,48.64708],[-2.76208,48.64552],[-2.76042,48.64598],[-2.7584,48.64542],[-2.75746,48.64125],[-2.75875,48.64066],[-2.76125,48.64161],[-2.76375,48.6408],[-2.76625,48.64105],[-2.76875,48.63954],[-2.76875,48.63744]]},"properties":{"source":"emodnet_dtm_2024","level":2}},{"type":"Feature","geometry":{"type":"LineString","coordinates":[[-2.48708,48.63915],[-2.48708,48.63848],[-2.48787,48.63875],[-2.48708,48.63915]]},"properties":{"source":"emodnet_dtm_2024","level":2}},{"type":"Feature","geometry":{"type":"LineString","coordinates":[[-2.53125,48.63964],[-2.53069,48.63875],[-2.53208,48.63818],[-2.53429,48.63958],[-2.5342,48.64042],[-2.53375,48.64071],[-2.53292,48.63998],[-2.53125,48.63964]]},"properties":{"source":"emodnet_dtm_2024","level":2}},{"type":"Feature","geometry":{"type":"LineString","coordinates":[[-2.16208,48.63973],[-2.16154,48.63875],[-2.16215,48.63792],[-2.16125,48.6379],[-2.15924,48.63958],[-2.1602,48.64042],[-2.15625,48.64311],[-2.15508,48.64292],[-2.15439,48.64208],[-2.15555,48.63875],[-2.1572,48.63792],[-2.15792,48.63657],[-2.15958,48.63609],[-2.16125,48.63682],[-2.16208,48.63635],[-2.16375,48.63738],[-2.1639,48.63958],[-2.16292,48.64001],[-2.16208,48.63973]]},"properties":{"source":"emodnet_dtm_2024","level":2}},{"type":"Feature","geometry":{"type":"LineString","coordinates":[[-2.13375,48.64465],[-2.13375,48.64465]]},"properties":{"source":"emodnet_dtm_2024","level":2}},{"type":"Feature","geometry":{"type":"LineString","coordinates":[[-2.82042,48.64662],[-2.81792,48.64592],[-2.81582,48.64708],[-2.81577,48.64792],[-2.81792,48.64925],[-2.81958,48.64913],[-2.82076,48.64792],[-2.82042,48.64662]]},"properties":{"source":"emodnet_dtm_2024","level":2}},{"type":"Feature","geometry":{"type":"LineString","coordinates":[[-2.76125,48.64709],[-2.76125,48.64709]]},"properties":{"source":"emodnet_dtm_2024","level":2}},{"type":"Feature","geometry":{"type":"LineString","coordinates":[[-2.13375,48.64717],[-2.13375,48.64606],[-2.13375,48.64717]]},"properties":{"source":"emodnet_dtm_2024","level":2}},{"type":"Feature","geometry":{"type":"LineString","coordinates":[[-2.62875,48.64824],[-2.62875,48.64654],[-2.62984,48.64708],[-2.62875,48.64824]]},"properties":{"source":"emodnet_dtm_2024","level":2}},{"type":"Feature","geometry":{"type":"LineString","coordinates":[[-2.26208,48.64795],[-2.26151,48.64708],[-2.26208,48.64624],[-2.26292,48.64623],[-2.26363,48.64708],[-2.26292,48.64812],[-2.26208,48.64795]]},"properties":{"source":"emodnet_dtm_2024","level":2}},{"type":"Feature","geometry":{"type":"LineString","coordinates":[[-2.06458,48.64859],[-2.06397,48.64792],[-2.06542,48.64724],[-2.06675,48.64875],[-2.06625,48.64908],[-2.06458,48.64859]]},"properties":{"source":"emodnet_dtm_2024","level":2}},{"type":"Feature","geometry":{"type":"LineString","coordinates":[[-2.56625,48.65003],[-2.56596,48.64875],[-2.56708,48.64803],[-2.5683,48.64875],[-2.56798,48.64958],[-2.56625,48.65003]]},"properties":{"source":"emodnet_dtm_2024","level":2}},{"type":"Feature","geometry":{"type":"LineString","coordinates":[[-2.03708,48.6496],[-2.03625,48.64936],[-2.03542,48.64983],[-2.03532,48.65042],[-2.03625,48.65094],[-2.03789,48.65042],[-2.03708,48.6496]]},"properties":{"source":"emodnet_dtm_2024","level":2}},{"type":"Feature","geometry":{"type":"LineString","coordinates":[[-2.40042,48.65043],[-2.40042,48.65043]]},"properties":{"source":"emodnet_dtm_2024","level":2}},{"type":"Feature","geometry":{"type":"LineString","coordinates":[[-2.11292,48.65047],[-2.11292,48.65047]]},"properties":{"source":"emodnet_dtm_2024","level":2}},{"type":"Feature","geometry":{"type":"LineString","coordinates":[[-2.06042,48.65186],[-2.06042,48.65118],[-2.06125,48.65115],[-2.06125,48.65247],[-2.06042,48.65186]]},"properties":{"source":"emodnet_dtm_2024","level":2}},{"type":"Feature","geometry":{"type":"LineString","coordinates":[[-2.06292,48.65324],[-2.06225,48.65292],[-2.06292,48.65253],[-2.06708,48.65222],[-2.06792,48.6507],[-2.06875,48.65068],[-2.07018,48.65125],[-2.07042,48.6523],[-2.07625,48.65104],[-2.07785,48.65125],[-2.07875,48.65206],[-2.08292,48.65131],[-2.08553,48.65208],[-2.08576,48.65292],[-2.08375,48.65351],[-2.07958,48.6536],[-2.07683,48.65458],[-2.07458,48.65475],[-2.07042,48.65795],[-2.0687,48.65708],[-2.06792,48.65549],[-2.06748,48.65708],[-2.06676,48.65708],[-2.06585,48.65542],[-2.06623,48.65458],[-2.06292,48.65324]]},"properties":{"source":"emodnet_dtm_2024","level":2}},{"type":"Feature","geometry":{"type":"LineString","coordinates":[[-2.75125,48.6539],[-2.75125,48.6539]]},"properties":{"source":"emodnet_dtm_2024","level":2}},{"type":"Feature","geometry":{"type":"LineString","coordinates":[[-2.74708,48.65383],[-2.74792,48.65258],[-2.74891,48.65375],[-2.74708,48.65383]]},"properties":{"source":"emodnet_dtm_2024","level":2}},{"type":"Feature","geometry":{"type":"LineString","coordinates":[[-2.48875,48.65479],[-2.48811,48.65458],[-2.48875,48.65479]]},"properties":{"source":"emodnet_dtm_2024","level":2}},{"type":"Feature","geometry":{"type":"LineString","coordinates":[[-2.08708,48.65465],[-2.08792,48.65357],[-2.09042,48.65308],[-2.09333,48.65458],[-2.09208,48.65592],[-2.08974,48.65625],[-2.08875,48.6577],[-2.08792,48.6577],[-2.08755,48.65708],[-2.08708,48.65465]]},"properties":{"source":"emodnet_dtm_2024","level":2}},{"type":"Feature","geometry":{"type":"LineString","coordinates":[[-2.74375,48.65711],[-2.74292,48.65674],[-2.74208,48.65708],[-2.74197,48.65458],[-2.74458,48.65338],[-2.74498,48.65625],[-2.74458,48.65714],[-2.74375,48.65711]]},"properties":{"source":"emodnet_dtm_2024","level":2}},{"type":"Feature","geometry":{"type":"LineString","coordinates":[[-2.49208,48.65803],[-2.49292,48.6575],[-2.49328,48.65792],[-2.49208,48.65803]]},"properties":{"source":"emodnet_dtm_2024","level":2}},{"type":"Feature","geometry":{"type":"LineString","coordinates":[[-2.45042,48.65818],[-2.44991,48.65792],[-2.45042,48.65717],[-2.45208,48.65608],[-2.45292,48.656],[-2.45471,48.65708],[-2.45125,48.65758],[-2.45042,48.65818]]},"properties":{"source":"emodnet_dtm_2024","level":2}},{"type":"Feature","geometry":{"type":"LineString","coordinates":[[-2.44875,48.65797],[-2.44819,48.65792],[-2.44875,48.65797]]},"properties":{"source":"emodnet_dtm_2024","level":2}},{"type":"Feature","geometry":{"type":"LineString","coordinates":[[-2.44542,48.65867],[-2.44491,48.65792],[-2.44625,48.65726],[-2.44696,48.65792],[-2.44542,48.65867]]},"properties":{"source":"emodnet_dtm_2024","level":2}},{"type":"Feature","geometry":{"type":"LineString","coordinates":[[-2.44125,48.65872],[-2.44125,48.65733],[-2.44179,48.65792],[-2.44125,48.65872]]},"properties":{"source":"emodnet_dtm_2024","level":2}},{"type":"Feature","geometry":{"type":"LineString","coordinates":[[-2.07958,48.6582],[-2.07895,48.65792],[-2.07958,48.65705],[-2.07958,48.6582]]},"properties":{"source":"emodnet_dtm_2024","level":2}},{"type":"Feature","geometry":{"type":"LineString","coordinates":[[-2.07542,48.65912],[-2.07625,48.65691],[-2.07774,48.65792],[-2.07673,48.65958],[-2.07625,48.6598],[-2.07542,48.65912]]},"properties":{"source":"emodnet_dtm_2024","level":2}},{"type":"Feature","geometry":{"type":"LineString","coordinates":[[-2.82875,48.65982],[-2.82875,48.65943],[-2.82875,48.65982]]},"properties":{"source":"emodnet_dtm_2024","level":2}},{"type":"Feature","geometry":{"type":"LineString","coordinates":[[-2.44542,48.65971],[-2.44542,48.65905],[-2.44542,48.65971]]},"properties":{"source":"emodnet_dtm_2024","level":2}},{"type":"Feature","geometry":{"type":"LineString","coordinates":[[-2.44125,48.66013],[-2.44125,48.65877],[-2.4418,48.65958],[-2.44125,48.66013]]},"properties":{"source":"emodnet_dtm_2024","level":2}},{"type":"Feature","geometry":{"type":"LineString","coordinates":[[-2.41458,48.66002],[-2.41395,48.65875],[-2.41542,48.65759],[-2.41625,48.65767],[-2.41679,48.65875],[-2.41625,48.66065],[-2.41458,48.66002]]},"properties":{"source":"emodnet_dtm_2024","level":2}},{"type":"Feature","geometry":{"type":"LineString","coordinates":[[-2.09125,48.65959],[-2.09125,48.65959]]},"properties":{"source":"emodnet_dtm_2024","level":2}},{"type":"Feature","geometry":{"type":"LineString","coordinates":[[-2.05375,48.66142],[-2.05375,48.66016],[-2.05375,48.66142]]},"properties":{"source":"emodnet_dtm_2024","level":2}},{"type":"Feature","geometry":{"type":"LineString","coordinates":[[-2.48708,48.66247],[-2.48658,48.66208],[-2.48708,48.66153],[-2.48708,48.66247]]},"properties":{"source":"emodnet_dtm_2024","level":2}},{"type":"Feature","geometry":{"type":"LineString","coordinates":[[-2.09958,48.66274],[-2.09929,48.66208],[-2.10042,48.66129],[-2.10208,48.66167],[-2.10182,48.66292],[-2.10042,48.6643],[-2.09958,48.66274]]},"properties":{"source":"emodnet_dtm_2024","level":2}},{"type":"Feature","geometry":{"type":"LineString","coordinates":[[-2.83125,48.66296],[-2.83125,48.66296]]},"properties":{"source":"emodnet_dtm_2024","level":2}},{"type":"Feature","geometry":{"type":"LineString","coordinates":[[-2.01542,48.66365],[-2.01542,48.66273],[-2.01542,48.66365]]},"properties":{"source":"emodnet_dtm_2024","level":2}},{"type":"Feature","geometry":{"type":"LineString","coordinates":[[-2.08792,48.66573],[-2.08607,48.66542],[-2.08548,48.66458],[-2.08625,48.66383],[-2.08708,48.6637],[-2.08849,48.66458],[-2.08792,48.66573]]},"properties":{"source":"emodnet_dtm_2024","level":2}},{"type":"Feature","geometry":{"type":"LineString","coordinates":[[-2.49208,48.66656],[-2.49208,48.66583],[-2.49292,48.66582],[-2.49336,48.66625],[-2.49208,48.66656]]},"properties":{"source":"emodnet_dtm_2024","level":2}},{"type":"Feature","geometry":{"type":"LineString","coordinates":[[-2.47958,48.66703],[-2.47894,48.66625],[-2.47958,48.66548],[-2.48218,48.66708],[-2.47958,48.66703]]},"properties":{"source":"emodnet_dtm_2024","level":2}},{"type":"Feature","geometry":{"type":"LineString","coordinates":[[-2.00708,48.6664],[-2.00636,48.66542],[-2.00708,48.66443],[-2.00708,48.6664]]},"properties":{"source":"emodnet_dtm_2024","level":2}},{"type":"Feature","geometry":{"type":"LineString","coordinates":[[-2.36208,48.66786],[-2.36153,48.66708],[-2.36208,48.66658],[-2.36292,48.66706],[-2.36474,48.66708],[-2.36458,48.66769],[-2.36292,48.66718],[-2.36208,48.66786]]},"properties":{"source":"emodnet_dtm_2024","level":2}},{"type":"Feature","geometry":{"type":"LineString","coordinates":[[-2.10042,48.66711],[-2.10042,48.66646],[-2.10042,48.66711]]},"properties":{"source":"emodnet_dtm_2024","level":2}},{"type":"Feature","geometry":{"type":"LineString","coordinates":[[-2.00875,48.6675],[-2.00875,48.66637],[-2.00958,48.6665],[-2.01026,48.66708],[-2.00958,48.66768],[-2.00875,48.6675]]},"properties":{"source":"emodnet_dtm_2024","level":2}},{"type":"Feature","geometry":{"type":"LineString","coordinates":[[-2.50042,48.66819],[-2.50042,48.66779],[-2.50042,48.66819]]},"properties":{"source":"emodnet_dtm_2024","level":2}},{"type":"Feature","geometry":{"type":"LineString","coordinates":[[-2.28292,48.67029],[-2.28244,48.66958],[-2.28292,48.66907],[-2.28375,48.66918],[-2.28375,48.6701],[-2.28292,48.67029]]},"properties":{"source":"emodnet_dtm_2024","level":2}},{"type":"Feature","geometry":{"type":"LineString","coordinates":[[-2.48458,48.67069],[-2.48458,48.66993],[-2.48625,48.67001],[-2.48707,48.66958],[-2.48792,48.66771],[-2.48825,48.66875],[-2.48718,48.66958],[-2.48875,48.67252],[-2.49125,48.6707],[-2.49273,48.67125],[-2.49292,48.6732],[-2.49208,48.67322],[-2.49098,48.67458],[-2.49292,48.67659],[-2.49292,48.67875],[-2.49042,48.68095],[-2.48708,48.68186],[-2.48375,48.6809],[-2.48234,48.67958],[-2.48214,48.67792],[-2.47958,48.67742],[-2.47757,48.67542],[-2.47958,48.67402],[-2.48292,48.67542],[-2.48542,48.67499],[-2.48792,48.67655],[-2.48958,48.67666],[-2.49029,48.67542],[-2.48875,48.67338],[-2.48458,48.67069]]},"properties":{"source":"emodnet_dtm_2024","level":2}},{"type":"Feature","geometry":{"type":"LineString","coordinates":[[-2.47375,48.67046],[-2.47375,48.67046]]},"properties":{"source":"emodnet_dtm_2024","level":2}},{"type":"Feature","geometry":{"type":"LineString","coordinates":[[-2.06208,48.67101],[-2.0614,48.67042],[-2.06208,48.66987],[-2.06307,48.67125],[-2.06208,48.67101]]},"properties":{"source":"emodnet_dtm_2024","level":2}},{"type":"Feature","geometry":{"type":"LineString","coordinates":[[-2.06625,48.67159],[-2.06625,48.67118],[-2.06625,48.67159]]},"properties":{"source":"emodnet_dtm_2024","level":2}},{"type":"Feature","geometry":{"type":"LineString","coordinates":[[-2.05375,48.67182],[-2.05295,48.67125],[-2.05375,48.67074],[-2.05439,48.67125],[-2.05375,48.67182]]},"properties":{"source":"emodnet_dtm_2024","level":2}},{"type":"Feature","geometry":{"type":"LineString","coordinates":[[-2.07875,48.67401],[-2.07875,48.67038],[-2.08016,48.67208],[-2.07981,48.67375],[-2.07875,48.67401]]},"properties":{"source":"emodnet_dtm_2024","level":2}},{"type":"Feature","geometry":{"type":"LineString","coordinates":[[-1.99292,48.67464],[-1.99375,48.67412],[-1.99625,48.67424],[-1.99708,48.67341],[-1.99792,48.6743],[-1.99875,48.67434],[-1.99917,48.67542],[-1.99792,48.67593],[-1.99625,48.67502],[-1.99458,48.67845],[-1.99292,48.67917],[-1.9916,48.67625],[-1.99313,48.67542],[-1.99292,48.67464]]},"properties":{"source":"emodnet_dtm_2024","level":2}},{"type":"Feature","geometry":{"type":"LineString","coordinates":[[-2.49792,48.67553],[-2.49875,48.67512],[-2.49906,48.67542],[-2.49875,48.67592],[-2.49792,48.67553]]},"properties":{"source":"emodnet_dtm_2024","level":2}},{"type":"Feature","geometry":{"type":"LineString","coordinates":[[-2.34625,48.67589],[-2.34625,48.67512],[-2.34724,48.67542],[-2.34625,48.67589]]},"properties":{"source":"emodnet_dtm_2024","level":2}},{"type":"Feature","geometry":{"type":"LineString","coordinates":[[-2.46208,48.67824],[-2.46198,48.67708],[-2.46292,48.67702],[-2.46332,48.67792],[-2.46208,48.67824]]},"properties":{"source":"emodnet_dtm_2024","level":2}},{"type":"Feature","geometry":{"type":"LineString","coordinates":[[-2.07458,48.67823],[-2.07412,48.67792],[-2.07542,48.67479],[-2.07739,48.67542],[-2.07458,48.67823]]},"properties":{"source":"emodnet_dtm_2024","level":2}},{"type":"Feature","geometry":{"type":"LineString","coordinates":[[-2.06708,48.67821],[-2.06665,48.67625],[-2.06792,48.6746],[-2.07125,48.67411],[-2.07177,48.67708],[-2.0707,48.67792],[-2.07277,48.67875],[-2.06875,48.67985],[-2.06708,48.67821]]},"properties":{"source":"emodnet_dtm_2024","level":2}},{"type":"Feature","geometry":{"type":"LineString","coordinates":[[-2.50042,48.67882],[-2.50152,48.67875],[-2.50042,48.67882]]},"properties":{"source":"emodnet_dtm_2024","level":2}},{"type":"Feature","geometry":{"type":"LineString","coordinates":[[-2.45792,48.68025],[-2.45781,48.67708],[-2.45875,48.67581],[-2.46025,48.67708],[-2.46001,48.67875],[-2.46069,48.67958],[-2.45958,48.68018],[-2.45875,48.67979],[-2.45792,48.68025]]},"properties":{"source":"emodnet_dtm_2024","level":2}},{"type":"Feature","geometry":{"type":"LineString","coordinates":[[-1.82958,48.67989],[-1.82925,48.67875],[-1.83042,48.67734],[-1.83292,48.67743],[-1.83331,48.67875],[-1.83214,48.68042],[-1.82958,48.67989]]},"properties":{"source":"emodnet_dtm_2024","level":2}},{"type":"Feature","geometry":{"type":"LineString","coordinates":[[-2.47958,48.68084],[-2.47958,48.67982],[-2.48125,48.68001],[-2.48152,48.68042],[-2.48042,48.68117],[-2.47958,48.68084]]},"properties":{"source":"emodnet_dtm_2024","level":2}},{"type":"Feature","geometry":{"type":"LineString","coordinates":[[-1.82542,48.681],[-1.82542,48.68035],[-1.82792,48.6801],[-1.82816,48.68042],[-1.82835,48.68292],[-1.82625,48.68435],[-1.82569,48.68375],[-1.82625,48.68156],[-1.82542,48.681]]},"properties":{"source":"emodnet_dtm_2024","level":2}},{"type":"Feature","geometry":{"type":"LineString","coordinates":[[-2.05875,48.68131],[-2.05795,48.68042],[-2.05875,48.67973],[-2.05957,48.68042],[-2.05875,48.68131]]},"properties":{"source":"emodnet_dtm_2024","level":2}},{"type":"Feature","geometry":{"type":"LineString","coordinates":[[-2.45792,48.6822],[-2.45792,48.68062],[-2.45792,48.6822]]},"properties":{"source":"emodnet_dtm_2024","level":2}},{"type":"Feature","geometry":{"type":"LineString","coordinates":[[-2.49625,48.68391],[-2.49671,48.68375],[-2.49625,48.68391]]},"properties":{"source":"emodnet_dtm_2024","level":2}},{"type":"Feature","geometry":{"type":"LineString","coordinates":[[-2.48708,48.68384],[-2.48708,48.68384]]},"properties":{"source":"emodnet_dtm_2024","level":2}},{"type":"Feature","geometry":{"type":"LineString","coordinates":[[-2.44625,48.68391],[-2.44625,48.68391]]},"properties":{"source":"emodnet_dtm_2024","level":2}},{"type":"Feature","geometry":{"type":"LineString","coordinates":[[-2.49875,48.68493],[-2.49806,48.68458],[-2.49839,48.68375],[-2.49958,48.68345],[-2.49875,48.68493]]},"properties":{"source":"emodnet_dtm_2024","level":2}},{"type":"Feature","geometry":{"type":"LineString","coordinates":[[-2.32958,48.68801],[-2.32958,48.68801]]},"properties":{"source":"emodnet_dtm_2024","level":2}},{"type":"Feature","geometry":{"type":"LineString","coordinates":[[-2.04708,48.68841],[-2.04656,48.68792],[-2.04708,48.68696],[-2.04875,48.68742],[-2.04875,48.6884],[-2.04708,48.68841]]},"properties":{"source":"emodnet_dtm_2024","level":2}},{"type":"Feature","geometry":{"type":"LineString","coordinates":[[-1.99625,48.69314],[-1.99625,48.69209],[-1.99742,48.69292],[-1.99708,48.69331],[-1.99625,48.69314]]},"properties":{"source":"emodnet_dtm_2024","level":2}},{"type":"Feature","geometry":{"type":"LineString","coordinates":[[-1.98208,48.69581],[-1.98131,48.69542],[-1.98292,48.69482],[-1.98375,48.69381],[-1.98434,48.69458],[-1.98208,48.69581]]},"properties":{"source":"emodnet_dtm_2024","level":2}},{"type":"Feature","geometry":{"type":"LineString","coordinates":[[-1.95958,48.69649],[-1.95902,48.69625],[-1.95958,48.69597],[-1.96079,48.69625],[-1.95958,48.69649]]},"properties":{"source":"emodnet_dtm_2024","level":2}},{"type":"Feature","geometry":{"type":"LineString","coordinates":[[-1.95042,48.69641],[-1.95042,48.69641]]},"properties":{"source":"emodnet_dtm_2024","level":2}},{"type":"Feature","geometry":{"type":"LineString","coordinates":[[-1.98375,48.69803],[-1.98375,48.69803]]},"properties":{"source":"emodnet_dtm_2024","level":2}},{"type":"Feature","geometry":{"type":"LineString","coordinates":[[-1.99542,48.69987],[-1.99542,48.69892],[-1.99709,48.69958],[-1.99542,48.69987]]},"properties":{"source":"emodnet_dtm_2024","level":2}},{"type":"Feature","geometry":{"type":"LineString","coordinates":[[-1.99042,48.69974],[-1.99042,48.69906],[-1.99125,48.69929],[-1.99125,48.69982],[-1.99042,48.69974]]},"properties":{"source":"emodnet_dtm_2024","level":2}},{"type":"Feature","geometry":{"type":"LineString","coordinates":[[-1.83542,48.71124],[-1.83542,48.70959],[-1.83625,48.71042],[-1.83542,48.71124]]},"properties":{"source":"emodnet_dtm_2024","level":2}},{"type":"Feature","geometry":{"type":"LineString","coordinates":[[-1.92958,48.71156],[-1.92958,48.71042],[-1.93015,48.71125],[-1.92958,48.71156]]},"properties":{"source":"emodnet_dtm_2024","level":2}},{"type":"Feature","geometry":{"type":"LineString","coordinates":[[-1.83875,48.71175],[-1.83806,48.71125],[-1.83875,48.71058],[-1.83935,48.71125],[-1.83875,48.71175]]},"properties":{"source":"emodnet_dtm_2024","level":2}},{"type":"Feature","geometry":{"type":"LineString","coordinates":[[-1.92542,48.71219],[-1.92604,48.70958],[-1.92708,48.70943],[-1.92789,48.71125],[-1.92708,48.71216],[-1.92542,48.71219]]},"properties":{"source":"emodnet_dtm_2024","level":2}},{"type":"Feature","geometry":{"type":"LineString","coordinates":[[-1.91875,48.71237],[-1.91887,48.71125],[-1.92042,48.71072],[-1.92088,48.71208],[-1.91875,48.71237]]},"properties":{"source":"emodnet_dtm_2024","level":2}},{"type":"Feature","geometry":{"type":"LineString","coordinates":[[-1.83458,48.71747],[-1.83394,48.71708],[-1.83458,48.71587],[-1.83522,48.71625],[-1.83458,48.71747]]},"properties":{"source":"emodnet_dtm_2024","level":2}},{"type":"Feature","geometry":{"type":"LineString","coordinates":[[-1.83042,48.7224],[-1.83042,48.72184],[-1.83042,48.7224]]},"properties":{"source":"emodnet_dtm_2024","level":2}},{"type":"Feature","geometry":{"type":"LineString","coordinates":[[-2.93375,48.75846],[-2.92958,48.75496],[-2.92875,48.75582],[-2.92792,48.75401],[-2.92706,48.75375],[-2.92792,48.75367],[-2.92875,48.75279],[-2.93042,48.75263],[-2.93103,48.75125],[-2.93323,48.74958]]},"properties":{"source":"emodnet_dtm_2024","level":2}},{"type":"Feature","geometry":{"type":"LineString","coordinates":[[-1.58792,48.77555],[-1.58792,48.77555]]},"properties":{"source":"emodnet_dtm_2024","level":2}},{"type":"Feature","geometry":{"type":"LineString","coordinates":[[-1.60708,48.80383],[-1.60795,48.80375],[-1.60708,48.80383]]},"properties":{"source":"emodnet_dtm_2024","level":2}},{"type":"Feature","geometry":{"type":"LineString","coordinates":[[-1.82042,48.86941],[-1.82042,48.86767],[-1.82208,48.86757],[-1.82292,48.86909],[-1.82375,48.86909],[-1.82458,48.86984],[-1.82542,48.86909],[-1.82625,48.8691],[-1.82708,48.86748],[-1.83208,48.86723],[-1.83375,48.86874],[-1.83458,48.86861],[-1.83625,48.86687],[-1.83708,48.86699],[-1.83769,48.86792],[-1.83792,48.86996],[-1.84042,48.8688],[-1.84375,48.87003],[-1.84542,48.86914],[-1.84875,48.87007],[-1.84922,48.87292],[-1.85042,48.8739],[-1.85292,48.87408],[-1.85875,48.87567],[-1.86292,48.87392],[-1.86375,48.87293],[-1.86708,48.8751],[-1.87025,48.87542],[-1.87155,48.87708],[-1.87042,48.87794],[-1.86609,48.87625],[-1.86648,48.87792],[-1.86572,48.87958],[-1.86684,48.88042],[-1.86708,48.8815],[-1.86792,48.88219],[-1.86875,48.88211],[-1.86999,48.88375],[-1.86963,48.88542],[-1.86794,48.88708],[-1.86893,48.88875],[-1.86958,48.89273],[-1.87106,48.89292],[-1.87098,48.89375],[-1.86875,48.89503],[-1.86864,48.89375],[-1.86792,48.89339],[-1.86629,48.89458],[-1.86642,48.89542],[-1.86542,48.89543],[-1.86292,48.89682],[-1.86208,48.89608],[-1.86125,48.89616],[-1.85958,48.89716],[-1.85542,48.89803],[-1.85448,48.89792],[-1.85523,48.89625],[-1.85458,48.89578],[-1.85383,48.89625],[-1.85375,48.89734],[-1.85125,48.89584],[-1.84875,48.89539],[-1.84783,48.89625],[-1.84958,48.89661],[-1.85156,48.89792],[-1.85169,48.89875],[-1.84958,48.89985],[-1.84708,48.89742],[-1.84208,48.89683],[-1.84125,48.89619],[-1.84074,48.89625],[-1.84124,48.89708],[-1.83873,48.89708],[-1.83792,48.8953],[-1.83458,48.89792],[-1.83208,48.89844],[-1.8269,48.89708],[-1.82458,48.89698],[-1.82386,48.89708],[-1.82379,48.89792],[-1.82458,48.89851],[-1.82542,48.89792],[-1.82598,48.89875],[-1.82208,48.90066],[-1.81861,48.89875],[-1.81708,48.89687],[-1.81623,48.89208],[-1.81708,48.89222],[-1.81745,48.89125],[-1.81561,48.88708],[-1.81375,48.88698],[-1.81237,48.88625],[-1.81292,48.88464],[-1.81461,48.88292],[-1.81125,48.87964],[-1.81118,48.88375],[-1.81237,48.88792],[-1.81423,48.89125],[-1.81425,48.89292],[-1.81549,48.89458],[-1.81542,48.89818],[-1.81293,48.89792],[-1.81208,48.89688],[-1.80903,48.89542],[-1.80865,48.89375],[-1.80638,48.89125],[-1.80542,48.8885],[-1.80458,48.88816],[-1.80407,48.88958],[-1.80592,48.89375],[-1.80554,48.89458],[-1.80379,48.89458],[-1.79955,48.89292],[-1.79784,48.89042],[-1.79292,48.8867],[-1.79061,48.87958],[-1.78958,48.87949],[-1.78875,48.87868],[-1.78817,48.87875],[-1.78841,48.87958],[-1.79062,48.88292],[-1.78905,48.88542],[-1.79245,48.88792],[-1.79411,48.89042],[-1.7933,48.89125],[-1.79375,48.89165],[-1.79542,48.89085],[-1.79572,48.89208],[-1.79125,48.8928],[-1.78792,48.89167],[-1.78708,48.8918],[-1.78292,48.88894],[-1.78125,48.88908],[-1.77958,48.88832],[-1.77839,48.88625],[-1.77683,48.88542],[-1.77687,48.88292],[-1.77601,48.88208],[-1.77774,48.87708],[-1.77428,48.87292],[-1.77458,48.8718],[-1.776,48.87208],[-1.77625,48.87312],[-1.77792,48.87345],[-1.77927,48.87458],[-1.77882,48.87958],[-1.78015,48.88042],[-1.78042,48.88458],[-1.78375,48.88847],[-1.78488,48.88625],[-1.78426,48.88458],[-1.78603,48.88375],[-1.7848,48.88042],[-1.78375,48.88038],[-1.78258,48.87875],[-1.78083,48.87792],[-1.78074,48.87542],[-1.78252,48.87458],[-1.78088,48.87375],[-1.78072,48.87208],[-1.78125,48.87171],[-1.78375,48.87175],[-1.78426,48.87125],[-1.78375,48.87068],[-1.78244,48.87042],[-1.78375,48.86937],[-1.78458,48.87008],[-1.78625,48.87011],[-1.78848,48.87125],[-1.78802,48.87375],[-1.78708,48.87329],[-1.78529,48.87375],[-1.78514,48.87708],[-1.78708,48.87912],[-1.78792,48.87865],[-1.78838,48.87625],[-1.78977,48.87542],[-1.78944,48.87458],[-1.79042,48.87395],[-1.79071,48.87542],[-1.79208,48.8762],[-1.79292,48.87582],[-1.79247,48.87375],[-1.79375,48.87175],[-1.79375,48.87034],[-1.79458,48.87017],[-1.79747,48.87125],[-1.79731,48.87208],[-1.79863,48.87375],[-1.79849,48.87542],[-1.79956,48.87625],[-1.79958,48.87813],[-1.80036,48.87292],[-1.80125,48.87407],[-1.80208,48.87422],[-1.80252,48.87375],[-1.80189,48.87208],[-1.80393,48.87125],[-1.80458,48.86944],[-1.80708,48.86947],[-1.80957,48.87208],[-1.81029,48.87375],[-1.80958,48.8761],[-1.81125,48.87716],[-1.81155,48.87542],[-1.81308,48.87542],[-1.8117,48.87292],[-1.81208,48.87141],[-1.81357,48.87208],[-1.81358,48.87292],[-1.81458,48.87374],[-1.81697,48.87292],[-1.81567,48.87042],[-1.81625,48.86767],[-1.81792,48.86988],[-1.81958,48.86986],[-1.82042,48.87039],[-1.82042,48.86941]]},"properties":{"source":"emodnet_dtm_2024","level":2}},{"type":"Feature","geometry":{"type":"LineString","coordinates":[[-1.85708,48.86968],[-1.85708,48.86869],[-1.85932,48.87042],[-1.85708,48.87232],[-1.85683,48.87125],[-1.85761,48.87042],[-1.85708,48.86968]]},"properties":{"source":"emodnet_dtm_2024","level":2}},{"type":"Feature","geometry":{"type":"LineString","coordinates":[[-1.77625,48.87047],[-1.77958,48.86975],[-1.78063,48.87042],[-1.77958,48.87267],[-1.77792,48.87047],[-1.77625,48.87047]]},"properties":{"source":"emodnet_dtm_2024","level":2}},{"type":"Feature","geometry":{"type":"LineString","coordinates":[[-1.85042,48.87166],[-1.84982,48.87125],[-1.85024,48.87042],[-1.85292,48.8702],[-1.85292,48.87085],[-1.85042,48.87166]]},"properties":{"source":"emodnet_dtm_2024","level":2}},{"type":"Feature","geometry":{"type":"LineString","coordinates":[[-1.82375,48.87424],[-1.82292,48.87354],[-1.82152,48.87375],[-1.82292,48.8748],[-1.82375,48.87478],[-1.82375,48.87424]]},"properties":{"source":"emodnet_dtm_2024","level":2}},{"type":"Feature","geometry":{"type":"LineString","coordinates":[[-1.76292,48.87471],[-1.76292,48.87471]]},"properties":{"source":"emodnet_dtm_2024","level":2}},{"type":"Feature","geometry":{"type":"LineString","coordinates":[[-1.76458,48.87549],[-1.76339,48.87375],[-1.7645,48.87292],[-1.76458,48.87201],[-1.77125,48.87074],[-1.77292,48.87375],[-1.77125,48.87965],[-1.76958,48.87964],[-1.76807,48.87875],[-1.76634,48.87708],[-1.76652,48.87625],[-1.76458,48.87549]]},"properties":{"source":"emodnet_dtm_2024","level":2}},{"type":"Feature","geometry":{"type":"LineString","coordinates":[[-1.75875,48.87853],[-1.75825,48.87792],[-1.75875,48.87734],[-1.76042,48.87685],[-1.7614,48.87708],[-1.76042,48.87752],[-1.76076,48.87875],[-1.75972,48.87958],[-1.76,48.88042],[-1.76208,48.88147],[-1.76292,48.87948],[-1.76919,48.88208],[-1.77042,48.88373],[-1.77184,48.89042],[-1.77375,48.89036],[-1.77458,48.89102],[-1.77513,48.89542],[-1.77719,48.89542],[-1.77958,48.89832],[-1.78096,48.89792],[-1.7818,48.89542],[-1.78625,48.89644],[-1.78728,48.89542],[-1.78458,48.89426],[-1.78292,48.8925],[-1.78125,48.89335],[-1.77875,48.89236],[-1.77875,48.89086],[-1.78042,48.8907],[-1.78125,48.89169],[-1.78458,48.89162],[-1.78542,48.89261],[-1.78708,48.89246],[-1.78958,48.89615],[-1.79458,48.89698],[-1.80208,48.90096],[-1.80375,48.90092],[-1.80458,48.90138],[-1.80585,48.90292],[-1.80567,48.90375],[-1.80458,48.90432],[-1.80292,48.90341],[-1.80125,48.90343],[-1.8015,48.90458],[-1.80322,48.90542],[-1.80318,48.90625],[-1.80208,48.9065],[-1.80126,48.90792],[-1.79958,48.90898],[-1.79875,48.90489],[-1.79712,48.90542],[-1.79721,48.90708],[-1.79625,48.90744],[-1.79458,48.90485],[-1.79125,48.90258],[-1.78792,48.90306],[-1.78208,48.90279],[-1.77792,48.90201],[-1.77825,48.90292],[-1.78275,48.90542],[-1.78125,48.90593],[-1.77958,48.90507],[-1.77625,48.90499],[-1.77208,48.90343],[-1.77042,48.90337],[-1.76708,48.90482],[-1.76042,48.90443],[-1.75837,48.90542],[-1.75709,48.90708],[-1.75625,48.90713],[-1.75292,48.90629],[-1.74958,48.90628],[-1.74165,48.90208],[-1.73936,48.89625],[-1.73958,48.89524],[-1.74227,48.89458],[-1.74074,48.89125],[-1.74125,48.89086],[-1.7428,48.89375],[-1.74458,48.89377],[-1.74625,48.89656],[-1.74756,48.89625],[-1.74859,48.89458],[-1.74818,48.89292],[-1.74887,48.88708],[-1.74772,48.88625],[-1.74764,48.88458],[-1.74958,48.88298],[-1.75042,48.88412],[-1.75208,48.88411],[-1.75275,48.88458],[-1.7536,48.88625],[-1.75458,48.88671],[-1.75542,48.8861],[-1.75701,48.88208],[-1.75458,48.88191],[-1.75375,48.87969],[-1.75208,48.88082],[-1.75125,48.88063],[-1.75042,48.87704],[-1.75208,48.87748],[-1.7537,48.87708],[-1.75458,48.87544],[-1.75549,48.87625],[-1.7545,48.87875],[-1.75767,48.88042],[-1.75792,48.88157],[-1.75932,48.88042],[-1.75875,48.87853]]},"properties":{"source":"emodnet_dtm_2024","level":2}},{"type":"Feature","geometry":{"type":"LineString","coordinates":[[-1.73125,48.87891],[-1.73117,48.87792],[-1.73208,48.87784],[-1.73227,48.87875],[-1.73125,48.87891]]},"properties":{"source":"emodnet_dtm_2024","level":2}},{"type":"Feature","geometry":{"type":"LineString","coordinates":[[-1.72625,48.88127],[-1.72649,48.88042],[-1.72792,48.88037],[-1.72875,48.88241],[-1.72708,48.88222],[-1.72625,48.88127]]},"properties":{"source":"emodnet_dtm_2024","level":2}},{"type":"Feature","geometry":{"type":"LineString","coordinates":[[-1.87042,48.88213],[-1.87042,48.88213]]},"properties":{"source":"emodnet_dtm_2024","level":2}},{"type":"Feature","geometry":{"type":"LineString","coordinates":[[-1.73792,48.88259],[-1.73749,48.88208],[-1.73875,48.88142],[-1.74024,48.88292],[-1.73978,48.88458],[-1.73792,48.88566],[-1.73763,48.88458],[-1.7387,48.88292],[-1.73792,48.88259]]},"properties":{"source":"emodnet_dtm_2024","level":2}},{"type":"Feature","geometry":{"type":"LineString","coordinates":[[-1.72958,48.88381],[-1.73077,48.88375],[-1.73194,48.88458],[-1.73042,48.88483],[-1.72958,48.88381]]},"properties":{"source":"emodnet_dtm_2024","level":2}},{"type":"Feature","geometry":{"type":"LineString","coordinates":[[-1.87625,48.88749],[-1.87708,48.88644],[-1.87875,48.88707],[-1.8783,48.88875],[-1.87921,48.89125],[-1.87863,48.89208],[-1.87973,48.89292],[-1.87838,48.89375],[-1.87708,48.89569],[-1.87453,48.89542],[-1.87558,48.89042],[-1.87488,48.88875],[-1.87625,48.88749]]},"properties":{"source":"emodnet_dtm_2024","level":2}},{"type":"Feature","geometry":{"type":"LineString","coordinates":[[-1.87375,48.88838],[-1.87375,48.8877],[-1.87432,48.88792],[-1.87375,48.88838]]},"properties":{"source":"emodnet_dtm_2024","level":2}},{"type":"Feature","geometry":{"type":"LineString","coordinates":[[-1.73958,48.88934],[-1.73958,48.88855],[-1.74292,48.88796],[-1.74382,48.89042],[-1.74292,48.89039],[-1.74208,48.88939],[-1.74125,48.88969],[-1.73958,48.88934]]},"properties":{"source":"emodnet_dtm_2024","level":2}},{"type":"Feature","geometry":{"type":"LineString","coordinates":[[-2.92042,48.8927],[-2.92042,48.89172],[-2.92125,48.89119],[-2.92229,48.89125],[-2.92249,48.89375],[-2.92125,48.89506],[-2.92042,48.8927]]},"properties":{"source":"emodnet_dtm_2024","level":2}},{"type":"Feature","geometry":{"type":"LineString","coordinates":[[-1.79708,48.89293],[-1.79653,48.89292],[-1.79708,48.89293]]},"properties":{"source":"emodnet_dtm_2024","level":2}},{"type":"Feature","geometry":{"type":"LineString","coordinates":[[-1.86792,48.89543],[-1.86792,48.89543]]},"properties":{"source":"emodnet_dtm_2024","level":2}},{"type":"Feature","geometry":{"type":"LineString","coordinates":[[-1.86458,48.89794],[-1.86458,48.89685],[-1.86625,48.89702],[-1.86458,48.89794]]},"properties":{"source":"emodnet_dtm_2024","level":2}},{"type":"Feature","geometry":{"type":"LineString","coordinates":[[-1.84625,48.89996],[-1.84568,48.89958],[-1.84625,48.89899],[-1.84704,48.89958],[-1.84625,48.89996]]},"properties":{"source":"emodnet_dtm_2024","level":2}},{"type":"Feature","geometry":{"type":"LineString","coordinates":[[-2.15458,48.90058],[-2.15458,48.90058]]},"properties":{"source":"emodnet_dtm_2024","level":2}},{"type":"Feature","geometry":{"type":"LineString","coordinates":[[-2.13708,48.90058],[-2.13708,48.89948],[-2.13869,48.90042],[-2.13792,48.9009],[-2.13708,48.90058]]},"properties":{"source":"emodnet_dtm_2024","level":2}},{"type":"Feature","geometry":{"type":"LineString","coordinates":[[-1.73625,48.90064],[-1.73625,48.89924],[-1.73766,48.90125],[-1.73708,48.90151],[-1.73625,48.90064]]},"properties":{"source":"emodnet_dtm_2024","level":2}},{"type":"Feature","geometry":{"type":"LineString","coordinates":[[-1.85042,48.90171],[-1.85042,48.90114],[-1.85042,48.90171]]},"properties":{"source":"emodnet_dtm_2024","level":2}},{"type":"Feature","geometry":{"type":"LineString","coordinates":[[-1.83458,48.90261],[-1.83388,48.90042],[-1.83458,48.89994],[-1.83625,48.89985],[-1.83708,48.90045],[-1.83958,48.9001],[-1.84153,48.90042],[-1.84194,48.90292],[-1.84044,48.90458],[-1.83875,48.90481],[-1.83792,48.90571],[-1.83708,48.90396],[-1.83458,48.90261]]},"properties":{"source":"emodnet_dtm_2024","level":2}},{"type":"Feature","geometry":{"type":"LineString","coordinates":[[-1.85792,48.90414],[-1.85625,48.90344],[-1.85542,48.90358],[-1.85458,48.90481],[-1.85375,48.90476],[-1.85334,48.90292],[-1.85458,48.90234],[-1.85788,48.90292],[-1.85897,48.90375],[-1.85792,48.90414]]},"properties":{"source":"emodnet_dtm_2024","level":2}},{"type":"Feature","geometry":{"type":"LineString","coordinates":[[-1.82958,48.90388],[-1.82958,48.90267],[-1.83208,48.90246],[-1.83258,48.90292],[-1.83208,48.90503],[-1.82958,48.90388]]},"properties":{"source":"emodnet_dtm_2024","level":2}},{"type":"Feature","geometry":{"type":"LineString","coordinates":[[-2.16125,48.90477],[-2.16125,48.90477]]},"properties":{"source":"emodnet_dtm_2024","level":2}},{"type":"Feature","geometry":{"type":"LineString","coordinates":[[-2.15458,48.90482],[-2.15458,48.90343],[-2.15792,48.90228],[-2.15875,48.90466],[-2.15458,48.90482]]},"properties":{"source":"emodnet_dtm_2024","level":2}},{"type":"Feature","geometry":{"type":"LineString","coordinates":[[-2.13125,48.90462],[-2.13125,48.90462]]},"properties":{"source":"emodnet_dtm_2024","level":2}},{"type":"Feature","geometry":{"type":"LineString","coordinates":[[-1.86625,48.90518],[-1.86625,48.90428],[-1.86708,48.90434],[-1.86743,48.90458],[-1.86625,48.90518]]},"properties":{"source":"emodnet_dtm_2024","level":2}},{"type":"Feature","geometry":{"type":"LineString","coordinates":[[-1.62542,48.90461],[-1.62542,48.90461]]},"properties":{"source":"emodnet_dtm_2024","level":2}},{"type":"Feature","geometry":{"type":"LineString","coordinates":[[-2.17125,48.90738],[-2.17125,48.90687],[-2.17208,48.90699],[-2.17125,48.90738]]},"properties":{"source":"emodnet_dtm_2024","level":2}},{"type":"Feature","geometry":{"type":"LineString","coordinates":[[-1.81875,48.90731],[-1.81931,48.90708],[-1.81875,48.90731]]},"properties":{"source":"emodnet_dtm_2024","level":2}},{"type":"Feature","geometry":{"type":"LineString","coordinates":[[-1.80958,48.90728],[-1.80958,48.90728]]},"properties":{"source":"emodnet_dtm_2024","level":2}},{"type":"Feature","geometry":{"type":"LineString","coordinates":[[-1.80292,48.90797],[-1.80399,48.90792],[-1.80375,48.90841],[-1.80292,48.90797]]},"properties":{"source":"emodnet_dtm_2024","level":2}},{"type":"Feature","geometry":{"type":"LineString","coordinates":[[-1.83792,48.90908],[-1.83727,48.90875],[-1.83792,48.90826],[-1.83891,48.90875],[-1.83792,48.90908]]},"properties":{"source":"emodnet_dtm_2024","level":2}},{"type":"Feature","geometry":{"type":"LineString","coordinates":[[-1.82542,48.90886],[-1.82625,48.90832],[-1.82678,48.90875],[-1.82542,48.90886]]},"properties":{"source":"emodnet_dtm_2024","level":2}},{"type":"Feature","geometry":{"type":"LineString","coordinates":[[-1.76042,48.90911],[-1.76042,48.90818],[-1.76125,48.90805],[-1.7617,48.90875],[-1.76125,48.90928],[-1.76042,48.90911]]},"properties":{"source":"emodnet_dtm_2024","level":2}},{"type":"Feature","geometry":{"type":"LineString","coordinates":[[-1.78792,48.91126],[-1.78792,48.91126]]},"properties":{"source":"emodnet_dtm_2024","level":2}},{"type":"Feature","geometry":{"type":"LineString","coordinates":[[-2.15958,48.91331],[-2.15958,48.91275],[-2.16125,48.91279],[-2.16208,48.91095],[-2.16247,48.91292],[-2.16042,48.91384],[-2.15958,48.91331]]},"properties":{"source":"emodnet_dtm_2024","level":2}},{"type":"Feature","geometry":{"type":"LineString","coordinates":[[-2.17958,48.91746],[-2.1789,48.91708],[-2.17958,48.91571],[-2.1809,48.91708],[-2.17958,48.91746]]},"properties":{"source":"emodnet_dtm_2024","level":2}},{"type":"Feature","geometry":{"type":"LineString","coordinates":[[-2.17125,48.92091],[-2.17086,48.91958],[-2.17208,48.91937],[-2.17259,48.92042],[-2.17208,48.92109],[-2.17125,48.92091]]},"properties":{"source":"emodnet_dtm_2024","level":2}},{"type":"Feature","geometry":{"type":"LineString","coordinates":[[-2.16708,48.92244],[-2.16708,48.92184],[-2.16757,48.92208],[-2.16708,48.92244]]},"properties":{"source":"emodnet_dtm_2024","level":2}},{"type":"Feature","geometry":{"type":"LineString","coordinates":[[-2.18292,48.92894],[-2.18292,48.92853],[-2.18359,48.92875],[-2.18292,48.92894]]},"properties":{"source":"emodnet_dtm_2024","level":2}},{"type":"Feature","geometry":{"type":"LineString","coordinates":[[-2.12458,48.93316],[-2.12458,48.93266],[-2.12458,48.93316]]},"properties":{"source":"emodnet_dtm_2024","level":2}},{"type":"Feature","geometry":{"type":"LineString","coordinates":[[-2.09625,48.94064],[-2.09625,48.93999],[-2.09625,48.94064]]},"properties":{"source":"emodnet_dtm_2024","level":2}},{"type":"Feature","geometry":{"type":"LineString","coordinates":[[-2.13042,48.94218],[-2.13042,48.94153],[-2.13153,48.94208],[-2.13042,48.94218]]},"properties":{"source":"emodnet_dtm_2024","level":2}},{"type":"Feature","geometry":{"type":"LineString","coordinates":[[-2.14208,48.94544],[-2.14208,48.94544]]},"properties":{"source":"emodnet_dtm_2024","level":2}},{"type":"Feature","geometry":{"type":"LineString","coordinates":[[-2.14375,48.94627],[-2.14494,48.94625],[-2.14458,48.94708],[-2.14375,48.94627]]},"properties":{"source":"emodnet_dtm_2024","level":2}},{"type":"Feature","geometry":{"type":"LineString","coordinates":[[-2.11625,48.94655],[-2.11625,48.94583],[-2.11708,48.9458],[-2.11875,48.94708],[-2.12042,48.94717],[-2.12125,48.94832],[-2.12208,48.94738],[-2.12292,48.94778],[-2.12292,48.94916],[-2.11958,48.94903],[-2.11625,48.94655]]},"properties":{"source":"emodnet_dtm_2024","level":2}},{"type":"Feature","geometry":{"type":"LineString","coordinates":[[-2.11125,48.94792],[-2.11125,48.94792]]},"properties":{"source":"emodnet_dtm_2024","level":2}},{"type":"Feature","geometry":{"type":"LineString","coordinates":[[-2.09125,48.94794],[-2.09125,48.94794]]},"properties":{"source":"emodnet_dtm_2024","level":2}},{"type":"Feature","geometry":{"type":"LineString","coordinates":[[-2.13042,48.94885],[-2.13042,48.94779],[-2.13042,48.94885]]},"properties":{"source":"emodnet_dtm_2024","level":2}},{"type":"Feature","geometry":{"type":"LineString","coordinates":[[-2.10375,48.94939],[-2.10375,48.94826],[-2.10458,48.94843],[-2.10625,48.94698],[-2.10792,48.9469],[-2.10875,48.94598],[-2.10995,48.94708],[-2.10792,48.95007],[-2.10458,48.94887],[-2.10375,48.94939]]},"properties":{"source":"emodnet_dtm_2024","level":2}},{"type":"Feature","geometry":{"type":"LineString","coordinates":[[-2.14792,48.94964],[-2.14792,48.94964]]},"properties":{"source":"emodnet_dtm_2024","level":2}},{"type":"Feature","geometry":{"type":"LineString","coordinates":[[-2.14125,48.94993],[-2.14072,48.94958],[-2.14208,48.94853],[-2.14312,48.94958],[-2.14208,48.95014],[-2.14125,48.94993]]},"properties":{"source":"emodnet_dtm_2024","level":2}},{"type":"Feature","geometry":{"type":"LineString","coordinates":[[-2.12375,48.94977],[-2.12324,48.94958],[-2.12458,48.94905],[-2.12588,48.94958],[-2.12375,48.94977]]},"properties":{"source":"emodnet_dtm_2024","level":2}},{"type":"Feature","geometry":{"type":"LineString","coordinates":[[-2.11042,48.94963],[-2.11133,48.94958],[-2.11042,48.94963]]},"properties":{"source":"emodnet_dtm_2024","level":2}},{"type":"Feature","geometry":{"type":"LineString","coordinates":[[-1.61292,48.94974],[-1.61248,48.94958],[-1.61292,48.94974]]},"properties":{"source":"emodnet_dtm_2024","level":2}},{"type":"Feature","geometry":{"type":"LineString","coordinates":[[-2.19708,48.95196],[-2.19708,48.95105],[-2.19708,48.95196]]},"properties":{"source":"emodnet_dtm_2024","level":2}},{"type":"Feature","geometry":{"type":"LineString","coordinates":[[-2.21792,48.9538],[-2.21792,48.9538]]},"properties":{"source":"emodnet_dtm_2024","level":2}},{"type":"Feature","geometry":{"type":"LineString","coordinates":[[-2.20458,48.95477],[-2.20458,48.95412],[-2.20543,48.95458],[-2.20458,48.95477]]},"properties":{"source":"emodnet_dtm_2024","level":2}},{"type":"Feature","geometry":{"type":"LineString","coordinates":[[-2.20042,48.95489],[-2.19986,48.95458],[-2.20042,48.95389],[-2.2013,48.95458],[-2.20042,48.95489]]},"properties":{"source":"emodnet_dtm_2024","level":2}},{"type":"Feature","geometry":{"type":"LineString","coordinates":[[-2.05958,48.95468],[-2.06135,48.95458],[-2.05958,48.95468]]},"properties":{"source":"emodnet_dtm_2024","level":2}},{"type":"Feature","geometry":{"type":"LineString","coordinates":[[-2.03375,48.95469],[-2.03458,48.95429],[-2.03499,48.95458],[-2.03375,48.95469]]},"properties":{"source":"emodnet_dtm_2024","level":2}},{"type":"Feature","geometry":{"type":"LineString","coordinates":[[-1.60292,48.95568],[-1.60235,48.95458],[-1.60292,48.95379],[-1.60575,48.95542],[-1.60708,48.95716],[-1.60625,48.95781],[-1.60542,48.95776],[-1.60292,48.95568]]},"properties":{"source":"emodnet_dtm_2024","level":2}},{"type":"Feature","geometry":{"type":"LineString","coordinates":[[-2.20208,48.95863],[-2.20208,48.95716],[-2.20292,48.95692],[-2.20292,48.95871],[-2.20208,48.95863]]},"properties":{"source":"emodnet_dtm_2024","level":2}},{"type":"Feature","geometry":{"type":"LineString","coordinates":[[-2.17542,48.95822],[-2.17542,48.95596],[-2.17706,48.95708],[-2.17542,48.95822]]},"properties":{"source":"emodnet_dtm_2024","level":2}},{"type":"Feature","geometry":{"type":"LineString","coordinates":[[-2.12542,48.95801],[-2.12625,48.95731],[-2.12958,48.95855],[-2.13125,48.95708],[-2.13292,48.95737],[-2.13458,48.95683],[-2.13875,48.95779],[-2.14042,48.95648],[-2.14292,48.95571],[-2.14625,48.95565],[-2.14903,48.95958],[-2.14735,48.96125],[-2.14773,48.96458],[-2.14625,48.96889],[-2.14542,48.96951],[-2.14375,48.96965],[-2.13875,48.97331],[-2.13708,48.97394],[-2.12708,48.97401],[-2.12292,48.97308],[-2.11846,48.97292],[-2.1169,48.97375],[-2.11875,48.97474],[-2.12125,48.97499],[-2.12171,48.97542],[-2.12192,48.97708],[-2.12125,48.97779],[-2.11875,48.97778],[-2.11792,48.9761],[-2.11625,48.97636],[-2.10875,48.97522],[-2.1066,48.97542],[-2.10679,48.97458],[-2.10908,48.97292],[-2.11042,48.97024],[-2.11125,48.96987],[-2.11375,48.97057],[-2.11435,48.96958],[-2.11208,48.96732],[-2.11042,48.96819],[-2.10958,48.96809],[-2.10868,48.96708],[-2.11042,48.96583],[-2.11125,48.96564],[-2.11875,48.96863],[-2.12208,48.96838],[-2.12279,48.96792],[-2.12452,48.96375],[-2.1273,48.96208],[-2.12719,48.96042],[-2.12542,48.95801]]},"properties":{"source":"emodnet_dtm_2024","level":2}},{"type":"Feature","geometry":{"type":"LineString","coordinates":[[-2.06375,48.95851],[-2.06375,48.95765],[-2.06542,48.95762],[-2.06749,48.95875],[-2.06625,48.95927],[-2.06375,48.95851]]},"properties":{"source":"emodnet_dtm_2024","level":2}},{"type":"Feature","geometry":{"type":"LineString","coordinates":[[-2.17625,48.95898],[-2.17625,48.95851],[-2.17792,48.9583],[-2.18135,48.95875],[-2.17958,48.95895],[-2.17792,48.95986],[-2.17625,48.95898]]},"properties":{"source":"emodnet_dtm_2024","level":2}},{"type":"Feature","geometry":{"type":"LineString","coordinates":[[-2.11542,48.95892],[-2.11547,48.95792],[-2.11708,48.95732],[-2.11952,48.95958],[-2.1192,48.96042],[-2.11792,48.96028],[-2.11542,48.95892]]},"properties":{"source":"emodnet_dtm_2024","level":2}},{"type":"Feature","geometry":{"type":"LineString","coordinates":[[-2.17458,48.96151],[-2.17458,48.96111],[-2.17559,48.96125],[-2.17458,48.96151]]},"properties":{"source":"emodnet_dtm_2024","level":2}},{"type":"Feature","geometry":{"type":"LineString","coordinates":[[-2.10958,48.96283],[-2.10881,48.96208],[-2.10958,48.96065],[-2.11042,48.96162],[-2.11292,48.96148],[-2.11292,48.96341],[-2.10958,48.96283]]},"properties":{"source":"emodnet_dtm_2024","level":2}},{"type":"Feature","geometry":{"type":"LineString","coordinates":[[-2.19042,48.96345],[-2.18973,48.96292],[-2.19042,48.96254],[-2.19195,48.96292],[-2.19042,48.96345]]},"properties":{"source":"emodnet_dtm_2024","level":2}},{"type":"Feature","geometry":{"type":"LineString","coordinates":[[-2.17208,48.96311],[-2.17208,48.96276],[-2.17399,48.96292],[-2.17375,48.96326],[-2.17208,48.96311]]},"properties":{"source":"emodnet_dtm_2024","level":2}},{"type":"Feature","geometry":{"type":"LineString","coordinates":[[-2.16625,48.96297],[-2.16625,48.96178],[-2.16729,48.96292],[-2.16625,48.96297]]},"properties":{"source":"emodnet_dtm_2024","level":2}},{"type":"Feature","geometry":{"type":"LineString","coordinates":[[-2.06208,48.96343],[-2.06129,48.96292],[-2.06166,48.96208],[-2.06292,48.96178],[-2.06411,48.96208],[-2.06578,48.96542],[-2.06458,48.96561],[-2.06208,48.96343]]},"properties":{"source":"emodnet_dtm_2024","level":2}},{"type":"Feature","geometry":{"type":"LineString","coordinates":[[-2.11792,48.96556],[-2.11885,48.96542],[-2.11792,48.96556]]},"properties":{"source":"emodnet_dtm_2024","level":2}},{"type":"Feature","geometry":{"type":"LineString","coordinates":[[-2.20125,48.96745],[-2.20073,48.96708],[-2.20125,48.96678],[-2.20237,48.96708],[-2.20125,48.96745]]},"properties":{"source":"emodnet_dtm_2024","level":2}},{"type":"Feature","geometry":{"type":"LineString","coordinates":[[-2.17375,48.96734],[-2.17375,48.96682],[-2.17375,48.96734]]},"properties":{"source":"emodnet_dtm_2024","level":2}},{"type":"Feature","geometry":{"type":"LineString","coordinates":[[-2.17708,48.97045],[-2.17792,48.96997],[-2.18075,48.97125],[-2.17792,48.97156],[-2.17708,48.97045]]},"properties":{"source":"emodnet_dtm_2024","level":2}},{"type":"Feature","geometry":{"type":"LineString","coordinates":[[-2.06875,48.97179],[-2.06875,48.97083],[-2.06931,48.97125],[-2.06875,48.97179]]},"properties":{"source":"emodnet_dtm_2024","level":2}},{"type":"Feature","geometry":{"type":"LineString","coordinates":[[-2.05958,48.97153],[-2.05907,48.97125],[-2.06042,48.96972],[-2.06208,48.96926],[-2.06274,48.96958],[-2.06325,48.97042],[-2.06249,48.97125],[-2.05958,48.97153]]},"properties":{"source":"emodnet_dtm_2024","level":2}},{"type":"Feature","geometry":{"type":"LineString","coordinates":[[-2.19042,48.97391],[-2.18984,48.97375],[-2.19125,48.97309],[-2.19256,48.97375],[-2.19042,48.97391]]},"properties":{"source":"emodnet_dtm_2024","level":2}},{"type":"Feature","geometry":{"type":"LineString","coordinates":[[-2.07708,48.97426],[-2.07656,48.97375],[-2.07708,48.97317],[-2.07875,48.9732],[-2.07931,48.97375],[-2.07875,48.97441],[-2.07708,48.97426]]},"properties":{"source":"emodnet_dtm_2024","level":2}},{"type":"Feature","geometry":{"type":"LineString","coordinates":[[-2.18125,48.97502],[-2.18054,48.97375],[-2.18125,48.9733],[-2.18208,48.97355],[-2.18236,48.97458],[-2.18208,48.97516],[-2.18125,48.97502]]},"properties":{"source":"emodnet_dtm_2024","level":2}},{"type":"Feature","geometry":{"type":"LineString","coordinates":[[-2.08125,48.97595],[-2.08077,48.97458],[-2.08247,48.97375],[-2.08292,48.97163],[-2.08375,48.97322],[-2.08625,48.97329],[-2.08678,48.97375],[-2.08698,48.97458],[-2.08839,48.97542],[-2.08854,48.97708],[-2.08792,48.97769],[-2.08542,48.97769],[-2.08479,48.97708],[-2.08458,48.97433],[-2.08364,48.97458],[-2.08424,48.97542],[-2.08375,48.9761],[-2.08125,48.97595]]},"properties":{"source":"emodnet_dtm_2024","level":2}},{"type":"Feature","geometry":{"type":"LineString","coordinates":[[-2.06958,48.97545],[-2.07031,48.97458],[-2.07164,48.97458],[-2.07375,48.97667],[-2.08125,48.98132],[-2.08208,48.98052],[-2.08292,48.97726],[-2.08375,48.97709],[-2.08542,48.9791],[-2.08708,48.97987],[-2.08789,48.98125],[-2.09042,48.98301],[-2.09265,48.98375],[-2.09282,48.98458],[-2.08792,48.9855],[-2.08458,48.9834],[-2.08208,48.98276],[-2.0734,48.97875],[-2.06958,48.97545]]},"properties":{"source":"emodnet_dtm_2024","level":2}},{"type":"Feature","geometry":{"type":"LineString","coordinates":[[-2.19125,48.97638],[-2.19125,48.97638]]},"properties":{"source":"emodnet_dtm_2024","level":2}},{"type":"Feature","geometry":{"type":"LineString","coordinates":[[-2.17125,48.97818],[-2.17125,48.97784],[-2.17216,48.97792],[-2.17125,48.97818]]},"properties":{"source":"emodnet_dtm_2024","level":2}},{"type":"Feature","geometry":{"type":"LineString","coordinates":[[-2.20375,48.9788],[-2.20324,48.97792],[-2.20375,48.97747],[-2.20375,48.9788]]},"properties":{"source":"emodnet_dtm_2024","level":2}},{"type":"Feature","geometry":{"type":"LineString","coordinates":[[-2.19375,48.97915],[-2.19309,48.97875],[-2.19375,48.97826],[-2.19446,48.97875],[-2.19375,48.97915]]},"properties":{"source":"emodnet_dtm_2024","level":2}},{"type":"Feature","geometry":{"type":"LineString","coordinates":[[-2.18458,48.97891],[-2.18417,48.97708],[-2.18458,48.97652],[-2.18542,48.97656],[-2.18708,48.97781],[-2.18649,48.97958],[-2.18542,48.97965],[-2.18458,48.97891]]},"properties":{"source":"emodnet_dtm_2024","level":2}},{"type":"Feature","geometry":{"type":"LineString","coordinates":[[-2.11042,48.97989],[-2.10995,48.97958],[-2.11076,48.97958],[-2.11042,48.97989]]},"properties":{"source":"emodnet_dtm_2024","level":2}},{"type":"Feature","geometry":{"type":"LineString","coordinates":[[-2.11208,48.98127],[-2.11175,48.98042],[-2.11375,48.9799],[-2.11434,48.98042],[-2.11375,48.98179],[-2.11208,48.98127]]},"properties":{"source":"emodnet_dtm_2024","level":2}},{"type":"Feature","geometry":{"type":"LineString","coordinates":[[-2.10042,48.98137],[-2.10125,48.98096],[-2.10251,48.98125],[-2.10208,48.98197],[-2.10042,48.98137]]},"properties":{"source":"emodnet_dtm_2024","level":2}},{"type":"Feature","geometry":{"type":"LineString","coordinates":[[-2.16375,48.98223],[-2.16375,48.98191],[-2.16542,48.98191],[-2.16551,48.98292],[-2.16458,48.98295],[-2.16375,48.98223]]},"properties":{"source":"emodnet_dtm_2024","level":2}},{"type":"Feature","geometry":{"type":"LineString","coordinates":[[-2.18458,48.98298],[-2.18446,48.98208],[-2.18542,48.98188],[-2.18458,48.98298]]},"properties":{"source":"emodnet_dtm_2024","level":2}},{"type":"Feature","geometry":{"type":"LineString","coordinates":[[-2.18292,48.98293],[-2.18292,48.98293]]},"properties":{"source":"emodnet_dtm_2024","level":2}},{"type":"Feature","geometry":{"type":"LineString","coordinates":[[-2.21792,48.9838],[-2.21923,48.98292],[-2.21948,48.98125],[-2.22042,48.98057],[-2.22055,48.98208],[-2.2219,48.98292],[-2.22157,48.98458],[-2.22125,48.98486],[-2.21792,48.9838]]},"properties":{"source":"emodnet_dtm_2024","level":2}},{"type":"Feature","geometry":{"type":"LineString","coordinates":[[-2.18792,48.9838],[-2.18792,48.9838]]},"properties":{"source":"emodnet_dtm_2024","level":2}},{"type":"Feature","geometry":{"type":"LineString","coordinates":[[-2.09542,48.98466],[-2.09542,48.98431],[-2.09661,48.98458],[-2.09708,48.9858],[-2.09542,48.98466]]},"properties":{"source":"emodnet_dtm_2024","level":2}},{"type":"Feature","geometry":{"type":"LineString","coordinates":[[-2.17958,48.98753],[-2.17958,48.98639],[-2.18098,48.98708],[-2.18042,48.98784],[-2.17958,48.98753]]},"properties":{"source":"emodnet_dtm_2024","level":2}},{"type":"Feature","geometry":{"type":"LineString","coordinates":[[-2.18708,48.98815],[-2.18708,48.98782],[-2.18708,48.98815]]},"properties":{"source":"emodnet_dtm_2024","level":2}},{"type":"Feature","geometry":{"type":"LineString","coordinates":[[-2.17375,48.98819],[-2.17458,48.98727],[-2.17542,48.98798],[-2.17708,48.98745],[-2.17834,48.98875],[-2.17708,48.98991],[-2.17542,48.99019],[-2.17375,48.98819]]},"properties":{"source":"emodnet_dtm_2024","level":2}},{"type":"Feature","geometry":{"type":"LineString","coordinates":[[-2.16625,48.99077],[-2.16625,48.98959],[-2.16625,48.99077]]},"properties":{"source":"emodnet_dtm_2024","level":2}},{"type":"Feature","geometry":{"type":"LineString","coordinates":[[-2.16125,48.99251],[-2.16071,48.99208],[-2.1624,48.99125],[-2.16292,48.98945],[-2.16444,48.99042],[-2.16422,48.99208],[-2.16589,48.99292],[-2.16542,48.99456],[-2.16405,48.99458],[-2.16292,48.99243],[-2.16125,48.99251]]},"properties":{"source":"emodnet_dtm_2024","level":2}},{"type":"Feature","geometry":{"type":"LineString","coordinates":[[-2.16708,48.99362],[-2.16708,48.99222],[-2.16784,48.99292],[-2.16708,48.99362]]},"properties":{"source":"emodnet_dtm_2024","level":2}},{"type":"Feature","geometry":{"type":"LineString","coordinates":[[-2.18625,48.99633],[-2.18625,48.99575],[-2.18674,48.99625],[-2.18625,48.99633]]},"properties":{"source":"emodnet_dtm_2024","level":2}},{"type":"Feature","geometry":{"type":"LineString","coordinates":[[-2.17625,48.9963],[-2.17708,48.99591],[-2.17875,48.99671],[-2.17875,48.99808],[-2.17625,48.9963]]},"properties":{"source":"emodnet_dtm_2024","level":2}},{"type":"Feature","geometry":{"type":"LineString","coordinates":[[-2.11708,48.99712],[-2.1171,48.99625],[-2.11847,48.99542],[-2.12024,48.99542],[-2.12139,48.99625],[-2.12157,48.99792],[-2.12375,48.99891],[-2.12125,49.00016],[-2.11708,48.99712]]},"properties":{"source":"emodnet_dtm_2024","level":2}},{"type":"Feature","geometry":{"type":"LineString","coordinates":[[-2.03542,48.99716],[-2.0346,48.99708],[-2.0351,48.99625],[-2.03728,48.99625],[-2.03542,48.99716]]},"properties":{"source":"emodnet_dtm_2024","level":2}},{"type":"Feature","geometry":{"type":"LineString","coordinates":[[-2.16042,48.99917],[-2.1601,48.99792],[-2.16125,48.99679],[-2.16208,48.99676],[-2.16404,48.99792],[-2.17042,48.99857],[-2.17292,48.99932],[-2.17458,48.99696],[-2.17792,49.00026],[-2.18125,49.00004],[-2.18375,49.00055],[-2.18458,48.99932],[-2.18708,48.99885],[-2.18792,48.99769],[-2.19216,48.99875],[-2.19213,48.99958],[-2.19125,48.99998],[-2.18875,48.99991],[-2.18625,49.00097],[-2.18749,49.00292],[-2.187,49.00375],[-2.18375,49.00505],[-2.18125,49.0049],[-2.17875,49.00622],[-2.17708,49.0049],[-2.17625,49.00482],[-2.17458,49.00571],[-2.17298,49.00542],[-2.17042,49.00215],[-2.16708,49.00259],[-2.16625,49.00192],[-2.16292,49.00182],[-2.16208,49.00114],[-2.16149,49.00208],[-2.16307,49.00708],[-2.16208,49.00742],[-2.16104,49.00708],[-2.16064,49.00542],[-2.15962,49.00458],[-2.15982,49.00292],[-2.15875,49.00102],[-2.15875,49.00022],[-2.16042,49.00015],[-2.16102,48.99958],[-2.16042,48.99917]]},"properties":{"source":"emodnet_dtm_2024","level":2}},{"type":"Feature","geometry":{"type":"LineString","coordinates":[[-2.03792,48.99963],[-2.0389,48.99958],[-2.03792,48.99963]]},"properties":{"source":"emodnet_dtm_2024","level":2}},{"type":"Feature","geometry":{"type":"LineString","coordinates":[[-1.99625,48.99987],[-1.99546,48.99958],[-1.99625,48.99843],[-1.99726,48.99875],[-1.99755,48.99958],[-1.99625,48.99987]]},"properties":{"source":"emodnet_dtm_2024","level":2}},{"type":"Feature","geometry":{"type":"LineString","coordinates":[[-2.04292,49.00213],[-2.04294,49.00125],[-2.04375,49.00117],[-2.04375,49.00208],[-2.04292,49.00213]]},"properties":{"source":"emodnet_dtm_2024","level":2}},{"type":"Feature","geometry":{"type":"LineString","coordinates":[[-2.15125,49.00431],[-2.15042,49.00325],[-2.14954,49.00458],[-2.14923,49.00292],[-2.14958,49.00204],[-2.15208,49.00132],[-2.15388,49.00292],[-2.15208,49.00441],[-2.15125,49.00431]]},"properties":{"source":"emodnet_dtm_2024","level":2}},{"type":"Feature","geometry":{"type":"LineString","coordinates":[[-2.16542,49.00517],[-2.16503,49.00375],[-2.16625,49.00334],[-2.16662,49.00458],[-2.16625,49.0052],[-2.16542,49.00517]]},"properties":{"source":"emodnet_dtm_2024","level":2}},{"type":"Feature","geometry":{"type":"LineString","coordinates":[[-2.15625,49.00483],[-2.15548,49.00458],[-2.15625,49.00363],[-2.15689,49.00375],[-2.15698,49.00458],[-2.15625,49.00483]]},"properties":{"source":"emodnet_dtm_2024","level":2}},{"type":"Feature","geometry":{"type":"LineString","coordinates":[[-2.00792,49.00498],[-2.00792,49.00436],[-2.009,49.00458],[-2.00792,49.00498]]},"properties":{"source":"emodnet_dtm_2024","level":2}},{"type":"Feature","geometry":{"type":"LineString","coordinates":[[-1.95792,49.00461],[-1.95792,49.00461]]},"properties":{"source":"emodnet_dtm_2024","level":2}},{"type":"Feature","geometry":{"type":"LineString","coordinates":[[-2.17042,49.00638],[-2.16992,49.00542],[-2.17042,49.00503],[-2.17151,49.00542],[-2.17042,49.00638]]},"properties":{"source":"emodnet_dtm_2024","level":2}},{"type":"Feature","geometry":{"type":"LineString","coordinates":[[-2.12708,49.00863],[-2.12708,49.00783],[-2.12708,49.00863]]},"properties":{"source":"emodnet_dtm_2024","level":2}},{"type":"Feature","geometry":{"type":"LineString","coordinates":[[-1.98458,49.01328],[-1.98503,49.01208],[-1.98792,49.01028],[-1.99002,49.00708],[-1.99208,49.00645],[-1.9932,49.00792],[-1.99208,49.00988],[-1.98625,49.01369],[-1.98542,49.01381],[-1.98458,49.01328]]},"properties":{"source":"emodnet_dtm_2024","level":2}},{"type":"Feature","geometry":{"type":"LineString","coordinates":[[-2.82375,49.02401],[-2.82375,49.02334],[-2.8246,49.02375],[-2.82375,49.02401]]},"properties":{"source":"emodnet_dtm_2024","level":2}},{"type":"Feature","geometry":{"type":"LineString","coordinates":[[-1.67125,49.08658],[-1.67125,49.08551],[-1.67251,49.08625],[-1.67208,49.08683],[-1.67125,49.08658]]},"properties":{"source":"emodnet_dtm_2024","level":2}},{"type":"Feature","geometry":{"type":"LineString","coordinates":[[-1.66625,49.09408],[-1.66625,49.0933],[-1.66708,49.09327],[-1.66708,49.09424],[-1.66625,49.09408]]},"properties":{"source":"emodnet_dtm_2024","level":2}},{"type":"Feature","geometry":{"type":"LineString","coordinates":[[-2.83208,49.1002],[-2.83175,49.09958],[-2.83292,49.09887],[-2.83367,49.10042],[-2.83292,49.10087],[-2.83208,49.1002]]},"properties":{"source":"emodnet_dtm_2024","level":2}},{"type":"Feature","geometry":{"type":"LineString","coordinates":[[-2.83875,49.10213],[-2.83875,49.10213]]},"properties":{"source":"emodnet_dtm_2024","level":2}},{"type":"Feature","geometry":{"type":"LineString","coordinates":[[-2.80792,49.10346],[-2.80731,49.10292],[-2.80792,49.10212],[-2.80841,49.10292],[-2.80792,49.10346]]},"properties":{"source":"emodnet_dtm_2024","level":2}},{"type":"Feature","geometry":{"type":"LineString","coordinates":[[-2.85042,49.10463],[-2.85042,49.10463]]},"properties":{"source":"emodnet_dtm_2024","level":2}},{"type":"Feature","geometry":{"type":"LineString","coordinates":[[-1.80125,49.10477],[-1.80125,49.10447],[-1.80125,49.10477]]},"properties":{"source":"emodnet_dtm_2024","level":2}},{"type":"Feature","geometry":{"type":"LineString","coordinates":[[-1.63542,49.10465],[-1.63375,49.10426],[-1.63289,49.10458],[-1.63367,49.10625],[-1.63542,49.10705],[-1.63718,49.10625],[-1.63724,49.10542],[-1.63542,49.10465]]},"properties":{"source":"emodnet_dtm_2024","level":2}},{"type":"Feature","geometry":{"type":"LineString","coordinates":[[-2.84125,49.10583],[-2.84046,49.10458],[-2.84292,49.10443],[-2.84292,49.10495],[-2.84125,49.10583]]},"properties":{"source":"emodnet_dtm_2024","level":2}},{"type":"Feature","geometry":{"type":"LineString","coordinates":[[-1.64542,49.10695],[-1.64469,49.10625],[-1.64652,49.10458],[-1.64958,49.10337],[-1.65028,49.10375],[-1.64958,49.10579],[-1.64708,49.10712],[-1.64542,49.10695]]},"properties":{"source":"emodnet_dtm_2024","level":2}},{"type":"Feature","geometry":{"type":"LineString","coordinates":[[-2.82208,49.10788],[-2.8216,49.10625],[-2.82208,49.10569],[-2.82375,49.10537],[-2.82458,49.10392],[-2.82542,49.10405],[-2.82792,49.1077],[-2.82875,49.10669],[-2.83042,49.10667],[-2.83125,49.10749],[-2.83208,49.1075],[-2.83292,49.11083],[-2.83375,49.11087],[-2.83458,49.11166],[-2.83875,49.11139],[-2.84041,49.11208],[-2.83937,49.11375],[-2.83792,49.11481],[-2.83375,49.11276],[-2.83125,49.11244],[-2.83087,49.11208],[-2.83249,49.11125],[-2.83208,49.11092],[-2.82958,49.11108],[-2.82792,49.10882],[-2.82733,49.11292],[-2.82458,49.11687],[-2.82152,49.11458],[-2.82126,49.11208],[-2.82319,49.11042],[-2.82208,49.10788]]},"properties":{"source":"emodnet_dtm_2024","level":2}},{"type":"Feature","geometry":{"type":"LineString","coordinates":[[-2.81375,49.10716],[-2.81354,49.10625],[-2.81458,49.1055],[-2.81542,49.10556],[-2.81542,49.1064],[-2.81458,49.10638],[-2.81375,49.10716]]},"properties":{"source":"emodnet_dtm_2024","level":2}},{"type":"Feature","geometry":{"type":"LineString","coordinates":[[-2.83875,49.11101],[-2.83887,49.10875],[-2.84042,49.1077],[-2.84125,49.10804],[-2.84125,49.10921],[-2.83901,49.10958],[-2.83958,49.11019],[-2.84125,49.11021],[-2.84208,49.10954],[-2.84208,49.11057],[-2.83958,49.11055],[-2.83875,49.11101]]},"properties":{"source":"emodnet_dtm_2024","level":2}},{"type":"Feature","geometry":{"type":"LineString","coordinates":[[-2.80958,49.11302],[-2.80958,49.11302]]},"properties":{"source":"emodnet_dtm_2024","level":2}},{"type":"Feature","geometry":{"type":"LineString","coordinates":[[-2.81958,49.11867],[-2.81891,49.11792],[-2.81958,49.11699],[-2.82046,49.11792],[-2.81958,49.11867]]},"properties":{"source":"emodnet_dtm_2024","level":2}},{"type":"Feature","geometry":{"type":"LineString","coordinates":[[-1.96875,49.12134],[-1.96875,49.12134]]},"properties":{"source":"emodnet_dtm_2024","level":2}},{"type":"Feature","geometry":{"type":"LineString","coordinates":[[-1.99958,49.13753],[-1.99958,49.13697],[-1.99958,49.13753]]},"properties":{"source":"emodnet_dtm_2024","level":2}},{"type":"Feature","geometry":{"type":"LineString","coordinates":[[-1.99958,49.14009],[-1.99911,49.13875],[-1.99958,49.13805],[-2.00125,49.13821],[-2.00292,49.13694],[-2.00542,49.13731],[-2.00759,49.13958],[-2.0071,49.14125],[-2.00792,49.14191],[-2.01125,49.14166],[-2.01252,49.14208],[-2.01292,49.14279],[-2.01413,49.14292],[-2.01375,49.14574],[-2.01458,49.14695],[-2.01542,49.147],[-2.01625,49.14565],[-2.01708,49.14835],[-2.02125,49.14778],[-2.02157,49.14625],[-2.02042,49.1461],[-2.0199,49.14542],[-2.021,49.14375],[-2.02375,49.14501],[-2.02497,49.14458],[-2.02458,49.14257],[-2.02125,49.14201],[-2.02542,49.14186],[-2.02708,49.14101],[-2.02808,49.14125],[-2.02832,49.14208],[-2.03103,49.14375],[-2.03144,49.14458],[-2.02912,49.14708],[-2.03042,49.14738],[-2.03208,49.14683],[-2.03388,49.14458],[-2.0328,49.14375],[-2.03254,49.14208],[-2.03375,49.1419],[-2.03458,49.14255],[-2.03625,49.14227],[-2.03726,49.14542],[-2.03875,49.14596],[-2.03958,49.14784],[-2.04208,49.14671],[-2.04375,49.14739],[-2.04708,49.1464],[-2.04958,49.14637],[-2.05091,49.14708],[-2.05108,49.14958],[-2.05208,49.15123],[-2.05458,49.1506],[-2.05708,49.15245],[-2.05875,49.15182],[-2.05949,49.15208],[-2.06004,49.15292],[-2.05875,49.15346],[-2.05708,49.15301],[-2.05513,49.15542],[-2.05708,49.15648],[-2.06042,49.15662],[-2.06375,49.15514],[-2.06625,49.15579],[-2.06958,49.15463],[-2.07941,49.15375],[-2.08098,49.15292],[-2.08292,49.1505],[-2.08387,49.15042],[-2.08609,49.15375],[-2.08573,49.15458],[-2.0824,49.15458],[-2.07958,49.15669],[-2.07708,49.15624],[-2.07208,49.15686],[-2.0713,49.15792],[-2.07125,49.15977],[-2.07427,49.15958],[-2.07542,49.15834],[-2.07792,49.1575],[-2.08458,49.1578],[-2.08875,49.15663],[-2.09028,49.15792],[-2.09337,49.15875],[-2.09338,49.16042],[-2.09183,49.16208],[-2.09207,49.16292],[-2.09708,49.16384],[-2.10037,49.16542],[-2.09964,49.16875],[-2.10042,49.16995],[-2.10125,49.16918],[-2.10208,49.16918],[-2.10375,49.17021],[-2.10542,49.17035],[-2.10625,49.16751],[-2.10875,49.16745],[-2.10958,49.1667],[-2.11292,49.16702],[-2.11542,49.16583],[-2.11708,49.16617],[-2.11761,49.16708],[-2.11564,49.16875],[-2.1175,49.17208],[-2.116,49.17542],[-2.11708,49.17736],[-2.11792,49.17774],[-2.11958,49.17679],[-2.12208,49.17407],[-2.12375,49.17402],[-2.12231,49.17292],[-2.12208,49.17008],[-2.12458,49.1717],[-2.12611,49.17208],[-2.12625,49.17318],[-2.12708,49.17272],[-2.12774,49.17292],[-2.12693,49.17542],[-2.1292,49.17958],[-2.13391,49.18458],[-2.13708,49.18574],[-2.14458,49.18634],[-2.14792,49.18607],[-2.1528,49.18458],[-2.15542,49.18221],[-2.15708,49.18244],[-2.15958,49.18152],[-2.16327,49.17625],[-2.16235,49.17458],[-2.16295,49.17375],[-2.16247,49.17042],[-2.16411,49.16708],[-2.16542,49.16648],[-2.16708,49.16459],[-2.17208,49.16587],[-2.17292,49.16751],[-2.17375,49.16758],[-2.17412,49.16875],[-2.17542,49.16952],[-2.17792,49.16922],[-2.17875,49.16988],[-2.18042,49.16973],[-2.18125,49.16762],[-2.18792,49.16777],[-2.18902,49.16958],[-2.18782,49.17042],[-2.18848,49.17292],[-2.19122,49.17375],[-2.19209,49.17458],[-2.18924,49.17542],[-2.1896,49.17708],[-2.19292,49.17981],[-2.19958,49.18148],[-2.20048,49.18125],[-2.20125,49.17982],[-2.20292,49.17979],[-2.20375,49.17761],[-2.20708,49.1774],[-2.20746,49.17625],[-2.20875,49.17588],[-2.20958,49.17445],[-2.21002,49.17542],[-2.21292,49.1773],[-2.21375,49.1759],[-2.21542,49.17588],[-2.21792,49.1744],[-2.22208,49.17431],[-2.22292,49.17352],[-2.22458,49.17359],[-2.22542,49.17435],[-2.23208,49.17444],[-2.23292,49.176],[-2.2346,49.17625],[-2.23542,49.17852],[-2.23708,49.17852],[-2.23792,49.17619],[-2.23958,49.17611],[-2.24137,49.17625],[-2.24106,49.17875],[-2.24292,49.17986],[-2.24542,49.18002],[-2.24708,49.17781],[-2.24792,49.17861],[-2.25023,49.17875],[-2.25037,49.17958],[-2.24958,49.1797],[-2.24875,49.18143],[-2.24625,49.18181],[-2.24475,49.18375],[-2.24211,49.18542],[-2.24208,49.18661],[-2.24542,49.18677],[-2.24625,49.18767],[-2.24839,49.18792],[-2.24723,49.19042],[-2.24588,49.19042],[-2.24375,49.19219],[-2.24125,49.19223],[-2.24137,49.19125],[-2.24016,49.19042],[-2.24167,49.18792],[-2.23891,49.18625],[-2.23708,49.1859],[-2.23695,49.18708],[-2.23521,49.18792],[-2.23542,49.18885],[-2.23111,49.19125],[-2.23192,49.19542],[-2.2341,49.19708],[-2.23083,49.20125],[-2.23002,49.20375],[-2.23029,49.20708],[-2.23454,49.22042],[-2.23662,49.22292],[-2.23625,49.2242],[-2.23458,49.22412],[-2.2326,49.22208],[-2.23165,49.21708],[-2.22776,49.20792],[-2.22727,49.20458],[-2.22625,49.20385],[-2.22586,49.20542],[-2.22687,49.21125],[-2.22666,49.21458],[-2.2285,49.21625],[-2.2302,49.22042],[-2.23431,49.22625],[-2.23458,49.22772],[-2.23542,49.22777],[-2.23923,49.23125],[-2.23958,49.23251],[-2.24042,49.23251],[-2.24542,49.2376],[-2.24958,49.23804],[-2.25178,49.24042],[-2.25253,49.24208],[-2.25205,49.24458],[-2.25292,49.24466],[-2.25419,49.24708],[-2.25429,49.25208],[-2.25292,49.25349],[-2.25125,49.25372],[-2.25,49.25625],[-2.24792,49.25683],[-2.24708,49.25821],[-2.24375,49.25835],[-2.24292,49.2592],[-2.24208,49.25858],[-2.23958,49.25863],[-2.23875,49.25783],[-2.23708,49.25782],[-2.23625,49.25707],[-2.2341,49.25708],[-2.23042,49.25907],[-2.22975,49.26042],[-2.22792,49.26184],[-2.22542,49.26172],[-2.22458,49.25872],[-2.22208,49.25864],[-2.21958,49.25699],[-2.21792,49.25695],[-2.21708,49.25537],[-2.21458,49.25526],[-2.21375,49.25449],[-2.21042,49.25446],[-2.20875,49.25282],[-2.20625,49.25272],[-2.20458,49.25032],[-2.20208,49.24949],[-2.20125,49.24834],[-2.19958,49.24825],[-2.19792,49.2485],[-2.19708,49.24934],[-2.19625,49.24942],[-2.19542,49.24875],[-2.19292,49.25029],[-2.19208,49.2495],[-2.18792,49.24954],[-2.18708,49.25032],[-2.18542,49.25029],[-2.18458,49.24952],[-2.18208,49.24951],[-2.18125,49.24952],[-2.17958,49.25106],[-2.17875,49.25032],[-2.17458,49.25041],[-2.17375,49.25207],[-2.17291,49.25208],[-2.17042,49.25506],[-2.16792,49.25527],[-2.16728,49.25708],[-2.16542,49.25822],[-2.16375,49.25849],[-2.16292,49.2578],[-2.16042,49.25789],[-2.16024,49.25958],[-2.15875,49.26132],[-2.15792,49.26076],[-2.15542,49.26076],[-2.15468,49.25958],[-2.15375,49.25953],[-2.15316,49.26125],[-2.15208,49.26138],[-2.15125,49.26242],[-2.14958,49.26106],[-2.14708,49.26108],[-2.14458,49.25705],[-2.14125,49.25697],[-2.14047,49.25542],[-2.13958,49.25536],[-2.13792,49.25375],[-2.13042,49.25375],[-2.12958,49.25451],[-2.12708,49.25448],[-2.1255,49.25375],[-2.12458,49.25451],[-2.12042,49.25444],[-2.11804,49.25292],[-2.11792,49.2512],[-2.11292,49.25124],[-2.11208,49.25196],[-2.11042,49.25185],[-2.10875,49.25043],[-2.10542,49.25134],[-2.10458,49.2521],[-2.10444,49.25375],[-2.10375,49.25439],[-2.10208,49.25443],[-2.10125,49.25522],[-2.09792,49.25528],[-2.09625,49.25373],[-2.09542,49.25448],[-2.09208,49.2544],[-2.08925,49.25208],[-2.08875,49.24951],[-2.08348,49.24792],[-2.08387,49.24625],[-2.08225,49.24458],[-2.08214,49.24208],[-2.07888,49.24042],[-2.0796,49.23875],[-2.07708,49.23865],[-2.07458,49.23704],[-2.06875,49.23708],[-2.06708,49.23861],[-2.06375,49.23864],[-2.06292,49.23944],[-2.06208,49.23856],[-2.05958,49.23863],[-2.05625,49.24352],[-2.05375,49.24378],[-2.05292,49.24232],[-2.05208,49.24232],[-2.05191,49.24375],[-2.05042,49.24391],[-2.04968,49.24125],[-2.04875,49.24037],[-2.04625,49.24035],[-2.04542,49.24106],[-2.04292,49.24092],[-2.04225,49.23875],[-2.04296,49.23792],[-2.04215,49.23625],[-2.03708,49.236],[-2.03625,49.2345],[-2.03375,49.23552],[-2.03208,49.23367],[-2.03042,49.23368],[-2.02958,49.23287],[-2.02708,49.23262],[-2.02625,49.23329],[-2.02458,49.2333],[-2.02292,49.23256],[-2.02209,49.22625],[-2.02125,49.22541],[-2.02042,49.22576],[-2.01875,49.22545],[-2.01625,49.22402],[-2.01375,49.22382],[-2.01191,49.22292],[-2.01125,49.22137],[-2.00954,49.22125],[-2.01208,49.22116],[-2.01292,49.22197],[-2.01542,49.22188],[-2.01625,49.22345],[-2.01708,49.2234],[-2.01792,49.22411],[-2.01875,49.2233],[-2.02208,49.22297],[-2.0222,49.22208],[-2.02375,49.22128],[-2.02458,49.21991],[-2.02354,49.21375],[-2.0214,49.21208],[-2.02117,49.20958],[-2.0184,49.20875],[-2.01877,49.20542],[-2.01792,49.20371],[-2.01595,49.20208],[-2.0166,49.19875],[-2.0186,49.19708],[-2.01899,49.19292],[-2.01836,49.18958],[-2.01599,49.18458],[-2.01292,49.18172],[-2.01208,49.17988],[-2.00878,49.17792],[-2.00904,49.17542],[-2.00687,49.17292],[-1.99638,49.16708],[-1.99542,49.16423],[-1.99292,49.16332],[-1.99208,49.16216],[-1.99125,49.16245],[-1.99038,49.16125],[-1.98835,49.16042],[-1.98625,49.16152],[-1.98423,49.16125],[-1.98426,49.16042],[-1.98625,49.1594],[-1.98875,49.15658],[-1.98958,49.15633],[-1.99042,49.15692],[-1.99083,49.15625],[-1.99042,49.15585],[-1.98958,49.15602],[-1.9888,49.15458],[-1.99042,49.15298],[-1.99125,49.15584],[-1.99193,49.15292],[-1.99125,49.15185],[-1.98974,49.15125],[-1.9895,49.15042],[-1.98792,49.15012],[-1.98792,49.14912],[-1.98958,49.14834],[-1.99125,49.15014],[-1.99458,49.14702],[-1.99599,49.14792],[-1.99625,49.14899],[-1.99704,49.14708],[-1.99874,49.14625],[-1.99958,49.14489],[-2.00042,49.14563],[-2.00126,49.14542],[-2.00156,49.14375],[-2.00292,49.14292],[-2.00125,49.14024],[-1.99958,49.14009]]},"properties":{"source":"emodnet_dtm_2024","level":2}},{"type":"Feature","geometry":{"type":"LineString","coordinates":[[-2.02542,49.14044],[-2.02625,49.14034],[-2.02625,49.14091],[-2.02542,49.14044]]},"properties":{"source":"emodnet_dtm_2024","level":2}},{"type":"Feature","geometry":{"type":"LineString","coordinates":[[-2.02208,49.14089],[-2.02208,49.13987],[-2.02292,49.13975],[-2.02364,49.14042],[-2.02292,49.14111],[-2.02208,49.14089]]},"properties":{"source":"emodnet_dtm_2024","level":2}},{"type":"Feature","geometry":{"type":"LineString","coordinates":[[-2.01542,49.14086],[-2.01472,49.14042],[-2.01525,49.13875],[-2.01481,49.13792],[-2.01625,49.13734],[-2.01721,49.13792],[-2.01792,49.14015],[-2.01958,49.13996],[-2.02067,49.14125],[-2.02042,49.14171],[-2.01708,49.14272],[-2.01576,49.14208],[-2.01542,49.14086]]},"properties":{"source":"emodnet_dtm_2024","level":2}},{"type":"Feature","geometry":{"type":"LineString","coordinates":[[-1.99625,49.14234],[-1.99625,49.14189],[-1.99708,49.14175],[-1.99795,49.14208],[-1.99708,49.14263],[-1.99625,49.14234]]},"properties":{"source":"emodnet_dtm_2024","level":2}},{"type":"Feature","geometry":{"type":"LineString","coordinates":[[-1.99875,49.14491],[-1.99875,49.14424],[-1.99935,49.14458],[-1.99875,49.14491]]},"properties":{"source":"emodnet_dtm_2024","level":2}},{"type":"Feature","geometry":{"type":"LineString","coordinates":[[-2.04958,49.14592],[-2.04906,49.14542],[-2.04958,49.1452],[-2.04958,49.14592]]},"properties":{"source":"emodnet_dtm_2024","level":2}},{"type":"Feature","geometry":{"type":"LineString","coordinates":[[-2.04542,49.14596],[-2.04542,49.14537],[-2.04542,49.14596]]},"properties":{"source":"emodnet_dtm_2024","level":2}},{"type":"Feature","geometry":{"type":"LineString","coordinates":[[-2.00375,49.14731],[-2.00292,49.14697],[-2.00208,49.14827],[-2.00375,49.148],[-2.00375,49.14731]]},"properties":{"source":"emodnet_dtm_2024","level":2}},{"type":"Feature","geometry":{"type":"LineString","coordinates":[[-2.03625,49.15014],[-2.03542,49.14947],[-2.03429,49.14958],[-2.03501,49.15042],[-2.03625,49.1505],[-2.03625,49.15014]]},"properties":{"source":"emodnet_dtm_2024","level":2}},{"type":"Feature","geometry":{"type":"LineString","coordinates":[[-1.98458,49.15717],[-1.98458,49.15717]]},"properties":{"source":"emodnet_dtm_2024","level":2}},{"type":"Feature","geometry":{"type":"LineString","coordinates":[[-2.09792,49.15986],[-2.10042,49.15729],[-2.10375,49.15666],[-2.10458,49.15707],[-2.10363,49.15875],[-2.10042,49.1598],[-2.09792,49.15986]]},"properties":{"source":"emodnet_dtm_2024","level":2}},{"type":"Feature","geometry":{"type":"LineString","coordinates":[[-2.06042,49.16001],[-2.05958,49.15943],[-2.05792,49.15998],[-2.05458,49.16272],[-2.05375,49.16201],[-2.0518,49.16208],[-2.05255,49.16375],[-2.05214,49.16458],[-2.04958,49.16491],[-2.04922,49.16542],[-2.05066,49.16708],[-2.05222,49.16708],[-2.05375,49.16577],[-2.05679,49.16542],[-2.05792,49.16477],[-2.05875,49.16294],[-2.05958,49.16294],[-2.06039,49.16375],[-2.06042,49.16469],[-2.06125,49.16395],[-2.06625,49.1639],[-2.06792,49.16312],[-2.0692,49.16125],[-2.06875,49.1604],[-2.06208,49.16054],[-2.06042,49.16001]]},"properties":{"source":"emodnet_dtm_2024","level":2}},{"type":"Feature","geometry":{"type":"LineString","coordinates":[[-2.08708,49.16094],[-2.08625,49.16024],[-2.08292,49.16124],[-2.08042,49.16081],[-2.07955,49.16208],[-2.08625,49.1667],[-2.09208,49.17242],[-2.09354,49.17042],[-2.09375,49.16732],[-2.09125,49.1657],[-2.08958,49.16647],[-2.08792,49.1664],[-2.08673,49.16458],[-2.08763,49.16208],[-2.08708,49.16094]]},"properties":{"source":"emodnet_dtm_2024","level":2}},{"type":"Feature","geometry":{"type":"LineString","coordinates":[[-2.11625,49.17753],[-2.11542,49.17593],[-2.11458,49.17594],[-2.11458,49.17818],[-2.11625,49.1783],[-2.11625,49.17753]]},"properties":{"source":"emodnet_dtm_2024","level":2}},{"type":"Feature","geometry":{"type":"LineString","coordinates":[[-2.16375,49.18477],[-2.16292,49.18437],[-2.16191,49.18458],[-2.16283,49.18708],[-2.16167,49.18875],[-2.16042,49.18911],[-2.15792,49.19179],[-2.15458,49.19199],[-2.15375,49.19281],[-2.15277,49.19292],[-2.15542,49.19314],[-2.15708,49.19228],[-2.16196,49.19208],[-2.16576,49.18792],[-2.16542,49.18519],[-2.16375,49.18477]]},"properties":{"source":"emodnet_dtm_2024","level":2}},{"type":"Feature","geometry":{"type":"LineString","coordinates":[[-2.13292,49.18983],[-2.13125,49.18929],[-2.12981,49.18958],[-2.13108,49.19208],[-2.13375,49.19226],[-2.13542,49.19306],[-2.13859,49.19292],[-2.13542,49.19031],[-2.13292,49.18983]]},"properties":{"source":"emodnet_dtm_2024","level":2}},{"type":"Feature","geometry":{"type":"LineString","coordinates":[[-2.23625,49.19492],[-2.23571,49.19458],[-2.23625,49.19422],[-2.23625,49.19492]]},"properties":{"source":"emodnet_dtm_2024","level":2}},{"type":"Feature","geometry":{"type":"LineString","coordinates":[[-2.23042,49.19735],[-2.22958,49.19642],[-2.22875,49.19637],[-2.22743,49.19958],[-2.22792,49.19999],[-2.23032,49.19875],[-2.23042,49.19735]]},"properties":{"source":"emodnet_dtm_2024","level":2}},{"type":"Feature","geometry":{"type":"LineString","coordinates":[[-2.23875,49.22592],[-2.23817,49.22458],[-2.23958,49.22414],[-2.24049,49.22458],[-2.23958,49.22663],[-2.23875,49.22592]]},"properties":{"source":"emodnet_dtm_2024","level":2}},{"type":"Feature","geometry":{"type":"LineString","coordinates":[[-2.24042,49.22803],[-2.24042,49.22688],[-2.24042,49.22803]]},"properties":{"source":"emodnet_dtm_2024","level":2}},{"type":"Feature","geometry":{"type":"LineString","coordinates":[[-2.24208,49.22902],[-2.24208,49.22833],[-2.24458,49.22655],[-2.24792,49.22714],[-2.24843,49.22792],[-2.24792,49.22838],[-2.24483,49.22875],[-2.24675,49.23042],[-2.24635,49.23292],[-2.24721,49.23458],[-2.24625,49.23434],[-2.24616,49.23292],[-2.24442,49.23042],[-2.24208,49.22902]]},"properties":{"source":"emodnet_dtm_2024","level":2}},{"type":"Feature","geometry":{"type":"LineString","coordinates":[[-1.67208,49.22965],[-1.67273,49.22958],[-1.67208,49.22965]]},"properties":{"source":"emodnet_dtm_2024","level":2}},{"type":"Feature","geometry":{"type":"LineString","coordinates":[[-2.24958,49.23632],[-2.2491,49.23542],[-2.25042,49.23465],[-2.25042,49.23625],[-2.24958,49.23632]]},"properties":{"source":"emodnet_dtm_2024","level":2}},{"type":"Feature","geometry":{"type":"LineString","coordinates":[[-2.08875,49.25938],[-2.08811,49.25792],[-2.08875,49.25594],[-2.08958,49.25506],[-2.09042,49.25508],[-2.09125,49.2553],[-2.0916,49.25625],[-2.09125,49.25787],[-2.09042,49.25895],[-2.08875,49.25938]]},"properties":{"source":"emodnet_dtm_2024","level":2}},{"type":"Feature","geometry":{"type":"LineString","coordinates":[[-1.93375,49.27509],[-1.93375,49.27367],[-1.93708,49.27274],[-1.93779,49.27375],[-1.9368,49.27542],[-1.93542,49.27596],[-1.93375,49.27509]]},"properties":{"source":"emodnet_dtm_2024","level":2}},{"type":"Feature","geometry":{"type":"LineString","coordinates":[[-1.94708,49.28099],[-1.94652,49.27958],[-1.94772,49.27625],[-1.9485,49.27542],[-1.94958,49.27532],[-1.954,49.27708],[-1.95708,49.28181],[-1.96125,49.28291],[-1.96458,49.28519],[-1.96792,49.28112],[-1.96924,49.28125],[-1.97083,49.28375],[-1.97019,49.28542],[-1.96792,49.28663],[-1.96458,49.28547],[-1.96244,49.28792],[-1.9619,49.28958],[-1.96184,49.29375],[-1.963,49.29458],[-1.96625,49.29452],[-1.96708,49.295],[-1.9681,49.29708],[-1.96714,49.29792],[-1.96375,49.29917],[-1.95875,49.29815],[-1.95625,49.29996],[-1.95292,49.29908],[-1.95294,49.29625],[-1.95458,49.29351],[-1.95625,49.29693],[-1.95792,49.29757],[-1.95875,49.2977],[-1.96085,49.29458],[-1.95923,49.29125],[-1.96031,49.28792],[-1.95985,49.28458],[-1.95875,49.28316],[-1.95708,49.28307],[-1.95375,49.28144],[-1.95208,49.28137],[-1.95042,49.28201],[-1.94708,49.28099]]},"properties":{"source":"emodnet_dtm_2024","level":2}},{"type":"Feature","geometry":{"type":"LineString","coordinates":[[-1.91125,49.28297],[-1.91208,49.27944],[-1.91458,49.27923],[-1.91557,49.27958],[-1.91672,49.28125],[-1.91627,49.28208],[-1.91292,49.28326],[-1.91125,49.28297]]},"properties":{"source":"emodnet_dtm_2024","level":2}},{"type":"Feature","geometry":{"type":"LineString","coordinates":[[-1.91375,49.28485],[-1.91543,49.28458],[-1.91458,49.28503],[-1.91375,49.28485]]},"properties":{"source":"emodnet_dtm_2024","level":2}},{"type":"Feature","geometry":{"type":"LineString","coordinates":[[-1.92458,49.28562],[-1.92505,49.28208],[-1.92625,49.28173],[-1.92681,49.28208],[-1.92671,49.28625],[-1.92542,49.28646],[-1.92458,49.28562]]},"properties":{"source":"emodnet_dtm_2024","level":2}},{"type":"Feature","geometry":{"type":"LineString","coordinates":[[-1.94375,49.28685],[-1.94208,49.28556],[-1.94125,49.28637],[-1.93779,49.28625],[-1.93651,49.28792],[-1.93657,49.29042],[-1.93431,49.29292],[-1.93499,49.29458],[-1.93792,49.29763],[-1.94042,49.297],[-1.94208,49.29753],[-1.94337,49.29542],[-1.94125,49.29584],[-1.94095,49.29542],[-1.94208,49.29508],[-1.94528,49.29208],[-1.94542,49.29017],[-1.94458,49.29065],[-1.94366,49.29042],[-1.94364,49.28875],[-1.94437,49.28792],[-1.94375,49.28685]]},"properties":{"source":"emodnet_dtm_2024","level":2}},{"type":"Feature","geometry":{"type":"LineString","coordinates":[[-1.97708,49.28845],[-1.97642,49.28625],[-1.97792,49.28491],[-1.98125,49.28717],[-1.98502,49.28792],[-1.98632,49.29208],[-1.98542,49.29475],[-1.98375,49.29511],[-1.98208,49.29448],[-1.97708,49.28845]]},"properties":{"source":"emodnet_dtm_2024","level":2}},{"type":"Feature","geometry":{"type":"LineString","coordinates":[[-2.20792,49.28907],[-2.20742,49.28708],[-2.20625,49.28662],[-2.20551,49.28708],[-2.20599,49.28792],[-2.20542,49.28849],[-2.20375,49.28833],[-2.20371,49.28958],[-2.20458,49.28971],[-2.20512,49.29125],[-2.20292,49.29273],[-2.20208,49.29274],[-2.20125,49.29431],[-2.20042,49.29266],[-2.19669,49.29125],[-2.19708,49.28987],[-2.19958,49.28963],[-2.20042,49.28797],[-2.20125,49.28793],[-2.20542,49.28433],[-2.20958,49.28482],[-2.21347,49.28708],[-2.21246,49.28792],[-2.21342,49.28875],[-2.21292,49.29102],[-2.21208,49.28826],[-2.21125,49.29011],[-2.20958,49.29007],[-2.20792,49.28907]]},"properties":{"source":"emodnet_dtm_2024","level":2}},{"type":"Feature","geometry":{"type":"LineString","coordinates":[[-1.92792,49.28883],[-1.92716,49.28792],[-1.92875,49.28559],[-1.93042,49.2862],[-1.93625,49.28555],[-1.93708,49.28405],[-1.94395,49.28458],[-1.94458,49.28482],[-1.9448,49.28625],[-1.94713,49.28792],[-1.94723,49.29042],[-1.94952,49.29458],[-1.95059,49.29458],[-1.95042,49.29598],[-1.94875,49.29732],[-1.94757,49.29708],[-1.94758,49.29625],[-1.94625,49.2958],[-1.94576,49.29875],[-1.94375,49.29977],[-1.94208,49.30149],[-1.93816,49.29958],[-1.93375,49.296],[-1.93292,49.29608],[-1.93042,49.29427],[-1.92906,49.29208],[-1.92778,49.29125],[-1.92792,49.28883]]},"properties":{"source":"emodnet_dtm_2024","level":2}},{"type":"Feature","geometry":{"type":"LineString","coordinates":[[-1.91292,49.29054],[-1.91392,49.29042],[-1.91292,49.29054]]},"properties":{"source":"emodnet_dtm_2024","level":2}},{"type":"Feature","geometry":{"type":"LineString","coordinates":[[-1.95375,49.29226],[-1.95375,49.29194],[-1.95375,49.29226]]},"properties":{"source":"emodnet_dtm_2024","level":2}},{"type":"Feature","geometry":{"type":"LineString","coordinates":[[-2.19708,49.29317],[-2.19708,49.29284],[-2.19708,49.29317]]},"properties":{"source":"emodnet_dtm_2024","level":2}},{"type":"Feature","geometry":{"type":"LineString","coordinates":[[-1.94125,49.29387],[-1.94115,49.29292],[-1.94241,49.29292],[-1.94241,49.29375],[-1.94125,49.29387]]},"properties":{"source":"emodnet_dtm_2024","level":2}},{"type":"Feature","geometry":{"type":"LineString","coordinates":[[-2.20625,49.295],[-2.20575,49.29375],[-2.20625,49.29247],[-2.20792,49.29249],[-2.20875,49.29457],[-2.20958,49.29245],[-2.21125,49.29273],[-2.21375,49.29238],[-2.21396,49.29125],[-2.21598,49.29042],[-2.21708,49.2878],[-2.22026,49.28958],[-2.22093,49.29208],[-2.21875,49.29426],[-2.21542,49.29409],[-2.21255,49.29625],[-2.21042,49.29672],[-2.20887,49.29625],[-2.21125,49.29433],[-2.20625,49.295]]},"properties":{"source":"emodnet_dtm_2024","level":2}},{"type":"Feature","geometry":{"type":"LineString","coordinates":[[-2.03292,49.29479],[-2.03208,49.29399],[-2.02792,49.29418],[-2.02625,49.29516],[-2.02292,49.2951],[-2.02125,49.29591],[-2.01875,49.29596],[-2.01625,49.29713],[-2.01458,49.29652],[-2.01292,49.29691],[-2.01237,49.29625],[-2.01292,49.29399],[-2.01375,49.29326],[-2.01542,49.29345],[-2.02125,49.29077],[-2.02542,49.29153],[-2.02958,49.29145],[-2.03375,49.29304],[-2.03875,49.29163],[-2.04292,49.29184],[-2.04822,49.29458],[-2.04972,49.29792],[-2.04898,49.29958],[-2.04625,49.30145],[-2.04458,49.30568],[-2.04375,49.30596],[-2.04253,49.30542],[-2.04189,49.30208],[-2.04125,49.30163],[-2.03926,49.30208],[-2.03792,49.30501],[-2.03522,49.30542],[-2.03493,49.30375],[-2.03834,49.30125],[-2.03852,49.29958],[-2.03625,49.29641],[-2.03292,49.29479]]},"properties":{"source":"emodnet_dtm_2024","level":2}},{"type":"Feature","geometry":{"type":"LineString","coordinates":[[-1.98542,49.29714],[-1.98542,49.29639],[-1.98625,49.29605],[-1.98625,49.29745],[-1.98542,49.29714]]},"properties":{"source":"emodnet_dtm_2024","level":2}},{"type":"Feature","geometry":{"type":"LineString","coordinates":[[-2.20625,49.29814],[-2.20625,49.29628],[-2.20808,49.29708],[-2.20822,49.29792],[-2.20792,49.29856],[-2.20625,49.29814]]},"properties":{"source":"emodnet_dtm_2024","level":2}},{"type":"Feature","geometry":{"type":"LineString","coordinates":[[-2.18958,49.29843],[-2.18891,49.29792],[-2.18958,49.29771],[-2.18958,49.29843]]},"properties":{"source":"emodnet_dtm_2024","level":2}},{"type":"Feature","geometry":{"type":"LineString","coordinates":[[-2.03292,49.29813],[-2.03292,49.29754],[-2.03292,49.29813]]},"properties":{"source":"emodnet_dtm_2024","level":2}},{"type":"Feature","geometry":{"type":"LineString","coordinates":[[-2.03375,49.29976],[-2.03375,49.29851],[-2.03467,49.29875],[-2.03375,49.29976]]},"properties":{"source":"emodnet_dtm_2024","level":2}},{"type":"Feature","geometry":{"type":"LineString","coordinates":[[-1.92458,49.30131],[-1.92458,49.30063],[-1.92458,49.30131]]},"properties":{"source":"emodnet_dtm_2024","level":2}},{"type":"Feature","geometry":{"type":"LineString","coordinates":[[-2.03042,49.30318],[-2.03042,49.30102],[-2.03163,49.30292],[-2.03042,49.30318]]},"properties":{"source":"emodnet_dtm_2024","level":2}},{"type":"Feature","geometry":{"type":"LineString","coordinates":[[-1.94208,49.30551],[-1.94292,49.30477],[-1.94395,49.30542],[-1.94292,49.30592],[-1.94208,49.30551]]},"properties":{"source":"emodnet_dtm_2024","level":2}},{"type":"Feature","geometry":{"type":"LineString","coordinates":[[-2.02625,49.30713],[-2.0262,49.30542],[-2.02708,49.30533],[-2.02782,49.30625],[-2.02625,49.30713]]},"properties":{"source":"emodnet_dtm_2024","level":2}},{"type":"Feature","geometry":{"type":"LineString","coordinates":[[-2.02292,49.30999],[-2.02292,49.30935],[-2.02458,49.30833],[-2.02458,49.30974],[-2.02375,49.31044],[-2.02292,49.30999]]},"properties":{"source":"emodnet_dtm_2024","level":2}},{"type":"Feature","geometry":{"type":"LineString","coordinates":[[-2.03208,49.31092],[-2.03159,49.30958],[-2.03208,49.30854],[-2.03292,49.30842],[-2.03375,49.31048],[-2.03292,49.3116],[-2.03208,49.31092]]},"properties":{"source":"emodnet_dtm_2024","level":2}},{"type":"Feature","geometry":{"type":"LineString","coordinates":[[-2.03875,49.31215],[-2.04042,49.30929],[-2.04208,49.30941],[-2.04347,49.31125],[-2.04292,49.31194],[-2.03958,49.31251],[-2.03875,49.31215]]},"properties":{"source":"emodnet_dtm_2024","level":2}},{"type":"Feature","geometry":{"type":"LineString","coordinates":[[-2.36708,49.40463],[-2.36708,49.40369],[-2.36875,49.40458],[-2.36708,49.40463]]},"properties":{"source":"emodnet_dtm_2024","level":2}},{"type":"Feature","geometry":{"type":"LineString","coordinates":[[-2.38125,49.40629],[-2.38125,49.40565],[-2.38125,49.40629]]},"properties":{"source":"emodnet_dtm_2024","level":2}},{"type":"Feature","geometry":{"type":"LineString","coordinates":[[-2.38292,49.41167],[-2.38292,49.41106],[-2.38292,49.41167]]},"properties":{"source":"emodnet_dtm_2024","level":2}},{"type":"Feature","geometry":{"type":"LineString","coordinates":[[-2.36708,49.4114],[-2.36708,49.40973],[-2.36792,49.40915],[-2.37292,49.40913],[-2.37708,49.40639],[-2.37875,49.40671],[-2.37917,49.40958],[-2.38208,49.41331],[-2.38209,49.41542],[-2.37708,49.41657],[-2.376,49.41875],[-2.37458,49.41983],[-2.37208,49.42012],[-2.37125,49.41979],[-2.37042,49.42019],[-2.36941,49.42292],[-2.36984,49.42375],[-2.37208,49.42407],[-2.37458,49.42574],[-2.37652,49.42625],[-2.37708,49.43018],[-2.37875,49.43023],[-2.37958,49.4291],[-2.38042,49.43027],[-2.38125,49.42955],[-2.38542,49.43037],[-2.38958,49.42929],[-2.39084,49.43125],[-2.38958,49.43229],[-2.38542,49.43251],[-2.38125,49.43218],[-2.38042,49.43164],[-2.37958,49.43222],[-2.37708,49.43227],[-2.37625,49.43347],[-2.37458,49.43433],[-2.37152,49.43458],[-2.37125,49.43662],[-2.37237,49.43792],[-2.3699,49.43875],[-2.36958,49.44009],[-2.36705,49.44125],[-2.36774,49.44208],[-2.36766,49.44458],[-2.36689,49.44542],[-2.36772,49.44625],[-2.36625,49.44974],[-2.36542,49.44923],[-2.36375,49.44925],[-2.36309,49.44875],[-2.36303,49.44708],[-2.36042,49.44699],[-2.35958,49.44532],[-2.35796,49.44542],[-2.35792,49.44636],[-2.35777,49.44542],[-2.35208,49.44396],[-2.35127,49.43875],[-2.35042,49.43785],[-2.34958,49.4378],[-2.34875,49.43866],[-2.34792,49.43702],[-2.34542,49.43718],[-2.34323,49.43625],[-2.34271,49.43375],[-2.34332,49.43292],[-2.34187,49.43208],[-2.34088,49.42958],[-2.34208,49.4294],[-2.34265,49.42875],[-2.34199,49.42792],[-2.34292,49.42768],[-2.34375,49.42613],[-2.34792,49.42485],[-2.34875,49.42342],[-2.35042,49.42465],[-2.35208,49.42321],[-2.35353,49.42292],[-2.35458,49.42116],[-2.3555,49.42125],[-2.35567,49.42292],[-2.35792,49.42308],[-2.35875,49.42106],[-2.36292,49.41923],[-2.36676,49.41875],[-2.36576,49.41625],[-2.36751,49.41458],[-2.36708,49.4114]]},"properties":{"source":"emodnet_dtm_2024","level":2}},{"type":"Feature","geometry":{"type":"LineString","coordinates":[[-2.61625,49.41322],[-2.61625,49.41275],[-2.61625,49.41322]]},"properties":{"source":"emodnet_dtm_2024","level":2}},{"type":"Feature","geometry":{"type":"LineString","coordinates":[[-2.55875,49.41694],[-2.55875,49.41606],[-2.55875,49.41694]]},"properties":{"source":"emodnet_dtm_2024","level":2}},{"type":"Feature","geometry":{"type":"LineString","coordinates":[[-2.61792,49.4178],[-2.61773,49.41625],[-2.61875,49.4161],[-2.61792,49.4178]]},"properties":{"source":"emodnet_dtm_2024","level":2}},{"type":"Feature","geometry":{"type":"LineString","coordinates":[[-2.55458,49.4198],[-2.55542,49.4179],[-2.56292,49.41688],[-2.56572,49.41792],[-2.56715,49.42125],[-2.56886,49.42292],[-2.57625,49.42324],[-2.57708,49.42197],[-2.57875,49.42195],[-2.57958,49.42388],[-2.58042,49.42317],[-2.58252,49.42292],[-2.58208,49.42144],[-2.58113,49.42125],[-2.58125,49.42038],[-2.58542,49.42137],[-2.58764,49.41958],[-2.58875,49.4194],[-2.58944,49.41875],[-2.58912,49.41542],[-2.59042,49.4147],[-2.59125,49.41613],[-2.59292,49.41622],[-2.59375,49.41772],[-2.60266,49.41792],[-2.60625,49.42079],[-2.60875,49.41849],[-2.61292,49.4174],[-2.61388,49.41792],[-2.61375,49.41958],[-2.61542,49.41937],[-2.61625,49.41785],[-2.61708,49.41925],[-2.61792,49.4182],[-2.6204,49.42042],[-2.62292,49.42138],[-2.62792,49.42075],[-2.62875,49.4216],[-2.63042,49.42102],[-2.63292,49.42136],[-2.63542,49.42064],[-2.63792,49.42144],[-2.63875,49.42089],[-2.63915,49.42292],[-2.64292,49.4238],[-2.64375,49.42358],[-2.64458,49.4242],[-2.64792,49.4237],[-2.64958,49.42394],[-2.65042,49.42344],[-2.65292,49.42381],[-2.65708,49.42203],[-2.65958,49.42317],[-2.66042,49.42174],[-2.66292,49.4218],[-2.66458,49.42384],[-2.66708,49.42341],[-2.66875,49.42557],[-2.67042,49.42516],[-2.67151,49.42708],[-2.67541,49.42958],[-2.67546,49.43625],[-2.67375,49.43862],[-2.67208,49.43948],[-2.66958,49.43722],[-2.66792,49.43662],[-2.66625,49.43728],[-2.66375,49.43689],[-2.66042,49.43812],[-2.65801,49.44042],[-2.65822,49.44208],[-2.65958,49.44358],[-2.66292,49.44444],[-2.66366,49.44542],[-2.66163,49.44542],[-2.65958,49.44407],[-2.65708,49.44483],[-2.65599,49.44625],[-2.65557,49.44875],[-2.65958,49.45352],[-2.66292,49.45485],[-2.66378,49.45458],[-2.66375,49.45669],[-2.66542,49.45714],[-2.66708,49.4567],[-2.66958,49.45726],[-2.67208,49.45649],[-2.67292,49.45711],[-2.6732,49.45875],[-2.67554,49.45958],[-2.67579,49.46125],[-2.67542,49.46175],[-2.67292,49.46194],[-2.67125,49.4629],[-2.66875,49.46276],[-2.66542,49.46355],[-2.66341,49.46292],[-2.66323,49.46125],[-2.66208,49.45987],[-2.65481,49.46208],[-2.65292,49.46134],[-2.65201,49.46208],[-2.65219,49.46292],[-2.65033,49.46542],[-2.64958,49.46782],[-2.64632,49.46708],[-2.64458,49.46396],[-2.64125,49.46285],[-2.64042,49.46303],[-2.6382,49.46458],[-2.63792,49.46794],[-2.63458,49.46926],[-2.63456,49.47125],[-2.63375,49.47153],[-2.62375,49.46866],[-2.62125,49.47043],[-2.61978,49.46958],[-2.61958,49.46754],[-2.61792,49.46691],[-2.61642,49.46708],[-2.61625,49.46818],[-2.61458,49.46907],[-2.61292,49.46929],[-2.6116,49.47042],[-2.61318,49.47292],[-2.61601,49.47542],[-2.61582,49.47625],[-2.61208,49.47657],[-2.61127,49.47625],[-2.61125,49.47538],[-2.60958,49.47472],[-2.60708,49.47599],[-2.60542,49.47605],[-2.60375,49.47683],[-2.60042,49.47558],[-2.59625,49.47688],[-2.59625,49.47886],[-2.60125,49.47913],[-2.60375,49.4799],[-2.60423,49.48042],[-2.60375,49.48107],[-2.60042,49.48073],[-2.59854,49.48125],[-2.59958,49.48234],[-2.60458,49.48242],[-2.60526,49.48292],[-2.60375,49.48437],[-2.60042,49.48465],[-2.59958,49.48331],[-2.59625,49.48425],[-2.59458,49.4824],[-2.59292,49.48252],[-2.58965,49.48458],[-2.58922,49.48625],[-2.59042,49.48602],[-2.59542,49.48677],[-2.59625,49.48596],[-2.59702,49.48792],[-2.59625,49.48931],[-2.59375,49.49012],[-2.59125,49.48994],[-2.58958,49.49045],[-2.58792,49.48944],[-2.58625,49.48998],[-2.58458,49.49155],[-2.58292,49.4907],[-2.58125,49.49066],[-2.57993,49.49208],[-2.58042,49.4939],[-2.57898,49.49542],[-2.57691,49.49625],[-2.57772,49.49875],[-2.57708,49.49938],[-2.57458,49.49824],[-2.56875,49.49913],[-2.56708,49.49858],[-2.56625,49.49918],[-2.56375,49.49936],[-2.56127,49.50042],[-2.56542,49.50202],[-2.56571,49.50292],[-2.56292,49.50469],[-2.56208,49.50405],[-2.55934,49.50458],[-2.5613,49.50625],[-2.56074,49.50792],[-2.55875,49.50795],[-2.55748,49.50708],[-2.55611,49.50458],[-2.55401,49.50292],[-2.55434,49.50125],[-2.55237,49.50042],[-2.55292,49.49926],[-2.55042,49.49987],[-2.54792,49.49875],[-2.54484,49.50042],[-2.54557,49.50125],[-2.54524,49.50292],[-2.54708,49.50303],[-2.54747,49.50375],[-2.54743,49.50625],[-2.54708,49.50687],[-2.54519,49.50708],[-2.54478,49.50875],[-2.54208,49.50996],[-2.5423,49.50875],[-2.54125,49.50836],[-2.53792,49.50854],[-2.53791,49.50958],[-2.53708,49.5101],[-2.5356,49.50958],[-2.5367,49.50875],[-2.53458,49.50831],[-2.53361,49.50875],[-2.53292,49.51009],[-2.53208,49.50973],[-2.53042,49.51018],[-2.52958,49.5069],[-2.52875,49.50626],[-2.52375,49.50517],[-2.52125,49.50541],[-2.52125,49.50625],[-2.51875,49.50763],[-2.51792,49.50914],[-2.51542,49.50992],[-2.51379,49.50875],[-2.51534,49.50708],[-2.51292,49.50745],[-2.51125,49.50574],[-2.50792,49.50604],[-2.50708,49.5067],[-2.50472,49.50625],[-2.50375,49.50419],[-2.49997,49.50292],[-2.49875,49.50181],[-2.49792,49.50254],[-2.49708,49.50247],[-2.49665,49.50125],[-2.49465,49.49958],[-2.49699,49.49375],[-2.50114,49.49125],[-2.50012,49.49042],[-2.50094,49.48792],[-2.50292,49.48737],[-2.50399,49.48458],[-2.50542,49.48332],[-2.50708,49.48256],[-2.50792,49.48293],[-2.50884,49.48208],[-2.50875,49.48009],[-2.50717,49.47958],[-2.5101,49.47625],[-2.51042,49.47419],[-2.51125,49.47387],[-2.51234,49.47458],[-2.51208,49.47611],[-2.51458,49.47589],[-2.51708,49.47335],[-2.52042,49.47461],[-2.52125,49.47378],[-2.52458,49.47311],[-2.52595,49.46958],[-2.52725,49.46875],[-2.52653,49.46792],[-2.52458,49.46783],[-2.52394,49.46708],[-2.52535,49.46375],[-2.52792,49.46391],[-2.52798,49.46292],[-2.52708,49.46183],[-2.52542,49.46222],[-2.52458,49.46081],[-2.52375,49.46104],[-2.5233,49.46042],[-2.52375,49.45944],[-2.52625,49.46011],[-2.52692,49.45958],[-2.52589,49.45875],[-2.52625,49.45787],[-2.52708,49.45953],[-2.52837,49.45958],[-2.52875,49.4606],[-2.52884,49.45708],[-2.53096,49.45625],[-2.53208,49.45484],[-2.528,49.45375],[-2.52757,49.45292],[-2.53209,49.45208],[-2.53208,49.4512],[-2.53125,49.45114],[-2.53042,49.44957],[-2.52875,49.44979],[-2.52795,49.44875],[-2.5282,49.44708],[-2.5291,49.44625],[-2.52875,49.44528],[-2.53213,49.44458],[-2.53219,49.44042],[-2.53292,49.43958],[-2.53208,49.43774],[-2.53047,49.43708],[-2.53125,49.43605],[-2.53214,49.43625],[-2.53214,49.43042],[-2.53092,49.43042],[-2.53042,49.43102],[-2.52885,49.42792],[-2.52875,49.42531],[-2.52809,49.42542],[-2.52792,49.42683],[-2.52751,49.42625],[-2.52774,49.42125],[-2.52958,49.42064],[-2.53125,49.41838],[-2.53292,49.41833],[-2.53375,49.4191],[-2.53438,49.41875],[-2.53458,49.41779],[-2.53581,49.41708],[-2.53555,49.41625],[-2.53625,49.41606],[-2.53623,49.41792],[-2.53875,49.41957],[-2.53958,49.42224],[-2.54042,49.42233],[-2.54042,49.4232],[-2.53958,49.42324],[-2.53953,49.42375],[-2.54208,49.42389],[-2.54292,49.42465],[-2.54625,49.42469],[-2.54792,49.42316],[-2.54922,49.42292],[-2.54958,49.42188],[-2.55042,49.42315],[-2.55125,49.42113],[-2.55375,49.42102],[-2.55458,49.42173],[-2.55542,49.42162],[-2.55578,49.42125],[-2.55458,49.4198]]},"properties":{"source":"emodnet_dtm_2024","level":2}},{"type":"Feature","geometry":{"type":"LineString","coordinates":[[-2.39458,49.42807],[-2.39405,49.42792],[-2.39458,49.42729],[-2.39545,49.42792],[-2.39458,49.42807]]},"properties":{"source":"emodnet_dtm_2024","level":2}},{"type":"Feature","geometry":{"type":"LineString","coordinates":[[-2.37875,49.42892],[-2.37875,49.42847],[-2.37934,49.42875],[-2.37875,49.42892]]},"properties":{"source":"emodnet_dtm_2024","level":2}},{"type":"Feature","geometry":{"type":"LineString","coordinates":[[-2.39708,49.43471],[-2.39708,49.43375],[-2.39708,49.43471]]},"properties":{"source":"emodnet_dtm_2024","level":2}},{"type":"Feature","geometry":{"type":"LineString","coordinates":[[-2.34375,49.4413],[-2.34375,49.4413]]},"properties":{"source":"emodnet_dtm_2024","level":2}},{"type":"Feature","geometry":{"type":"LineString","coordinates":[[-2.52792,49.44627],[-2.52792,49.44627]]},"properties":{"source":"emodnet_dtm_2024","level":2}},{"type":"Feature","geometry":{"type":"LineString","coordinates":[[-2.47542,49.44833],[-2.47541,49.44708],[-2.47625,49.44679],[-2.47699,49.44708],[-2.47708,49.44807],[-2.47625,49.44857],[-2.47542,49.44833]]},"properties":{"source":"emodnet_dtm_2024","level":2}},{"type":"Feature","geometry":{"type":"LineString","coordinates":[[-2.52958,49.45048],[-2.52958,49.44982],[-2.52958,49.45048]]},"properties":{"source":"emodnet_dtm_2024","level":2}},{"type":"Feature","geometry":{"type":"LineString","coordinates":[[-2.36125,49.45069],[-2.36125,49.45023],[-2.36208,49.45014],[-2.36208,49.45066],[-2.36125,49.45069]]},"properties":{"source":"emodnet_dtm_2024","level":2}},{"type":"Feature","geometry":{"type":"LineString","coordinates":[[-2.37042,49.45177],[-2.37042,49.45109],[-2.37042,49.45177]]},"properties":{"source":"emodnet_dtm_2024","level":2}},{"type":"Feature","geometry":{"type":"LineString","coordinates":[[-2.52542,49.45242],[-2.52539,49.45125],[-2.52625,49.45119],[-2.52625,49.45234],[-2.52542,49.45242]]},"properties":{"source":"emodnet_dtm_2024","level":2}},{"type":"Feature","geometry":{"type":"LineString","coordinates":[[-2.47042,49.45393],[-2.47208,49.45299],[-2.47332,49.45375],[-2.47208,49.45534],[-2.47125,49.45517],[-2.47042,49.45393]]},"properties":{"source":"emodnet_dtm_2024","level":2}},{"type":"Feature","geometry":{"type":"LineString","coordinates":[[-2.52875,49.45591],[-2.52875,49.45537],[-2.52875,49.45591]]},"properties":{"source":"emodnet_dtm_2024","level":2}},{"type":"Feature","geometry":{"type":"LineString","coordinates":[[-2.45792,49.45656],[-2.4578,49.45542],[-2.45875,49.45454],[-2.45958,49.45453],[-2.46042,49.45665],[-2.46125,49.45671],[-2.46192,49.45542],[-2.46292,49.4552],[-2.4643,49.45792],[-2.46542,49.45844],[-2.46397,49.45958],[-2.46399,49.46125],[-2.46637,49.46208],[-2.46597,49.46458],[-2.46685,49.46625],[-2.46625,49.46755],[-2.46292,49.46666],[-2.45958,49.46222],[-2.45875,49.4625],[-2.45804,49.46208],[-2.45844,49.45708],[-2.45792,49.45656]]},"properties":{"source":"emodnet_dtm_2024","level":2}},{"type":"Feature","geometry":{"type":"LineString","coordinates":[[-2.47125,49.45979],[-2.47058,49.45875],[-2.47125,49.45816],[-2.47199,49.45875],[-2.47125,49.45979]]},"properties":{"source":"emodnet_dtm_2024","level":2}},{"type":"Feature","geometry":{"type":"LineString","coordinates":[[-2.46875,49.45994],[-2.46958,49.4592],[-2.46958,49.46043],[-2.46875,49.45994]]},"properties":{"source":"emodnet_dtm_2024","level":2}},{"type":"Feature","geometry":{"type":"LineString","coordinates":[[-2.47125,49.46211],[-2.47125,49.46211]]},"properties":{"source":"emodnet_dtm_2024","level":2}},{"type":"Feature","geometry":{"type":"LineString","coordinates":[[-2.47958,49.46417],[-2.47958,49.46354],[-2.47958,49.46417]]},"properties":{"source":"emodnet_dtm_2024","level":2}},{"type":"Feature","geometry":{"type":"LineString","coordinates":[[-2.67042,49.46554],[-2.67042,49.46554]]},"properties":{"source":"emodnet_dtm_2024","level":2}},{"type":"Feature","geometry":{"type":"LineString","coordinates":[[-2.46875,49.46549],[-2.46873,49.46375],[-2.46958,49.46332],[-2.47045,49.46375],[-2.47017,49.46458],[-2.46958,49.46571],[-2.46875,49.46549]]},"properties":{"source":"emodnet_dtm_2024","level":2}},{"type":"Feature","geometry":{"type":"LineString","coordinates":[[-2.67208,49.46625],[-2.67375,49.46496],[-2.6751,49.46542],[-2.67375,49.46649],[-2.67208,49.46625]]},"properties":{"source":"emodnet_dtm_2024","level":2}},{"type":"Feature","geometry":{"type":"LineString","coordinates":[[-2.51625,49.46822],[-2.51625,49.46783],[-2.51625,49.46822]]},"properties":{"source":"emodnet_dtm_2024","level":2}},{"type":"Feature","geometry":{"type":"LineString","coordinates":[[-2.48708,49.46986],[-2.48708,49.46931],[-2.48708,49.46986]]},"properties":{"source":"emodnet_dtm_2024","level":2}},{"type":"Feature","geometry":{"type":"LineString","coordinates":[[-2.47625,49.4707],[-2.47615,49.46958],[-2.47708,49.4691],[-2.47784,49.47042],[-2.47708,49.47087],[-2.47625,49.4707]]},"properties":{"source":"emodnet_dtm_2024","level":2}},{"type":"Feature","geometry":{"type":"LineString","coordinates":[[-2.43792,49.47068],[-2.4391,49.46958],[-2.43958,49.46777],[-2.44125,49.4678],[-2.44451,49.46458],[-2.45125,49.46205],[-2.45208,49.46358],[-2.45324,49.46375],[-2.45356,49.46625],[-2.45458,49.46732],[-2.45542,49.46526],[-2.45958,49.46591],[-2.46242,49.46875],[-2.46303,49.47042],[-2.46458,49.471],[-2.46549,49.47208],[-2.46458,49.47341],[-2.46375,49.47352],[-2.46292,49.47296],[-2.46112,49.47375],[-2.4608,49.47542],[-2.46237,49.47792],[-2.45989,49.47958],[-2.46061,49.48042],[-2.46042,49.48192],[-2.45875,49.48284],[-2.45792,49.48439],[-2.4557,49.48458],[-2.45497,49.48625],[-2.45375,49.48658],[-2.45349,49.48708],[-2.45645,49.48875],[-2.45375,49.49186],[-2.45042,49.49258],[-2.44958,49.49162],[-2.44875,49.49166],[-2.44708,49.49237],[-2.44375,49.49191],[-2.44208,49.49107],[-2.44125,49.49149],[-2.43958,49.49093],[-2.4385,49.49208],[-2.43911,49.49375],[-2.43792,49.49499],[-2.43506,49.49458],[-2.43375,49.49262],[-2.43029,49.49125],[-2.4296,49.49042],[-2.43125,49.48899],[-2.43208,49.48912],[-2.43292,49.49097],[-2.43375,49.49135],[-2.43625,49.48947],[-2.43708,49.49119],[-2.43902,49.49042],[-2.43875,49.48932],[-2.43792,49.4888],[-2.43708,49.48927],[-2.43661,49.48875],[-2.43875,49.48826],[-2.43844,49.48625],[-2.44039,49.48375],[-2.43737,49.48125],[-2.43792,49.47988],[-2.4419,49.48292],[-2.44292,49.48525],[-2.44547,49.48375],[-2.44542,49.48286],[-2.44458,49.48315],[-2.44263,49.48125],[-2.44229,49.47792],[-2.44308,49.47625],[-2.44104,49.47625],[-2.4405,49.47542],[-2.44098,49.47375],[-2.43875,49.47212],[-2.43792,49.47068]]},"properties":{"source":"emodnet_dtm_2024","level":2}},{"type":"Feature","geometry":{"type":"LineString","coordinates":[[-2.46875,49.47146],[-2.46827,49.47125],[-2.46875,49.47146]]},"properties":{"source":"emodnet_dtm_2024","level":2}},{"type":"Feature","geometry":{"type":"LineString","coordinates":[[-2.49125,49.47286],[-2.49045,49.47208],[-2.49125,49.47183],[-2.49125,49.47286]]},"properties":{"source":"emodnet_dtm_2024","level":2}},{"type":"Feature","geometry":{"type":"LineString","coordinates":[[-2.52042,49.47322],[-2.51965,49.47125],[-2.52125,49.47069],[-2.52193,49.47208],[-2.52125,49.47362],[-2.52042,49.47322]]},"properties":{"source":"emodnet_dtm_2024","level":2}},{"type":"Feature","geometry":{"type":"LineString","coordinates":[[-2.47875,49.47347],[-2.478,49.47125],[-2.48042,49.47066],[-2.48132,49.47125],[-2.48125,49.47307],[-2.48042,49.47388],[-2.47875,49.47347]]},"properties":{"source":"emodnet_dtm_2024","level":2}},{"type":"Feature","geometry":{"type":"LineString","coordinates":[[-2.47042,49.47411],[-2.46973,49.47292],[-2.47042,49.47183],[-2.47292,49.47252],[-2.47344,49.47375],[-2.47292,49.47517],[-2.47042,49.47411]]},"properties":{"source":"emodnet_dtm_2024","level":2}},{"type":"Feature","geometry":{"type":"LineString","coordinates":[[-2.46792,49.47527],[-2.46728,49.47458],[-2.46795,49.47458],[-2.46792,49.47527]]},"properties":{"source":"emodnet_dtm_2024","level":2}},{"type":"Feature","geometry":{"type":"LineString","coordinates":[[-2.47625,49.47693],[-2.4757,49.47542],[-2.47625,49.47495],[-2.47754,49.47542],[-2.47708,49.47682],[-2.47625,49.47693]]},"properties":{"source":"emodnet_dtm_2024","level":2}},{"type":"Feature","geometry":{"type":"LineString","coordinates":[[-2.47292,49.47679],[-2.47292,49.47585],[-2.47378,49.47625],[-2.47292,49.47679]]},"properties":{"source":"emodnet_dtm_2024","level":2}},{"type":"Feature","geometry":{"type":"LineString","coordinates":[[-2.46792,49.47908],[-2.46792,49.47834],[-2.46792,49.47908]]},"properties":{"source":"emodnet_dtm_2024","level":2}},{"type":"Feature","geometry":{"type":"LineString","coordinates":[[-2.46292,49.47903],[-2.46292,49.47843],[-2.46338,49.47875],[-2.46292,49.47903]]},"properties":{"source":"emodnet_dtm_2024","level":2}},{"type":"Feature","geometry":{"type":"LineString","coordinates":[[-2.46458,49.48038],[-2.46458,49.47943],[-2.46625,49.47967],[-2.46731,49.48042],[-2.46708,49.48145],[-2.46625,49.48176],[-2.46542,49.48034],[-2.46458,49.48038]]},"properties":{"source":"emodnet_dtm_2024","level":2}},{"type":"Feature","geometry":{"type":"LineString","coordinates":[[-2.47125,49.48158],[-2.47104,49.48042],[-2.47208,49.47995],[-2.47297,49.48042],[-2.47292,49.48229],[-2.47208,49.48266],[-2.47125,49.48158]]},"properties":{"source":"emodnet_dtm_2024","level":2}},{"type":"Feature","geometry":{"type":"LineString","coordinates":[[-2.49708,49.48347],[-2.49637,49.48208],[-2.49708,49.4816],[-2.49875,49.48256],[-2.49998,49.48208],[-2.50037,49.48292],[-2.49958,49.4838],[-2.49875,49.4832],[-2.49708,49.48347]]},"properties":{"source":"emodnet_dtm_2024","level":2}},{"type":"Feature","geometry":{"type":"LineString","coordinates":[[-2.46792,49.48409],[-2.46875,49.48318],[-2.46995,49.48375],[-2.46875,49.48441],[-2.46792,49.48409]]},"properties":{"source":"emodnet_dtm_2024","level":2}},{"type":"Feature","geometry":{"type":"LineString","coordinates":[[-2.49625,49.48566],[-2.49625,49.48424],[-2.4968,49.48458],[-2.49625,49.48566]]},"properties":{"source":"emodnet_dtm_2024","level":2}},{"type":"Feature","geometry":{"type":"LineString","coordinates":[[-2.49292,49.48608],[-2.49276,49.48542],[-2.49375,49.48531],[-2.49292,49.48608]]},"properties":{"source":"emodnet_dtm_2024","level":2}},{"type":"Feature","geometry":{"type":"LineString","coordinates":[[-2.44875,49.48578],[-2.44708,49.48486],[-2.44697,49.48708],[-2.44792,49.48903],[-2.44875,49.48927],[-2.45058,49.48792],[-2.45042,49.487],[-2.44875,49.48578]]},"properties":{"source":"emodnet_dtm_2024","level":2}},{"type":"Feature","geometry":{"type":"LineString","coordinates":[[-2.43542,49.48579],[-2.43542,49.48498],[-2.43626,49.48542],[-2.43542,49.48579]]},"properties":{"source":"emodnet_dtm_2024","level":2}},{"type":"Feature","geometry":{"type":"LineString","coordinates":[[-2.45792,49.48662],[-2.45792,49.4856],[-2.45792,49.48662]]},"properties":{"source":"emodnet_dtm_2024","level":2}},{"type":"Feature","geometry":{"type":"LineString","coordinates":[[-2.44208,49.49303],[-2.44208,49.49303]]},"properties":{"source":"emodnet_dtm_2024","level":2}},{"type":"Feature","geometry":{"type":"LineString","coordinates":[[-2.45375,49.49382],[-2.45315,49.49292],[-2.45375,49.49225],[-2.45429,49.49292],[-2.45375,49.49382]]},"properties":{"source":"emodnet_dtm_2024","level":2}},{"type":"Feature","geometry":{"type":"LineString","coordinates":[[-1.15542,49.49418],[-1.1548,49.49292],[-1.15542,49.49236],[-1.15686,49.49292],[-1.15542,49.49418]]},"properties":{"source":"emodnet_dtm_2024","level":2}},{"type":"Feature","geometry":{"type":"LineString","coordinates":[[-1.15125,49.49403],[-1.15105,49.49292],[-1.15208,49.4926],[-1.15359,49.49292],[-1.15382,49.49458],[-1.15208,49.49475],[-1.15125,49.49403]]},"properties":{"source":"emodnet_dtm_2024","level":2}},{"type":"Feature","geometry":{"type":"LineString","coordinates":[[-2.49542,49.49485],[-2.49542,49.49349],[-2.49598,49.49458],[-2.49542,49.49485]]},"properties":{"source":"emodnet_dtm_2024","level":2}},{"type":"Feature","geometry":{"type":"LineString","coordinates":[[-1.14375,49.49868],[-1.14375,49.49751],[-1.14708,49.49798],[-1.14792,49.49685],[-1.14958,49.49786],[-1.15042,49.4974],[-1.15085,49.49792],[-1.15042,49.49881],[-1.14625,49.49993],[-1.14569,49.49958],[-1.14625,49.49798],[-1.14375,49.49868]]},"properties":{"source":"emodnet_dtm_2024","level":2}},{"type":"Feature","geometry":{"type":"LineString","coordinates":[[-2.43125,49.4993],[-2.43042,49.49872],[-2.42958,49.49989],[-2.42835,49.49875],[-2.43042,49.49662],[-2.43208,49.49669],[-2.43292,49.4982],[-2.43458,49.497],[-2.43595,49.49708],[-2.43509,49.49875],[-2.43637,49.49958],[-2.43375,49.50051],[-2.43125,49.4993]]},"properties":{"source":"emodnet_dtm_2024","level":2}},{"type":"Feature","geometry":{"type":"LineString","coordinates":[[-2.42708,49.50064],[-2.42708,49.50019],[-2.42911,49.50042],[-2.42875,49.50197],[-2.42708,49.50064]]},"properties":{"source":"emodnet_dtm_2024","level":2}},{"type":"Feature","geometry":{"type":"LineString","coordinates":[[-2.59042,49.50213],[-2.58875,49.50191],[-2.58708,49.50385],[-2.58555,49.50292],[-2.58724,49.50208],[-2.58875,49.50033],[-2.59125,49.50132],[-2.59176,49.50208],[-2.59125,49.50251],[-2.59042,49.50213]]},"properties":{"source":"emodnet_dtm_2024","level":2}},{"type":"Feature","geometry":{"type":"LineString","coordinates":[[-2.56875,49.50332],[-2.56828,49.50292],[-2.56875,49.5021],[-2.56958,49.502],[-2.57167,49.50375],[-2.56958,49.50475],[-2.56898,49.50458],[-2.56949,49.50375],[-2.56875,49.50332]]},"properties":{"source":"emodnet_dtm_2024","level":2}},{"type":"Feature","geometry":{"type":"LineString","coordinates":[[-2.44542,49.50411],[-2.44542,49.50171],[-2.44958,49.49795],[-2.45004,49.49875],[-2.44913,49.50125],[-2.44542,49.50411]]},"properties":{"source":"emodnet_dtm_2024","level":2}},{"type":"Feature","geometry":{"type":"LineString","coordinates":[[-2.42375,49.50478],[-2.4234,49.50458],[-2.42625,49.50333],[-2.4266,49.50625],[-2.42542,49.50635],[-2.42526,49.50542],[-2.42375,49.50478]]},"properties":{"source":"emodnet_dtm_2024","level":2}},{"type":"Feature","geometry":{"type":"LineString","coordinates":[[-2.54958,49.50675],[-2.5491,49.50625],[-2.54958,49.5054],[-2.54958,49.50675]]},"properties":{"source":"emodnet_dtm_2024","level":2}},{"type":"Feature","geometry":{"type":"LineString","coordinates":[[-2.57792,49.50838],[-2.5772,49.50792],[-2.57792,49.50745],[-2.58042,49.50633],[-2.58125,49.50664],[-2.58157,49.50708],[-2.58042,49.50811],[-2.57792,49.50838]]},"properties":{"source":"emodnet_dtm_2024","level":2}},{"type":"Feature","geometry":{"type":"LineString","coordinates":[[-2.57208,49.50882],[-2.57192,49.50792],[-2.57292,49.50773],[-2.57516,49.50875],[-2.57458,49.5092],[-2.57208,49.50882]]},"properties":{"source":"emodnet_dtm_2024","level":2}},{"type":"Feature","geometry":{"type":"LineString","coordinates":[[-2.56208,49.50875],[-2.56292,49.50842],[-2.56496,49.50875],[-2.56292,49.50947],[-2.56208,49.50875]]},"properties":{"source":"emodnet_dtm_2024","level":2}},{"type":"Feature","geometry":{"type":"LineString","coordinates":[[-2.50875,49.5088],[-2.50875,49.5088]]},"properties":{"source":"emodnet_dtm_2024","level":2}},{"type":"Feature","geometry":{"type":"LineString","coordinates":[[-2.49292,49.51133],[-2.49292,49.51133]]},"properties":{"source":"emodnet_dtm_2024","level":2}},{"type":"Feature","geometry":{"type":"LineString","coordinates":[[-2.55042,49.51211],[-2.55042,49.51211]]},"properties":{"source":"emodnet_dtm_2024","level":2}},{"type":"Feature","geometry":{"type":"LineString","coordinates":[[-2.54042,49.51248],[-2.53989,49.51208],[-2.54042,49.51163],[-2.5427,49.51208],[-2.54042,49.51248]]},"properties":{"source":"emodnet_dtm_2024","level":2}},{"type":"Feature","geometry":{"type":"LineString","coordinates":[[-2.53042,49.51389],[-2.53144,49.51292],[-2.53126,49.51375],[-2.53042,49.51389]]},"properties":{"source":"emodnet_dtm_2024","level":2}},{"type":"Feature","geometry":{"type":"LineString","coordinates":[[-2.49958,49.51517],[-2.49898,49.51458],[-2.49958,49.51372],[-2.5001,49.51458],[-2.49958,49.51517]]},"properties":{"source":"emodnet_dtm_2024","level":2}},{"type":"Feature","geometry":{"type":"LineString","coordinates":[[-2.49375,49.51727],[-2.49357,49.51625],[-2.49542,49.5144],[-2.49643,49.51625],[-2.49458,49.51741],[-2.49375,49.51727]]},"properties":{"source":"emodnet_dtm_2024","level":2}},{"type":"Feature","geometry":{"type":"LineString","coordinates":[[-2.54375,49.51878],[-2.54375,49.51843],[-2.54375,49.51878]]},"properties":{"source":"emodnet_dtm_2024","level":2}},{"type":"Feature","geometry":{"type":"LineString","coordinates":[[-2.54042,49.51893],[-2.5399,49.51875],[-2.54042,49.51826],[-2.54042,49.51893]]},"properties":{"source":"emodnet_dtm_2024","level":2}},{"type":"Feature","geometry":{"type":"LineString","coordinates":[[-2.53542,49.52012],[-2.53461,49.51958],[-2.53542,49.519],[-2.53792,49.52002],[-2.53909,49.51958],[-2.53875,49.52106],[-2.53542,49.52012]]},"properties":{"source":"emodnet_dtm_2024","level":2}},{"type":"Feature","geometry":{"type":"LineString","coordinates":[[-2.50292,49.52051],[-2.50292,49.52051]]},"properties":{"source":"emodnet_dtm_2024","level":2}},{"type":"Feature","geometry":{"type":"LineString","coordinates":[[-2.49708,49.52156],[-2.49653,49.52125],[-2.49708,49.52012],[-2.49935,49.52042],[-2.49947,49.52125],[-2.49708,49.52156]]},"properties":{"source":"emodnet_dtm_2024","level":2}},{"type":"Feature","geometry":{"type":"LineString","coordinates":[[-2.50042,49.52257],[-2.49962,49.52125],[-2.50042,49.52064],[-2.50166,49.52125],[-2.50185,49.52208],[-2.50125,49.52284],[-2.50042,49.52257]]},"properties":{"source":"emodnet_dtm_2024","level":2}},{"type":"Feature","geometry":{"type":"LineString","coordinates":[[-1.27458,49.52526],[-1.27385,49.52458],[-1.27458,49.52409],[-1.27521,49.52458],[-1.27458,49.52526]]},"properties":{"source":"emodnet_dtm_2024","level":2}},{"type":"Feature","geometry":{"type":"LineString","coordinates":[[-1.28292,49.55929],[-1.28244,49.55875],[-1.28292,49.55812],[-1.28342,49.55875],[-1.28292,49.55929]]},"properties":{"source":"emodnet_dtm_2024","level":2}},{"type":"Feature","geometry":{"type":"LineString","coordinates":[[-1.92042,49.64384],[-1.92042,49.64384]]},"properties":{"source":"emodnet_dtm_2024","level":2}},{"type":"Feature","geometry":{"type":"LineString","coordinates":[[-1.55125,49.65962],[-1.55125,49.65862],[-1.55374,49.65958],[-1.55292,49.66019],[-1.55125,49.65962]]},"properties":{"source":"emodnet_dtm_2024","level":2}},{"type":"Feature","geometry":{"type":"LineString","coordinates":[[-1.24458,49.66714],[-1.24458,49.66714]]},"properties":{"source":"emodnet_dtm_2024","level":2}},{"type":"Feature","geometry":{"type":"LineString","coordinates":[[-1.24708,49.67042],[-1.24708,49.67042]]},"properties":{"source":"emodnet_dtm_2024","level":2}},{"type":"Feature","geometry":{"type":"LineString","coordinates":[[-1.24542,49.67474],[-1.24708,49.67341],[-1.24803,49.67375],[-1.24625,49.67549],[-1.24542,49.67474]]},"properties":{"source":"emodnet_dtm_2024","level":2}},{"type":"Feature","geometry":{"type":"LineString","coordinates":[[-1.26042,49.67998],[-1.25875,49.67895],[-1.25792,49.67972],[-1.25778,49.67875],[-1.26125,49.67878],[-1.26187,49.67958],[-1.26125,49.68018],[-1.26042,49.67998]]},"properties":{"source":"emodnet_dtm_2024","level":2}},{"type":"Feature","geometry":{"type":"LineString","coordinates":[[-1.75375,49.68378],[-1.75375,49.68378]]},"properties":{"source":"emodnet_dtm_2024","level":2}},{"type":"Feature","geometry":{"type":"LineString","coordinates":[[-1.25542,49.68712],[-1.25648,49.68708],[-1.25542,49.68712]]},"properties":{"source":"emodnet_dtm_2024","level":2}},{"type":"Feature","geometry":{"type":"LineString","coordinates":[[-1.27625,49.69961],[-1.27625,49.69961]]},"properties":{"source":"emodnet_dtm_2024","level":2}},{"type":"Feature","geometry":{"type":"LineString","coordinates":[[-2.22958,49.70069],[-2.22915,49.70042],[-2.23018,49.70042],[-2.22958,49.70069]]},"properties":{"source":"emodnet_dtm_2024","level":2}},{"type":"Feature","geometry":{"type":"LineString","coordinates":[[-2.23292,49.70358],[-2.23292,49.70177],[-2.23354,49.70292],[-2.23292,49.70358]]},"properties":{"source":"emodnet_dtm_2024","level":2}},{"type":"Feature","geometry":{"type":"LineString","coordinates":[[-1.95458,49.70609],[-1.9542,49.70542],[-1.95542,49.70449],[-1.9568,49.70542],[-1.95691,49.70625],[-1.95458,49.70609]]},"properties":{"source":"emodnet_dtm_2024","level":2}},{"type":"Feature","geometry":{"type":"LineString","coordinates":[[-1.40042,49.71182],[-1.39958,49.71073],[-1.39792,49.71062],[-1.39542,49.71368],[-1.39399,49.71208],[-1.39625,49.71008],[-1.39708,49.71017],[-1.39958,49.70886],[-1.40138,49.71125],[-1.40042,49.71182]]},"properties":{"source":"emodnet_dtm_2024","level":2}},{"type":"Feature","geometry":{"type":"LineString","coordinates":[[-1.38292,49.71128],[-1.38292,49.70972],[-1.38375,49.70951],[-1.38542,49.71042],[-1.38579,49.71125],[-1.38375,49.71172],[-1.38292,49.71128]]},"properties":{"source":"emodnet_dtm_2024","level":2}},{"type":"Feature","geometry":{"type":"LineString","coordinates":[[-2.17125,49.71688],[-2.17125,49.71542],[-2.17375,49.7156],[-2.1744,49.71375],[-2.17542,49.71295],[-2.17875,49.71236],[-2.18208,49.71014],[-2.18375,49.71071],[-2.18422,49.71042],[-2.1843,49.70958],[-2.18625,49.70894],[-2.18958,49.70449],[-2.19542,49.70526],[-2.19708,49.70433],[-2.19875,49.70421],[-2.20042,49.70493],[-2.20125,49.70438],[-2.20375,49.70411],[-2.20656,49.70125],[-2.20875,49.70055],[-2.20958,49.70075],[-2.21125,49.69989],[-2.21792,49.70021],[-2.22125,49.6995],[-2.22542,49.70047],[-2.22625,49.70007],[-2.22805,49.70042],[-2.22902,49.70292],[-2.23042,49.70432],[-2.23125,49.70471],[-2.23375,49.70415],[-2.23458,49.7064],[-2.23628,49.70542],[-2.23624,49.70792],[-2.23425,49.70958],[-2.23428,49.71125],[-2.23269,49.71458],[-2.23208,49.71506],[-2.22792,49.71491],[-2.22455,49.71625],[-2.22373,49.71792],[-2.22458,49.72051],[-2.22208,49.72158],[-2.21875,49.72152],[-2.21792,49.7228],[-2.21708,49.72278],[-2.21652,49.72208],[-2.21773,49.72125],[-2.21431,49.72125],[-2.21375,49.72162],[-2.20881,49.72125],[-2.2086,49.72292],[-2.20792,49.72356],[-2.20625,49.72326],[-2.20595,49.72458],[-2.20458,49.7256],[-2.20352,49.72542],[-2.20208,49.72277],[-2.19708,49.72282],[-2.19875,49.72304],[-2.19945,49.72375],[-2.19875,49.72511],[-2.19625,49.72453],[-2.19375,49.72263],[-2.19208,49.7226],[-2.18875,49.72462],[-2.18542,49.7249],[-2.18208,49.72695],[-2.18177,49.73125],[-2.18044,49.73292],[-2.17875,49.73359],[-2.17875,49.73175],[-2.17458,49.73202],[-2.17292,49.73158],[-2.17208,49.73068],[-2.16792,49.73045],[-2.16736,49.73125],[-2.16625,49.73136],[-2.1657,49.73042],[-2.16458,49.73024],[-2.16292,49.73161],[-2.16042,49.73162],[-2.15958,49.72899],[-2.15614,49.72708],[-2.16042,49.72366],[-2.16208,49.72342],[-2.16458,49.72051],[-2.16958,49.7204],[-2.17125,49.71688]]},"properties":{"source":"emodnet_dtm_2024","level":2}},{"type":"Feature","geometry":{"type":"LineString","coordinates":[[-2.16625,49.7192],[-2.16625,49.71758],[-2.16792,49.71766],[-2.16792,49.71925],[-2.16625,49.7192]]},"properties":{"source":"emodnet_dtm_2024","level":2}},{"type":"Feature","geometry":{"type":"LineString","coordinates":[[-1.96292,49.72033],[-1.96239,49.71958],[-1.96292,49.71855],[-1.96399,49.71958],[-1.96292,49.72033]]},"properties":{"source":"emodnet_dtm_2024","level":2}},{"type":"Feature","geometry":{"type":"LineString","coordinates":[[-1.95208,49.72129],[-1.95292,49.72076],[-1.95342,49.72125],[-1.95208,49.72129]]},"properties":{"source":"emodnet_dtm_2024","level":2}},{"type":"Feature","geometry":{"type":"LineString","coordinates":[[-1.96125,49.72227],[-1.96125,49.72069],[-1.96223,49.72125],[-1.96125,49.72227]]},"properties":{"source":"emodnet_dtm_2024","level":2}},{"type":"Feature","geometry":{"type":"LineString","coordinates":[[-1.95375,49.72293],[-1.95542,49.72255],[-1.95542,49.72317],[-1.95375,49.72293]]},"properties":{"source":"emodnet_dtm_2024","level":2}},{"type":"Feature","geometry":{"type":"LineString","coordinates":[[-2.20042,49.72558],[-2.20125,49.72408],[-2.20168,49.72542],[-2.20125,49.72583],[-2.20042,49.72558]]},"properties":{"source":"emodnet_dtm_2024","level":2}},{"type":"Feature","geometry":{"type":"LineString","coordinates":[[-2.25625,49.72937],[-2.25542,49.72849],[-2.25398,49.72875],[-2.25356,49.73208],[-2.25184,49.73292],[-2.25147,49.73375],[-2.25042,49.7339],[-2.25042,49.7315],[-2.24792,49.73164],[-2.24772,49.73125],[-2.24958,49.72948],[-2.25042,49.7274],[-2.25292,49.72671],[-2.25664,49.72708],[-2.25804,49.72792],[-2.25708,49.72938],[-2.25625,49.72937]]},"properties":{"source":"emodnet_dtm_2024","level":2}},{"type":"Feature","geometry":{"type":"LineString","coordinates":[[-2.18542,49.72895],[-2.18599,49.72875],[-2.18542,49.72895]]},"properties":{"source":"emodnet_dtm_2024","level":2}},{"type":"Feature","geometry":{"type":"LineString","coordinates":[[-2.25792,49.73127],[-2.25738,49.73042],[-2.25792,49.72993],[-2.25867,49.73042],[-2.25792,49.73127]]},"properties":{"source":"emodnet_dtm_2024","level":2}},{"type":"Feature","geometry":{"type":"LineString","coordinates":[[-2.25458,49.73225],[-2.25458,49.73141],[-2.25458,49.73225]]},"properties":{"source":"emodnet_dtm_2024","level":2}},{"type":"Feature","geometry":{"type":"LineString","coordinates":[[-2.17542,49.73312],[-2.17542,49.73232],[-2.17542,49.73312]]},"properties":{"source":"emodnet_dtm_2024","level":2}},{"type":"Feature","geometry":{"type":"LineString","coordinates":[[-2.45875,50.52304],[-2.45875,50.52199],[-2.45875,50.52304]]},"properties":{"source":"emodnet_dtm_2024","level":2}},{"type":"Feature","geometry":{"type":"LineString","coordinates":[[-2.41542,50.55104],[-2.41474,50.54875],[-2.41629,50.54792],[-2.41679,50.54458],[-2.41875,50.54369],[-2.41958,50.54206],[-2.42375,50.54032],[-2.42473,50.53958],[-2.42523,50.53792],[-2.42708,50.53673],[-2.43125,50.53533],[-2.43292,50.53261],[-2.43542,50.53118],[-2.43708,50.5287],[-2.43951,50.52708],[-2.44088,50.52458],[-2.44455,50.52292],[-2.44584,50.52042],[-2.44958,50.51884],[-2.45208,50.51651],[-2.45542,50.51696],[-2.45633,50.51875],[-2.4563,50.52292],[-2.4553,50.52708],[-2.4553,50.53208],[-2.45592,50.53292],[-2.45515,50.53375],[-2.4544,50.53958],[-2.45543,50.54042],[-2.45578,50.54375],[-2.45496,50.54542],[-2.45172,50.54875],[-2.4525,50.55292],[-2.45115,50.55375],[-2.45025,50.55625],[-2.44923,50.55708],[-2.44985,50.56042],[-2.45336,50.56458],[-2.45439,50.56708],[-2.45709,50.56875],[-2.45708,50.57292],[-2.45375,50.5706],[-2.45292,50.57125],[-2.44958,50.57034],[-2.44708,50.57061],[-2.44625,50.5692],[-2.4444,50.56875],[-2.44355,50.56875],[-2.44292,50.56977],[-2.44208,50.56991],[-2.44125,50.5694],[-2.44042,50.57147],[-2.43958,50.57163],[-2.43875,50.57015],[-2.43708,50.57087],[-2.43346,50.57042],[-2.43283,50.56958],[-2.43375,50.56913],[-2.43375,50.56785],[-2.43125,50.56781],[-2.43042,50.56835],[-2.42958,50.56773],[-2.42875,50.56835],[-2.42792,50.56768],[-2.42542,50.56742],[-2.42631,50.56542],[-2.42542,50.56531],[-2.42458,50.56364],[-2.42375,50.56291],[-2.42292,50.5629],[-2.42056,50.56042],[-2.41881,50.55625],[-2.41559,50.55292],[-2.41542,50.55104]]},"properties":{"source":"emodnet_dtm_2024","level":2}},{"type":"Feature","geometry":{"type":"LineString","coordinates":[[-2.46208,50.57324],[-2.46208,50.57256],[-2.4631,50.57292],[-2.46208,50.57324]]},"properties":{"source":"emodnet_dtm_2024","level":2}},{"type":"Feature","geometry":{"type":"LineString","coordinates":[[-0.80042,50.72551],[-0.80208,50.72798],[-0.80292,50.72798],[-0.80683,50.73042],[-0.80622,50.73125],[-0.80792,50.73095],[-0.80836,50.73208],[-0.81125,50.73216],[-0.812,50.73292],[-0.81034,50.73375],[-0.81208,50.73381],[-0.81292,50.73545],[-0.81458,50.73642],[-0.81625,50.73711],[-0.81708,50.73647],[-0.81875,50.7383],[-0.82625,50.74102],[-0.82875,50.74373],[-0.83257,50.74542],[-0.83867,50.74958],[-0.84214,50.75125],[-0.84255,50.75208],[-0.84375,50.7519],[-0.84958,50.75391],[-0.85542,50.75736],[-0.87125,50.76193],[-0.87375,50.76331],[-0.89125,50.76702],[-0.89292,50.76801],[-0.89429,50.76792],[-0.89458,50.76711],[-0.89625,50.76772],[-0.89958,50.76735],[-0.90042,50.76664],[-0.90292,50.76627],[-0.90375,50.7655],[-0.90607,50.76542],[-0.90542,50.76356],[-0.90958,50.76286],[-0.90884,50.76542],[-0.91125,50.76507],[-0.91143,50.76625],[-0.91358,50.76708],[-0.91306,50.76792],[-0.91367,50.76875],[-0.91853,50.77208],[-0.92042,50.77239],[-0.92147,50.77208],[-0.92125,50.77122],[-0.92456,50.77125],[-0.92407,50.77292],[-0.92543,50.77375],[-0.92502,50.77542],[-0.9259,50.77625],[-0.92459,50.77958],[-0.92509,50.78125],[-0.92542,50.7817],[-0.92625,50.7803],[-0.92792,50.78139],[-0.93042,50.78085],[-0.93104,50.78125],[-0.92979,50.78875],[-0.92708,50.78999],[-0.92366,50.78708],[-0.92208,50.78289],[-0.92119,50.78375],[-0.92183,50.78542],[-0.921,50.78708],[-0.92145,50.78792],[-0.91792,50.7896],[-0.91625,50.78881],[-0.91375,50.78856],[-0.91351,50.78958],[-0.91208,50.78978],[-0.91125,50.78839],[-0.90999,50.78792],[-0.91007,50.78625],[-0.90708,50.78542],[-0.90628,50.78708],[-0.90708,50.78792],[-0.90542,50.78807],[-0.90472,50.78708],[-0.90542,50.78456],[-0.90647,50.78458],[-0.90792,50.78763],[-0.90934,50.78792],[-0.90969,50.78958],[-0.90093,50.79208],[-0.89804,50.79625],[-0.89625,50.79762],[-0.89545,50.79958],[-0.88708,50.80828],[-0.88292,50.80808],[-0.88042,50.8091],[-0.87542,50.80916],[-0.87292,50.81001],[-0.87042,50.80932],[-0.86792,50.80931],[-0.86708,50.80916],[-0.86625,50.8074],[-0.86375,50.80755],[-0.85875,50.80516],[-0.85125,50.80397],[-0.84542,50.80214],[-0.84091,50.80292],[-0.83806,50.80458],[-0.83625,50.80688],[-0.83368,50.80792],[-0.83708,50.80792],[-0.83833,50.80542],[-0.84208,50.80309],[-0.84542,50.80313],[-0.84958,50.80475],[-0.85375,50.80514],[-0.85542,50.80657],[-0.85792,50.80657],[-0.86125,50.80762],[-0.86453,50.80958],[-0.86458,50.81067],[-0.86625,50.81046],[-0.86792,50.81161],[-0.87125,50.81199],[-0.87208,50.81453],[-0.87291,50.81208],[-0.87458,50.81183],[-0.87542,50.811],[-0.88292,50.81147],[-0.88792,50.81099],[-0.89292,50.8075],[-0.89734,50.80208],[-0.89958,50.80037],[-0.90125,50.80031],[-0.90339,50.80375],[-0.90297,50.80958],[-0.90186,50.81292],[-0.90259,50.81458],[-0.90314,50.82458],[-0.90542,50.82812],[-0.90632,50.82708],[-0.90542,50.82515],[-0.90625,50.82479],[-0.90792,50.82543],[-0.90805,50.82458],[-0.90542,50.82311],[-0.90458,50.82042],[-0.90531,50.81792],[-0.9045,50.81625],[-0.90591,50.81292],[-0.90522,50.81208],[-0.90543,50.80292],[-0.9041,50.79958],[-0.90458,50.79772],[-0.90625,50.79642],[-0.91042,50.79528],[-0.91458,50.79282],[-0.91592,50.79292],[-0.91691,50.79375],[-0.91637,50.79542],[-0.91708,50.79606],[-0.92458,50.79461],[-0.92542,50.79491],[-0.92708,50.7939],[-0.93375,50.7935],[-0.93414,50.79458],[-0.93336,50.79542],[-0.93708,50.79774],[-0.93886,50.79958],[-0.94008,50.80625],[-0.943,50.81208],[-0.94478,50.81792],[-0.94405,50.82042],[-0.9444,50.82792],[-0.94195,50.83125],[-0.94083,50.83458],[-0.94125,50.83478],[-0.94433,50.83042],[-0.94625,50.82893],[-0.94958,50.83044],[-0.95292,50.83314],[-0.95542,50.83407],[-0.95641,50.83375],[-0.94912,50.82875],[-0.95076,50.82792],[-0.95095,50.82708],[-0.95008,50.82125],[-0.94926,50.82042],[-0.94998,50.81875],[-0.94748,50.81375],[-0.94811,50.81292],[-0.94729,50.81208],[-0.94863,50.81125],[-0.94784,50.80958],[-0.94877,50.80792],[-0.94708,50.80624],[-0.94525,50.80542],[-0.94539,50.80375],[-0.94366,50.80292],[-0.94296,50.79792],[-0.93792,50.78875],[-0.93875,50.78721],[-0.94125,50.78715],[-0.94208,50.78658],[-0.94147,50.78458],[-0.9422,50.78375],[-0.94066,50.78208],[-0.93958,50.7778],[-0.93524,50.77875],[-0.93542,50.77764],[-0.93625,50.77768],[-0.93676,50.77708],[-0.937,50.77458],[-0.94042,50.7717],[-0.94207,50.77208],[-0.94276,50.77292],[-0.94238,50.77375],[-0.94412,50.77458],[-0.9432,50.77542],[-0.95125,50.77567],[-0.95208,50.77718],[-0.95708,50.77738],[-0.95792,50.77818],[-0.96125,50.77823],[-0.96208,50.779],[-0.96625,50.77904],[-0.96708,50.77983],[-0.97125,50.77994],[-0.97208,50.78155],[-0.97792,50.78163],[-0.97875,50.78236],[-0.99125,50.78238],[-0.99208,50.78311],[-1.00042,50.78313],[-1.00125,50.78383],[-1.00708,50.7838],[-1.00815,50.78375],[-1.00792,50.78222],[-1.00542,50.78042],[-1.00395,50.77542],[-1.00539,50.77042],[-1.00708,50.76943],[-1.00875,50.76925],[-1.01208,50.76994],[-1.0139,50.77125],[-1.01125,50.77158],[-1.01042,50.77063],[-1.00792,50.77041],[-1.00673,50.77125],[-1.00875,50.7722],[-1.00947,50.77375],[-1.01143,50.77542],[-1.0114,50.77958],[-1.01042,50.78051],[-1.01125,50.78122],[-1.01375,50.78106],[-1.01625,50.78339],[-1.01958,50.78422],[-1.0207,50.78958],[-1.01967,50.79208],[-1.02055,50.79375],[-1.01958,50.79512],[-1.01863,50.79542],[-1.02208,50.79576],[-1.02288,50.79625],[-1.02208,50.79704],[-1.02042,50.79713],[-1.01946,50.79875],[-1.01792,50.79981],[-1.01542,50.80061],[-1.01125,50.80003],[-1.00792,50.80031],[-1.00453,50.80125],[-1.00097,50.80458],[-1.00192,50.81208],[-0.99875,50.81458],[-0.99737,50.81792],[-0.9975,50.81875],[-0.99958,50.81986],[-1.00208,50.81913],[-1.00348,50.81958],[-1.00125,50.82192],[-1.00013,50.82542],[-0.99959,50.82875],[-1.00042,50.83176],[-1.00067,50.82792],[-1.0023,50.82208],[-1.00454,50.81875],[-1.00625,50.81765],[-1.00746,50.81458],[-1.00947,50.81292],[-1.01125,50.81261],[-1.01375,50.81124],[-1.02125,50.80949],[-1.02237,50.80875],[-1.02458,50.80878],[-1.02542,50.80811],[-1.02709,50.80958],[-1.02678,50.81125],[-1.02542,50.81228],[-1.02458,50.81163],[-1.02375,50.81321],[-1.02208,50.81308],[-1.01871,50.81958],[-1.01877,50.82292],[-1.01958,50.82373],[-1.02208,50.8242],[-1.02382,50.82375],[-1.02392,50.82125],[-1.02233,50.81958],[-1.02279,50.81625],[-1.02375,50.81487],[-1.02542,50.8139],[-1.02708,50.81317],[-1.02875,50.81314],[-1.03292,50.81685],[-1.03409,50.81875],[-1.03335,50.82042],[-1.03754,50.82458],[-1.03735,50.83125],[-1.04042,50.83146],[-1.04125,50.83208],[-1.04157,50.82625],[-1.04125,50.82572],[-1.04042,50.82612],[-1.03792,50.82319],[-1.03831,50.82125],[-1.03708,50.81894],[-1.03625,50.82095],[-1.03534,50.82042],[-1.03593,50.81958],[-1.03495,50.81708],[-1.03055,50.81208],[-1.03168,50.80125],[-1.03116,50.79708],[-1.02997,50.79625],[-1.03028,50.79292],[-1.03125,50.79184],[-1.03317,50.79125],[-1.03353,50.78958],[-1.03125,50.78731],[-1.02958,50.78842],[-1.02875,50.7901],[-1.02708,50.78981],[-1.02708,50.78843],[-1.02958,50.78668],[-1.03042,50.78675],[-1.03125,50.78582],[-1.03875,50.78559],[-1.03958,50.78393],[-1.04542,50.78387],[-1.04625,50.78307],[-1.04958,50.78313],[-1.05042,50.78235],[-1.05708,50.78212],[-1.05901,50.78125],[-1.05958,50.77985],[-1.06375,50.77976],[-1.06458,50.77893],[-1.06792,50.77893],[-1.06875,50.77824],[-1.07792,50.77816],[-1.07875,50.77753],[-1.08542,50.77753],[-1.08924,50.77958],[-1.09375,50.78048],[-1.09625,50.78388],[-1.09932,50.78625],[-1.10292,50.78793],[-1.10792,50.78869],[-1.10879,50.79042],[-1.10625,50.79142],[-1.10459,50.79375],[-1.10733,50.79875],[-1.10792,50.80208],[-1.10708,50.80338],[-1.10542,50.80417],[-1.10125,50.80481],[-1.09679,50.80792],[-1.09708,50.80902],[-1.10042,50.8092],[-1.10042,50.81016],[-1.09792,50.81011],[-1.09625,50.81094],[-1.09542,50.80945],[-1.09292,50.80903],[-1.09158,50.80958],[-1.09158,50.81042],[-1.09208,50.81096],[-1.09542,50.81142],[-1.09625,50.8129],[-1.09792,50.81366],[-1.10042,50.81361],[-1.10125,50.81491],[-1.10208,50.81432],[-1.10708,50.81336],[-1.10792,50.81271],[-1.10875,50.81304],[-1.11292,50.81238],[-1.11589,50.81292],[-1.11458,50.81348],[-1.1147,50.81458],[-1.11805,50.81542],[-1.11613,50.81792],[-1.10792,50.82101],[-1.10311,50.82208],[-1.10181,50.82708],[-1.10099,50.82792],[-1.09958,50.82778],[-1.0988,50.82875],[-1.09879,50.82958],[-1.10375,50.82953],[-1.10731,50.83125],[-1.10831,50.84125],[-1.1067,50.84292],[-1.10708,50.84347],[-1.1093,50.84208],[-1.11014,50.83958],[-1.1102,50.83125],[-1.10875,50.82877],[-1.10542,50.82676],[-1.10538,50.82542],[-1.10644,50.82458],[-1.11375,50.82267],[-1.11708,50.82111],[-1.12014,50.81875],[-1.12161,50.81625],[-1.12292,50.81591],[-1.12557,50.81625],[-1.12782,50.81958],[-1.12875,50.82051],[-1.12958,50.82054],[-1.13144,50.82292],[-1.13125,50.82465],[-1.12513,50.82542],[-1.12528,50.82625],[-1.12708,50.82578],[-1.13468,50.82542],[-1.1344,50.82708],[-1.13292,50.82892],[-1.13292,50.83069],[-1.13708,50.82543],[-1.13884,50.82625],[-1.14096,50.82875],[-1.14057,50.83208],[-1.1413,50.83375],[-1.14375,50.83559],[-1.14708,50.83666],[-1.15042,50.84021],[-1.15149,50.83958],[-1.15162,50.83875],[-1.15008,50.83625],[-1.15042,50.83557],[-1.15145,50.83542],[-1.15042,50.83439],[-1.14958,50.83568],[-1.14875,50.83488],[-1.14514,50.83375],[-1.14369,50.83208],[-1.14393,50.82792],[-1.14323,50.82625],[-1.14009,50.82375],[-1.13708,50.82275],[-1.13125,50.81459],[-1.12042,50.80662],[-1.12042,50.80438],[-1.12292,50.80692],[-1.12375,50.80693],[-1.12542,50.80834],[-1.12687,50.80792],[-1.1255,50.79792],[-1.12588,50.79375],[-1.12463,50.79125],[-1.12588,50.79042],[-1.12588,50.78875],[-1.12542,50.78833],[-1.12458,50.7899],[-1.12292,50.78985],[-1.11875,50.78633],[-1.11625,50.78673],[-1.11585,50.78625],[-1.11708,50.78596],[-1.11792,50.78412],[-1.12042,50.784],[-1.12125,50.78246],[-1.12375,50.78239],[-1.12625,50.77913],[-1.12792,50.77906],[-1.13125,50.77486],[-1.13292,50.77476],[-1.13375,50.77398],[-1.13542,50.77324],[-1.13708,50.77327],[-1.13792,50.7725],[-1.13958,50.77244],[-1.14208,50.77547],[-1.14875,50.77711],[-1.15125,50.77912],[-1.15292,50.77931],[-1.15458,50.78022],[-1.15542,50.78163],[-1.15708,50.7818],[-1.15958,50.783],[-1.16208,50.78308],[-1.16292,50.78377],[-1.17125,50.78438],[-1.17208,50.78556],[-1.17708,50.78671],[-1.17958,50.78651],[-1.19042,50.78836],[-1.19208,50.79002],[-1.19458,50.79033],[-1.19681,50.79125],[-1.19806,50.79375],[-1.19759,50.79458],[-1.19875,50.79466],[-1.2011,50.79708],[-1.20111,50.79792],[-1.20528,50.80125],[-1.20542,50.8022],[-1.20708,50.8023],[-1.20787,50.80375],[-1.21026,50.80542],[-1.21042,50.80642],[-1.21208,50.80648],[-1.21458,50.80869],[-1.21792,50.80887],[-1.22292,50.81158],[-1.23042,50.81263],[-1.23625,50.81275],[-1.24375,50.81561],[-1.24625,50.81605],[-1.25042,50.81588],[-1.25958,50.82172],[-1.26792,50.82474],[-1.27625,50.82643],[-1.27958,50.82638],[-1.28125,50.82766],[-1.28458,50.8281],[-1.29042,50.83022],[-1.29958,50.83128],[-1.30542,50.83552],[-1.30875,50.839],[-1.31049,50.84292],[-1.31034,50.84458],[-1.3092,50.84625],[-1.30958,50.8484],[-1.31341,50.84458],[-1.31441,50.84125],[-1.31542,50.84125],[-1.31708,50.84275],[-1.31958,50.84679],[-1.32458,50.84969],[-1.32708,50.85203],[-1.34185,50.86208],[-1.34458,50.86452],[-1.34758,50.86625],[-1.34875,50.86628],[-1.35119,50.86792],[-1.35208,50.86923],[-1.35292,50.86903],[-1.35375,50.86952],[-1.36375,50.87641],[-1.36792,50.87783],[-1.37458,50.88109],[-1.37858,50.88208],[-1.38125,50.8822],[-1.3823,50.88292],[-1.38375,50.88299],[-1.38958,50.885],[-1.39203,50.88375],[-1.39364,50.88125],[-1.39375,50.87942],[-1.39458,50.87939],[-1.39692,50.87708],[-1.39527,50.87375],[-1.39292,50.87263],[-1.38708,50.87224],[-1.38542,50.87061],[-1.38375,50.8704],[-1.38292,50.86836],[-1.38125,50.86684],[-1.37778,50.86458],[-1.37458,50.86149],[-1.37208,50.86033],[-1.36542,50.8554],[-1.36208,50.85413],[-1.35731,50.85458],[-1.35458,50.85261],[-1.35042,50.85152],[-1.34899,50.85042],[-1.34875,50.84931],[-1.34625,50.84861],[-1.34458,50.84895],[-1.33746,50.84542],[-1.3385,50.84458],[-1.33811,50.84375],[-1.33437,50.84208],[-1.33378,50.84125],[-1.33498,50.83958],[-1.33042,50.83407],[-1.32792,50.83256],[-1.32458,50.8322],[-1.32292,50.82979],[-1.31458,50.823],[-1.31125,50.81893],[-1.31043,50.81875],[-1.31023,50.81792],[-1.31136,50.81708],[-1.31125,50.8134],[-1.30997,50.81375],[-1.30958,50.81486],[-1.30875,50.81495],[-1.30792,50.8142],[-1.30967,50.81208],[-1.30855,50.80875],[-1.31208,50.80674],[-1.32208,50.80327],[-1.3244,50.80292],[-1.3307,50.79542],[-1.33261,50.79458],[-1.33625,50.79106],[-1.33769,50.78792],[-1.33958,50.78653],[-1.34042,50.78651],[-1.34138,50.78458],[-1.34339,50.78375],[-1.34458,50.78207],[-1.34792,50.78233],[-1.34958,50.78301],[-1.35292,50.78299],[-1.35307,50.78208],[-1.35458,50.78157],[-1.35875,50.78233],[-1.35958,50.78297],[-1.36208,50.78311],[-1.36292,50.78422],[-1.36458,50.78378],[-1.36958,50.78387],[-1.37012,50.78375],[-1.36875,50.78299],[-1.36708,50.78328],[-1.36633,50.78292],[-1.36589,50.78208],[-1.36708,50.78041],[-1.37125,50.77853],[-1.37542,50.77791],[-1.37625,50.7768],[-1.37958,50.77559],[-1.39125,50.77433],[-1.39533,50.77292],[-1.39625,50.77208],[-1.39708,50.77299],[-1.39792,50.77106],[-1.40292,50.77016],[-1.40542,50.76877],[-1.40807,50.76875],[-1.40958,50.76739],[-1.41292,50.76734],[-1.41375,50.7666],[-1.41625,50.76656],[-1.41708,50.76585],[-1.41958,50.76565],[-1.42042,50.76473],[-1.42375,50.76364],[-1.42708,50.76334],[-1.42875,50.76481],[-1.43292,50.76467],[-1.43375,50.76343],[-1.43792,50.76327],[-1.43958,50.76255],[-1.44208,50.76237],[-1.44375,50.76153],[-1.44625,50.76161],[-1.44792,50.76017],[-1.45625,50.75992],[-1.45792,50.76065],[-1.45875,50.75904],[-1.46267,50.75875],[-1.46375,50.75801],[-1.46958,50.7582],[-1.47042,50.75748],[-1.47208,50.75743],[-1.47375,50.756],[-1.47542,50.75609],[-1.47875,50.75492],[-1.48125,50.75493],[-1.48292,50.75406],[-1.48458,50.75397],[-1.48625,50.75252],[-1.48958,50.75175],[-1.49125,50.75027],[-1.49458,50.75],[-1.49542,50.74953],[-1.49875,50.75022],[-1.50362,50.74958],[-1.50662,50.74792],[-1.50707,50.74625],[-1.50875,50.74525],[-1.51458,50.74563],[-1.51686,50.74792],[-1.51689,50.75042],[-1.51792,50.75299],[-1.51875,50.75339],[-1.52375,50.75359],[-1.52542,50.7546],[-1.52565,50.75625],[-1.52792,50.75653],[-1.52826,50.75458],[-1.52587,50.75292],[-1.52792,50.7525],[-1.52832,50.75125],[-1.52708,50.75097],[-1.52625,50.74991],[-1.52292,50.75165],[-1.52079,50.75125],[-1.52042,50.75025],[-1.51958,50.75047],[-1.51933,50.74708],[-1.51792,50.7448],[-1.51606,50.74375],[-1.5153,50.74208],[-1.51781,50.74042],[-1.52107,50.73708],[-1.52375,50.73577],[-1.52458,50.73545],[-1.52708,50.73576],[-1.52875,50.73499],[-1.53042,50.73504],[-1.53091,50.73375],[-1.53231,50.73292],[-1.53253,50.73125],[-1.53566,50.72958],[-1.53875,50.7265],[-1.54042,50.72638],[-1.54139,50.72708],[-1.54225,50.72375],[-1.54375,50.72232],[-1.54708,50.72077],[-1.55042,50.71776],[-1.55375,50.71735],[-1.55458,50.71669],[-1.55521,50.71292],[-1.55444,50.71208],[-1.55441,50.70958],[-1.55458,50.70883],[-1.55542,50.70945],[-1.55625,50.70857],[-1.55708,50.70856],[-1.55792,50.70941],[-1.56208,50.70897],[-1.56375,50.70942],[-1.56458,50.71103],[-1.56625,50.71103],[-1.56708,50.71177],[-1.57042,50.71251],[-1.57208,50.71422],[-1.57316,50.71375],[-1.57407,50.71458],[-1.57292,50.71552],[-1.57458,50.71536],[-1.57708,50.71717],[-1.58042,50.71701],[-1.58125,50.71768],[-1.58281,50.71792],[-1.58542,50.71998],[-1.58792,50.71956],[-1.58875,50.72006],[-1.59208,50.72016],[-1.59292,50.72066],[-1.59708,50.72075],[-1.59792,50.72138],[-1.60125,50.72166],[-1.60208,50.7231],[-1.60708,50.72317],[-1.60792,50.72383],[-1.61208,50.72392],[-1.61292,50.72465],[-1.61625,50.72471],[-1.61708,50.72547],[-1.62042,50.72556],[-1.62125,50.72715],[-1.62542,50.72726],[-1.62625,50.72798],[-1.63042,50.72806],[-1.63125,50.72881],[-1.63375,50.72883],[-1.63458,50.72962],[-1.63875,50.72984],[-1.63958,50.73138],[-1.64458,50.73152],[-1.64542,50.73221],[-1.64875,50.73225],[-1.64958,50.73161],[-1.65042,50.73227],[-1.65292,50.73227],[-1.65375,50.73302],[-1.65458,50.73229],[-1.65542,50.73302],[-1.66292,50.73305],[-1.66375,50.73382],[-1.66542,50.73384],[-1.66625,50.73308],[-1.66708,50.73384],[-1.67375,50.73443],[-1.67458,50.73555],[-1.68375,50.7357],[-1.68458,50.73636],[-1.69125,50.7364],[-1.69208,50.73576],[-1.71292,50.73553],[-1.71375,50.73393],[-1.72042,50.73385],[-1.72125,50.73307],[-1.72375,50.73307],[-1.72458,50.73232],[-1.72625,50.73233],[-1.72708,50.73164],[-1.72875,50.7315],[-1.72958,50.72984],[-1.73208,50.72886],[-1.73294,50.72792],[-1.73354,50.72542],[-1.73489,50.72375],[-1.73792,50.7227],[-1.73879,50.72292],[-1.73905,50.72042],[-1.74074,50.71958],[-1.74084,50.71792],[-1.74255,50.71625],[-1.74344,50.71375],[-1.74792,50.71088],[-1.75375,50.71229],[-1.75708,50.71244],[-1.75992,50.71375],[-1.76037,50.71875],[-1.75955,50.71958],[-1.76042,50.72047],[-1.76375,50.72054],[-1.76458,50.72135],[-1.76625,50.72129],[-1.76706,50.72208],[-1.76625,50.72375],[-1.76375,50.72371],[-1.76292,50.72201],[-1.75958,50.72203],[-1.75875,50.72371],[-1.75708,50.72375],[-1.75458,50.72542],[-1.75458,50.72708],[-1.75375,50.72542],[-1.75208,50.72542],[-1.75125,50.72458],[-1.74708,50.72458],[-1.75292,50.72458],[-1.75375,50.72375],[-1.75458,50.72375],[-1.75625,50.72568],[-1.76625,50.72576],[-1.76708,50.72625],[-1.76875,50.72578],[-1.76923,50.72292],[-1.76708,50.72114],[-1.76645,50.71875],[-1.76875,50.71722],[-1.78708,50.71677],[-1.78792,50.71729],[-1.79625,50.71766],[-1.79675,50.71875],[-1.79792,50.71923],[-1.82125,50.71979],[-1.82208,50.71933],[-1.84458,50.71883],[-1.84542,50.71728],[-1.85292,50.71718],[-1.85375,50.71646],[-1.86542,50.71631],[-1.86625,50.71562],[-1.87042,50.71555],[-1.87125,50.71495],[-1.87625,50.71468],[-1.87708,50.71311],[-1.88208,50.71301],[-1.88292,50.71227],[-1.88625,50.71223],[-1.88708,50.71155],[-1.89042,50.7114],[-1.89125,50.7107],[-1.89458,50.71051],[-1.89542,50.70896],[-1.90292,50.70724],[-1.90375,50.70651],[-1.90542,50.70636],[-1.90625,50.7048],[-1.90792,50.70472],[-1.90875,50.70396],[-1.91125,50.70385],[-1.91375,50.70225],[-1.91542,50.70216],[-1.91552,50.70125],[-1.91875,50.69892],[-1.92042,50.69886],[-1.92208,50.69804],[-1.92292,50.69651],[-1.92375,50.69639],[-1.92542,50.69478],[-1.9284,50.69375],[-1.92843,50.69292],[-1.93125,50.69079],[-1.93208,50.69079],[-1.93542,50.68692],[-1.93708,50.68691],[-1.93875,50.68555],[-1.94042,50.68519],[-1.94792,50.6844],[-1.94927,50.68542],[-1.94828,50.68708],[-1.94542,50.68823],[-1.94122,50.68875],[-1.94225,50.68958],[-1.94208,50.69265],[-1.9444,50.69292],[-1.94505,50.69375],[-1.94458,50.69518],[-1.94225,50.69625],[-1.94185,50.69708],[-1.94299,50.70042],[-1.94285,50.70208],[-1.94458,50.70214],[-1.94542,50.703],[-1.94627,50.70292],[-1.94708,50.70396],[-1.94958,50.7021],[-1.95208,50.70426],[-1.95466,50.70458],[-1.96375,50.71121],[-1.96792,50.7106],[-1.96875,50.71155],[-1.97292,50.70939],[-1.97393,50.71042],[-1.97542,50.71083],[-1.97875,50.71047],[-1.98458,50.71071],[-1.98496,50.70792],[-1.98429,50.70708],[-1.98625,50.7035],[-1.98792,50.70197],[-1.99208,50.70075],[-1.99708,50.70165],[-1.99958,50.70668],[-2.00042,50.70763],[-2.00208,50.70819],[-2.00292,50.70832],[-2.00625,50.70704],[-2.00875,50.70724],[-2.01208,50.70836],[-2.01875,50.70741],[-2.01971,50.70708],[-2.01977,50.70542],[-2.01792,50.70382],[-2.01625,50.70115],[-2.01208,50.69875],[-2.0114,50.69792],[-2.01136,50.69542],[-2.00875,50.69292],[-2.00458,50.69163],[-2.00208,50.69273],[-2.00042,50.69254],[-1.99642,50.68708],[-1.99208,50.68547],[-1.99042,50.68522],[-1.98708,50.68562],[-1.98458,50.68739],[-1.98375,50.68661],[-1.98216,50.68708],[-1.98308,50.68875],[-1.98542,50.69011],[-1.98674,50.69292],[-1.98913,50.69542],[-1.98792,50.69705],[-1.98542,50.69715],[-1.98458,50.69783],[-1.98424,50.69958],[-1.98292,50.70078],[-1.97958,50.70031],[-1.97792,50.69856],[-1.97625,50.69778],[-1.96542,50.69993],[-1.96208,50.6976],[-1.95792,50.69584],[-1.95736,50.69542],[-1.95866,50.69458],[-1.95848,50.69375],[-1.95559,50.69042],[-1.95541,50.68792],[-1.95762,50.68625],[-1.95958,50.68242],[-1.96042,50.68194],[-1.96208,50.68222],[-1.96375,50.68458],[-1.96292,50.68609],[-1.96122,50.68625],[-1.96208,50.68799],[-1.96458,50.68895],[-1.96875,50.68864],[-1.97029,50.68625],[-1.97508,50.68625],[-1.97631,50.68375],[-1.97696,50.67875],[-1.97375,50.67538],[-1.96542,50.675],[-1.96125,50.67724],[-1.95625,50.67752],[-1.9522,50.67875],[-1.95114,50.68292],[-1.94958,50.68341],[-1.95001,50.67875],[-1.94958,50.67812],[-1.9464,50.67708],[-1.94542,50.67544],[-1.94318,50.67458],[-1.94117,50.67042],[-1.94375,50.6656],[-1.94458,50.6656],[-1.94574,50.66458],[-1.94727,50.66125],[-1.94875,50.66059],[-1.95042,50.65716],[-1.95125,50.65631],[-1.95213,50.65625],[-1.95125,50.65617],[-1.95079,50.65542],[-1.9512,50.65292],[-1.95042,50.65079],[-1.94829,50.64958],[-1.94661,50.64625],[-1.94468,50.64542],[-1.94459,50.64458],[-1.94375,50.64457],[-1.94292,50.64345],[-1.94125,50.64339],[-1.93689,50.64208],[-1.92792,50.64188],[-1.92708,50.64097],[-1.92541,50.64042],[-1.92542,50.63869],[-1.93125,50.63439],[-1.93208,50.63198],[-1.93542,50.63074],[-1.93958,50.63024],[-1.93964,50.62958],[-1.94208,50.6281],[-1.94458,50.62798],[-1.94625,50.62714],[-1.94792,50.62472],[-1.94958,50.62462],[-1.95125,50.62189],[-1.95292,50.62128],[-1.95386,50.61792],[-1.95548,50.61625],[-1.95542,50.61072],[-1.95401,50.60875],[-1.95208,50.60741],[-1.95042,50.60792],[-1.94958,50.60734],[-1.94737,50.60708],[-1.94657,50.60625],[-1.94958,50.60457],[-1.95083,50.60292],[-1.95233,50.59292],[-1.95458,50.59234],[-1.95625,50.59081],[-1.96208,50.59019],[-1.96292,50.59069],[-1.97042,50.59062],[-1.97208,50.59001],[-1.98542,50.58993],[-1.99708,50.58998],[-1.99792,50.59061],[-2.00542,50.59067],[-2.00625,50.59009],[-2.01292,50.58981],[-2.01375,50.5883],[-2.02208,50.58815],[-2.02292,50.58744],[-2.02625,50.58728],[-2.02708,50.58653],[-2.02875,50.58642],[-2.02916,50.58458],[-2.03042,50.58332],[-2.03292,50.58309],[-2.03458,50.58146],[-2.03625,50.58139],[-2.03792,50.57901],[-2.03958,50.57826],[-2.05125,50.57731],[-2.05208,50.57578],[-2.05481,50.57625],[-2.05529,50.57708],[-2.05792,50.57791],[-2.05958,50.57923],[-2.06042,50.58164],[-2.06148,50.58208],[-2.06322,50.58458],[-2.06447,50.59125],[-2.06344,50.59208],[-2.06542,50.59217],[-2.06625,50.59145],[-2.07458,50.59147],[-2.07617,50.59292],[-2.07625,50.59461],[-2.07792,50.59462],[-2.07875,50.59381],[-2.08375,50.59375],[-2.08458,50.59321],[-2.08958,50.59485],[-2.09125,50.59472],[-2.09292,50.59585],[-2.095,50.59542],[-2.09625,50.59434],[-2.09958,50.59321],[-2.10208,50.59423],[-2.10375,50.59404],[-2.10449,50.59458],[-2.10447,50.59625],[-2.10708,50.59684],[-2.1086,50.59458],[-2.10958,50.59445],[-2.11125,50.59616],[-2.11208,50.59552],[-2.11375,50.59557],[-2.11625,50.5966],[-2.11708,50.59757],[-2.11958,50.59765],[-2.11985,50.59875],[-2.11826,50.59958],[-2.12263,50.60125],[-2.12292,50.6023],[-2.12792,50.6023],[-2.12958,50.60427],[-2.1306,50.60458],[-2.13064,50.60625],[-2.1325,50.60708],[-2.13208,50.6087],[-2.13125,50.60875],[-2.13208,50.60881],[-2.13375,50.61034],[-2.13625,50.61084],[-2.13708,50.60921],[-2.14292,50.60898],[-2.14375,50.60798],[-2.14625,50.60876],[-2.14735,50.61042],[-2.15375,50.61138],[-2.15458,50.61265],[-2.15708,50.61263],[-2.15792,50.61329],[-2.16625,50.61304],[-2.16708,50.61231],[-2.17125,50.6126],[-2.17292,50.6144],[-2.17708,50.61444],[-2.18292,50.61643],[-2.18451,50.61875],[-2.18542,50.61912],[-2.19125,50.61981],[-2.19208,50.62055],[-2.19542,50.62059],[-2.19625,50.62136],[-2.19875,50.6214],[-2.19958,50.62068],[-2.20708,50.6207],[-2.20875,50.62],[-2.21625,50.61985],[-2.21708,50.61922],[-2.22042,50.61888],[-2.2218,50.61625],[-2.22292,50.61579],[-2.24042,50.61592],[-2.24292,50.61696],[-2.24368,50.61875],[-2.24458,50.61723],[-2.24517,50.61875],[-2.24625,50.61884],[-2.24714,50.61875],[-2.24708,50.6162],[-2.24958,50.61621],[-2.25042,50.61678],[-2.25208,50.61685],[-2.25958,50.61661],[-2.26042,50.61731],[-2.26208,50.61746],[-2.26292,50.61895],[-2.26458,50.61967],[-2.26708,50.61973],[-2.26792,50.62048],[-2.26875,50.61923],[-2.27042,50.61988],[-2.27625,50.62008],[-2.27708,50.62076],[-2.28042,50.62079],[-2.28125,50.62141],[-2.28875,50.62152],[-2.29042,50.62102],[-2.29125,50.62111],[-2.29375,50.62309],[-2.29958,50.62331],[-2.30042,50.6239],[-2.30708,50.62392],[-2.30792,50.62465],[-2.31292,50.62466],[-2.31375,50.62393],[-2.31708,50.62393],[-2.31792,50.62464],[-2.31875,50.62393],[-2.32458,50.62401],[-2.32542,50.6247],[-2.32792,50.62477],[-2.32958,50.62566],[-2.33042,50.62723],[-2.33208,50.6274],[-2.33458,50.62969],[-2.33708,50.62981],[-2.33792,50.63143],[-2.34458,50.63151],[-2.34542,50.62986],[-2.34875,50.62989],[-2.34958,50.62927],[-2.35042,50.62986],[-2.36542,50.62979],[-2.36692,50.63042],[-2.36708,50.63134],[-2.37125,50.63157],[-2.37208,50.6323],[-2.37542,50.63241],[-2.37625,50.6331],[-2.37792,50.63311],[-2.37875,50.6339],[-2.38375,50.63422],[-2.38542,50.6356],[-2.39958,50.63557],[-2.40042,50.63404],[-2.40292,50.63391],[-2.40375,50.63318],[-2.40708,50.63308],[-2.40792,50.63242],[-2.40958,50.63239],[-2.41042,50.63304],[-2.41208,50.63305],[-2.41292,50.63382],[-2.41792,50.63417],[-2.41875,50.63575],[-2.42208,50.63547],[-2.42292,50.63385],[-2.42458,50.63382],[-2.42542,50.63303],[-2.42875,50.63299],[-2.43042,50.63157],[-2.43208,50.63153],[-2.43292,50.63032],[-2.43458,50.63009],[-2.43542,50.62932],[-2.43958,50.62957],[-2.44104,50.62542],[-2.44721,50.61875],[-2.44792,50.61724],[-2.44966,50.61625],[-2.45042,50.61319],[-2.44875,50.61125],[-2.44902,50.60958],[-2.44708,50.60945],[-2.44625,50.61065],[-2.44542,50.61042],[-2.44473,50.60875],[-2.44479,50.60542],[-2.44625,50.60421],[-2.44958,50.6038],[-2.44787,50.60208],[-2.44872,50.60042],[-2.45125,50.59864],[-2.45458,50.59808],[-2.45542,50.59642],[-2.45792,50.59629],[-2.45958,50.59405],[-2.4622,50.59375],[-2.46225,50.59208],[-2.46453,50.58958],[-2.46329,50.58708],[-2.46375,50.58512],[-2.46708,50.5849],[-2.46805,50.58542],[-2.46792,50.58449],[-2.46708,50.58432],[-2.46217,50.57958],[-2.46263,50.57708],[-2.46092,50.57458],[-2.46292,50.57422],[-2.46392,50.57708],[-2.46458,50.57767],[-2.46542,50.5776],[-2.46792,50.5804],[-2.46875,50.57999],[-2.47042,50.58065],[-2.47292,50.58421],[-2.47625,50.58441],[-2.47708,50.58592],[-2.47958,50.58625],[-2.48042,50.58708],[-2.48292,50.58708],[-2.48458,50.58875],[-2.48458,50.59042],[-2.48625,50.59042],[-2.48625,50.58958],[-2.48708,50.58946],[-2.48958,50.58982],[-2.49282,50.59208],[-2.49792,50.59407],[-2.50216,50.59792],[-2.50208,50.59875],[-2.50042,50.59875],[-2.49958,50.59708],[-2.49958,50.59958],[-2.49708,50.60125],[-2.49625,50.60125],[-2.49625,50.60208],[-2.49958,50.60208],[-2.50125,50.60375],[-2.50125,50.60458],[-2.50292,50.60458],[-2.50375,50.60375],[-2.50542,50.60375],[-2.50625,50.60458],[-2.50708,50.60458],[-2.50875,50.60708],[-2.50708,50.60875],[-2.50542,50.60875],[-2.50708,50.60875],[-2.50792,50.61042],[-2.51125,50.61042],[-2.51208,50.60875],[-2.51375,50.60875],[-2.51458,50.60958],[-2.51458,50.61292],[-2.51542,50.61292],[-2.51625,50.61375],[-2.51708,50.61625],[-2.52208,50.61625],[-2.52292,50.61542],[-2.52958,50.61542],[-2.53042,50.61625],[-2.53375,50.61625],[-2.53542,50.61792],[-2.53542,50.61875],[-2.53958,50.61838],[-2.53958,50.61958],[-2.53875,50.61958],[-2.53958,50.62042],[-2.54042,50.62042],[-2.54125,50.62125],[-2.54375,50.62125],[-2.54542,50.62292],[-2.54542,50.62458],[-2.54625,50.62375],[-2.54708,50.62375],[-2.54792,50.62578],[-2.55125,50.62875],[-2.55208,50.62792],[-2.55042,50.62792],[-2.54958,50.62875],[-2.54625,50.62875],[-2.55708,50.62875],[-2.55875,50.63042],[-2.55875,50.63208],[-2.56042,50.63375],[-2.56042,50.63708],[-2.56125,50.63708],[-2.56208,50.63625],[-2.56375,50.63625],[-2.56458,50.63708],[-2.56625,50.63708],[-2.56708,50.63625],[-2.57042,50.63625],[-2.57125,50.63708],[-2.57292,50.63708],[-2.57042,50.63542],[-2.57292,50.63504],[-2.57418,50.63625],[-2.57375,50.63708],[-2.57292,50.63708],[-2.57458,50.63708],[-2.57542,50.63792],[-2.57542,50.63958],[-2.57792,50.63958],[-2.57875,50.64042],[-2.57958,50.64042],[-2.57875,50.63875],[-2.58125,50.63861],[-2.58223,50.63958],[-2.58208,50.64042],[-2.57958,50.64042],[-2.58292,50.64021],[-2.58292,50.64125],[-2.58375,50.64208],[-2.58458,50.64208],[-2.58542,50.64375],[-2.58708,50.64375],[-2.58792,50.64458],[-2.58958,50.6441],[-2.59125,50.64542],[-2.59292,50.64553],[-2.59375,50.64625],[-2.59564,50.64625],[-2.59625,50.64792],[-2.59625,50.64708],[-2.59708,50.64664],[-2.59792,50.64693],[-2.59898,50.64792],[-2.59875,50.64875],[-2.59792,50.64875],[-2.59875,50.64875],[-2.60006,50.65042],[-2.59958,50.65125],[-2.59792,50.65125],[-2.59792,50.65292],[-2.60042,50.65292],[-2.60125,50.65208],[-2.60292,50.65208],[-2.60375,50.65292],[-2.60542,50.65292],[-2.60625,50.65375],[-2.60792,50.65375],[-2.61042,50.65496],[-2.61875,50.65544],[-2.62292,50.65774],[-2.62542,50.6579],[-2.62786,50.65875],[-2.63042,50.66104],[-2.63598,50.66208],[-2.63958,50.66534],[-2.64708,50.66672],[-2.64792,50.66744],[-2.65029,50.66792],[-2.65125,50.6693],[-2.65458,50.6701],[-2.65542,50.67078],[-2.65792,50.67108],[-2.66042,50.67359],[-2.66625,50.67449],[-2.66875,50.67589],[-2.67042,50.6762],[-2.67064,50.67708],[-2.67292,50.67869],[-2.67625,50.67886],[-2.67708,50.67936],[-2.67875,50.6794],[-2.67958,50.68007],[-2.68285,50.68042],[-2.68375,50.68178],[-2.69038,50.68375],[-2.69375,50.68631],[-2.69958,50.68719],[-2.70125,50.68846],[-2.70344,50.68875],[-2.70542,50.69003],[-2.70958,50.69017],[-2.71042,50.69073],[-2.71208,50.69078],[-2.71375,50.69226],[-2.71708,50.69259],[-2.71792,50.6941],[-2.72208,50.69498],[-2.72292,50.69569],[-2.72625,50.69576],[-2.72708,50.6965],[-2.72958,50.69675],[-2.73042,50.6983],[-2.73708,50.70026],[-2.73958,50.7028],[-2.74208,50.70324],[-2.74708,50.70323],[-2.74792,50.70394],[-2.75125,50.70397],[-2.75208,50.70473],[-2.75375,50.70484],[-2.75458,50.70649],[-2.75875,50.70769],[-2.75958,50.70836],[-2.76292,50.70856],[-2.76546,50.71042],[-2.77375,50.71144],[-2.77625,50.71297],[-2.77958,50.71312],[-2.78042,50.71472],[-2.78292,50.71488],[-2.78375,50.7155],[-2.78875,50.71554],[-2.78958,50.71631],[-2.80125,50.71633],[-2.80208,50.71712],[-2.80792,50.71716],[-2.80875,50.71638],[-2.81208,50.71644],[-2.81437,50.71792],[-2.81458,50.71896],[-2.81708,50.71922],[-2.81792,50.71987],[-2.82125,50.71999],[-2.82208,50.72066],[-2.82542,50.72064],[-2.82625,50.72138],[-2.83042,50.72172],[-2.83125,50.72297],[-2.83208,50.72159],[-2.83272,50.72292],[-2.83625,50.72295],[-2.83708,50.72134],[-2.83875,50.72132],[-2.83958,50.72059],[-2.84042,50.72062],[-2.84125,50.72136],[-2.84292,50.72146],[-2.84375,50.72295],[-2.84708,50.72301],[-2.84792,50.72378],[-2.85292,50.72387],[-2.85375,50.72462],[-2.85708,50.72467],[-2.85792,50.72546],[-2.86208,50.72551],[-2.86292,50.72713],[-2.86708,50.72721],[-2.86792,50.72795],[-2.87375,50.72798],[-2.87458,50.72877],[-2.87958,50.72879],[-2.88042,50.7296],[-2.88708,50.72966],[-2.88792,50.73128],[-2.89458,50.73147],[-2.89542,50.73216],[-2.91292,50.73212],[-2.91375,50.73136],[-2.91958,50.73125],[-2.92042,50.72963],[-2.92208,50.72959],[-2.92292,50.72876],[-2.92416,50.72875],[-2.92355,50.72625],[-2.92585,50.72458],[-2.92792,50.72376],[-2.93042,50.72379],[-2.93125,50.7231],[-2.93375,50.72297]]},"properties":{"source":"emodnet_dtm_2024","level":2}},{"type":"Feature","geometry":{"type":"LineString","coordinates":[[-2.47458,50.58125],[-2.47458,50.58125]]},"properties":{"source":"emodnet_dtm_2024","level":2}},{"type":"Feature","geometry":{"type":"LineString","coordinates":[[-2.47542,50.58211],[-2.47542,50.58211]]},"properties":{"source":"emodnet_dtm_2024","level":2}},{"type":"Feature","geometry":{"type":"LineString","coordinates":[[-2.48042,50.58625],[-2.48042,50.58501],[-2.48125,50.58512],[-2.48125,50.58625],[-2.48042,50.58625]]},"properties":{"source":"emodnet_dtm_2024","level":2}},{"type":"Feature","geometry":{"type":"LineString","coordinates":[[-2.08792,50.59254],[-2.08737,50.59208],[-2.08792,50.59082],[-2.08857,50.59208],[-2.08792,50.59254]]},"properties":{"source":"emodnet_dtm_2024","level":2}},{"type":"Feature","geometry":{"type":"LineString","coordinates":[[-2.43958,50.59806],[-2.43958,50.59806]]},"properties":{"source":"emodnet_dtm_2024","level":2}},{"type":"Feature","geometry":{"type":"LineString","coordinates":[[-2.50875,50.60292],[-2.50792,50.60208],[-2.50875,50.60143],[-2.51042,50.60129],[-2.51121,50.60208],[-2.51125,50.60375],[-2.50875,50.60292]]},"properties":{"source":"emodnet_dtm_2024","level":2}},{"type":"Feature","geometry":{"type":"LineString","coordinates":[[-2.51708,50.60708],[-2.51625,50.60625],[-2.51708,50.60551],[-2.51876,50.60542],[-2.51955,50.60708],[-2.51875,50.60792],[-2.51792,50.60708],[-2.51708,50.60708]]},"properties":{"source":"emodnet_dtm_2024","level":2}},{"type":"Feature","geometry":{"type":"LineString","coordinates":[[-1.17042,50.61658],[-1.17021,50.61542],[-1.17125,50.61372],[-1.17292,50.61182],[-1.17427,50.61125],[-1.17381,50.60708],[-1.1767,50.60125],[-1.18042,50.59803],[-1.18213,50.59792],[-1.18214,50.59708],[-1.18458,50.59559],[-1.18875,50.59542],[-1.18958,50.59465],[-1.19292,50.59459],[-1.19375,50.59391],[-1.19656,50.59375],[-1.19706,50.59292],[-1.19958,50.59181],[-1.20292,50.5915],[-1.20375,50.59085],[-1.20542,50.59145],[-1.20958,50.59134],[-1.21042,50.59064],[-1.21375,50.5905],[-1.21458,50.58986],[-1.21764,50.58958],[-1.21792,50.58898],[-1.22125,50.58752],[-1.22542,50.58718],[-1.22625,50.58658],[-1.22875,50.58649],[-1.22958,50.58593],[-1.23495,50.58542],[-1.23542,50.58447],[-1.24125,50.58183],[-1.24625,50.58144],[-1.24792,50.58055],[-1.25625,50.5806],[-1.25875,50.57853],[-1.26542,50.5788],[-1.26625,50.57809],[-1.26958,50.57805],[-1.27042,50.5788],[-1.27125,50.57804],[-1.2762,50.57792],[-1.27708,50.57714],[-1.27875,50.57711],[-1.27958,50.57563],[-1.28375,50.57546],[-1.28458,50.57584],[-1.28708,50.57474],[-1.28875,50.57474],[-1.28958,50.57403],[-1.30292,50.57414],[-1.30792,50.57723],[-1.31028,50.58125],[-1.31125,50.58139],[-1.31197,50.58292],[-1.31292,50.58316],[-1.31458,50.58581],[-1.31542,50.58591],[-1.31708,50.58743],[-1.31875,50.58997],[-1.32042,50.59007],[-1.32292,50.5914],[-1.32458,50.59152],[-1.32666,50.59292],[-1.32708,50.59403],[-1.32958,50.59479],[-1.33125,50.59631],[-1.33292,50.59641],[-1.33375,50.59802],[-1.33792,50.59985],[-1.33966,50.60208],[-1.34458,50.60318],[-1.34708,50.60469],[-1.34958,50.6049],[-1.35042,50.60649],[-1.35208,50.60735],[-1.35458,50.60738],[-1.35542,50.60813],[-1.36208,50.60811],[-1.36283,50.60875],[-1.36303,50.61042],[-1.36542,50.61133],[-1.36841,50.61375],[-1.36875,50.61548],[-1.37375,50.61644],[-1.37529,50.61792],[-1.37542,50.61884],[-1.38208,50.62191],[-1.38233,50.62292],[-1.38375,50.62315],[-1.38542,50.62464],[-1.38708,50.62473],[-1.38875,50.6257],[-1.38958,50.62731],[-1.39292,50.62734],[-1.39375,50.62801],[-1.39708,50.62798],[-1.39958,50.62962],[-1.40292,50.63016],[-1.40337,50.63125],[-1.40542,50.63216],[-1.40708,50.63221],[-1.40792,50.63299],[-1.40958,50.63309],[-1.41042,50.63385],[-1.41625,50.63389],[-1.41708,50.63547],[-1.41958,50.63555],[-1.42059,50.63625],[-1.42458,50.63604],[-1.42625,50.63693],[-1.42875,50.63682],[-1.43098,50.63792],[-1.43229,50.63958],[-1.43625,50.63965],[-1.43767,50.64042],[-1.44625,50.64111],[-1.44958,50.64229],[-1.45208,50.64481],[-1.45292,50.6446],[-1.45667,50.64708],[-1.45625,50.64875],[-1.45708,50.64875],[-1.45875,50.65045],[-1.46375,50.65049],[-1.46542,50.65101],[-1.46624,50.65292],[-1.46771,50.65375],[-1.46966,50.65625],[-1.47042,50.65632],[-1.47125,50.65776],[-1.47375,50.65879],[-1.47465,50.66042],[-1.47542,50.66047],[-1.47708,50.66209],[-1.47958,50.66297],[-1.48041,50.66458],[-1.48292,50.66464],[-1.48542,50.66627],[-1.49125,50.66635],[-1.49208,50.66715],[-1.50458,50.66742],[-1.50595,50.66792],[-1.50625,50.6688],[-1.51042,50.66928],[-1.51208,50.66896],[-1.51234,50.66792],[-1.51375,50.66689],[-1.52792,50.66643],[-1.52875,50.66572],[-1.53458,50.66562],[-1.53542,50.66498],[-1.54125,50.66478],[-1.54208,50.6632],[-1.54542,50.66308],[-1.54625,50.66231],[-1.55958,50.6622],[-1.56042,50.66155],[-1.56375,50.66147],[-1.56458,50.66092],[-1.56792,50.66067],[-1.56875,50.65991],[-1.57875,50.66017],[-1.57891,50.66125],[-1.57542,50.66292],[-1.57387,50.66458],[-1.56872,50.66625],[-1.56875,50.66718],[-1.57022,50.66792],[-1.56914,50.66958],[-1.56847,50.67375],[-1.56625,50.67539],[-1.56375,50.67538],[-1.56292,50.67623],[-1.55625,50.67623],[-1.55542,50.67754],[-1.54958,50.6779],[-1.54875,50.67873],[-1.5479,50.67875],[-1.54621,50.68042],[-1.54535,50.68292],[-1.54458,50.68374],[-1.54374,50.68375],[-1.54362,50.68542],[-1.54283,50.68625],[-1.54339,50.68708],[-1.54208,50.68861],[-1.54112,50.68875],[-1.54086,50.69042],[-1.53792,50.69103],[-1.53372,50.69458],[-1.5343,50.69875],[-1.53208,50.70095],[-1.53125,50.70109],[-1.52708,50.69956],[-1.52481,50.70125],[-1.52292,50.70413],[-1.51875,50.70234],[-1.51292,50.70254],[-1.51125,50.70331],[-1.51042,50.70655],[-1.50625,50.707],[-1.50502,50.70292],[-1.50208,50.70233],[-1.49792,50.70255],[-1.49375,50.70381],[-1.49208,50.70494],[-1.49112,50.70625],[-1.49292,50.707],[-1.49292,50.70764],[-1.48625,50.70831],[-1.48375,50.70922],[-1.46958,50.71202],[-1.46208,50.71506],[-1.46042,50.7152],[-1.45792,50.71688],[-1.45575,50.71708],[-1.45375,50.71791],[-1.45292,50.71908],[-1.45042,50.72019],[-1.44806,50.72042],[-1.44542,50.72156],[-1.44458,50.72109],[-1.44326,50.72125],[-1.44425,50.72208],[-1.44351,50.72292],[-1.44273,50.72292],[-1.44208,50.72188],[-1.44125,50.72336],[-1.44042,50.72273],[-1.43958,50.72282],[-1.43875,50.7235],[-1.43708,50.72365],[-1.43625,50.7245],[-1.43375,50.7245],[-1.43372,50.72542],[-1.43292,50.72581],[-1.43284,50.72542],[-1.43042,50.72539],[-1.43095,50.72625],[-1.42792,50.72727],[-1.42625,50.72748],[-1.42542,50.72638],[-1.42292,50.72594],[-1.42208,50.72748],[-1.41542,50.72721],[-1.41292,50.72661],[-1.41147,50.72458],[-1.41042,50.72446],[-1.40861,50.72542],[-1.40971,50.72625],[-1.41059,50.72875],[-1.40541,50.72958],[-1.40125,50.73124],[-1.39625,50.73106],[-1.39458,50.73196],[-1.39125,50.73259],[-1.38458,50.73484],[-1.37958,50.73576],[-1.37625,50.73794],[-1.37542,50.73713],[-1.37375,50.73712],[-1.37125,50.73814],[-1.36125,50.74019],[-1.35792,50.74147],[-1.35375,50.74192],[-1.35209,50.74292],[-1.35115,50.74542],[-1.34958,50.74546],[-1.34792,50.74664],[-1.34735,50.74792],[-1.34784,50.74958],[-1.34643,50.75125],[-1.34375,50.75273],[-1.34292,50.75173],[-1.34208,50.75345],[-1.34125,50.75341],[-1.33792,50.75521],[-1.33708,50.75621],[-1.33208,50.75781],[-1.32875,50.75945],[-1.32208,50.76528],[-1.32125,50.76356],[-1.31458,50.76392],[-1.31042,50.76354],[-1.30792,50.76263],[-1.30625,50.76091],[-1.30292,50.75975],[-1.30208,50.75793],[-1.29897,50.75542],[-1.29792,50.75151],[-1.29542,50.75099],[-1.29375,50.74933],[-1.29044,50.75208],[-1.29238,50.75625],[-1.29127,50.75875],[-1.28962,50.76042],[-1.29089,50.76292],[-1.29042,50.7652],[-1.28673,50.76708],[-1.28125,50.76781],[-1.27708,50.76746],[-1.2754,50.76708],[-1.27792,50.76704],[-1.27875,50.76621],[-1.28042,50.76621],[-1.28125,50.76539],[-1.28375,50.76529],[-1.28447,50.76458],[-1.28375,50.76383],[-1.28125,50.76325],[-1.26792,50.76319],[-1.26711,50.76375],[-1.26708,50.7648],[-1.26399,50.76375],[-1.26311,50.76292],[-1.26458,50.76242],[-1.26417,50.76042],[-1.26208,50.75945],[-1.26042,50.75877],[-1.25958,50.75882],[-1.25875,50.76011],[-1.25708,50.75961],[-1.24792,50.75419],[-1.24042,50.75093],[-1.21006,50.74042],[-1.20961,50.73958],[-1.21041,50.73792],[-1.2127,50.73625],[-1.21208,50.73586],[-1.20958,50.73625],[-1.20458,50.73845],[-1.19125,50.73695],[-1.18208,50.73786],[-1.17375,50.73734],[-1.17208,50.73816],[-1.16542,50.73834],[-1.15458,50.7401],[-1.14375,50.74302],[-1.13792,50.74395],[-1.12958,50.74385],[-1.12336,50.74292],[-1.12348,50.74208],[-1.12475,50.74125],[-1.12363,50.74042],[-1.12431,50.73958],[-1.12888,50.73875],[-1.12975,50.73708],[-1.12893,50.73542],[-1.13002,50.73375],[-1.12975,50.73292],[-1.12875,50.73192],[-1.12708,50.73206],[-1.12542,50.73318],[-1.11795,50.73208],[-1.11766,50.73125],[-1.12076,50.72958],[-1.11792,50.72908],[-1.11625,50.72784],[-1.11458,50.72853],[-1.11265,50.72792],[-1.1125,50.72625],[-1.10786,50.72292],[-1.10042,50.71464],[-1.09125,50.70778],[-1.0892,50.70458],[-1.08958,50.70394],[-1.09625,50.70161],[-1.09625,50.69891],[-1.09484,50.69708],[-1.09368,50.69625],[-1.09324,50.69792],[-1.09448,50.69958],[-1.09375,50.70022],[-1.09292,50.69982],[-1.09136,50.70042],[-1.08958,50.70355],[-1.08944,50.70125],[-1.09105,50.70042],[-1.08643,50.69542],[-1.08574,50.69708],[-1.08458,50.69763],[-1.08208,50.69648],[-1.07989,50.69625],[-1.07625,50.69387],[-1.06875,50.69037],[-1.06216,50.68458],[-1.06216,50.68375],[-1.06448,50.68208],[-1.06625,50.6797],[-1.06822,50.67875],[-1.07542,50.67742],[-1.07959,50.67542],[-1.08708,50.67382],[-1.08792,50.67304],[-1.09042,50.67297],[-1.09125,50.67133],[-1.09208,50.6713],[-1.09387,50.66958],[-1.09268,50.66708],[-1.09764,50.66458],[-1.09788,50.66375],[-1.09875,50.66341],[-1.10458,50.66322],[-1.10542,50.66464],[-1.11625,50.6646],[-1.11708,50.66308],[-1.12442,50.66292],[-1.12542,50.66214],[-1.12793,50.66208],[-1.12958,50.66131],[-1.13463,50.66042],[-1.13875,50.65806],[-1.14071,50.65792],[-1.14375,50.65637],[-1.14542,50.6563],[-1.14625,50.65472],[-1.14875,50.65428],[-1.15393,50.65208],[-1.15625,50.64961],[-1.15708,50.64961],[-1.15962,50.64792],[-1.1598,50.64708],[-1.16304,50.64458],[-1.16381,50.64292],[-1.16562,50.64125],[-1.16718,50.63292],[-1.16875,50.63125],[-1.16958,50.63125],[-1.16997,50.62792],[-1.17206,50.62375],[-1.17208,50.62116],[-1.17042,50.61658]]},"properties":{"source":"emodnet_dtm_2024","level":2}},{"type":"Feature","geometry":{"type":"LineString","coordinates":[[-2.55625,50.62792],[-2.55572,50.62708],[-2.55625,50.627],[-2.55625,50.62792]]},"properties":{"source":"emodnet_dtm_2024","level":2}},{"type":"Feature","geometry":{"type":"LineString","coordinates":[[-2.56375,50.63208],[-2.56292,50.63125],[-2.56458,50.63116],[-2.56458,50.63292],[-2.56375,50.63208]]},"properties":{"source":"emodnet_dtm_2024","level":2}},{"type":"Feature","geometry":{"type":"LineString","coordinates":[[-1.92958,50.64304],[-1.9291,50.64292],[-1.92958,50.64235],[-1.93037,50.64292],[-1.92958,50.64304]]},"properties":{"source":"emodnet_dtm_2024","level":2}},{"type":"Feature","geometry":{"type":"LineString","coordinates":[[-1.92542,50.64303],[-1.92586,50.64292],[-1.92542,50.64303]]},"properties":{"source":"emodnet_dtm_2024","level":2}},{"type":"Feature","geometry":{"type":"LineString","coordinates":[[-2.60625,50.65292],[-2.60542,50.65208],[-2.60638,50.65208],[-2.60625,50.65292]]},"properties":{"source":"emodnet_dtm_2024","level":2}},{"type":"Feature","geometry":{"type":"LineString","coordinates":[[-1.97542,50.6641],[-1.97458,50.66374],[-1.97405,50.66458],[-1.97458,50.66588],[-1.97616,50.66542],[-1.97634,50.66458],[-1.97542,50.6641]]},"properties":{"source":"emodnet_dtm_2024","level":2}},{"type":"Feature","geometry":{"type":"LineString","coordinates":[[-1.98708,50.68225],[-1.98428,50.68208],[-1.98226,50.68375],[-1.98792,50.68398],[-1.98858,50.68375],[-1.98708,50.68225]]},"properties":{"source":"emodnet_dtm_2024","level":2}},{"type":"Feature","geometry":{"type":"LineString","coordinates":[[-2.07208,50.69022],[-2.07125,50.68889],[-2.07038,50.68958],[-2.07124,50.69125],[-2.07239,50.69208],[-2.07345,50.69208],[-2.07387,50.69125],[-2.07208,50.69022]]},"properties":{"source":"emodnet_dtm_2024","level":2}},{"type":"Feature","geometry":{"type":"LineString","coordinates":[[-1.54208,50.69053],[-1.54208,50.69006],[-1.54208,50.69053]]},"properties":{"source":"emodnet_dtm_2024","level":2}},{"type":"Feature","geometry":{"type":"LineString","coordinates":[[-1.95542,50.69379],[-1.95488,50.69292],[-1.95542,50.69239],[-1.95595,50.69292],[-1.95542,50.69379]]},"properties":{"source":"emodnet_dtm_2024","level":2}},{"type":"Feature","geometry":{"type":"LineString","coordinates":[[-1.10292,50.69442],[-1.10213,50.69375],[-1.10292,50.69292],[-1.10542,50.69292],[-1.10542,50.69375],[-1.10458,50.69292],[-1.10208,50.69292],[-1.10205,50.69375],[-1.10042,50.69458],[-1.10125,50.69575],[-1.10292,50.69442]]},"properties":{"source":"emodnet_dtm_2024","level":2}},{"type":"Feature","geometry":{"type":"LineString","coordinates":[[-1.57542,50.69559],[-1.57501,50.69542],[-1.57542,50.69559]]},"properties":{"source":"emodnet_dtm_2024","level":2}},{"type":"Feature","geometry":{"type":"LineString","coordinates":[[-1.50375,50.69554],[-1.50182,50.69542],[-1.49923,50.69792],[-1.50016,50.70042],[-1.50208,50.70134],[-1.5044,50.70042],[-1.50533,50.69875],[-1.50495,50.69625],[-1.50375,50.69554]]},"properties":{"source":"emodnet_dtm_2024","level":2}},{"type":"Feature","geometry":{"type":"LineString","coordinates":[[-2.04625,50.70389],[-2.04542,50.70324],[-2.04458,50.70381],[-2.04208,50.7076],[-2.03542,50.70939],[-2.03227,50.70875],[-2.03292,50.70796],[-2.03375,50.70789],[-2.03125,50.7079],[-2.03042,50.70875],[-2.02875,50.70896],[-2.02292,50.70915],[-2.02197,50.71125],[-2.02235,50.71208],[-2.02542,50.71232],[-2.02686,50.71375],[-2.02688,50.71458],[-2.0301,50.71542],[-2.03125,50.71764],[-2.03359,50.71625],[-2.03458,50.71613],[-2.03542,50.71682],[-2.03792,50.71658],[-2.04084,50.71375],[-2.04256,50.71292],[-2.04458,50.70953],[-2.04792,50.70868],[-2.04885,50.70792],[-2.04902,50.70458],[-2.04792,50.70384],[-2.04625,50.70389]]},"properties":{"source":"emodnet_dtm_2024","level":2}},{"type":"Feature","geometry":{"type":"LineString","coordinates":[[-1.08458,50.7058],[-1.08375,50.70527],[-1.08292,50.70558],[-1.08292,50.70406],[-1.08375,50.70404],[-1.08458,50.70497],[-1.08599,50.70542],[-1.08458,50.7058]]},"properties":{"source":"emodnet_dtm_2024","level":2}},{"type":"Feature","geometry":{"type":"LineString","coordinates":[[-1.95125,50.70958],[-1.95042,50.70792],[-1.94958,50.70792],[-1.94958,50.71042],[-1.95292,50.71042],[-1.95292,50.70875],[-1.95208,50.70875],[-1.95125,50.70958]]},"properties":{"source":"emodnet_dtm_2024","level":2}},{"type":"Feature","geometry":{"type":"LineString","coordinates":[[-1.55125,50.71134],[-1.55125,50.71084],[-1.55125,50.71134]]},"properties":{"source":"emodnet_dtm_2024","level":2}},{"type":"Feature","geometry":{"type":"LineString","coordinates":[[-0.81542,50.71154],[-0.81542,50.71036],[-0.81792,50.71179],[-0.8197,50.71208],[-0.81708,50.7131],[-0.81542,50.71154]]},"properties":{"source":"emodnet_dtm_2024","level":2}},{"type":"Feature","geometry":{"type":"LineString","coordinates":[[-1.99458,50.71327],[-1.99344,50.71292],[-1.99342,50.71458],[-1.99264,50.71542],[-1.99375,50.71755],[-1.9994,50.71708],[-1.99792,50.71697],[-1.99672,50.71625],[-1.99458,50.71327]]},"properties":{"source":"emodnet_dtm_2024","level":2}},{"type":"Feature","geometry":{"type":"LineString","coordinates":[[-1.55208,50.71332],[-1.55208,50.71168],[-1.55208,50.71332]]},"properties":{"source":"emodnet_dtm_2024","level":2}},{"type":"Feature","geometry":{"type":"LineString","coordinates":[[-2.00292,50.71825],[-2.00208,50.71726],[-2.00042,50.71715],[-2.00002,50.71875],[-2.00155,50.71958],[-2.00158,50.72125],[-1.99983,50.72208],[-1.99983,50.72292],[-2.00042,50.72346],[-2.00292,50.72339],[-2.00375,50.72422],[-2.00542,50.72418],[-2.00625,50.72717],[-2.007,50.72292],[-2.00625,50.7218],[-2.00395,50.72042],[-2.00292,50.71825]]},"properties":{"source":"emodnet_dtm_2024","level":2}},{"type":"Feature","geometry":{"type":"LineString","coordinates":[[-1.40708,50.71815],[-1.40625,50.71758],[-1.40625,50.71919],[-1.40768,50.71875],[-1.40708,50.71815]]},"properties":{"source":"emodnet_dtm_2024","level":2}},{"type":"Feature","geometry":{"type":"LineString","coordinates":[[-2.00125,50.72588],[-2.00042,50.725],[-1.9977,50.72542],[-2.00042,50.72767],[-2.00292,50.72812],[-2.00334,50.72625],[-2.00292,50.72583],[-2.00125,50.72588]]},"properties":{"source":"emodnet_dtm_2024","level":2}},{"type":"Feature","geometry":{"type":"LineString","coordinates":[[-1.74375,50.72625],[-1.74292,50.72542],[-1.74278,50.72375],[-1.74208,50.72542],[-1.74292,50.72708],[-1.74458,50.72708],[-1.74458,50.72625],[-1.74375,50.72625]]},"properties":{"source":"emodnet_dtm_2024","level":2}},{"type":"Feature","geometry":{"type":"LineString","coordinates":[[-1.99375,50.72875],[-1.99292,50.72792],[-1.99311,50.72958],[-1.99292,50.73042],[-1.99208,50.73042],[-1.99208,50.73208],[-1.99292,50.73292],[-1.99458,50.73292],[-1.99542,50.73375],[-1.99625,50.73375],[-1.99625,50.73208],[-1.99542,50.73208],[-1.99458,50.73125],[-1.99532,50.72958],[-1.99458,50.72875],[-1.99375,50.72875]]},"properties":{"source":"emodnet_dtm_2024","level":2}},{"type":"Feature","geometry":{"type":"LineString","coordinates":[[-1.10625,50.72974],[-1.10623,50.72875],[-1.10792,50.72815],[-1.11199,50.73125],[-1.1125,50.73292],[-1.11192,50.73375],[-1.10983,50.73375],[-1.10708,50.73133],[-1.10625,50.72974]]},"properties":{"source":"emodnet_dtm_2024","level":2}},{"type":"Feature","geometry":{"type":"LineString","coordinates":[[-0.81875,50.74292],[-0.81792,50.74208],[-0.81792,50.74375],[-0.82042,50.74375],[-0.82042,50.74292],[-0.81875,50.74292]]},"properties":{"source":"emodnet_dtm_2024","level":2}},{"type":"Feature","geometry":{"type":"LineString","coordinates":[[-1.53125,50.75792],[-1.52958,50.75686],[-1.53042,50.75806],[-1.53208,50.75792],[-1.53125,50.75792]]},"properties":{"source":"emodnet_dtm_2024","level":2}},{"type":"Feature","geometry":{"type":"LineString","coordinates":[[-1.26042,50.76128],[-1.26125,50.76152],[-1.26042,50.76128]]},"properties":{"source":"emodnet_dtm_2024","level":2}},{"type":"Feature","geometry":{"type":"LineString","coordinates":[[-1.26208,50.76226],[-1.26296,50.76208],[-1.26208,50.76226]]},"properties":{"source":"emodnet_dtm_2024","level":2}},{"type":"Feature","geometry":{"type":"LineString","coordinates":[[-1.32042,50.76603],[-1.32042,50.76519],[-1.32188,50.76542],[-1.32042,50.76603]]},"properties":{"source":"emodnet_dtm_2024","level":2}},{"type":"Feature","geometry":{"type":"LineString","coordinates":[[-1.29375,50.76712],[-1.29299,50.76708],[-1.2949,50.76708],[-1.29375,50.76712]]},"properties":{"source":"emodnet_dtm_2024","level":2}},{"type":"Feature","geometry":{"type":"LineString","coordinates":[[-0.94208,50.77067],[-0.94149,50.77042],[-0.94292,50.76776],[-0.94362,50.76875],[-0.94208,50.77067]]},"properties":{"source":"emodnet_dtm_2024","level":2}},{"type":"Feature","geometry":{"type":"LineString","coordinates":[[-1.01792,50.77641],[-1.01792,50.77611],[-1.01792,50.77641]]},"properties":{"source":"emodnet_dtm_2024","level":2}},{"type":"Feature","geometry":{"type":"LineString","coordinates":[[-0.91208,50.77815],[-0.91042,50.77771],[-0.90875,50.77818],[-0.90607,50.78208],[-0.90875,50.78268],[-0.90958,50.78191],[-0.91068,50.78208],[-0.9097,50.78292],[-0.91042,50.78365],[-0.91208,50.78292],[-0.91141,50.78208],[-0.91208,50.78192],[-0.9135,50.78208],[-0.91375,50.78359],[-0.91398,50.78292],[-0.91375,50.77971],[-0.91208,50.77815]]},"properties":{"source":"emodnet_dtm_2024","level":2}},{"type":"Feature","geometry":{"type":"LineString","coordinates":[[-1.02125,50.78564],[-1.02091,50.78458],[-1.01856,50.78292],[-1.01875,50.77862],[-1.01958,50.77898],[-1.02125,50.78364],[-1.02125,50.78564]]},"properties":{"source":"emodnet_dtm_2024","level":2}},{"type":"Feature","geometry":{"type":"LineString","coordinates":[[-1.11458,50.78725],[-1.11458,50.78693],[-1.11458,50.78725]]},"properties":{"source":"emodnet_dtm_2024","level":2}},{"type":"Feature","geometry":{"type":"LineString","coordinates":[[-0.89958,50.78828],[-0.89792,50.78747],[-0.89625,50.78832],[-0.89531,50.78958],[-0.89625,50.79082],[-0.89875,50.79113],[-0.90125,50.78968],[-0.89958,50.78828]]},"properties":{"source":"emodnet_dtm_2024","level":2}},{"type":"Feature","geometry":{"type":"LineString","coordinates":[[-1.11042,50.78971],[-1.11042,50.78854],[-1.11208,50.78837],[-1.11261,50.78875],[-1.11225,50.78958],[-1.11042,50.78971]]},"properties":{"source":"emodnet_dtm_2024","level":2}},{"type":"Feature","geometry":{"type":"LineString","coordinates":[[-1.11625,50.79243],[-1.11576,50.79208],[-1.11625,50.79173],[-1.11625,50.79243]]},"properties":{"source":"emodnet_dtm_2024","level":2}},{"type":"Feature","geometry":{"type":"LineString","coordinates":[[-1.11792,50.79773],[-1.11792,50.79676],[-1.11958,50.79675],[-1.12042,50.79841],[-1.12159,50.79875],[-1.12076,50.80042],[-1.12242,50.80125],[-1.12208,50.80248],[-1.11807,50.80208],[-1.11912,50.79875],[-1.11792,50.79773]]},"properties":{"source":"emodnet_dtm_2024","level":2}},{"type":"Feature","geometry":{"type":"LineString","coordinates":[[-1.11625,50.79755],[-1.11625,50.79676],[-1.11625,50.79755]]},"properties":{"source":"emodnet_dtm_2024","level":2}},{"type":"Feature","geometry":{"type":"LineString","coordinates":[[-1.00875,50.80332],[-1.00875,50.80165],[-1.00958,50.80094],[-1.01292,50.80213],[-1.01708,50.80228],[-1.02208,50.7979],[-1.02375,50.79807],[-1.02397,50.80042],[-1.0223,50.80292],[-1.02042,50.80301],[-1.01935,50.80375],[-1.01929,50.80458],[-1.01792,50.80464],[-1.01708,50.80581],[-1.01455,50.80708],[-1.01208,50.8078],[-1.01125,50.80569],[-1.00958,50.80506],[-1.00875,50.80332]]},"properties":{"source":"emodnet_dtm_2024","level":2}},{"type":"Feature","geometry":{"type":"LineString","coordinates":[[-1.00375,50.81024],[-1.00308,50.80458],[-1.00542,50.80279],[-1.00657,50.80375],[-1.00622,50.80792],[-1.00375,50.81024]]},"properties":{"source":"emodnet_dtm_2024","level":2}},{"type":"Feature","geometry":{"type":"LineString","coordinates":[[-1.29958,50.81535],[-1.29906,50.81208],[-1.3015,50.81042],[-1.30292,50.81011],[-1.30386,50.81125],[-1.30322,50.81208],[-1.30331,50.81458],[-1.30542,50.81723],[-1.30542,50.81876],[-1.30358,50.81875],[-1.29958,50.81535]]},"properties":{"source":"emodnet_dtm_2024","level":2}},{"type":"Feature","geometry":{"type":"LineString","coordinates":[[-1.03708,50.82223],[-1.03708,50.82099],[-1.03708,50.82223]]},"properties":{"source":"emodnet_dtm_2024","level":2}},{"type":"Feature","geometry":{"type":"LineString","coordinates":[[-1.02125,50.82245],[-1.02069,50.82042],[-1.02125,50.81984],[-1.02176,50.82042],[-1.02125,50.82245]]},"properties":{"source":"emodnet_dtm_2024","level":2}},{"type":"Feature","geometry":{"type":"LineString","coordinates":[[-1.08542,50.82625],[-1.08458,50.82542],[-1.08375,50.82542],[-1.08375,50.82792],[-1.08458,50.82875],[-1.08292,50.83042],[-1.08375,50.83042],[-1.08458,50.82958],[-1.08458,50.82792],[-1.08542,50.82708],[-1.08625,50.82792],[-1.08708,50.82792],[-1.08625,50.82625],[-1.08542,50.82625]]},"properties":{"source":"emodnet_dtm_2024","level":2}},{"type":"Feature","geometry":{"type":"LineString","coordinates":[[-1.04458,50.82687],[-1.04375,50.82526],[-1.04375,50.82813],[-1.04458,50.82687]]},"properties":{"source":"emodnet_dtm_2024","level":2}},{"type":"Feature","geometry":{"type":"LineString","coordinates":[[-0.94792,50.82774],[-0.94744,50.82625],[-0.94792,50.82551],[-0.94908,50.82708],[-0.94875,50.82816],[-0.94792,50.82774]]},"properties":{"source":"emodnet_dtm_2024","level":2}},{"type":"Feature","geometry":{"type":"LineString","coordinates":[[-1.02458,50.82938],[-1.02292,50.82813],[-1.02165,50.82958],[-1.0223,50.83208],[-1.02076,50.83375],[-1.02125,50.8372],[-1.02375,50.83711],[-1.02574,50.83542],[-1.02604,50.83125],[-1.02458,50.82938]]},"properties":{"source":"emodnet_dtm_2024","level":2}},{"type":"Feature","geometry":{"type":"LineString","coordinates":[[-0.99708,50.83182],[-0.99625,50.83063],[-0.99375,50.83139],[-0.99351,50.83042],[-0.99292,50.83032],[-0.99077,50.83292],[-0.99089,50.83375],[-0.99292,50.8341],[-0.99542,50.83325],[-0.99625,50.83415],[-0.99875,50.83393],[-0.99708,50.83182]]},"properties":{"source":"emodnet_dtm_2024","level":2}},{"type":"Feature","geometry":{"type":"LineString","coordinates":[[-1.00208,50.83313],[-1.00125,50.83175],[-1.00058,50.83208],[-1.00079,50.83292],[-1.00261,50.83708],[-1.00208,50.83763],[-1.00042,50.8362],[-1.00042,50.8422],[-1.00125,50.84221],[-1.00208,50.84129],[-1.00497,50.84125],[-1.00542,50.83939],[-1.00407,50.83458],[-1.00208,50.83313]]},"properties":{"source":"emodnet_dtm_2024","level":2}},{"type":"Feature","geometry":{"type":"LineString","coordinates":[[-1.15375,50.8399],[-1.15292,50.83955],[-1.15182,50.84042],[-1.15375,50.8406],[-1.15458,50.84125],[-1.15542,50.84068],[-1.15932,50.84042],[-1.15708,50.83972],[-1.15542,50.84024],[-1.15375,50.8399]]},"properties":{"source":"emodnet_dtm_2024","level":2}},{"type":"Feature","geometry":{"type":"LineString","coordinates":[[-1.34208,50.84323],[-1.34125,50.84286],[-1.34125,50.84411],[-1.34295,50.84375],[-1.34208,50.84323]]},"properties":{"source":"emodnet_dtm_2024","level":2}},{"type":"Feature","geometry":{"type":"LineString","coordinates":[[-1.37875,50.88068],[-1.37875,50.87958],[-1.37875,50.88068]]},"properties":{"source":"emodnet_dtm_2024","level":2}},{"type":"Feature","geometry":{"type":"LineString","coordinates":[[-1.40625,50.88386],[-1.40208,50.88322],[-1.40128,50.88542],[-1.40208,50.88639],[-1.40458,50.88717],[-1.40625,50.89051],[-1.41093,50.88958],[-1.40884,50.88792],[-1.40781,50.88542],[-1.40625,50.88386]]},"properties":{"source":"emodnet_dtm_2024","level":2}},{"type":"Feature","geometry":{"type":"LineString","coordinates":[[-1.97068,48.53875],[-1.97042,48.54063],[-1.97125,48.54037],[-1.97142,48.53958],[-1.97125,48.53615],[-1.97044,48.53625],[-1.97068,48.53875]]},"properties":{"source":"emodnet_dtm_2024","level":2}},{"type":"Feature","geometry":{"type":"LineString","coordinates":[[-2.03242,48.64125],[-2.03125,48.64165],[-2.03093,48.64125],[-2.03125,48.64078],[-2.03242,48.64125]]},"properties":{"source":"emodnet_dtm_2024","level":2}},{"type":"Feature","geometry":{"type":"LineString","coordinates":[[-2.10329,48.66125],[-2.10243,48.66125],[-2.10292,48.66082],[-2.10329,48.66125]]},"properties":{"source":"emodnet_dtm_2024","level":2}},{"type":"Feature","geometry":{"type":"LineString","coordinates":[[-2.08325,48.67125],[-2.08042,48.67155],[-2.07973,48.67042],[-2.08156,48.67042],[-2.08325,48.67125]]},"properties":{"source":"emodnet_dtm_2024","level":2}},{"type":"Feature","geometry":{"type":"LineString","coordinates":[[-1.83809,48.71292],[-1.83542,48.71566],[-1.8347,48.71375],[-1.83542,48.71299],[-1.83625,48.71301],[-1.83708,48.71219],[-1.83809,48.71292]]},"properties":{"source":"emodnet_dtm_2024","level":2}},{"type":"Feature","geometry":{"type":"LineString","coordinates":[[-1.8315,48.72125],[-1.8315,48.72125]]},"properties":{"source":"emodnet_dtm_2024","level":2}},{"type":"Feature","geometry":{"type":"LineString","coordinates":[[-2.11217,48.94875],[-2.11208,48.94842],[-2.11217,48.94875]]},"properties":{"source":"emodnet_dtm_2024","level":2}},{"type":"Feature","geometry":{"type":"LineString","coordinates":[[-2.00405,49.14292],[-2.00375,49.14575],[-2.00449,49.14542],[-2.00515,49.14292],[-2.00458,49.14256],[-2.00405,49.14292]]},"properties":{"source":"emodnet_dtm_2024","level":2}},{"type":"Feature","geometry":{"type":"LineString","coordinates":[[-2.02664,49.14625],[-2.02625,49.14766],[-2.02851,49.14708],[-2.02901,49.14625],[-2.02664,49.14625]]},"properties":{"source":"emodnet_dtm_2024","level":2}},{"type":"Feature","geometry":{"type":"LineString","coordinates":[[-1.99972,49.14875],[-1.99937,49.14958],[-2.00042,49.15016],[-2.00181,49.14875],[-2.00042,49.14843],[-1.99972,49.14875]]},"properties":{"source":"emodnet_dtm_2024","level":2}},{"type":"Feature","geometry":{"type":"LineString","coordinates":[[-2.22689,49.20125],[-2.22607,49.20208],[-2.22625,49.20358],[-2.2273,49.20208],[-2.22689,49.20125]]},"properties":{"source":"emodnet_dtm_2024","level":2}},{"type":"Feature","geometry":{"type":"LineString","coordinates":[[-2.38009,49.40625],[-2.37958,49.40657],[-2.37915,49.40625],[-2.37958,49.40575],[-2.38009,49.40625]]},"properties":{"source":"emodnet_dtm_2024","level":2}},{"type":"Feature","geometry":{"type":"LineString","coordinates":[[-1.28785,49.55958],[-1.28707,49.56042],[-1.28792,49.56065],[-1.28785,49.55958]]},"properties":{"source":"emodnet_dtm_2024","level":2}},{"type":"Feature","geometry":{"type":"LineString","coordinates":[[-1.30615,49.56542],[-1.3054,49.56625],[-1.3054,49.56875],[-1.30625,49.5691],[-1.30625,49.56362],[-1.30615,49.56542]]},"properties":{"source":"emodnet_dtm_2024","level":2}},{"type":"Feature","geometry":{"type":"LineString","coordinates":[[-1.92629,49.66292],[-1.9258,49.66292],[-1.92629,49.66292]]},"properties":{"source":"emodnet_dtm_2024","level":2}},{"type":"Feature","geometry":{"type":"LineString","coordinates":[[-1.9464,49.70958],[-1.94625,49.71126],[-1.94734,49.71042],[-1.94708,49.7089],[-1.9464,49.70958]]},"properties":{"source":"emodnet_dtm_2024","level":2}},{"type":"Feature","geometry":{"type":"LineString","coordinates":[[-1.9798,50.67375],[-1.97875,50.67577],[-1.98125,50.67656],[-1.98208,50.67595],[-1.98255,50.67375],[-1.98125,50.67308],[-1.9798,50.67375]]},"properties":{"source":"emodnet_dtm_2024","level":2}},{"type":"Feature","geometry":{"type":"LineString","coordinates":[[-1.99179,50.71375],[-1.99059,50.71542],[-1.99125,50.71555],[-1.99227,50.71458],[-1.99179,50.71375]]},"properties":{"source":"emodnet_dtm_2024","level":2}},{"type":"Feature","geometry":{"type":"LineString","coordinates":[[-1.98792,50.71958],[-1.98708,50.72042],[-1.98542,50.72042],[-1.98875,50.72042],[-1.98875,50.71958],[-1.98792,50.71958]]},"properties":{"source":"emodnet_dtm_2024","level":2}},{"type":"Feature","geometry":{"type":"LineString","coordinates":[[-0.81208,50.74042],[-0.81125,50.74125],[-0.80792,50.74125],[-0.80792,50.74208],[-0.80875,50.74125],[-0.81208,50.74125],[-0.81208,50.74042]]},"properties":{"source":"emodnet_dtm_2024","level":2}},{"type":"Feature","geometry":{"type":"LineString","coordinates":[[-1.52763,50.74125],[-1.52638,50.74208],[-1.52875,50.74228],[-1.52875,50.7409],[-1.52763,50.74125]]},"properties":{"source":"emodnet_dtm_2024","level":2}},{"type":"Feature","geometry":{"type":"LineString","coordinates":[[-1.52273,50.74958],[-1.52193,50.75042],[-1.52292,50.75073],[-1.52378,50.74958],[-1.52273,50.74958]]},"properties":{"source":"emodnet_dtm_2024","level":2}},{"type":"Feature","geometry":{"type":"LineString","coordinates":[[-1.1133,50.78792],[-1.11292,50.7883],[-1.11267,50.78792],[-1.1133,50.78792]]},"properties":{"source":"emodnet_dtm_2024","level":2}},{"type":"Feature","geometry":{"type":"LineString","coordinates":[[-0.86599,50.82208],[-0.86542,50.82365],[-0.86716,50.82292],[-0.86708,50.82193],[-0.86625,50.82161],[-0.86599,50.82208]]},"properties":{"source":"emodnet_dtm_2024","level":2}},{"type":"Feature","geometry":{"type":"LineString","coordinates":[[-1.99958,48.49208],[-1.99792,48.49208],[-1.99958,48.49208]]},"properties":{"source":"emodnet_dtm_2024","level":2}},{"type":"Feature","geometry":{"type":"LineString","coordinates":[[-2.18625,48.63012],[-2.18542,48.63014],[-2.18542,48.63053],[-2.18625,48.63079],[-2.18625,48.63012]]},"properties":{"source":"emodnet_dtm_2024","level":2}},{"type":"Feature","geometry":{"type":"LineString","coordinates":[[-2.05042,48.64069],[-2.04958,48.64056],[-2.04905,48.64125],[-2.05042,48.64234],[-2.05091,48.64125],[-2.05042,48.64069]]},"properties":{"source":"emodnet_dtm_2024","level":2}},{"type":"Feature","geometry":{"type":"LineString","coordinates":[[-2.77625,48.64371],[-2.7753,48.64375],[-2.77542,48.64489],[-2.77678,48.64458],[-2.77625,48.64371]]},"properties":{"source":"emodnet_dtm_2024","level":2}},{"type":"Feature","geometry":{"type":"LineString","coordinates":[[-2.35792,48.66174],[-2.35694,48.66208],[-2.35792,48.6627],[-2.3584,48.66208],[-2.35792,48.66174]]},"properties":{"source":"emodnet_dtm_2024","level":2}},{"type":"Feature","geometry":{"type":"LineString","coordinates":[[-1.82625,48.87514],[-1.82505,48.87542],[-1.82625,48.87607],[-1.82625,48.87514]]},"properties":{"source":"emodnet_dtm_2024","level":2}},{"type":"Feature","geometry":{"type":"LineString","coordinates":[[-1.80292,48.8763],[-1.80153,48.87708],[-1.80208,48.87775],[-1.80311,48.87708],[-1.80292,48.8763]]},"properties":{"source":"emodnet_dtm_2024","level":2}},{"type":"Feature","geometry":{"type":"LineString","coordinates":[[-1.80458,48.87792],[-1.80375,48.87766],[-1.80375,48.87853],[-1.80458,48.87792]]},"properties":{"source":"emodnet_dtm_2024","level":2}},{"type":"Feature","geometry":{"type":"LineString","coordinates":[[-1.81875,48.88288],[-1.81792,48.8823],[-1.81728,48.88292],[-1.81875,48.88288]]},"properties":{"source":"emodnet_dtm_2024","level":2}},{"type":"Feature","geometry":{"type":"LineString","coordinates":[[-1.84542,48.89173],[-1.84434,48.89208],[-1.84542,48.89292],[-1.84606,48.89208],[-1.84542,48.89173]]},"properties":{"source":"emodnet_dtm_2024","level":2}},{"type":"Feature","geometry":{"type":"LineString","coordinates":[[-1.77375,48.89249],[-1.77132,48.89292],[-1.77208,48.89383],[-1.77292,48.89408],[-1.77375,48.8937],[-1.77375,48.89249]]},"properties":{"source":"emodnet_dtm_2024","level":2}},{"type":"Feature","geometry":{"type":"LineString","coordinates":[[-1.81125,48.89298],[-1.80992,48.89375],[-1.81125,48.89426],[-1.81281,48.89292],[-1.81125,48.89298]]},"properties":{"source":"emodnet_dtm_2024","level":2}},{"type":"Feature","geometry":{"type":"LineString","coordinates":[[-1.77458,48.90016],[-1.77292,48.89895],[-1.77261,48.89958],[-1.77375,48.90094],[-1.77458,48.90082],[-1.77458,48.90016]]},"properties":{"source":"emodnet_dtm_2024","level":2}},{"type":"Feature","geometry":{"type":"LineString","coordinates":[[-2.17458,49.00033],[-2.17289,49.00042],[-2.17458,49.00033]]},"properties":{"source":"emodnet_dtm_2024","level":2}},{"type":"Feature","geometry":{"type":"LineString","coordinates":[[-2.17875,49.00351],[-2.17708,49.00345],[-2.17708,49.00429],[-2.17875,49.004],[-2.17875,49.00351]]},"properties":{"source":"emodnet_dtm_2024","level":2}},{"type":"Feature","geometry":{"type":"LineString","coordinates":[[-1.66125,49.09019],[-1.66042,49.08995],[-1.66012,49.09042],[-1.66125,49.09019]]},"properties":{"source":"emodnet_dtm_2024","level":2}},{"type":"Feature","geometry":{"type":"LineString","coordinates":[[-2.03542,49.14619],[-2.03458,49.146],[-2.03458,49.14747],[-2.036,49.14708],[-2.03542,49.14619]]},"properties":{"source":"emodnet_dtm_2024","level":2}},{"type":"Feature","geometry":{"type":"LineString","coordinates":[[-2.43708,49.49168],[-2.43542,49.49169],[-2.43484,49.49292],[-2.43542,49.49345],[-2.43708,49.49333],[-2.43708,49.49168]]},"properties":{"source":"emodnet_dtm_2024","level":2}},{"type":"Feature","geometry":{"type":"LineString","coordinates":[[-2.49875,49.4962],[-2.49691,49.49625],[-2.49792,49.49809],[-2.49914,49.49792],[-2.49875,49.4962]]},"properties":{"source":"emodnet_dtm_2024","level":2}},{"type":"Feature","geometry":{"type":"LineString","coordinates":[[-1.58625,49.65104],[-1.58518,49.65125],[-1.58542,49.65238],[-1.58653,49.65208],[-1.58625,49.65104]]},"properties":{"source":"emodnet_dtm_2024","level":2}},{"type":"Feature","geometry":{"type":"LineString","coordinates":[[-1.63875,49.65248],[-1.6374,49.65292],[-1.63792,49.65425],[-1.63918,49.65375],[-1.63875,49.65248]]},"properties":{"source":"emodnet_dtm_2024","level":2}},{"type":"Feature","geometry":{"type":"LineString","coordinates":[[-1.51958,49.65872],[-1.51864,49.65875],[-1.51958,49.65907],[-1.51958,49.65872]]},"properties":{"source":"emodnet_dtm_2024","level":2}},{"type":"Feature","geometry":{"type":"LineString","coordinates":[[-1.27625,49.69514],[-1.27537,49.69542],[-1.27625,49.69552],[-1.27625,49.69514]]},"properties":{"source":"emodnet_dtm_2024","level":2}},{"type":"Feature","geometry":{"type":"LineString","coordinates":[[-1.26625,49.6953],[-1.26458,49.69533],[-1.26458,49.69649],[-1.26625,49.69647],[-1.26625,49.6953]]},"properties":{"source":"emodnet_dtm_2024","level":2}},{"type":"Feature","geometry":{"type":"LineString","coordinates":[[-2.10958,50.59706],[-2.10854,50.59708],[-2.10958,50.59706]]},"properties":{"source":"emodnet_dtm_2024","level":2}},{"type":"Feature","geometry":{"type":"LineString","coordinates":[[-2.03375,50.6729],[-2.03125,50.67228],[-2.02997,50.67292],[-2.03125,50.67548],[-2.03292,50.67442],[-2.03375,50.6729]]},"properties":{"source":"emodnet_dtm_2024","level":2}},{"type":"Feature","geometry":{"type":"LineString","coordinates":[[-2.00792,50.67542],[-2.00625,50.67542],[-2.00792,50.67542]]},"properties":{"source":"emodnet_dtm_2024","level":2}},{"type":"Feature","geometry":{"type":"LineString","coordinates":[[-2.01542,50.69099],[-2.01458,50.69071],[-2.0144,50.69125],[-2.01593,50.69125],[-2.01542,50.69099]]},"properties":{"source":"emodnet_dtm_2024","level":2}},{"type":"Feature","geometry":{"type":"LineString","coordinates":[[-1.97792,50.69607],[-1.97708,50.69561],[-1.97602,50.69625],[-1.97792,50.69607]]},"properties":{"source":"emodnet_dtm_2024","level":2}},{"type":"Feature","geometry":{"type":"LineString","coordinates":[[-2.02708,50.69782],[-2.02625,50.69759],[-2.02625,50.69838],[-2.02708,50.69782]]},"properties":{"source":"emodnet_dtm_2024","level":2}},{"type":"Feature","geometry":{"type":"LineString","coordinates":[[-2.06042,50.7002],[-2.05948,50.70042],[-2.06042,50.70054],[-2.06042,50.7002]]},"properties":{"source":"emodnet_dtm_2024","level":2}},{"type":"Feature","geometry":{"type":"LineString","coordinates":[[-1.42375,50.70958],[-1.42292,50.70958],[-1.42292,50.71042],[-1.42375,50.71042],[-1.42375,50.70958]]},"properties":{"source":"emodnet_dtm_2024","level":2}},{"type":"Feature","geometry":{"type":"LineString","coordinates":[[-1.38292,50.71625],[-1.37958,50.71625],[-1.38292,50.71625]]},"properties":{"source":"emodnet_dtm_2024","level":2}},{"type":"Feature","geometry":{"type":"LineString","coordinates":[[-1.40375,50.71708],[-1.40125,50.71708],[-1.40375,50.71708]]},"properties":{"source":"emodnet_dtm_2024","level":2}},{"type":"Feature","geometry":{"type":"LineString","coordinates":[[-1.99208,50.72161],[-1.98933,50.72208],[-1.98933,50.72292],[-1.99208,50.72598],[-1.99208,50.72161]]},"properties":{"source":"emodnet_dtm_2024","level":2}},{"type":"Feature","geometry":{"type":"LineString","coordinates":[[-1.40792,50.72335],[-1.40684,50.72375],[-1.40792,50.72438],[-1.40792,50.72335]]},"properties":{"source":"emodnet_dtm_2024","level":2}},{"type":"Feature","geometry":{"type":"LineString","coordinates":[[-1.40708,50.72539],[-1.40625,50.72492],[-1.40565,50.72542],[-1.40625,50.72578],[-1.40708,50.72539]]},"properties":{"source":"emodnet_dtm_2024","level":2}},{"type":"Feature","geometry":{"type":"LineString","coordinates":[[-2.03042,50.72792],[-2.02958,50.72792],[-2.03042,50.72792]]},"properties":{"source":"emodnet_dtm_2024","level":2}},{"type":"Feature","geometry":{"type":"LineString","coordinates":[[-2.03625,50.72958],[-2.03542,50.72958],[-2.03625,50.72958]]},"properties":{"source":"emodnet_dtm_2024","level":2}},{"type":"Feature","geometry":{"type":"LineString","coordinates":[[-1.21958,50.73042],[-1.21792,50.73042],[-1.21792,50.73125],[-1.21958,50.73125],[-1.21958,50.73042]]},"properties":{"source":"emodnet_dtm_2024","level":2}},{"type":"Feature","geometry":{"type":"LineString","coordinates":[[-1.16875,50.73254],[-1.16781,50.73292],[-1.16875,50.73313],[-1.16875,50.73254]]},"properties":{"source":"emodnet_dtm_2024","level":2}},{"type":"Feature","geometry":{"type":"LineString","coordinates":[[-0.81542,50.74125],[-0.81375,50.74125],[-0.81458,50.74208],[-0.81542,50.74208],[-0.81542,50.74125]]},"properties":{"source":"emodnet_dtm_2024","level":2}},{"type":"Feature","geometry":{"type":"LineString","coordinates":[[-1.50125,50.75056],[-1.49827,50.75125],[-1.50125,50.75158],[-1.50201,50.75125],[-1.50125,50.75056]]},"properties":{"source":"emodnet_dtm_2024","level":2}},{"type":"Feature","geometry":{"type":"LineString","coordinates":[[-0.82375,50.75792],[-0.82208,50.75792],[-0.82375,50.75792]]},"properties":{"source":"emodnet_dtm_2024","level":2}},{"type":"Feature","geometry":{"type":"LineString","coordinates":[[-0.90125,50.76872],[-0.90033,50.76875],[-0.90125,50.76973],[-0.90188,50.76958],[-0.90125,50.76872]]},"properties":{"source":"emodnet_dtm_2024","level":2}},{"type":"Feature","geometry":{"type":"LineString","coordinates":[[-0.91208,50.78445],[-0.91042,50.78398],[-0.91004,50.78458],[-0.91042,50.78505],[-0.91276,50.78458],[-0.91208,50.78445]]},"properties":{"source":"emodnet_dtm_2024","level":2}},{"type":"Feature","geometry":{"type":"LineString","coordinates":[[-1.43458,50.80875],[-1.43292,50.80875],[-1.43458,50.80875]]},"properties":{"source":"emodnet_dtm_2024","level":2}},{"type":"Feature","geometry":{"type":"LineString","coordinates":[[-1.09458,50.81228],[-1.09333,50.81292],[-1.09375,50.81334],[-1.09523,50.81292],[-1.09458,50.81228]]},"properties":{"source":"emodnet_dtm_2024","level":2}},{"type":"Feature","geometry":{"type":"LineString","coordinates":[[-0.93292,50.81262],[-0.93057,50.81292],[-0.93292,50.81313],[-0.93292,50.81262]]},"properties":{"source":"emodnet_dtm_2024","level":2}},{"type":"Feature","geometry":{"type":"LineString","coordinates":[[-0.87375,50.81563],[-0.87281,50.81625],[-0.87289,50.81708],[-0.87375,50.81742],[-0.87375,50.81563]]},"properties":{"source":"emodnet_dtm_2024","level":2}},{"type":"Feature","geometry":{"type":"LineString","coordinates":[[-0.87042,50.8202],[-0.86958,50.81989],[-0.86885,50.82042],[-0.86958,50.82076],[-0.87042,50.8202]]},"properties":{"source":"emodnet_dtm_2024","level":2}},{"type":"Feature","geometry":{"type":"LineString","coordinates":[[-0.99542,50.82116],[-0.99458,50.82087],[-0.99373,50.82125],[-0.99384,50.82375],[-0.99458,50.82422],[-0.99542,50.82116]]},"properties":{"source":"emodnet_dtm_2024","level":2}},{"type":"Feature","geometry":{"type":"LineString","coordinates":[[-0.98458,50.82125],[-0.98375,50.82125],[-0.98458,50.82125]]},"properties":{"source":"emodnet_dtm_2024","level":2}},{"type":"Feature","geometry":{"type":"LineString","coordinates":[[-0.86875,50.82082],[-0.86762,50.82125],[-0.86792,50.82151],[-0.86883,50.82125],[-0.86875,50.82082]]},"properties":{"source":"emodnet_dtm_2024","level":2}},{"type":"Feature","geometry":{"type":"LineString","coordinates":[[-0.86542,50.82379],[-0.864,50.82458],[-0.86542,50.82468],[-0.86542,50.82379]]},"properties":{"source":"emodnet_dtm_2024","level":2}},{"type":"Feature","geometry":{"type":"LineString","coordinates":[[-0.99458,50.82495],[-0.99375,50.82471],[-0.99305,50.82708],[-0.99375,50.82888],[-0.99458,50.82893],[-0.99458,50.82495]]},"properties":{"source":"emodnet_dtm_2024","level":2}},{"type":"Feature","geometry":{"type":"LineString","coordinates":[[-1.09708,50.82957],[-1.0958,50.82958],[-1.09708,50.82957]]},"properties":{"source":"emodnet_dtm_2024","level":2}},{"type":"Feature","geometry":{"type":"LineString","coordinates":[[-1.09458,50.82953],[-1.09328,50.82958],[-1.09458,50.82953]]},"properties":{"source":"emodnet_dtm_2024","level":2}},{"type":"Feature","geometry":{"type":"LineString","coordinates":[[-1.04458,50.83292],[-1.04375,50.83292],[-1.04458,50.83292]]},"properties":{"source":"emodnet_dtm_2024","level":2}},{"type":"Feature","geometry":{"type":"LineString","coordinates":[[-1.07958,50.83458],[-1.07875,50.83458],[-1.07875,50.83625],[-1.07958,50.83458]]},"properties":{"source":"emodnet_dtm_2024","level":2}},{"type":"Feature","geometry":{"type":"LineString","coordinates":[[-0.94458,50.83792],[-0.94375,50.83758],[-0.94273,50.83792],[-0.94375,50.83844],[-0.94458,50.83792]]},"properties":{"source":"emodnet_dtm_2024","level":2}},{"type":"Feature","geometry":{"type":"LineString","coordinates":[[-1.16375,50.84023],[-1.16125,50.84],[-1.16048,50.84042],[-1.16125,50.84069],[-1.16375,50.84023]]},"properties":{"source":"emodnet_dtm_2024","level":2}},{"type":"Feature","geometry":{"type":"LineString","coordinates":[[-1.01292,50.84205],[-1.01125,50.84167],[-1.01016,50.84208],[-1.01125,50.84239],[-1.01292,50.84205]]},"properties":{"source":"emodnet_dtm_2024","level":2}},{"type":"Feature","geometry":{"type":"LineString","coordinates":[[-1.17375,50.84875],[-1.17042,50.84875],[-1.17375,50.84875]]},"properties":{"source":"emodnet_dtm_2024","level":2}},{"type":"Feature","geometry":{"type":"LineString","coordinates":[[-1.97038,48.53458],[-1.97042,48.53614],[-1.97038,48.53458]]},"properties":{"source":"emodnet_dtm_2024","level":2}},{"type":"Feature","geometry":{"type":"LineString","coordinates":[[-2.79522,48.66292],[-2.7949,48.66458],[-2.79542,48.66497],[-2.79617,48.66292],[-2.79522,48.66292]]},"properties":{"source":"emodnet_dtm_2024","level":2}},{"type":"Feature","geometry":{"type":"LineString","coordinates":[[-1.82073,48.87208],[-1.82125,48.8733],[-1.82158,48.87208],[-1.82125,48.87174],[-1.82073,48.87208]]},"properties":{"source":"emodnet_dtm_2024","level":2}},{"type":"Feature","geometry":{"type":"LineString","coordinates":[[-1.82832,48.87625],[-1.8288,48.87792],[-1.82958,48.87817],[-1.82906,48.87625],[-1.82832,48.87625]]},"properties":{"source":"emodnet_dtm_2024","level":2}},{"type":"Feature","geometry":{"type":"LineString","coordinates":[[-1.59165,48.89208],[-1.59208,48.89365],[-1.59249,48.89208],[-1.59208,48.89174],[-1.59165,48.89208]]},"properties":{"source":"emodnet_dtm_2024","level":2}},{"type":"Feature","geometry":{"type":"LineString","coordinates":[[-2.04038,49.14958],[-2.04042,49.15044],[-2.04038,49.14958]]},"properties":{"source":"emodnet_dtm_2024","level":2}},{"type":"Feature","geometry":{"type":"LineString","coordinates":[[-1.97958,50.66375],[-1.97958,50.66458],[-1.97958,50.66375]]},"properties":{"source":"emodnet_dtm_2024","level":2}},{"type":"Feature","geometry":{"type":"LineString","coordinates":[[-1.972,50.66375],[-1.97208,50.66518],[-1.97264,50.66458],[-1.972,50.66375]]},"properties":{"source":"emodnet_dtm_2024","level":2}},{"type":"Feature","geometry":{"type":"LineString","coordinates":[[-1.38875,50.72208],[-1.38875,50.72292],[-1.38875,50.72208]]},"properties":{"source":"emodnet_dtm_2024","level":2}},{"type":"Feature","geometry":{"type":"LineString","coordinates":[[-1.76708,50.72625],[-1.76708,50.72708],[-1.76708,50.72625]]},"properties":{"source":"emodnet_dtm_2024","level":2}},{"type":"Feature","geometry":{"type":"LineString","coordinates":[[-1.75542,50.72792],[-1.75542,50.72875],[-1.75542,50.72792]]},"properties":{"source":"emodnet_dtm_2024","level":2}},{"type":"Feature","geometry":{"type":"LineString","coordinates":[[-1.52432,50.74708],[-1.52458,50.74802],[-1.52432,50.74708]]},"properties":{"source":"emodnet_dtm_2024","level":2}},{"type":"Feature","geometry":{"type":"LineString","coordinates":[[-0.82042,50.75458],[-0.82042,50.75625],[-0.82042,50.75458]]},"properties":{"source":"emodnet_dtm_2024","level":2}},{"type":"Feature","geometry":{"type":"LineString","coordinates":[[-0.9037,50.78458],[-0.90375,50.78647],[-0.9037,50.78458]]},"properties":{"source":"emodnet_dtm_2024","level":2}},{"type":"Feature","geometry":{"type":"LineString","coordinates":[[-0.95074,50.79125],[-0.95058,50.79208],[-0.95125,50.79233],[-0.95179,50.79125],[-0.95125,50.79084],[-0.95074,50.79125]]},"properties":{"source":"emodnet_dtm_2024","level":2}},{"type":"Feature","geometry":{"type":"LineString","coordinates":[[-0.89621,50.81625],[-0.89625,50.81796],[-0.89621,50.81625]]},"properties":{"source":"emodnet_dtm_2024","level":2}},{"type":"Feature","geometry":{"type":"LineString","coordinates":[[-0.93958,50.81792],[-0.93958,50.81875],[-0.93958,50.81792]]},"properties":{"source":"emodnet_dtm_2024","level":2}},{"type":"Feature","geometry":{"type":"LineString","coordinates":[[-1.14374,50.82375],[-1.14375,50.82469],[-1.14425,50.82458],[-1.14374,50.82375]]},"properties":{"source":"emodnet_dtm_2024","level":2}},{"type":"Feature","geometry":{"type":"LineString","coordinates":[[-0.81042,50.82625],[-0.81042,50.82708],[-0.81042,50.82625]]},"properties":{"source":"emodnet_dtm_2024","level":2}},{"type":"Feature","geometry":{"type":"LineString","coordinates":[[-1.97208,48.54539],[-1.97208,48.54573],[-1.97208,48.54539]]},"properties":{"source":"emodnet_dtm_2024","level":2}},{"type":"Feature","geometry":{"type":"LineString","coordinates":[[-1.99042,48.55867],[-1.99042,48.55867]]},"properties":{"source":"emodnet_dtm_2024","level":2}},{"type":"Feature","geometry":{"type":"LineString","coordinates":[[-2.55875,48.58792],[-2.55875,48.58792]]},"properties":{"source":"emodnet_dtm_2024","level":2}},{"type":"Feature","geometry":{"type":"LineString","coordinates":[[-2.56292,48.59292],[-2.56292,48.59292]]},"properties":{"source":"emodnet_dtm_2024","level":2}},{"type":"Feature","geometry":{"type":"LineString","coordinates":[[-2.55208,48.59458],[-2.55208,48.59458]]},"properties":{"source":"emodnet_dtm_2024","level":2}},{"type":"Feature","geometry":{"type":"LineString","coordinates":[[-2.04958,48.63196],[-2.04958,48.63196]]},"properties":{"source":"emodnet_dtm_2024","level":2}},{"type":"Feature","geometry":{"type":"LineString","coordinates":[[-2.04625,48.63492],[-2.04625,48.63549],[-2.04625,48.63492]]},"properties":{"source":"emodnet_dtm_2024","level":2}},{"type":"Feature","geometry":{"type":"LineString","coordinates":[[-2.77375,48.64076],[-2.77375,48.64171],[-2.77427,48.64125],[-2.77375,48.64076]]},"properties":{"source":"emodnet_dtm_2024","level":2}},{"type":"Feature","geometry":{"type":"LineString","coordinates":[[-2.26458,48.64292],[-2.26458,48.64292]]},"properties":{"source":"emodnet_dtm_2024","level":2}},{"type":"Feature","geometry":{"type":"LineString","coordinates":[[-2.38875,48.65117],[-2.38875,48.65164],[-2.38875,48.65117]]},"properties":{"source":"emodnet_dtm_2024","level":2}},{"type":"Feature","geometry":{"type":"LineString","coordinates":[[-2.06708,48.6554],[-2.06708,48.6554]]},"properties":{"source":"emodnet_dtm_2024","level":2}},{"type":"Feature","geometry":{"type":"LineString","coordinates":[[-2.35208,48.66539],[-2.35208,48.66585],[-2.35208,48.66539]]},"properties":{"source":"emodnet_dtm_2024","level":2}},{"type":"Feature","geometry":{"type":"LineString","coordinates":[[-2.35125,48.66587],[-2.35125,48.66647],[-2.35203,48.66625],[-2.35125,48.66587]]},"properties":{"source":"emodnet_dtm_2024","level":2}},{"type":"Feature","geometry":{"type":"LineString","coordinates":[[-2.06958,48.67849],[-2.06892,48.67875],[-2.06958,48.67889],[-2.06958,48.67849]]},"properties":{"source":"emodnet_dtm_2024","level":2}},{"type":"Feature","geometry":{"type":"LineString","coordinates":[[-1.58792,48.78768],[-1.58716,48.78792],[-1.58868,48.78792],[-1.58792,48.78768]]},"properties":{"source":"emodnet_dtm_2024","level":2}},{"type":"Feature","geometry":{"type":"LineString","coordinates":[[-1.82042,48.87046],[-1.82042,48.87146],[-1.82042,48.87046]]},"properties":{"source":"emodnet_dtm_2024","level":2}},{"type":"Feature","geometry":{"type":"LineString","coordinates":[[-1.79292,48.87872],[-1.79169,48.87958],[-1.79208,48.88009],[-1.79292,48.87872]]},"properties":{"source":"emodnet_dtm_2024","level":2}},{"type":"Feature","geometry":{"type":"LineString","coordinates":[[-1.83458,48.88035],[-1.83458,48.88035]]},"properties":{"source":"emodnet_dtm_2024","level":2}},{"type":"Feature","geometry":{"type":"LineString","coordinates":[[-1.75875,48.88236],[-1.75804,48.88292],[-1.75875,48.88327],[-1.75922,48.88292],[-1.75875,48.88236]]},"properties":{"source":"emodnet_dtm_2024","level":2}},{"type":"Feature","geometry":{"type":"LineString","coordinates":[[-1.82125,48.88372],[-1.82125,48.88372]]},"properties":{"source":"emodnet_dtm_2024","level":2}},{"type":"Feature","geometry":{"type":"LineString","coordinates":[[-1.78792,48.88453],[-1.78792,48.88453]]},"properties":{"source":"emodnet_dtm_2024","level":2}},{"type":"Feature","geometry":{"type":"LineString","coordinates":[[-1.80708,48.88678],[-1.80708,48.88734],[-1.80708,48.88678]]},"properties":{"source":"emodnet_dtm_2024","level":2}},{"type":"Feature","geometry":{"type":"LineString","coordinates":[[-1.79958,48.89029],[-1.79884,48.89042],[-1.79958,48.89064],[-1.79958,48.89029]]},"properties":{"source":"emodnet_dtm_2024","level":2}},{"type":"Feature","geometry":{"type":"LineString","coordinates":[[-1.82208,48.89623],[-1.82208,48.89623]]},"properties":{"source":"emodnet_dtm_2024","level":2}},{"type":"Feature","geometry":{"type":"LineString","coordinates":[[-1.78875,48.89622],[-1.78875,48.89622]]},"properties":{"source":"emodnet_dtm_2024","level":2}},{"type":"Feature","geometry":{"type":"LineString","coordinates":[[-1.77458,48.89597],[-1.77458,48.89663],[-1.77458,48.89597]]},"properties":{"source":"emodnet_dtm_2024","level":2}},{"type":"Feature","geometry":{"type":"LineString","coordinates":[[-1.75625,48.90291],[-1.75625,48.90291]]},"properties":{"source":"emodnet_dtm_2024","level":2}},{"type":"Feature","geometry":{"type":"LineString","coordinates":[[-2.11208,48.97402],[-2.11136,48.97458],[-2.11208,48.97493],[-2.11208,48.97402]]},"properties":{"source":"emodnet_dtm_2024","level":2}},{"type":"Feature","geometry":{"type":"LineString","coordinates":[[-1.65625,49.08783],[-1.65625,49.08783]]},"properties":{"source":"emodnet_dtm_2024","level":2}},{"type":"Feature","geometry":{"type":"LineString","coordinates":[[-2.00375,49.14208],[-2.00375,49.14208]]},"properties":{"source":"emodnet_dtm_2024","level":2}},{"type":"Feature","geometry":{"type":"LineString","coordinates":[[-2.03375,49.14827],[-2.03375,49.14891],[-2.03375,49.14827]]},"properties":{"source":"emodnet_dtm_2024","level":2}},{"type":"Feature","geometry":{"type":"LineString","coordinates":[[-2.03792,49.14911],[-2.03792,49.14982],[-2.03792,49.14911]]},"properties":{"source":"emodnet_dtm_2024","level":2}},{"type":"Feature","geometry":{"type":"LineString","coordinates":[[-2.11292,49.1776],[-2.11292,49.1782],[-2.11292,49.1776]]},"properties":{"source":"emodnet_dtm_2024","level":2}},{"type":"Feature","geometry":{"type":"LineString","coordinates":[[-2.15042,49.19323],[-2.14972,49.19375],[-2.15042,49.19402],[-2.15115,49.19375],[-2.15042,49.19323]]},"properties":{"source":"emodnet_dtm_2024","level":2}},{"type":"Feature","geometry":{"type":"LineString","coordinates":[[-1.98125,49.29203],[-1.98203,49.29208],[-1.98125,49.29203]]},"properties":{"source":"emodnet_dtm_2024","level":2}},{"type":"Feature","geometry":{"type":"LineString","coordinates":[[-2.65375,49.44359],[-2.65375,49.44359]]},"properties":{"source":"emodnet_dtm_2024","level":2}},{"type":"Feature","geometry":{"type":"LineString","coordinates":[[-2.46292,49.46117],[-2.46292,49.46117]]},"properties":{"source":"emodnet_dtm_2024","level":2}},{"type":"Feature","geometry":{"type":"LineString","coordinates":[[-2.60958,49.46862],[-2.60958,49.46893],[-2.60958,49.46862]]},"properties":{"source":"emodnet_dtm_2024","level":2}},{"type":"Feature","geometry":{"type":"LineString","coordinates":[[-2.59375,49.47625],[-2.59375,49.47625]]},"properties":{"source":"emodnet_dtm_2024","level":2}},{"type":"Feature","geometry":{"type":"LineString","coordinates":[[-2.45958,49.47596],[-2.45958,49.47673],[-2.45958,49.47596]]},"properties":{"source":"emodnet_dtm_2024","level":2}},{"type":"Feature","geometry":{"type":"LineString","coordinates":[[-2.57125,49.49458],[-2.57125,49.49458]]},"properties":{"source":"emodnet_dtm_2024","level":2}},{"type":"Feature","geometry":{"type":"LineString","coordinates":[[-2.55875,49.49625],[-2.55875,49.49625]]},"properties":{"source":"emodnet_dtm_2024","level":2}},{"type":"Feature","geometry":{"type":"LineString","coordinates":[[-2.49958,49.50116],[-2.49958,49.50167],[-2.49958,49.50116]]},"properties":{"source":"emodnet_dtm_2024","level":2}},{"type":"Feature","geometry":{"type":"LineString","coordinates":[[-2.55792,49.50455],[-2.55792,49.50455]]},"properties":{"source":"emodnet_dtm_2024","level":2}},{"type":"Feature","geometry":{"type":"LineString","coordinates":[[-1.28875,49.55859],[-1.28824,49.55875],[-1.28918,49.55875],[-1.28875,49.55859]]},"properties":{"source":"emodnet_dtm_2024","level":2}},{"type":"Feature","geometry":{"type":"LineString","coordinates":[[-1.23292,49.64526],[-1.23241,49.64542],[-1.23292,49.64573],[-1.23292,49.64526]]},"properties":{"source":"emodnet_dtm_2024","level":2}},{"type":"Feature","geometry":{"type":"LineString","coordinates":[[-1.68542,49.67334],[-1.68542,49.67392],[-1.68596,49.67375],[-1.68542,49.67334]]},"properties":{"source":"emodnet_dtm_2024","level":2}},{"type":"Feature","geometry":{"type":"LineString","coordinates":[[-1.35875,49.70542],[-1.35875,49.70542]]},"properties":{"source":"emodnet_dtm_2024","level":2}},{"type":"Feature","geometry":{"type":"LineString","coordinates":[[-1.83792,49.71103],[-1.83792,49.71139],[-1.83792,49.71103]]},"properties":{"source":"emodnet_dtm_2024","level":2}},{"type":"Feature","geometry":{"type":"LineString","coordinates":[[-1.94625,49.7204],[-1.94625,49.7204]]},"properties":{"source":"emodnet_dtm_2024","level":2}},{"type":"Feature","geometry":{"type":"LineString","coordinates":[[-2.48792,50.59042],[-2.48792,50.59042]]},"properties":{"source":"emodnet_dtm_2024","level":2}},{"type":"Feature","geometry":{"type":"LineString","coordinates":[[-2.49625,50.59458],[-2.49625,50.59458]]},"properties":{"source":"emodnet_dtm_2024","level":2}},{"type":"Feature","geometry":{"type":"LineString","coordinates":[[-2.10292,50.59542],[-2.10292,50.59542]]},"properties":{"source":"emodnet_dtm_2024","level":2}},{"type":"Feature","geometry":{"type":"LineString","coordinates":[[-2.49792,50.60042],[-2.49792,50.60042]]},"properties":{"source":"emodnet_dtm_2024","level":2}},{"type":"Feature","geometry":{"type":"LineString","coordinates":[[-2.49625,50.60125],[-2.49625,50.60125]]},"properties":{"source":"emodnet_dtm_2024","level":2}},{"type":"Feature","geometry":{"type":"LineString","coordinates":[[-2.12042,50.6012],[-2.12042,50.60151],[-2.12042,50.6012]]},"properties":{"source":"emodnet_dtm_2024","level":2}},{"type":"Feature","geometry":{"type":"LineString","coordinates":[[-2.50792,50.60792],[-2.50792,50.60792]]},"properties":{"source":"emodnet_dtm_2024","level":2}},{"type":"Feature","geometry":{"type":"LineString","coordinates":[[-2.13125,50.60875],[-2.13125,50.60875]]},"properties":{"source":"emodnet_dtm_2024","level":2}},{"type":"Feature","geometry":{"type":"LineString","coordinates":[[-1.44542,50.64183],[-1.44569,50.64208],[-1.44542,50.64183]]},"properties":{"source":"emodnet_dtm_2024","level":2}},{"type":"Feature","geometry":{"type":"LineString","coordinates":[[-2.59792,50.65125],[-2.59792,50.65125]]},"properties":{"source":"emodnet_dtm_2024","level":2}},{"type":"Feature","geometry":{"type":"LineString","coordinates":[[-1.97625,50.66208],[-1.97625,50.66208]]},"properties":{"source":"emodnet_dtm_2024","level":2}},{"type":"Feature","geometry":{"type":"LineString","coordinates":[[-1.96875,50.66625],[-1.96875,50.66625]]},"properties":{"source":"emodnet_dtm_2024","level":2}},{"type":"Feature","geometry":{"type":"LineString","coordinates":[[-1.99292,50.67125],[-1.99292,50.67125]]},"properties":{"source":"emodnet_dtm_2024","level":2}},{"type":"Feature","geometry":{"type":"LineString","coordinates":[[-1.09875,50.69125],[-1.09875,50.69125]]},"properties":{"source":"emodnet_dtm_2024","level":2}},{"type":"Feature","geometry":{"type":"LineString","coordinates":[[-1.53458,50.69208],[-1.53458,50.69208]]},"properties":{"source":"emodnet_dtm_2024","level":2}},{"type":"Feature","geometry":{"type":"LineString","coordinates":[[-1.10042,50.69208],[-1.10042,50.69208]]},"properties":{"source":"emodnet_dtm_2024","level":2}},{"type":"Feature","geometry":{"type":"LineString","coordinates":[[-1.10208,50.69292],[-1.10208,50.69292]]},"properties":{"source":"emodnet_dtm_2024","level":2}},{"type":"Feature","geometry":{"type":"LineString","coordinates":[[-1.10042,50.69458],[-1.10042,50.69458]]},"properties":{"source":"emodnet_dtm_2024","level":2}},{"type":"Feature","geometry":{"type":"LineString","coordinates":[[-2.02208,50.70035],[-2.02154,50.70042],[-2.02208,50.70069],[-2.02208,50.70035]]},"properties":{"source":"emodnet_dtm_2024","level":2}},{"type":"Feature","geometry":{"type":"LineString","coordinates":[[-1.94958,50.70792],[-1.94958,50.70792]]},"properties":{"source":"emodnet_dtm_2024","level":2}},{"type":"Feature","geometry":{"type":"LineString","coordinates":[[-1.95208,50.70875],[-1.95208,50.70875]]},"properties":{"source":"emodnet_dtm_2024","level":2}},{"type":"Feature","geometry":{"type":"LineString","coordinates":[[-1.42292,50.70958],[-1.42292,50.70958]]},"properties":{"source":"emodnet_dtm_2024","level":2}},{"type":"Feature","geometry":{"type":"LineString","coordinates":[[-1.41625,50.71292],[-1.41625,50.71292]]},"properties":{"source":"emodnet_dtm_2024","level":2}},{"type":"Feature","geometry":{"type":"LineString","coordinates":[[-1.99042,50.71602],[-1.99042,50.71602]]},"properties":{"source":"emodnet_dtm_2024","level":2}},{"type":"Feature","geometry":{"type":"LineString","coordinates":[[-1.39625,50.71708],[-1.39625,50.71708]]},"properties":{"source":"emodnet_dtm_2024","level":2}},{"type":"Feature","geometry":{"type":"LineString","coordinates":[[-1.75708,50.72375],[-1.75708,50.72375]]},"properties":{"source":"emodnet_dtm_2024","level":2}},{"type":"Feature","geometry":{"type":"LineString","coordinates":[[-1.75375,50.72375],[-1.75375,50.72375]]},"properties":{"source":"emodnet_dtm_2024","level":2}},{"type":"Feature","geometry":{"type":"LineString","coordinates":[[-1.74208,50.72542],[-1.74208,50.72542]]},"properties":{"source":"emodnet_dtm_2024","level":2}},{"type":"Feature","geometry":{"type":"LineString","coordinates":[[-1.99292,50.72792],[-1.99292,50.72792]]},"properties":{"source":"emodnet_dtm_2024","level":2}},{"type":"Feature","geometry":{"type":"LineString","coordinates":[[-2.02875,50.72875],[-2.02875,50.72875]]},"properties":{"source":"emodnet_dtm_2024","level":2}},{"type":"Feature","geometry":{"type":"LineString","coordinates":[[-1.22208,50.72875],[-1.22208,50.72875]]},"properties":{"source":"emodnet_dtm_2024","level":2}},{"type":"Feature","geometry":{"type":"LineString","coordinates":[[-1.22125,50.72958],[-1.22125,50.72958]]},"properties":{"source":"emodnet_dtm_2024","level":2}},{"type":"Feature","geometry":{"type":"LineString","coordinates":[[-1.99208,50.73042],[-1.99208,50.73042]]},"properties":{"source":"emodnet_dtm_2024","level":2}},{"type":"Feature","geometry":{"type":"LineString","coordinates":[[-1.21792,50.73042],[-1.21792,50.73042]]},"properties":{"source":"emodnet_dtm_2024","level":2}},{"type":"Feature","geometry":{"type":"LineString","coordinates":[[-1.38792,50.73208],[-1.38792,50.73208]]},"properties":{"source":"emodnet_dtm_2024","level":2}},{"type":"Feature","geometry":{"type":"LineString","coordinates":[[-1.21458,50.73763],[-1.2141,50.73792],[-1.21458,50.7381],[-1.21458,50.73763]]},"properties":{"source":"emodnet_dtm_2024","level":2}},{"type":"Feature","geometry":{"type":"LineString","coordinates":[[-0.81375,50.74125],[-0.81375,50.74125]]},"properties":{"source":"emodnet_dtm_2024","level":2}},{"type":"Feature","geometry":{"type":"LineString","coordinates":[[-0.80792,50.74125],[-0.80792,50.74125]]},"properties":{"source":"emodnet_dtm_2024","level":2}},{"type":"Feature","geometry":{"type":"LineString","coordinates":[[-1.52542,50.74191],[-1.52603,50.74208],[-1.52542,50.74191]]},"properties":{"source":"emodnet_dtm_2024","level":2}},{"type":"Feature","geometry":{"type":"LineString","coordinates":[[-0.81792,50.74208],[-0.81792,50.74208]]},"properties":{"source":"emodnet_dtm_2024","level":2}},{"type":"Feature","geometry":{"type":"LineString","coordinates":[[-0.82042,50.74542],[-0.82042,50.74542]]},"properties":{"source":"emodnet_dtm_2024","level":2}},{"type":"Feature","geometry":{"type":"LineString","coordinates":[[-1.52542,50.74595],[-1.52491,50.74625],[-1.52542,50.74655],[-1.52542,50.74595]]},"properties":{"source":"emodnet_dtm_2024","level":2}},{"type":"Feature","geometry":{"type":"LineString","coordinates":[[-1.50792,50.75208],[-1.50792,50.75208]]},"properties":{"source":"emodnet_dtm_2024","level":2}},{"type":"Feature","geometry":{"type":"LineString","coordinates":[[-1.49542,50.75292],[-1.49542,50.75292]]},"properties":{"source":"emodnet_dtm_2024","level":2}},{"type":"Feature","geometry":{"type":"LineString","coordinates":[[-1.32708,50.75957],[-1.32708,50.75957]]},"properties":{"source":"emodnet_dtm_2024","level":2}},{"type":"Feature","geometry":{"type":"LineString","coordinates":[[-1.53375,50.76121],[-1.53375,50.76168],[-1.53375,50.76121]]},"properties":{"source":"emodnet_dtm_2024","level":2}},{"type":"Feature","geometry":{"type":"LineString","coordinates":[[-1.46375,50.76208],[-1.46375,50.76208]]},"properties":{"source":"emodnet_dtm_2024","level":2}},{"type":"Feature","geometry":{"type":"LineString","coordinates":[[-0.90708,50.76593],[-0.90693,50.76625],[-0.90768,50.76625],[-0.90708,50.76593]]},"properties":{"source":"emodnet_dtm_2024","level":2}},{"type":"Feature","geometry":{"type":"LineString","coordinates":[[-0.90542,50.7698],[-0.90542,50.77058],[-0.90542,50.7698]]},"properties":{"source":"emodnet_dtm_2024","level":2}},{"type":"Feature","geometry":{"type":"LineString","coordinates":[[-0.92042,50.77539],[-0.92042,50.77539]]},"properties":{"source":"emodnet_dtm_2024","level":2}},{"type":"Feature","geometry":{"type":"LineString","coordinates":[[-0.91375,50.77708],[-0.91375,50.77708]]},"properties":{"source":"emodnet_dtm_2024","level":2}},{"type":"Feature","geometry":{"type":"LineString","coordinates":[[-0.91625,50.77842],[-0.91625,50.77885],[-0.91625,50.77842]]},"properties":{"source":"emodnet_dtm_2024","level":2}},{"type":"Feature","geometry":{"type":"LineString","coordinates":[[-1.34625,50.78345],[-1.34548,50.78375],[-1.34625,50.78381],[-1.34625,50.78345]]},"properties":{"source":"emodnet_dtm_2024","level":2}},{"type":"Feature","geometry":{"type":"LineString","coordinates":[[-1.13042,50.7867],[-1.13042,50.78749],[-1.13042,50.7867]]},"properties":{"source":"emodnet_dtm_2024","level":2}},{"type":"Feature","geometry":{"type":"LineString","coordinates":[[-0.94208,50.78871],[-0.94208,50.78871]]},"properties":{"source":"emodnet_dtm_2024","level":2}},{"type":"Feature","geometry":{"type":"LineString","coordinates":[[-0.94542,50.79112],[-0.94542,50.79112]]},"properties":{"source":"emodnet_dtm_2024","level":2}},{"type":"Feature","geometry":{"type":"LineString","coordinates":[[-0.89375,50.79208],[-0.89375,50.79208]]},"properties":{"source":"emodnet_dtm_2024","level":2}},{"type":"Feature","geometry":{"type":"LineString","coordinates":[[-1.03375,50.79278],[-1.03375,50.79311],[-1.03375,50.79278]]},"properties":{"source":"emodnet_dtm_2024","level":2}},{"type":"Feature","geometry":{"type":"LineString","coordinates":[[-1.01792,50.79458],[-1.01792,50.79458]]},"properties":{"source":"emodnet_dtm_2024","level":2}},{"type":"Feature","geometry":{"type":"LineString","coordinates":[[-0.91292,50.79958],[-0.91292,50.79958]]},"properties":{"source":"emodnet_dtm_2024","level":2}},{"type":"Feature","geometry":{"type":"LineString","coordinates":[[-0.88958,50.80125],[-0.88958,50.80125]]},"properties":{"source":"emodnet_dtm_2024","level":2}},{"type":"Feature","geometry":{"type":"LineString","coordinates":[[-0.95125,50.80291],[-0.95125,50.80291]]},"properties":{"source":"emodnet_dtm_2024","level":2}},{"type":"Feature","geometry":{"type":"LineString","coordinates":[[-0.91708,50.80292],[-0.91708,50.80292]]},"properties":{"source":"emodnet_dtm_2024","level":2}},{"type":"Feature","geometry":{"type":"LineString","coordinates":[[-0.94792,50.80353],[-0.94792,50.80393],[-0.94866,50.80375],[-0.94792,50.80353]]},"properties":{"source":"emodnet_dtm_2024","level":2}},{"type":"Feature","geometry":{"type":"LineString","coordinates":[[-0.92208,50.80625],[-0.92208,50.80625]]},"properties":{"source":"emodnet_dtm_2024","level":2}},{"type":"Feature","geometry":{"type":"LineString","coordinates":[[-0.90792,50.80625],[-0.90792,50.80625]]},"properties":{"source":"emodnet_dtm_2024","level":2}},{"type":"Feature","geometry":{"type":"LineString","coordinates":[[-0.92542,50.80792],[-0.92542,50.80792]]},"properties":{"source":"emodnet_dtm_2024","level":2}},{"type":"Feature","geometry":{"type":"LineString","coordinates":[[-1.43792,50.81125],[-1.43792,50.81125]]},"properties":{"source":"emodnet_dtm_2024","level":2}},{"type":"Feature","geometry":{"type":"LineString","coordinates":[[-0.93042,50.81125],[-0.93042,50.81125]]},"properties":{"source":"emodnet_dtm_2024","level":2}},{"type":"Feature","geometry":{"type":"LineString","coordinates":[[-0.93375,50.81208],[-0.93375,50.81208]]},"properties":{"source":"emodnet_dtm_2024","level":2}},{"type":"Feature","geometry":{"type":"LineString","coordinates":[[-0.92958,50.81184],[-0.92958,50.81236],[-0.92958,50.81184]]},"properties":{"source":"emodnet_dtm_2024","level":2}},{"type":"Feature","geometry":{"type":"LineString","coordinates":[[-0.81708,50.81375],[-0.81708,50.81375]]},"properties":{"source":"emodnet_dtm_2024","level":2}},{"type":"Feature","geometry":{"type":"LineString","coordinates":[[-0.89708,50.81404],[-0.89708,50.81503],[-0.89792,50.81458],[-0.89708,50.81404]]},"properties":{"source":"emodnet_dtm_2024","level":2}},{"type":"Feature","geometry":{"type":"LineString","coordinates":[[-0.88958,50.81458],[-0.88958,50.81458]]},"properties":{"source":"emodnet_dtm_2024","level":2}},{"type":"Feature","geometry":{"type":"LineString","coordinates":[[-1.09125,50.81625],[-1.09125,50.81625]]},"properties":{"source":"emodnet_dtm_2024","level":2}},{"type":"Feature","geometry":{"type":"LineString","coordinates":[[-0.89208,50.81625],[-0.89208,50.81625]]},"properties":{"source":"emodnet_dtm_2024","level":2}},{"type":"Feature","geometry":{"type":"LineString","coordinates":[[-1.14125,50.81871],[-1.14125,50.81871]]},"properties":{"source":"emodnet_dtm_2024","level":2}},{"type":"Feature","geometry":{"type":"LineString","coordinates":[[-1.09958,50.81841],[-1.09958,50.81884],[-1.09958,50.81841]]},"properties":{"source":"emodnet_dtm_2024","level":2}},{"type":"Feature","geometry":{"type":"LineString","coordinates":[[-0.87208,50.81819],[-0.87208,50.81898],[-0.87208,50.81819]]},"properties":{"source":"emodnet_dtm_2024","level":2}},{"type":"Feature","geometry":{"type":"LineString","coordinates":[[-0.87125,50.81923],[-0.87125,50.81973],[-0.87125,50.81923]]},"properties":{"source":"emodnet_dtm_2024","level":2}},{"type":"Feature","geometry":{"type":"LineString","coordinates":[[-0.90708,50.82042],[-0.90708,50.82042]]},"properties":{"source":"emodnet_dtm_2024","level":2}},{"type":"Feature","geometry":{"type":"LineString","coordinates":[[-0.94208,50.82125],[-0.94208,50.82125]]},"properties":{"source":"emodnet_dtm_2024","level":2}},{"type":"Feature","geometry":{"type":"LineString","coordinates":[[-0.86458,50.82208],[-0.86458,50.82208]]},"properties":{"source":"emodnet_dtm_2024","level":2}},{"type":"Feature","geometry":{"type":"LineString","coordinates":[[-0.89292,50.82292],[-0.89292,50.82292]]},"properties":{"source":"emodnet_dtm_2024","level":2}},{"type":"Feature","geometry":{"type":"LineString","coordinates":[[-1.08375,50.82542],[-1.08375,50.82542]]},"properties":{"source":"emodnet_dtm_2024","level":2}},{"type":"Feature","geometry":{"type":"LineString","coordinates":[[-0.94292,50.82542],[-0.94292,50.82542]]},"properties":{"source":"emodnet_dtm_2024","level":2}},{"type":"Feature","geometry":{"type":"LineString","coordinates":[[-0.86292,50.82575],[-0.86292,50.82692],[-0.86292,50.82575]]},"properties":{"source":"emodnet_dtm_2024","level":2}},{"type":"Feature","geometry":{"type":"LineString","coordinates":[[-0.85625,50.82625],[-0.85625,50.82625]]},"properties":{"source":"emodnet_dtm_2024","level":2}},{"type":"Feature","geometry":{"type":"LineString","coordinates":[[-1.14875,50.82875],[-1.14875,50.82875]]},"properties":{"source":"emodnet_dtm_2024","level":2}},{"type":"Feature","geometry":{"type":"LineString","coordinates":[[-0.90458,50.82847],[-0.90458,50.82906],[-0.90458,50.82847]]},"properties":{"source":"emodnet_dtm_2024","level":2}},{"type":"Feature","geometry":{"type":"LineString","coordinates":[[-1.13708,50.8295],[-1.13708,50.83018],[-1.13708,50.8295]]},"properties":{"source":"emodnet_dtm_2024","level":2}},{"type":"Feature","geometry":{"type":"LineString","coordinates":[[-1.08625,50.82958],[-1.08625,50.82958]]},"properties":{"source":"emodnet_dtm_2024","level":2}},{"type":"Feature","geometry":{"type":"LineString","coordinates":[[-1.08375,50.82958],[-1.08375,50.82958]]},"properties":{"source":"emodnet_dtm_2024","level":2}},{"type":"Feature","geometry":{"type":"LineString","coordinates":[[-0.86292,50.82918],[-0.86229,50.82958],[-0.86292,50.83008],[-0.86338,50.82958],[-0.86292,50.82918]]},"properties":{"source":"emodnet_dtm_2024","level":2}},{"type":"Feature","geometry":{"type":"LineString","coordinates":[[-0.93958,50.83042],[-0.93958,50.83042]]},"properties":{"source":"emodnet_dtm_2024","level":2}},{"type":"Feature","geometry":{"type":"LineString","coordinates":[[-0.86625,50.83042],[-0.86625,50.83042]]},"properties":{"source":"emodnet_dtm_2024","level":2}},{"type":"Feature","geometry":{"type":"LineString","coordinates":[[-1.08042,50.83208],[-1.08042,50.83208]]},"properties":{"source":"emodnet_dtm_2024","level":2}},{"type":"Feature","geometry":{"type":"LineString","coordinates":[[-0.94708,50.83292],[-0.94708,50.83292]]},"properties":{"source":"emodnet_dtm_2024","level":2}},{"type":"Feature","geometry":{"type":"LineString","coordinates":[[-1.13125,50.83374],[-1.13125,50.83374]]},"properties":{"source":"emodnet_dtm_2024","level":2}},{"type":"Feature","geometry":{"type":"LineString","coordinates":[[-1.08208,50.83375],[-1.08208,50.83375]]},"properties":{"source":"emodnet_dtm_2024","level":2}},{"type":"Feature","geometry":{"type":"LineString","coordinates":[[-1.07875,50.83458],[-1.07875,50.83458]]},"properties":{"source":"emodnet_dtm_2024","level":2}},{"type":"Feature","geometry":{"type":"LineString","coordinates":[[-0.95792,50.83444],[-0.95721,50.83458],[-0.95792,50.835],[-0.95792,50.83444]]},"properties":{"source":"emodnet_dtm_2024","level":2}},{"type":"Feature","geometry":{"type":"LineString","coordinates":[[-1.01625,50.83618],[-1.01625,50.83671],[-1.01625,50.83618]]},"properties":{"source":"emodnet_dtm_2024","level":2}},{"type":"Feature","geometry":{"type":"LineString","coordinates":[[-0.89375,50.83625],[-0.89375,50.83625]]},"properties":{"source":"emodnet_dtm_2024","level":2}},{"type":"Feature","geometry":{"type":"LineString","coordinates":[[-1.01375,50.83699],[-1.01375,50.83699]]},"properties":{"source":"emodnet_dtm_2024","level":2}},{"type":"Feature","geometry":{"type":"LineString","coordinates":[[-0.93375,50.83875],[-0.93375,50.83875]]},"properties":{"source":"emodnet_dtm_2024","level":2}},{"type":"Feature","geometry":{"type":"LineString","coordinates":[[-1.16792,50.83943],[-1.16792,50.83943]]},"properties":{"source":"emodnet_dtm_2024","level":2}},{"type":"Feature","geometry":{"type":"LineString","coordinates":[[-0.93708,50.84042],[-0.93708,50.84042]]},"properties":{"source":"emodnet_dtm_2024","level":2}},{"type":"Feature","geometry":{"type":"LineString","coordinates":[[-0.93625,50.84125],[-0.93625,50.84125]]},"properties":{"source":"emodnet_dtm_2024","level":2}},{"type":"Feature","geometry":{"type":"LineString","coordinates":[[-0.93375,50.84125],[-0.93375,50.84125]]},"properties":{"source":"emodnet_dtm_2024","level":2}},{"type":"Feature","geometry":{"type":"LineString","coordinates":[[-1.16125,50.84208],[-1.16125,50.84208]]},"properties":{"source":"emodnet_dtm_2024","level":2}},{"type":"Feature","geometry":{"type":"LineString","coordinates":[[-1.35458,50.84292],[-1.35458,50.84292]]},"properties":{"source":"emodnet_dtm_2024","level":2}},{"type":"Feature","geometry":{"type":"LineString","coordinates":[[-1.35375,50.84542],[-1.35375,50.84542]]},"properties":{"source":"emodnet_dtm_2024","level":2}},{"type":"Feature","geometry":{"type":"LineString","coordinates":[[-1.16792,50.84958],[-1.16792,50.84958]]},"properties":{"source":"emodnet_dtm_2024","level":2}},{"type":"Feature","geometry":{"type":"LineString","coordinates":[[-1.16708,50.85042],[-1.16708,50.85042]]},"properties":{"source":"emodnet_dtm_2024","level":2}},{"type":"Feature","geometry":{"type":"LineString","coordinates":[[-1.42292,50.89347],[-1.42235,50.89375],[-1.42292,50.89403],[-1.42292,50.89347]]},"properties":{"source":"emodnet_dtm_2024","level":2}},{"type":"Feature","geometry":{"type":"LineString","coordinates":[[-1.97359,48.54625],[-1.97292,48.54573],[-1.97255,48.54625],[-1.97359,48.54625]]},"properties":{"source":"emodnet_dtm_2024","level":2}},{"type":"Feature","geometry":{"type":"LineString","coordinates":[[-2.77875,48.58458],[-2.77875,48.58458]]},"properties":{"source":"emodnet_dtm_2024","level":2}},{"type":"Feature","geometry":{"type":"LineString","coordinates":[[-1.80058,48.87875],[-1.80003,48.87875],[-1.80058,48.87875]]},"properties":{"source":"emodnet_dtm_2024","level":2}},{"type":"Feature","geometry":{"type":"LineString","coordinates":[[-2.05713,49.16625],[-2.05708,49.16571],[-2.05713,49.16625]]},"properties":{"source":"emodnet_dtm_2024","level":2}},{"type":"Feature","geometry":{"type":"LineString","coordinates":[[-2.16543,49.19042],[-2.16543,49.19042]]},"properties":{"source":"emodnet_dtm_2024","level":2}},{"type":"Feature","geometry":{"type":"LineString","coordinates":[[-2.50958,50.60292],[-2.50958,50.60292]]},"properties":{"source":"emodnet_dtm_2024","level":2}},{"type":"Feature","geometry":{"type":"LineString","coordinates":[[-2.51792,50.60708],[-2.51792,50.60708]]},"properties":{"source":"emodnet_dtm_2024","level":2}},{"type":"Feature","geometry":{"type":"LineString","coordinates":[[-2.57208,50.63625],[-2.57208,50.63625]]},"properties":{"source":"emodnet_dtm_2024","level":2}},{"type":"Feature","geometry":{"type":"LineString","coordinates":[[-1.10542,50.69292],[-1.10542,50.69292]]},"properties":{"source":"emodnet_dtm_2024","level":2}},{"type":"Feature","geometry":{"type":"LineString","coordinates":[[-1.95042,50.70792],[-1.95042,50.70792]]},"properties":{"source":"emodnet_dtm_2024","level":2}},{"type":"Feature","geometry":{"type":"LineString","coordinates":[[-1.95292,50.70875],[-1.95292,50.70875]]},"properties":{"source":"emodnet_dtm_2024","level":2}},{"type":"Feature","geometry":{"type":"LineString","coordinates":[[-1.98875,50.71958],[-1.98875,50.71958]]},"properties":{"source":"emodnet_dtm_2024","level":2}},{"type":"Feature","geometry":{"type":"LineString","coordinates":[[-1.75458,50.72375],[-1.75458,50.72375]]},"properties":{"source":"emodnet_dtm_2024","level":2}},{"type":"Feature","geometry":{"type":"LineString","coordinates":[[-1.74458,50.72625],[-1.74458,50.72625]]},"properties":{"source":"emodnet_dtm_2024","level":2}},{"type":"Feature","geometry":{"type":"LineString","coordinates":[[-1.99458,50.72875],[-1.99458,50.72875]]},"properties":{"source":"emodnet_dtm_2024","level":2}},{"type":"Feature","geometry":{"type":"LineString","coordinates":[[-1.99542,50.73042],[-1.99542,50.73042]]},"properties":{"source":"emodnet_dtm_2024","level":2}},{"type":"Feature","geometry":{"type":"LineString","coordinates":[[-1.99625,50.73208],[-1.99625,50.73208]]},"properties":{"source":"emodnet_dtm_2024","level":2}},{"type":"Feature","geometry":{"type":"LineString","coordinates":[[-0.82042,50.74292],[-0.82042,50.74292]]},"properties":{"source":"emodnet_dtm_2024","level":2}},{"type":"Feature","geometry":{"type":"LineString","coordinates":[[-1.47792,50.75625],[-1.47792,50.75625]]},"properties":{"source":"emodnet_dtm_2024","level":2}},{"type":"Feature","geometry":{"type":"LineString","coordinates":[[-1.53042,50.75708],[-1.53042,50.75708]]},"properties":{"source":"emodnet_dtm_2024","level":2}},{"type":"Feature","geometry":{"type":"LineString","coordinates":[[-0.82125,50.75708],[-0.82125,50.75708]]},"properties":{"source":"emodnet_dtm_2024","level":2}},{"type":"Feature","geometry":{"type":"LineString","coordinates":[[-0.91499,50.77792],[-0.91458,50.77761],[-0.91436,50.77792],[-0.91499,50.77792]]},"properties":{"source":"emodnet_dtm_2024","level":2}},{"type":"Feature","geometry":{"type":"LineString","coordinates":[[-0.9174,50.77958],[-0.91708,50.77932],[-0.91708,50.78004],[-0.9174,50.77958]]},"properties":{"source":"emodnet_dtm_2024","level":2}},{"type":"Feature","geometry":{"type":"LineString","coordinates":[[-0.91208,50.78292],[-0.91208,50.78292]]},"properties":{"source":"emodnet_dtm_2024","level":2}},{"type":"Feature","geometry":{"type":"LineString","coordinates":[[-1.12713,50.80875],[-1.12713,50.80875]]},"properties":{"source":"emodnet_dtm_2024","level":2}},{"type":"Feature","geometry":{"type":"LineString","coordinates":[[-1.09208,50.81708],[-1.09208,50.81708]]},"properties":{"source":"emodnet_dtm_2024","level":2}},{"type":"Feature","geometry":{"type":"LineString","coordinates":[[-1.08458,50.82542],[-1.08458,50.82542]]},"properties":{"source":"emodnet_dtm_2024","level":2}},{"type":"Feature","geometry":{"type":"LineString","coordinates":[[-1.08625,50.82625],[-1.08625,50.82625]]},"properties":{"source":"emodnet_dtm_2024","level":2}},{"type":"Feature","geometry":{"type":"LineString","coordinates":[[-0.85708,50.82708],[-0.85708,50.82708]]},"properties":{"source":"emodnet_dtm_2024","level":2}},{"type":"Feature","geometry":{"type":"LineString","coordinates":[[-1.08708,50.82792],[-1.08708,50.82792]]},"properties":{"source":"emodnet_dtm_2024","level":2}},{"type":"Feature","geometry":{"type":"LineString","coordinates":[[-2.48625,50.59042],[-2.48625,50.59042]]},"properties":{"source":"emodnet_dtm_2024","level":2}},{"type":"Feature","geometry":{"type":"LineString","coordinates":[[-2.08375,50.59375],[-2.08375,50.59375]]},"properties":{"source":"emodnet_dtm_2024","level":2}},{"type":"Feature","geometry":{"type":"LineString","coordinates":[[-2.50292,50.60458],[-2.50292,50.60458]]},"properties":{"source":"emodnet_dtm_2024","level":2}},{"type":"Feature","geometry":{"type":"LineString","coordinates":[[-2.51125,50.61042],[-2.51125,50.61042]]},"properties":{"source":"emodnet_dtm_2024","level":2}},{"type":"Feature","geometry":{"type":"LineString","coordinates":[[-2.52208,50.61625],[-2.52208,50.61625]]},"properties":{"source":"emodnet_dtm_2024","level":2}},{"type":"Feature","geometry":{"type":"LineString","coordinates":[[-2.54542,50.62458],[-2.54542,50.62458]]},"properties":{"source":"emodnet_dtm_2024","level":2}},{"type":"Feature","geometry":{"type":"LineString","coordinates":[[-2.56625,50.63708],[-2.56625,50.63708]]},"properties":{"source":"emodnet_dtm_2024","level":2}},{"type":"Feature","geometry":{"type":"LineString","coordinates":[[-2.56125,50.63708],[-2.56125,50.63708]]},"properties":{"source":"emodnet_dtm_2024","level":2}},{"type":"Feature","geometry":{"type":"LineString","coordinates":[[-2.58875,50.64458],[-2.58875,50.64458]]},"properties":{"source":"emodnet_dtm_2024","level":2}},{"type":"Feature","geometry":{"type":"LineString","coordinates":[[-2.59458,50.64625],[-2.59458,50.64625]]},"properties":{"source":"emodnet_dtm_2024","level":2}},{"type":"Feature","geometry":{"type":"LineString","coordinates":[[-2.59625,50.64792],[-2.59625,50.64792]]},"properties":{"source":"emodnet_dtm_2024","level":2}},{"type":"Feature","geometry":{"type":"LineString","coordinates":[[-2.60042,50.65292],[-2.60042,50.65292]]},"properties":{"source":"emodnet_dtm_2024","level":2}},{"type":"Feature","geometry":{"type":"LineString","coordinates":[[-1.97958,50.66458],[-1.97958,50.66458]]},"properties":{"source":"emodnet_dtm_2024","level":2}},{"type":"Feature","geometry":{"type":"LineString","coordinates":[[-1.10542,50.69375],[-1.10542,50.69375]]},"properties":{"source":"emodnet_dtm_2024","level":2}},{"type":"Feature","geometry":{"type":"LineString","coordinates":[[-1.95292,50.71042],[-1.95292,50.71042]]},"properties":{"source":"emodnet_dtm_2024","level":2}},{"type":"Feature","geometry":{"type":"LineString","coordinates":[[-1.42375,50.71042],[-1.42375,50.71042]]},"properties":{"source":"emodnet_dtm_2024","level":2}},{"type":"Feature","geometry":{"type":"LineString","coordinates":[[-1.98875,50.72042],[-1.98875,50.72042]]},"properties":{"source":"emodnet_dtm_2024","level":2}},{"type":"Feature","geometry":{"type":"LineString","coordinates":[[-1.38875,50.72292],[-1.38875,50.72292]]},"properties":{"source":"emodnet_dtm_2024","level":2}},{"type":"Feature","geometry":{"type":"LineString","coordinates":[[-1.76708,50.72708],[-1.76708,50.72708]]},"properties":{"source":"emodnet_dtm_2024","level":2}},{"type":"Feature","geometry":{"type":"LineString","coordinates":[[-1.74458,50.72708],[-1.74458,50.72708]]},"properties":{"source":"emodnet_dtm_2024","level":2}},{"type":"Feature","geometry":{"type":"LineString","coordinates":[[-1.75542,50.72875],[-1.75542,50.72875]]},"properties":{"source":"emodnet_dtm_2024","level":2}},{"type":"Feature","geometry":{"type":"LineString","coordinates":[[-1.21958,50.73125],[-1.21958,50.73125]]},"properties":{"source":"emodnet_dtm_2024","level":2}},{"type":"Feature","geometry":{"type":"LineString","coordinates":[[-1.99625,50.73375],[-1.99625,50.73375]]},"properties":{"source":"emodnet_dtm_2024","level":2}},{"type":"Feature","geometry":{"type":"LineString","coordinates":[[-0.81208,50.74125],[-0.81208,50.74125]]},"properties":{"source":"emodnet_dtm_2024","level":2}},{"type":"Feature","geometry":{"type":"LineString","coordinates":[[-0.81542,50.74208],[-0.81542,50.74208]]},"properties":{"source":"emodnet_dtm_2024","level":2}},{"type":"Feature","geometry":{"type":"LineString","coordinates":[[-0.80792,50.74208],[-0.80792,50.74208]]},"properties":{"source":"emodnet_dtm_2024","level":2}},{"type":"Feature","geometry":{"type":"LineString","coordinates":[[-0.82042,50.74375],[-0.82042,50.74375]]},"properties":{"source":"emodnet_dtm_2024","level":2}},{"type":"Feature","geometry":{"type":"LineString","coordinates":[[-1.53208,50.75792],[-1.53208,50.75792]]},"properties":{"source":"emodnet_dtm_2024","level":2}},{"type":"Feature","geometry":{"type":"LineString","coordinates":[[-0.91292,50.78451],[-0.91367,50.78375],[-0.91292,50.78351],[-0.91292,50.78451]]},"properties":{"source":"emodnet_dtm_2024","level":2}},{"type":"Feature","geometry":{"type":"LineString","coordinates":[[-0.90708,50.78792],[-0.90708,50.78792]]},"properties":{"source":"emodnet_dtm_2024","level":2}},{"type":"Feature","geometry":{"type":"LineString","coordinates":[[-0.93958,50.81875],[-0.93958,50.81875]]},"properties":{"source":"emodnet_dtm_2024","level":2}},{"type":"Feature","geometry":{"type":"LineString","coordinates":[[-0.81042,50.82708],[-0.81042,50.82708]]},"properties":{"source":"emodnet_dtm_2024","level":2}},{"type":"Feature","geometry":{"type":"LineString","coordinates":[[-1.08458,50.82958],[-1.08458,50.82958]]},"properties":{"source":"emodnet_dtm_2024","level":2}},{"type":"Feature","geometry":{"type":"LineString","coordinates":[[-1.08375,50.83042],[-1.08375,50.83042]]},"properties":{"source":"emodnet_dtm_2024","level":2}},{"type":"Feature","geometry":{"type":"LineString","coordinates":[[-1.04125,50.83208],[-1.04125,50.83208]]},"properties":{"source":"emodnet_dtm_2024","level":2}},{"type":"Feature","geometry":{"type":"LineString","coordinates":[[-1.07958,50.83542],[-1.07958,50.83542]]},"properties":{"source":"emodnet_dtm_2024","level":2}},{"type":"Feature","geometry":{"type":"LineString","coordinates":[[-1.07875,50.83625],[-1.07875,50.83625]]},"properties":{"source":"emodnet_dtm_2024","level":2}},{"type":"Feature","geometry":{"type":"LineString","coordinates":[[-1.99792,48.49208],[-1.99792,48.49208]]},"properties":{"source":"emodnet_dtm_2024","level":2}},{"type":"Feature","geometry":{"type":"LineString","coordinates":[[-2.22708,49.21542],[-2.22708,49.21542]]},"properties":{"source":"emodnet_dtm_2024","level":2}},{"type":"Feature","geometry":{"type":"LineString","coordinates":[[-2.47875,50.58625],[-2.47875,50.58625]]},"properties":{"source":"emodnet_dtm_2024","level":2}},{"type":"Feature","geometry":{"type":"LineString","coordinates":[[-2.48042,50.58708],[-2.48042,50.58708]]},"properties":{"source":"emodnet_dtm_2024","level":2}},{"type":"Feature","geometry":{"type":"LineString","coordinates":[[-2.48375,50.58792],[-2.48375,50.58792]]},"properties":{"source":"emodnet_dtm_2024","level":2}},{"type":"Feature","geometry":{"type":"LineString","coordinates":[[-2.48458,50.59042],[-2.48458,50.59042]]},"properties":{"source":"emodnet_dtm_2024","level":2}},{"type":"Feature","geometry":{"type":"LineString","coordinates":[[-2.08875,50.59458],[-2.08875,50.59458]]},"properties":{"source":"emodnet_dtm_2024","level":2}},{"type":"Feature","geometry":{"type":"LineString","coordinates":[[-2.49625,50.60208],[-2.49625,50.60208]]},"properties":{"source":"emodnet_dtm_2024","level":2}},{"type":"Feature","geometry":{"type":"LineString","coordinates":[[-2.50042,50.60292],[-2.50042,50.60292]]},"properties":{"source":"emodnet_dtm_2024","level":2}},{"type":"Feature","geometry":{"type":"LineString","coordinates":[[-2.50625,50.60458],[-2.50625,50.60458]]},"properties":{"source":"emodnet_dtm_2024","level":2}},{"type":"Feature","geometry":{"type":"LineString","coordinates":[[-2.50125,50.60458],[-2.50125,50.60458]]},"properties":{"source":"emodnet_dtm_2024","level":2}},{"type":"Feature","geometry":{"type":"LineString","coordinates":[[-2.50792,50.60625],[-2.50792,50.60625]]},"properties":{"source":"emodnet_dtm_2024","level":2}},{"type":"Feature","geometry":{"type":"LineString","coordinates":[[-2.50542,50.60875],[-2.50542,50.60875]]},"properties":{"source":"emodnet_dtm_2024","level":2}},{"type":"Feature","geometry":{"type":"LineString","coordinates":[[-2.50792,50.61042],[-2.50792,50.61042]]},"properties":{"source":"emodnet_dtm_2024","level":2}},{"type":"Feature","geometry":{"type":"LineString","coordinates":[[-2.51458,50.61292],[-2.51458,50.61292]]},"properties":{"source":"emodnet_dtm_2024","level":2}},{"type":"Feature","geometry":{"type":"LineString","coordinates":[[-2.51625,50.61458],[-2.51625,50.61458]]},"properties":{"source":"emodnet_dtm_2024","level":2}},{"type":"Feature","geometry":{"type":"LineString","coordinates":[[-2.53042,50.61625],[-2.53042,50.61625]]},"properties":{"source":"emodnet_dtm_2024","level":2}},{"type":"Feature","geometry":{"type":"LineString","coordinates":[[-2.51708,50.61625],[-2.51708,50.61625]]},"properties":{"source":"emodnet_dtm_2024","level":2}},{"type":"Feature","geometry":{"type":"LineString","coordinates":[[-2.53458,50.61708],[-2.53458,50.61708]]},"properties":{"source":"emodnet_dtm_2024","level":2}},{"type":"Feature","geometry":{"type":"LineString","coordinates":[[-2.53542,50.61875],[-2.53542,50.61875]]},"properties":{"source":"emodnet_dtm_2024","level":2}},{"type":"Feature","geometry":{"type":"LineString","coordinates":[[-2.53875,50.61958],[-2.53875,50.61958]]},"properties":{"source":"emodnet_dtm_2024","level":2}},{"type":"Feature","geometry":{"type":"LineString","coordinates":[[-2.53958,50.62042],[-2.53958,50.62042]]},"properties":{"source":"emodnet_dtm_2024","level":2}},{"type":"Feature","geometry":{"type":"LineString","coordinates":[[-2.54125,50.62125],[-2.54125,50.62125]]},"properties":{"source":"emodnet_dtm_2024","level":2}},{"type":"Feature","geometry":{"type":"LineString","coordinates":[[-2.54625,50.62875],[-2.54625,50.62875]]},"properties":{"source":"emodnet_dtm_2024","level":2}},{"type":"Feature","geometry":{"type":"LineString","coordinates":[[-2.55792,50.62958],[-2.55792,50.62958]]},"properties":{"source":"emodnet_dtm_2024","level":2}},{"type":"Feature","geometry":{"type":"LineString","coordinates":[[-2.55875,50.63208],[-2.55875,50.63208]]},"properties":{"source":"emodnet_dtm_2024","level":2}},{"type":"Feature","geometry":{"type":"LineString","coordinates":[[-2.55958,50.63292],[-2.55958,50.63292]]},"properties":{"source":"emodnet_dtm_2024","level":2}},{"type":"Feature","geometry":{"type":"LineString","coordinates":[[-2.57125,50.63708],[-2.57125,50.63708]]},"properties":{"source":"emodnet_dtm_2024","level":2}},{"type":"Feature","geometry":{"type":"LineString","coordinates":[[-2.56458,50.63708],[-2.56458,50.63708]]},"properties":{"source":"emodnet_dtm_2024","level":2}},{"type":"Feature","geometry":{"type":"LineString","coordinates":[[-2.56042,50.63708],[-2.56042,50.63708]]},"properties":{"source":"emodnet_dtm_2024","level":2}},{"type":"Feature","geometry":{"type":"LineString","coordinates":[[-2.57542,50.63958],[-2.57542,50.63958]]},"properties":{"source":"emodnet_dtm_2024","level":2}},{"type":"Feature","geometry":{"type":"LineString","coordinates":[[-2.57875,50.64042],[-2.57875,50.64042]]},"properties":{"source":"emodnet_dtm_2024","level":2}},{"type":"Feature","geometry":{"type":"LineString","coordinates":[[-2.58292,50.64125],[-2.58292,50.64125]]},"properties":{"source":"emodnet_dtm_2024","level":2}},{"type":"Feature","geometry":{"type":"LineString","coordinates":[[-2.58375,50.64208],[-2.58375,50.64208]]},"properties":{"source":"emodnet_dtm_2024","level":2}},{"type":"Feature","geometry":{"type":"LineString","coordinates":[[-2.58542,50.64375],[-2.58542,50.64375]]},"properties":{"source":"emodnet_dtm_2024","level":2}},{"type":"Feature","geometry":{"type":"LineString","coordinates":[[-2.58792,50.64458],[-2.58792,50.64458]]},"properties":{"source":"emodnet_dtm_2024","level":2}},{"type":"Feature","geometry":{"type":"LineString","coordinates":[[-2.59125,50.64542],[-2.59125,50.64542]]},"properties":{"source":"emodnet_dtm_2024","level":2}},{"type":"Feature","geometry":{"type":"LineString","coordinates":[[-1.45375,50.64542],[-1.45375,50.64542]]},"properties":{"source":"emodnet_dtm_2024","level":2}},{"type":"Feature","geometry":{"type":"LineString","coordinates":[[-2.59375,50.64625],[-2.59375,50.64625]]},"properties":{"source":"emodnet_dtm_2024","level":2}},{"type":"Feature","geometry":{"type":"LineString","coordinates":[[-2.59792,50.64875],[-2.59792,50.64875]]},"properties":{"source":"emodnet_dtm_2024","level":2}},{"type":"Feature","geometry":{"type":"LineString","coordinates":[[-2.60375,50.65292],[-2.60375,50.65292]]},"properties":{"source":"emodnet_dtm_2024","level":2}},{"type":"Feature","geometry":{"type":"LineString","coordinates":[[-2.59792,50.65292],[-2.59792,50.65292]]},"properties":{"source":"emodnet_dtm_2024","level":2}},{"type":"Feature","geometry":{"type":"LineString","coordinates":[[-2.60625,50.65375],[-2.60625,50.65375]]},"properties":{"source":"emodnet_dtm_2024","level":2}},{"type":"Feature","geometry":{"type":"LineString","coordinates":[[-2.00625,50.67542],[-2.00625,50.67542]]},"properties":{"source":"emodnet_dtm_2024","level":2}},{"type":"Feature","geometry":{"type":"LineString","coordinates":[[-1.94958,50.71042],[-1.94958,50.71042]]},"properties":{"source":"emodnet_dtm_2024","level":2}},{"type":"Feature","geometry":{"type":"LineString","coordinates":[[-1.42292,50.71042],[-1.42292,50.71042]]},"properties":{"source":"emodnet_dtm_2024","level":2}},{"type":"Feature","geometry":{"type":"LineString","coordinates":[[-1.37958,50.71625],[-1.37958,50.71625]]},"properties":{"source":"emodnet_dtm_2024","level":2}},{"type":"Feature","geometry":{"type":"LineString","coordinates":[[-1.40125,50.71708],[-1.40125,50.71708]]},"properties":{"source":"emodnet_dtm_2024","level":2}},{"type":"Feature","geometry":{"type":"LineString","coordinates":[[-1.98542,50.72042],[-1.98542,50.72042]]},"properties":{"source":"emodnet_dtm_2024","level":2}},{"type":"Feature","geometry":{"type":"LineString","coordinates":[[-1.74708,50.72458],[-1.74708,50.72458]]},"properties":{"source":"emodnet_dtm_2024","level":2}},{"type":"Feature","geometry":{"type":"LineString","coordinates":[[-1.75208,50.72542],[-1.75208,50.72542]]},"properties":{"source":"emodnet_dtm_2024","level":2}},{"type":"Feature","geometry":{"type":"LineString","coordinates":[[-1.75458,50.72708],[-1.75458,50.72708]]},"properties":{"source":"emodnet_dtm_2024","level":2}},{"type":"Feature","geometry":{"type":"LineString","coordinates":[[-1.74292,50.72708],[-1.74292,50.72708]]},"properties":{"source":"emodnet_dtm_2024","level":2}},{"type":"Feature","geometry":{"type":"LineString","coordinates":[[-1.99292,50.72875],[-1.99292,50.72875]]},"properties":{"source":"emodnet_dtm_2024","level":2}},{"type":"Feature","geometry":{"type":"LineString","coordinates":[[-2.03542,50.72958],[-2.03542,50.72958]]},"properties":{"source":"emodnet_dtm_2024","level":2}},{"type":"Feature","geometry":{"type":"LineString","coordinates":[[-1.21792,50.73125],[-1.21792,50.73125]]},"properties":{"source":"emodnet_dtm_2024","level":2}},{"type":"Feature","geometry":{"type":"LineString","coordinates":[[-1.99208,50.73208],[-1.99208,50.73208]]},"properties":{"source":"emodnet_dtm_2024","level":2}},{"type":"Feature","geometry":{"type":"LineString","coordinates":[[-1.99292,50.73292],[-1.99292,50.73292]]},"properties":{"source":"emodnet_dtm_2024","level":2}},{"type":"Feature","geometry":{"type":"LineString","coordinates":[[-1.99542,50.73375],[-1.99542,50.73375]]},"properties":{"source":"emodnet_dtm_2024","level":2}},{"type":"Feature","geometry":{"type":"LineString","coordinates":[[-0.81458,50.74208],[-0.81458,50.74208]]},"properties":{"source":"emodnet_dtm_2024","level":2}},{"type":"Feature","geometry":{"type":"LineString","coordinates":[[-0.81792,50.74375],[-0.81792,50.74375]]},"properties":{"source":"emodnet_dtm_2024","level":2}},{"type":"Feature","geometry":{"type":"LineString","coordinates":[[-0.82042,50.75625],[-0.82042,50.75625]]},"properties":{"source":"emodnet_dtm_2024","level":2}},{"type":"Feature","geometry":{"type":"LineString","coordinates":[[-0.82208,50.75792],[-0.82208,50.75792]]},"properties":{"source":"emodnet_dtm_2024","level":2}},{"type":"Feature","geometry":{"type":"LineString","coordinates":[[-1.43292,50.80875],[-1.43292,50.80875]]},"properties":{"source":"emodnet_dtm_2024","level":2}},{"type":"Feature","geometry":{"type":"LineString","coordinates":[[-0.98375,50.82125],[-0.98375,50.82125]]},"properties":{"source":"emodnet_dtm_2024","level":2}},{"type":"Feature","geometry":{"type":"LineString","coordinates":[[-1.08625,50.82792],[-1.08625,50.82792]]},"properties":{"source":"emodnet_dtm_2024","level":2}},{"type":"Feature","geometry":{"type":"LineString","coordinates":[[-1.08375,50.82792],[-1.08375,50.82792]]},"properties":{"source":"emodnet_dtm_2024","level":2}},{"type":"Feature","geometry":{"type":"LineString","coordinates":[[-1.08292,50.83042],[-1.08292,50.83042]]},"properties":{"source":"emodnet_dtm_2024","level":2}},{"type":"Feature","geometry":{"type":"LineString","coordinates":[[-1.04375,50.83292],[-1.04375,50.83292]]},"properties":{"source":"emodnet_dtm_2024","level":2}},{"type":"Feature","geometry":{"type":"LineString","coordinates":[[-1.17042,50.84875],[-1.17042,50.84875]]},"properties":{"source":"emodnet_dtm_2024","level":2}},{"type":"Feature","geometry":{"type":"LineString","coordinates":[[-2.53792,50.61875],[-2.53792,50.61875]]},"properties":{"source":"emodnet_dtm_2024","level":2}},{"type":"Feature","geometry":{"type":"LineString","coordinates":[[-2.02958,50.72792],[-2.02958,50.72792]]},"properties":{"source":"emodnet_dtm_2024","level":2}},{"type":"Feature","geometry":{"type":"LineString","coordinates":[[-2.49958,50.59708],[-2.49958,50.59708]]},"properties":{"source":"emodnet_dtm_2024","level":2}}]}