{"type":"FeatureCollection","features":[{"type":"Feature","geometry":{"type":"LineString","coordinates":[[-6.21792,36.37907],[-6.21792,36.37834],[-6.21792,36.37907]]},"properties":{"source":"emodnet_dtm_2024","level":2}},{"type":"Feature","geometry":{"type":"LineString","coordinates":[[-6.22208,36.38158],[-6.22208,36.37927],[-6.22264,36.38042],[-6.22208,36.38158]]},"properties":{"source":"emodnet_dtm_2024","level":2}},{"type":"Feature","geometry":{"type":"LineString","coordinates":[[-6.14061,36.29375],[-6.14042,36.29439],[-6.13958,36.29458],[-6.14125,36.29501],[-6.14208,36.29439],[-6.14292,36.29458],[-6.14563,36.29875],[-6.14749,36.30042],[-6.14792,36.30208],[-6.14958,36.30251],[-6.14958,36.30339],[-6.1486,36.30375],[-6.14958,36.30451],[-6.15125,36.3046],[-6.15145,36.30792],[-6.15328,36.30875],[-6.15397,36.31042],[-6.1551,36.31125],[-6.15542,36.31458],[-6.15732,36.31708],[-6.15817,36.32042],[-6.1592,36.32125],[-6.15958,36.32375],[-6.16208,36.32683],[-6.16236,36.32875],[-6.16382,36.33042],[-6.16438,36.33208],[-6.16346,36.33375],[-6.16375,36.33565],[-6.16401,36.33375],[-6.16458,36.33344],[-6.16554,36.33375],[-6.16665,36.33958],[-6.1684,36.34292],[-6.16816,36.34542],[-6.16965,36.34625],[-6.17199,36.34958],[-6.17292,36.35292],[-6.17375,36.35292],[-6.17458,36.35388],[-6.17542,36.35708],[-6.17811,36.35958],[-6.17901,36.36208],[-6.18041,36.36375],[-6.18074,36.36542],[-6.18125,36.36593],[-6.18208,36.36584],[-6.18315,36.36708],[-6.18324,36.36875],[-6.18375,36.36926],[-6.18458,36.36892],[-6.18542,36.36958],[-6.18625,36.36954],[-6.18708,36.37045],[-6.19125,36.3723],[-6.19375,36.37295],[-6.19625,36.37274],[-6.19875,36.37401],[-6.19958,36.37542],[-6.20042,36.37535],[-6.20098,36.37625],[-6.20304,36.37708],[-6.20792,36.38223],[-6.20958,36.38284],[-6.21292,36.38134],[-6.21343,36.38208],[-6.21337,36.38542],[-6.21458,36.38671],[-6.21542,36.38666],[-6.21657,36.38542],[-6.21584,36.38375],[-6.21708,36.38344],[-6.21722,36.38208],[-6.21875,36.38176],[-6.22071,36.38208],[-6.22077,36.38625],[-6.21999,36.38708],[-6.22077,36.38792],[-6.22042,36.38863],[-6.21792,36.38737],[-6.21732,36.38792],[-6.21708,36.39042],[-6.21958,36.39084],[-6.22042,36.38976],[-6.22125,36.39094],[-6.22208,36.38991],[-6.22243,36.39125],[-6.22413,36.39208],[-6.22415,36.39375],[-6.22375,36.39411],[-6.22306,36.39375],[-6.22215,36.39292],[-6.22208,36.39198],[-6.22042,36.39092],[-6.22002,36.39125],[-6.22056,36.39375],[-6.21935,36.40042],[-6.22292,36.41125],[-6.22375,36.41127],[-6.22542,36.41542],[-6.22636,36.41625],[-6.22708,36.41958],[-6.22793,36.41958],[-6.22958,36.42292],[-6.23042,36.42335],[-6.23042,36.42458],[-6.23409,36.42875],[-6.23375,36.43208],[-6.23475,36.43292],[-6.23458,36.43542],[-6.23585,36.43625],[-6.23542,36.43708],[-6.23625,36.43718],[-6.23783,36.43875],[-6.23792,36.43958],[-6.23875,36.43918],[-6.24125,36.44172],[-6.2449,36.44292],[-6.24708,36.44515],[-6.25027,36.44708],[-6.25109,36.44875],[-6.25125,36.45208],[-6.2523,36.45292],[-6.25407,36.45792],[-6.2552,36.45875],[-6.25542,36.46125],[-6.26366,36.47625],[-6.26375,36.47792],[-6.26711,36.48042],[-6.26708,36.48208],[-6.26804,36.48292],[-6.26792,36.48542],[-6.26917,36.48625],[-6.26875,36.48708],[-6.26958,36.48718],[-6.27135,36.48875],[-6.27125,36.49125],[-6.27358,36.49292],[-6.27458,36.49485],[-6.27816,36.49792],[-6.27878,36.50125],[-6.28056,36.50292],[-6.28202,36.50625],[-6.28474,36.50875],[-6.2861,36.51208],[-6.28747,36.51292],[-6.28958,36.51614],[-6.2913,36.51708],[-6.29033,36.51958],[-6.29129,36.51958],[-6.29258,36.52125],[-6.29292,36.52458],[-6.29375,36.52453],[-6.29542,36.52641],[-6.29875,36.52668],[-6.30042,36.52576],[-6.30086,36.52708],[-6.30042,36.52766],[-6.29792,36.5276],[-6.29458,36.52985],[-6.28958,36.53],[-6.28125,36.52891],[-6.27901,36.52708],[-6.27875,36.52623],[-6.27542,36.52574],[-6.27487,36.52792],[-6.27566,36.52875],[-6.27208,36.52903],[-6.27149,36.52958],[-6.27208,36.53014],[-6.27375,36.53015],[-6.27375,36.53149],[-6.27042,36.53148],[-6.26958,36.52977],[-6.26784,36.52958],[-6.26875,36.52786],[-6.26958,36.52746],[-6.27042,36.5283],[-6.27085,36.52792],[-6.27183,36.52542],[-6.27042,36.52267],[-6.27125,36.52083],[-6.27208,36.52169],[-6.27375,36.5216],[-6.27418,36.52208],[-6.27375,36.52325],[-6.27231,36.52375],[-6.27458,36.52509],[-6.27792,36.52489],[-6.27832,36.52375],[-6.27749,36.52208],[-6.27458,36.5206],[-6.27292,36.51819],[-6.27208,36.51923],[-6.2708,36.51792],[-6.26744,36.51292],[-6.26793,36.51208],[-6.2663,36.51042],[-6.26625,36.50958],[-6.26292,36.50958],[-6.26292,36.51055],[-6.26208,36.51156],[-6.26125,36.51153],[-6.26006,36.50958],[-6.26042,36.50907],[-6.26211,36.50875],[-6.26117,36.50625],[-6.26165,36.50458],[-6.26009,36.50375],[-6.26053,36.50292],[-6.2622,36.50208],[-6.26273,36.49875],[-6.26458,36.49792],[-6.26292,36.49699],[-6.25958,36.49663],[-6.25875,36.49705],[-6.25792,36.49856],[-6.25625,36.49862],[-6.25542,36.49935],[-6.25352,36.49958],[-6.25499,36.50458],[-6.25542,36.50499],[-6.25582,36.50458],[-6.25625,36.50249],[-6.25708,36.50259],[-6.25774,36.50292],[-6.25774,36.50458],[-6.25858,36.50625],[-6.25958,36.50566],[-6.26015,36.50625],[-6.2592,36.50708],[-6.25997,36.50792],[-6.25958,36.50816],[-6.25792,36.50779],[-6.25625,36.50829],[-6.25582,36.50792],[-6.25625,36.50749],[-6.25708,36.50761],[-6.25754,36.50708],[-6.25764,36.50542],[-6.25625,36.50501],[-6.25584,36.50625],[-6.25458,36.50733],[-6.25434,36.50708],[-6.25318,36.50375],[-6.25193,36.50292],[-6.24956,36.49958],[-6.24971,36.49708],[-6.24863,36.49625],[-6.24849,36.49458],[-6.24634,36.49125],[-6.24708,36.48944],[-6.24625,36.48844],[-6.24542,36.48851],[-6.24458,36.4899],[-6.24418,36.48875],[-6.24476,36.48792],[-6.24375,36.48776],[-6.24252,36.48625],[-6.24346,36.48458],[-6.24292,36.48333],[-6.24542,36.4833],[-6.24575,36.48292],[-6.24542,36.48256],[-6.24375,36.48271],[-6.24259,36.48208],[-6.24375,36.48092],[-6.24625,36.47999],[-6.24625,36.47888],[-6.24542,36.47975],[-6.24292,36.4799],[-6.24297,36.47875],[-6.24454,36.47708],[-6.2438,36.47625],[-6.24292,36.476],[-6.24125,36.47665],[-6.23792,36.47521],[-6.23625,36.47702],[-6.23542,36.47528],[-6.23292,36.47647],[-6.23042,36.47624],[-6.22958,36.47666],[-6.22875,36.47608],[-6.22099,36.48208],[-6.22121,36.48292],[-6.21625,36.48422],[-6.21458,36.48563],[-6.21292,36.4858],[-6.21042,36.48509],[-6.20708,36.48509],[-6.20458,36.48583],[-6.20375,36.48517],[-6.20292,36.48539],[-6.20017,36.49042],[-6.19664,36.49375],[-6.19779,36.49792],[-6.1968,36.49958],[-6.19542,36.50057],[-6.19375,36.50042],[-6.19375,36.50134],[-6.19292,36.50142],[-6.19208,36.50085],[-6.19084,36.50375],[-6.18916,36.50458],[-6.18853,36.50708],[-6.18625,36.50867],[-6.18458,36.50895],[-6.18285,36.51042],[-6.18241,36.51125],[-6.18289,36.51208],[-6.1818,36.51292],[-6.181,36.51625],[-6.18122,36.51792],[-6.18708,36.51923],[-6.19208,36.51877],[-6.19792,36.51446],[-6.20014,36.51125],[-6.20372,36.50792],[-6.20386,36.50708],[-6.20792,36.50255],[-6.20875,36.50379],[-6.21042,36.50371],[-6.21218,36.50458],[-6.21135,36.50625],[-6.21305,36.50792],[-6.21458,36.50841],[-6.21625,36.50824],[-6.22042,36.50355],[-6.22125,36.50498],[-6.22347,36.50292],[-6.22418,36.50208],[-6.22402,36.50042],[-6.23042,36.49417],[-6.23208,36.49484],[-6.23458,36.49351],[-6.23531,36.49542],[-6.23625,36.49673],[-6.23708,36.49647],[-6.23792,36.49838],[-6.23875,36.4971],[-6.23958,36.49713],[-6.24042,36.49886],[-6.24125,36.4984],[-6.24208,36.49662],[-6.24247,36.49792],[-6.24189,36.49958],[-6.24337,36.50208],[-6.24375,36.50448],[-6.24458,36.50481],[-6.24576,36.50792],[-6.24467,36.50875],[-6.24792,36.51197],[-6.24875,36.51208],[-6.25071,36.51375],[-6.25179,36.51708],[-6.25292,36.51787],[-6.25458,36.51785],[-6.25489,36.51875],[-6.25208,36.52153],[-6.24792,36.52292],[-6.24583,36.52792],[-6.25042,36.52813],[-6.25125,36.52893],[-6.25458,36.5291],[-6.25542,36.52996],[-6.25625,36.52916],[-6.25875,36.52924],[-6.25958,36.52768],[-6.26001,36.52875],[-6.25875,36.53058],[-6.25625,36.53042],[-6.25542,36.53164],[-6.25458,36.53113],[-6.25292,36.53283],[-6.25125,36.53279],[-6.2511,36.53375],[-6.24792,36.5381],[-6.24875,36.53352],[-6.23786,36.53458],[-6.23667,36.53708],[-6.23666,36.53875],[-6.23744,36.54042],[-6.23896,36.54125],[-6.23458,36.54477],[-6.23275,36.54792],[-6.23312,36.54958],[-6.23211,36.55042],[-6.23189,36.55208],[-6.23271,36.55375],[-6.23118,36.55708],[-6.23025,36.55792],[-6.23066,36.55875],[-6.22958,36.55909],[-6.22875,36.56077],[-6.22792,36.55905],[-6.22639,36.55958],[-6.22708,36.56076],[-6.22832,36.56125],[-6.22917,36.56292],[-6.22834,36.56708],[-6.22934,36.57125],[-6.22889,36.57292],[-6.22931,36.57375],[-6.23042,36.57388],[-6.23118,36.57458],[-6.231,36.57625],[-6.23186,36.57708],[-6.23125,36.57792],[-6.23208,36.57792],[-6.2338,36.57542],[-6.23412,36.57208],[-6.23875,36.56772],[-6.239,36.56958],[-6.24039,36.57125],[-6.24097,36.57375],[-6.23875,36.57542],[-6.24125,36.57629],[-6.24458,36.57242],[-6.24542,36.57292],[-6.2456,36.57208],[-6.24649,36.57208],[-6.24674,36.57292],[-6.24458,36.57525],[-6.24375,36.57528],[-6.24281,36.57625],[-6.24292,36.57792],[-6.24375,36.57708],[-6.24458,36.57717],[-6.24469,36.57625],[-6.24792,36.57327],[-6.24875,36.57342],[-6.24931,36.57292],[-6.24958,36.57098],[-6.24958,36.57413],[-6.25042,36.5751],[-6.25208,36.57551],[-6.25458,36.57506],[-6.25875,36.57609],[-6.25906,36.57708],[-6.26042,36.57792],[-6.26625,36.57835],[-6.27042,36.58197],[-6.27092,36.58542],[-6.27222,36.58708],[-6.27354,36.59042],[-6.27292,36.59125],[-6.27375,36.59146],[-6.27542,36.59458],[-6.27875,36.59865],[-6.2789,36.59958],[-6.28042,36.60096],[-6.28042,36.60208],[-6.28375,36.60435],[-6.28542,36.60471],[-6.28792,36.60843],[-6.28924,36.60875],[-6.29125,36.61057],[-6.29292,36.61038],[-6.29542,36.6114],[-6.29875,36.61408],[-6.30042,36.61424],[-6.30208,36.61592],[-6.30375,36.61625],[-6.30458,36.61524],[-6.30708,36.61458],[-6.30792,36.6137],[-6.30825,36.61458],[-6.30958,36.61542],[-6.31042,36.6153],[-6.31208,36.61616],[-6.31375,36.61574],[-6.31406,36.61542],[-6.31292,36.61516],[-6.3126,36.61458],[-6.31375,36.6134],[-6.31458,36.61494],[-6.3164,36.61542],[-6.31408,36.61708],[-6.31458,36.61958],[-6.31542,36.6195],[-6.31708,36.62087],[-6.32042,36.61994],[-6.32375,36.62134],[-6.32542,36.6235],[-6.32708,36.62277],[-6.32708,36.62097],[-6.32822,36.62125],[-6.32826,36.62292],[-6.32958,36.62434],[-6.33625,36.62386],[-6.33672,36.62292],[-6.3367,36.61958],[-6.33625,36.61914],[-6.33458,36.6191],[-6.33344,36.61708],[-6.33208,36.61571],[-6.33098,36.61542],[-6.33139,36.61375],[-6.32875,36.61082],[-6.32847,36.61208],[-6.32958,36.61208],[-6.32931,36.61292],[-6.33042,36.61486],[-6.33208,36.61442],[-6.33458,36.61694],[-6.33875,36.61902],[-6.33926,36.62042],[-6.33847,36.62292],[-6.33888,36.62375],[-6.34208,36.62417],[-6.34458,36.62375],[-6.34438,36.62292],[-6.34542,36.62112],[-6.34787,36.61958],[-6.34865,36.61292],[-6.35125,36.61131],[-6.35208,36.61208],[-6.35375,36.61125],[-6.35625,36.61196],[-6.35875,36.61125],[-6.36042,36.61291],[-6.36208,36.61266],[-6.36292,36.61372],[-6.36368,36.61375],[-6.36375,36.61562],[-6.36708,36.61564],[-6.36891,36.61708],[-6.37125,36.61667],[-6.37458,36.61994],[-6.37625,36.6198],[-6.37792,36.62078],[-6.37875,36.6204],[-6.38024,36.62208],[-6.38208,36.62236],[-6.38542,36.62471],[-6.38708,36.62475],[-6.39125,36.62926],[-6.39208,36.62908],[-6.39284,36.62958],[-6.39542,36.6321],[-6.39555,36.63375],[-6.39672,36.63458],[-6.39638,36.63708],[-6.3957,36.63792],[-6.39632,36.64125],[-6.39563,36.64708],[-6.39625,36.64875],[-6.39823,36.65042],[-6.39995,36.65292],[-6.40024,36.65625],[-6.40375,36.65917],[-6.40414,36.66042],[-6.40618,36.66208],[-6.40895,36.66625],[-6.40958,36.66875],[-6.41237,36.67042],[-6.41229,36.67125],[-6.41344,36.67208],[-6.41375,36.67458],[-6.41458,36.67464],[-6.41708,36.67875],[-6.41836,36.67958],[-6.41792,36.68208],[-6.41875,36.68215],[-6.41926,36.68292],[-6.42003,36.68542],[-6.41958,36.68625],[-6.42127,36.68708],[-6.42208,36.68958],[-6.42292,36.69042],[-6.42375,36.69029],[-6.42458,36.69115],[-6.42455,36.69208],[-6.42608,36.69458],[-6.42572,36.69625],[-6.42651,36.69875],[-6.42708,36.6993],[-6.42875,36.69913],[-6.42958,36.70261],[-6.43208,36.7028],[-6.43321,36.70375],[-6.43293,36.70458],[-6.43458,36.70582],[-6.4352,36.70708],[-6.43504,36.70875],[-6.43593,36.71125],[-6.43542,36.71208],[-6.43625,36.71215],[-6.43781,36.71375],[-6.43875,36.71625],[-6.43958,36.71666],[-6.44042,36.7184],[-6.44244,36.72042],[-6.44349,36.72292],[-6.44459,36.73125],[-6.44362,36.73292],[-6.44458,36.73449],[-6.44625,36.73522],[-6.44662,36.73625],[-6.44502,36.73792],[-6.4449,36.73875],[-6.44208,36.74096],[-6.44125,36.7405],[-6.43958,36.74267],[-6.43792,36.74346],[-6.43708,36.74447],[-6.43591,36.74458],[-6.43487,36.74625],[-6.43375,36.74625],[-6.43292,36.74781],[-6.43125,36.74828],[-6.42958,36.75014],[-6.42708,36.75031],[-6.42375,36.74773],[-6.42125,36.74903],[-6.42058,36.74875],[-6.42042,36.74784],[-6.41958,36.74801],[-6.41537,36.75208],[-6.41491,36.75458],[-6.41322,36.75542],[-6.41351,36.75792],[-6.41125,36.76089],[-6.41037,36.76125],[-6.4089,36.76458],[-6.40788,36.76542],[-6.40625,36.76642],[-6.40292,36.76719],[-6.40142,36.76708],[-6.40042,36.76643],[-6.39708,36.76676],[-6.39208,36.76922],[-6.38958,36.76979],[-6.38887,36.76958],[-6.38875,36.76872],[-6.38624,36.77042],[-6.38619,36.77208],[-6.38292,36.7742],[-6.38208,36.77354],[-6.38125,36.7737],[-6.38042,36.77534],[-6.37875,36.77507],[-6.37458,36.77943],[-6.37297,36.77875],[-6.37125,36.77875],[-6.37042,36.77958],[-6.36792,36.77958],[-6.36792,36.78125],[-6.36708,36.78207],[-6.36458,36.78208],[-6.36208,36.78458],[-6.35958,36.78462],[-6.35708,36.78792],[-6.35542,36.78792],[-6.35458,36.78875],[-6.35375,36.78836],[-6.34792,36.78854],[-6.34667,36.78958],[-6.34625,36.79208],[-6.34542,36.79292],[-6.34292,36.79292],[-6.34292,36.79375],[-6.34208,36.79458],[-6.34292,36.79542],[-6.34277,36.79625],[-6.34107,36.79958],[-6.33899,36.80208],[-6.33875,36.80708],[-6.33875,36.81042],[-6.33958,36.81146],[-6.34125,36.81215],[-6.34245,36.81375],[-6.34292,36.81903],[-6.34375,36.81979],[-6.34625,36.82042],[-6.34687,36.82292],[-6.34792,36.82375],[-6.35,36.82292],[-6.34583,36.81458],[-6.34792,36.81042],[-6.34821,36.80625],[-6.34996,36.79875],[-6.35208,36.79542],[-6.36375,36.79542],[-6.36625,36.79458],[-6.37208,36.79458],[-6.37219,36.79375],[-6.37375,36.79266],[-6.37458,36.79303],[-6.37542,36.79504],[-6.37792,36.79493],[-6.37833,36.79542],[-6.37792,36.79614],[-6.37654,36.79625],[-6.37708,36.79688],[-6.38125,36.79688],[-6.38708,36.79815],[-6.38708,36.79695],[-6.38542,36.79701],[-6.38458,36.79612],[-6.37958,36.79614],[-6.37917,36.79542],[-6.37958,36.7943],[-6.38292,36.792],[-6.38676,36.79292],[-6.38792,36.79475],[-6.38875,36.79463],[-6.3898,36.79542],[-6.39042,36.79687],[-6.39125,36.79692],[-6.39163,36.79792],[-6.39542,36.80095],[-6.39625,36.80123],[-6.39708,36.79989],[-6.39958,36.79905],[-6.39958,36.80038],[-6.39867,36.80042],[-6.39875,36.80211],[-6.39708,36.80375],[-6.39958,36.80577],[-6.39939,36.80375],[-6.40125,36.80414],[-6.4021,36.80542],[-6.4017,36.80708],[-6.40208,36.8075],[-6.40375,36.80738],[-6.40466,36.81042],[-6.40417,36.81208],[-6.406,36.81292],[-6.40566,36.81458],[-6.40613,36.81625],[-6.40495,36.81708],[-6.40573,36.81792],[-6.40554,36.81958],[-6.4079,36.82125],[-6.40749,36.82208],[-6.40875,36.82337],[-6.40988,36.82625],[-6.41023,36.82958],[-6.41359,36.83458],[-6.4137,36.83625],[-6.41472,36.83708],[-6.41458,36.83833],[-6.41625,36.83966],[-6.41708,36.83939],[-6.4168,36.84125],[-6.41832,36.84208],[-6.41822,36.84292],[-6.41966,36.84375],[-6.41981,36.84542],[-6.41893,36.84625],[-6.41997,36.84875],[-6.42227,36.85042],[-6.42183,36.85125],[-6.42292,36.85225],[-6.42344,36.85375],[-6.42466,36.85458],[-6.42421,36.85708],[-6.42542,36.8586],[-6.42604,36.86125],[-6.42797,36.86292],[-6.42895,36.86625],[-6.43074,36.86792],[-6.43199,36.87042],[-6.43144,36.87125],[-6.43208,36.8721],[-6.43292,36.87226],[-6.43458,36.87521],[-6.43474,36.87708],[-6.43575,36.87875],[-6.43531,36.87958],[-6.43708,36.88118],[-6.43722,36.88292],[-6.43807,36.88375],[-6.43792,36.88542],[-6.44195,36.89125],[-6.44311,36.89375],[-6.44292,36.89458],[-6.44419,36.89542],[-6.44503,36.89875],[-6.44472,36.89958],[-6.44542,36.9003],[-6.44625,36.9],[-6.44698,36.90042],[-6.44708,36.90208],[-6.44792,36.90292],[-6.4488,36.90292],[-6.45045,36.90542],[-6.45042,36.90708],[-6.45542,36.9117],[-6.4583,36.91625],[-6.45974,36.91708],[-6.46065,36.91875],[-6.46042,36.91958],[-6.46137,36.91958],[-6.46385,36.92208],[-6.46375,36.92292],[-6.46458,36.92375],[-6.46542,36.92365],[-6.47024,36.92792],[-6.47857,36.93625],[-6.47958,36.93824],[-6.4828,36.94042],[-6.49358,36.95125],[-6.49546,36.95208],[-6.49625,36.95375],[-6.4971,36.95375],[-6.50042,36.95792],[-6.50125,36.95807],[-6.50453,36.96125],[-6.50458,36.96208],[-6.50732,36.96292],[-6.50875,36.96542],[-6.50961,36.96542],[-6.50958,36.96625],[-6.51042,36.96626],[-6.51208,36.96794],[-6.51458,36.96904],[-6.51625,36.97116],[-6.51708,36.97083],[-6.51958,36.97323],[-6.52421,36.97542],[-6.52563,36.97708],[-6.52868,36.97875],[-6.52874,36.97958],[-6.52958,36.98017],[-6.53208,36.98051],[-6.53375,36.98186],[-6.53625,36.98211],[-6.54042,36.98494],[-6.54208,36.98724],[-6.54484,36.98792],[-6.54625,36.98958],[-6.54625,36.99042],[-6.54708,36.98977],[-6.54792,36.98999],[-6.55208,36.99331],[-6.55375,36.99386],[-6.55458,36.99458],[-6.55458,36.99542],[-6.55542,36.99537],[-6.55708,36.99685],[-6.55792,36.99677],[-6.56125,36.99892],[-6.56208,36.99887],[-6.56625,37.00225],[-6.56792,37.00272],[-6.56792,37.00375],[-6.571,37.00458],[-6.57292,37.00669],[-6.57458,37.00719],[-6.57875,37.01054],[-6.57958,37.01037],[-6.58208,37.01246],[-6.58292,37.01246],[-6.58375,37.01338],[-6.58542,37.01362],[-6.58708,37.01459],[-6.58798,37.01542],[-6.58792,37.01625],[-6.59042,37.01666],[-6.59125,37.01782],[-6.59292,37.01758],[-6.59458,37.01881],[-6.59625,37.0188],[-6.60194,37.02292],[-6.60375,37.02388],[-6.60542,37.02386],[-6.60792,37.02633],[-6.61125,37.02746],[-6.61542,37.03042],[-6.61634,37.03042],[-6.61708,37.03208],[-6.61792,37.03127],[-6.61875,37.03126],[-6.62042,37.03253],[-6.62389,37.03375],[-6.62542,37.03625],[-6.62626,37.03625],[-6.62625,37.03708],[-6.62875,37.03675],[-6.63292,37.03981],[-6.63458,37.03974],[-6.63542,37.04018],[-6.63542,37.04125],[-6.63708,37.04099],[-6.63792,37.0418],[-6.63988,37.04208],[-6.64042,37.04278],[-6.64208,37.04256],[-6.64304,37.04375],[-6.64292,37.04458],[-6.64375,37.04424],[-6.64542,37.04522],[-6.64625,37.04513],[-6.6504,37.04792],[-6.65042,37.04875],[-6.65125,37.04853],[-6.65292,37.04904],[-6.65375,37.05023],[-6.65458,37.05001],[-6.65708,37.05106],[-6.65792,37.05213],[-6.65875,37.05186],[-6.65989,37.05292],[-6.65958,37.05375],[-6.66042,37.05359],[-6.66125,37.05454],[-6.66458,37.05514],[-6.66707,37.05708],[-6.66708,37.05792],[-6.66792,37.05733],[-6.66958,37.0576],[-6.67042,37.05875],[-6.67125,37.05853],[-6.67458,37.06064],[-6.67542,37.06048],[-6.67792,37.06166],[-6.67875,37.06286],[-6.67958,37.06252],[-6.68292,37.06492],[-6.68516,37.06542],[-6.68542,37.06625],[-6.68708,37.066],[-6.69208,37.06904],[-6.69458,37.0698],[-6.69625,37.07184],[-6.69875,37.07301],[-6.70042,37.07295],[-6.70148,37.07375],[-6.70125,37.07458],[-6.70302,37.07458],[-6.70453,37.07625],[-6.70458,37.07708],[-6.70542,37.07664],[-6.70625,37.07792],[-6.70792,37.07779],[-6.71016,37.07958],[-6.71208,37.07986],[-6.71292,37.08125],[-6.71375,37.08049],[-6.71542,37.08068],[-6.71625,37.08162],[-6.71757,37.08208],[-6.71792,37.08292],[-6.71958,37.08371],[-6.72125,37.08384],[-6.72708,37.08665],[-6.72958,37.08667],[-6.73292,37.08974],[-6.73458,37.08972],[-6.73542,37.09019],[-6.73542,37.09125],[-6.73708,37.09101],[-6.73792,37.09187],[-6.74125,37.09309],[-6.74208,37.09458],[-6.74292,37.09406],[-6.74385,37.09458],[-6.74375,37.09542],[-6.74458,37.0955],[-6.74542,37.09632],[-6.74792,37.0968],[-6.74958,37.0983],[-6.7519,37.09875],[-6.75208,37.09958],[-6.75375,37.09977],[-6.75708,37.10128],[-6.75875,37.10292],[-6.76017,37.10292],[-6.76042,37.10375],[-6.76125,37.10382],[-6.76208,37.10465],[-6.76625,37.10555],[-6.76705,37.10625],[-6.76708,37.10708],[-6.76763,37.10625],[-6.76958,37.10649],[-6.77042,37.10754],[-6.7765,37.11042],[-6.77625,37.11125],[-6.77708,37.11095],[-6.77792,37.11148],[-6.78125,37.11187],[-6.78375,37.11339],[-6.78625,37.11393],[-6.78708,37.11494],[-6.78844,37.11542],[-6.78875,37.11625],[-6.79042,37.11672],[-6.79208,37.1165],[-6.79458,37.1178],[-6.79542,37.11882],[-6.79708,37.11857],[-6.79875,37.11931],[-6.8013,37.11958],[-6.80375,37.12096],[-6.80458,37.12009],[-6.80625,37.12077],[-6.80792,37.12004],[-6.81042,37.12057],[-6.81208,37.11996],[-6.81708,37.12222],[-6.82042,37.12227],[-6.82208,37.12452],[-6.82708,37.12597],[-6.82958,37.12609],[-6.83042,37.1276],[-6.83208,37.12746],[-6.83458,37.12933],[-6.8368,37.12958],[-6.83731,37.13125],[-6.83645,37.13375],[-6.83708,37.134],[-6.83792,37.13593],[-6.84125,37.13574],[-6.84208,37.13677],[-6.84542,37.13676],[-6.84625,37.13767],[-6.84875,37.13771],[-6.85125,37.13872],[-6.85208,37.14016],[-6.85375,37.13993],[-6.85458,37.14095],[-6.85708,37.14091],[-6.85792,37.14184],[-6.85958,37.14176],[-6.86125,37.1429],[-6.86375,37.14276],[-6.86458,37.14422],[-6.86708,37.14392],[-6.86875,37.14592],[-6.87228,37.14708],[-6.87292,37.1483],[-6.87375,37.1484],[-6.87394,37.14792],[-6.87403,37.14708],[-6.87331,37.14625],[-6.87375,37.14553],[-6.87571,37.14708],[-6.87625,37.14836],[-6.87792,37.1476],[-6.88042,37.15003],[-6.88292,37.15086],[-6.88375,37.15254],[-6.88458,37.15216],[-6.88542,37.15337],[-6.88708,37.15324],[-6.88792,37.15422],[-6.89125,37.15537],[-6.89375,37.15838],[-6.89625,37.15879],[-6.89701,37.15958],[-6.89708,37.16125],[-6.90053,37.16375],[-6.90125,37.16513],[-6.90292,37.16487],[-6.90375,37.16533],[-6.90625,37.16753],[-6.90792,37.16818],[-6.90875,37.16937],[-6.90958,37.16915],[-6.90958,37.17047],[-6.91125,37.17015],[-6.91123,37.17125],[-6.91292,37.17139],[-6.91458,37.17375],[-6.91625,37.17398],[-6.92458,37.1816],[-6.92625,37.18148],[-6.92708,37.18257],[-6.92958,37.18243],[-6.9299,37.18292],[-6.92891,37.18375],[-6.93001,37.18625],[-6.93042,37.18672],[-6.93208,37.1857],[-6.93292,37.18618],[-6.93448,37.18875],[-6.93458,37.19042],[-6.93681,37.19208],[-6.93542,37.19237],[-6.93375,37.19102],[-6.9337,37.19375],[-6.93708,37.19629],[-6.93741,37.19542],[-6.93668,37.19458],[-6.93708,37.19239],[-6.93792,37.19458],[-6.93907,37.19208],[-6.9378,37.18958],[-6.93778,37.18792],[-6.93615,37.18708],[-6.93567,37.18625],[-6.93625,37.18458],[-6.93475,37.18375],[-6.93625,37.18339],[-6.93792,37.18446],[-6.93958,37.18285],[-6.95625,37.18292],[-6.95542,37.1818],[-6.95458,37.1818],[-6.95292,37.17936],[-6.94958,37.17788],[-6.94792,37.17813],[-6.94708,37.17774],[-6.94583,37.17708],[-6.94699,37.17625],[-6.94542,37.17613],[-6.94315,37.17458],[-6.9457,37.17375],[-6.94571,37.17125],[-6.94458,37.17012],[-6.94375,37.17011],[-6.94208,37.16759],[-6.93958,37.16752],[-6.93875,37.16669],[-6.93792,37.16667],[-6.93625,37.165],[-6.93502,37.16458],[-6.93458,37.16333],[-6.93375,37.16333],[-6.93292,37.16252],[-6.93125,37.16248],[-6.92958,37.16085],[-6.92875,37.16083],[-6.92792,37.15914],[-6.92625,37.15919],[-6.92375,37.15756],[-6.92125,37.15755],[-6.92042,37.15676],[-6.91792,37.15676],[-6.91708,37.15517],[-6.91625,37.15516],[-6.91542,37.15439],[-6.91375,37.15439],[-6.91292,37.15361],[-6.91042,37.15361],[-6.90958,37.15281],[-6.90792,37.15275],[-6.90708,37.15109],[-6.90542,37.15111],[-6.90292,37.14951],[-6.90125,37.1495],[-6.90042,37.1487],[-6.89958,37.14869],[-6.89875,37.14792],[-6.89875,37.14703],[-6.89625,37.147],[-6.89542,37.14616],[-6.89375,37.14614],[-6.89125,37.14452],[-6.88875,37.14452],[-6.88792,37.14375],[-6.88792,37.14288],[-6.88458,37.14282],[-6.88375,37.14193],[-6.88125,37.14185],[-6.87875,37.14023],[-6.87625,37.14021],[-6.87542,37.13852],[-6.87458,37.1385],[-6.87375,37.13769],[-6.87208,37.13769],[-6.86958,37.13615],[-6.86792,37.13612],[-6.86708,37.13439],[-6.86625,37.13435],[-6.86542,37.13349],[-6.86375,37.13345],[-6.86292,37.13259],[-6.85958,37.13253],[-6.85749,37.13125],[-6.85708,37.12993],[-6.85542,37.13002],[-6.85125,37.12758],[-6.85042,37.1276],[-6.84875,37.12514],[-6.84708,37.12513],[-6.84625,37.12425],[-6.84542,37.12424],[-6.84507,37.12458],[-6.84625,37.12574],[-6.8477,37.12625],[-6.84792,37.12743],[-6.84875,37.1273],[-6.85173,37.12958],[-6.8516,37.13208],[-6.85208,37.13263],[-6.85292,37.13246],[-6.85542,37.13416],[-6.85792,37.13415],[-6.85875,37.13596],[-6.86125,37.13581],[-6.86375,37.13739],[-6.86542,37.13734],[-6.86767,37.13875],[-6.86792,37.14002],[-6.86958,37.13986],[-6.87208,37.14152],[-6.87542,37.14149],[-6.87625,37.14063],[-6.87792,37.14061],[-6.88099,37.14292],[-6.88075,37.14375],[-6.88125,37.14424],[-6.88292,37.14394],[-6.88375,37.14475],[-6.88708,37.14464],[-6.88875,37.14642],[-6.89042,37.14642],[-6.89125,37.14819],[-6.89208,37.14819],[-6.89292,37.14912],[-6.89458,37.14896],[-6.89591,37.15208],[-6.89748,37.15375],[-6.89875,37.15408],[-6.89958,37.15494],[-6.90125,37.15493],[-6.9017,37.15542],[-6.90125,37.15673],[-6.89792,37.15537],[-6.89292,37.14992],[-6.89208,37.14956],[-6.89125,37.14989],[-6.88875,37.14894],[-6.88708,37.14725],[-6.88458,37.14754],[-6.88375,37.14719],[-6.87958,37.14364],[-6.87875,37.14393],[-6.87708,37.14252],[-6.87458,37.14369],[-6.87292,37.14341],[-6.86708,37.14022],[-6.86625,37.14024],[-6.8654,37.13958],[-6.86542,37.13875],[-6.86375,37.13879],[-6.86042,37.13692],[-6.85875,37.1367],[-6.85375,37.13473],[-6.85002,37.13208],[-6.84792,37.1287],[-6.84625,37.12861],[-6.84542,37.12625],[-6.84456,37.12625],[-6.84458,37.12542],[-6.84375,37.12537],[-6.84208,37.12367],[-6.84042,37.12308],[-6.84042,37.12208],[-6.83909,37.12042],[-6.84076,37.11958],[-6.84125,37.1174],[-6.84208,37.11958],[-6.84292,37.11949],[-6.84327,37.12042],[-6.84208,37.12091],[-6.84125,37.12008],[-6.84092,37.12125],[-6.84257,37.12208],[-6.84244,37.12292],[-6.84375,37.12428],[-6.84494,37.12375],[-6.84508,37.12208],[-6.84458,37.12158],[-6.84375,37.12173],[-6.84326,37.12125],[-6.84375,37.12089],[-6.84514,37.12125],[-6.84708,37.12375],[-6.84875,37.12411],[-6.85042,37.12584],[-6.8516,37.12625],[-6.85208,37.12754],[-6.85292,37.12725],[-6.85458,37.12766],[-6.85542,37.12875],[-6.85708,37.12865],[-6.85792,37.12964],[-6.86208,37.13083],[-6.86375,37.13208],[-6.86458,37.13182],[-6.86625,37.13271],[-6.86708,37.13261],[-6.87042,37.13477],[-6.87375,37.13554],[-6.87458,37.13623],[-6.87958,37.13706],[-6.88208,37.13874],[-6.88292,37.13823],[-6.88375,37.13868],[-6.88542,37.13856],[-6.88708,37.1396],[-6.88792,37.13915],[-6.88939,37.13958],[-6.89458,37.14269],[-6.89542,37.14237],[-6.89625,37.1434],[-6.89708,37.14288],[-6.89875,37.14395],[-6.89978,37.14375],[-6.90208,37.14578],[-6.90458,37.14643],[-6.90542,37.14743],[-6.90708,37.14757],[-6.90792,37.14856],[-6.90875,37.14754],[-6.90958,37.14856],[-6.91208,37.14818],[-6.91292,37.15028],[-6.91458,37.14943],[-6.91542,37.14952],[-6.91583,37.15125],[-6.91708,37.15203],[-6.91875,37.15194],[-6.92125,37.15307],[-6.92292,37.15256],[-6.92458,37.15437],[-6.92619,37.15458],[-6.92708,37.15594],[-6.93073,37.15792],[-6.93125,37.15904],[-6.93308,37.15875],[-6.93291,37.15958],[-6.93375,37.1593],[-6.93458,37.16047],[-6.93625,37.16119],[-6.93708,37.16276],[-6.93792,37.1617],[-6.93875,37.16265],[-6.94208,37.16269],[-6.94362,37.16125],[-6.94428,37.15958],[-6.94491,37.15958],[-6.94542,37.16082],[-6.94792,37.15897],[-6.94958,37.15988],[-6.95042,37.16129],[-6.95292,37.16144],[-6.95353,37.16208],[-6.95401,37.16375],[-6.95322,37.16542],[-6.95369,37.16625],[-6.95458,37.16584],[-6.95542,37.16698],[-6.95708,37.16704],[-6.95792,37.16809],[-6.95875,37.16782],[-6.95958,37.16903],[-6.96125,37.16906],[-6.96208,37.17012],[-6.96292,37.16945],[-6.96458,37.17065],[-6.96625,37.17089],[-6.96657,37.17208],[-6.96875,37.17326],[-6.97042,37.17352],[-6.97125,37.17448],[-6.97835,37.17792],[-6.98014,37.17958],[-6.98208,37.17958],[-6.98658,37.18292],[-6.99542,37.18568],[-6.99875,37.18816],[-6.99958,37.18804],[-7.00247,37.18958],[-7.00458,37.1914],[-7.00625,37.19201],[-7.00792,37.19188],[-7.01125,37.19426],[-7.01625,37.1951],[-7.01792,37.19608],[-7.02042,37.19628],[-7.02208,37.19705],[-7.02458,37.19709],[-7.02625,37.19809],[-7.02958,37.19829],[-7.03125,37.19945],[-7.03542,37.20051],[-7.03708,37.20162],[-7.03792,37.20144],[-7.03958,37.20269],[-7.04208,37.20275],[-7.04458,37.20219],[-7.04875,37.20402],[-7.05542,37.20444],[-7.05875,37.20262],[-7.06147,37.20292],[-7.06208,37.20375],[-7.06292,37.20266],[-7.08458,37.20269],[-7.08625,37.20289],[-7.08708,37.20356],[-7.09708,37.20331],[-7.09875,37.20423],[-7.10125,37.2041],[-7.10292,37.20483],[-7.11625,37.20479],[-7.11708,37.20642],[-7.14708,37.20639],[-7.14875,37.20497],[-7.15958,37.20507],[-7.16208,37.2041],[-7.19292,37.20402],[-7.19792,37.20311],[-7.20458,37.20301],[-7.20625,37.20252],[-7.21125,37.20247],[-7.21208,37.20292],[-7.21292,37.20198],[-7.22625,37.20191],[-7.22958,37.20141],[-7.23625,37.20143],[-7.23708,37.20208],[-7.23792,37.20095],[-7.25458,37.2009],[-7.26042,37.20053],[-7.26208,37.20002],[-7.26958,37.19981],[-7.27292,37.19898],[-7.27958,37.19836],[-7.28125,37.19769],[-7.28625,37.19734],[-7.28708,37.19792],[-7.28792,37.19678],[-7.29125,37.1967],[-7.29625,37.19522],[-7.29875,37.19542],[-7.29958,37.19418],[-7.30125,37.19366],[-7.30542,37.1931],[-7.30792,37.19206],[-7.31292,37.19147],[-7.31375,37.19053],[-7.31625,37.19065],[-7.31708,37.1894],[-7.31875,37.18932],[-7.31958,37.18986],[-7.3198,37.18875],[-7.32208,37.18808],[-7.32349,37.18708],[-7.32375,37.18625],[-7.32458,37.18629],[-7.32481,37.18708],[-7.32542,37.18723],[-7.32684,37.18542],[-7.32574,37.18375],[-7.32625,37.18125],[-7.32792,37.18125],[-7.32806,37.18042],[-7.32708,37.18031],[-7.32645,37.17958],[-7.32792,37.1793],[-7.32958,37.18013],[-7.33125,37.18281],[-7.33208,37.18276],[-7.33292,37.18194],[-7.33625,37.18176],[-7.33708,37.18023],[-7.33792,37.18022],[-7.33875,37.17951],[-7.34125,37.17936],[-7.34375,37.17736],[-7.34625,37.17725],[-7.34708,37.17561],[-7.34891,37.17542],[-7.34731,37.17458],[-7.35125,37.16741],[-7.35306,37.16792],[-7.35306,37.17292],[-7.35708,37.17305],[-7.35792,37.17379],[-7.36208,37.17376],[-7.36375,37.17257],[-7.36387,37.17292],[-7.36625,37.17294],[-7.36628,37.17208],[-7.36792,37.17046],[-7.37042,37.17045],[-7.37125,37.16966],[-7.37489,37.16958],[-7.37542,37.16861],[-7.37731,37.16875],[-7.37801,37.16792],[-7.37482,37.16292],[-7.37701,37.16208],[-7.37875,37.16069],[-7.38375,37.16426],[-7.38658,37.16875],[-7.38647,37.16958],[-7.38542,37.16992],[-7.38125,37.16924],[-7.38035,37.16958],[-7.38292,37.16996],[-7.38375,37.17075],[-7.38875,37.17277],[-7.38886,37.17125],[-7.39042,37.16945],[-7.39292,37.16964],[-7.39375,37.16601],[-7.39708,37.16458],[-7.39875,37.16458],[-7.39792,37.16375],[-7.39875,37.16374],[-7.39958,37.16287],[-7.40046,37.16375],[-7.40042,37.16458],[-7.39875,37.16458],[-7.40042,37.16458],[-7.40208,37.16632],[-7.40684,37.16792],[-7.40767,37.16875],[-7.40958,37.16878],[-7.41419,37.17042],[-7.41958,37.17134],[-7.42125,37.17111],[-7.42371,37.17208],[-7.42448,37.17292],[-7.42625,37.17332],[-7.42708,37.17307],[-7.43533,37.17458],[-7.44292,37.17483],[-7.44522,37.17542],[-7.45708,37.17539],[-7.45875,37.17473],[-7.46625,37.17463],[-7.46708,37.17399],[-7.47863,37.17292],[-7.48042,37.17137],[-7.48375,37.17127],[-7.48458,37.17063],[-7.49208,37.16964],[-7.49292,37.16899],[-7.49671,37.16875],[-7.50125,37.16644],[-7.50458,37.16625],[-7.50542,37.16561],[-7.50861,37.16542],[-7.50958,37.1647],[-7.51168,37.16458],[-7.51208,37.16369],[-7.52125,37.16056],[-7.52208,37.15934],[-7.52835,37.15792],[-7.52875,37.15743],[-7.53042,37.15716],[-7.53125,37.15628],[-7.53375,37.15625],[-7.53458,37.15472],[-7.53623,37.15458],[-7.53958,37.15213],[-7.5433,37.15208],[-7.54375,37.15087],[-7.54708,37.15051],[-7.54792,37.14972],[-7.55027,37.14958],[-7.55208,37.14825],[-7.55501,37.14792],[-7.55625,37.1464],[-7.55786,37.14625],[-7.55875,37.14544],[-7.56375,37.14385],[-7.56458,37.14239],[-7.57042,37.14118],[-7.57292,37.13974],[-7.57542,37.13971],[-7.57625,37.13808],[-7.57792,37.13803],[-7.58042,37.13642],[-7.58208,37.13634],[-7.58393,37.13542],[-7.58458,37.13415],[-7.58708,37.13387],[-7.58958,37.13227],[-7.59125,37.13216],[-7.59292,37.12992],[-7.59526,37.12958],[-7.59792,37.12799],[-7.60042,37.1272],[-7.60125,37.12566],[-7.60292,37.12537],[-7.60625,37.12322],[-7.60792,37.12301],[-7.60802,37.12208],[-7.61042,37.11988],[-7.61208,37.11973],[-7.61458,37.11629],[-7.61545,37.11625],[-7.61458,37.11614],[-7.61425,37.11542],[-7.61579,37.11458],[-7.61567,37.11292],[-7.61875,37.11134],[-7.62075,37.10875],[-7.62292,37.10768],[-7.62708,37.1081],[-7.62792,37.10768],[-7.62958,37.10486],[-7.63208,37.10327],[-7.63347,37.10042],[-7.63542,37.09901],[-7.63708,37.09896],[-7.63875,37.09818],[-7.63958,37.09851],[-7.64084,37.09625],[-7.64292,37.09496],[-7.64792,37.09435],[-7.64848,37.09208],[-7.65292,37.08965],[-7.65299,37.08875],[-7.65542,37.08732],[-7.65708,37.08711],[-7.65875,37.08587],[-7.66125,37.08558],[-7.66143,37.08458],[-7.66292,37.08334],[-7.66458,37.08244],[-7.66708,37.08227],[-7.66958,37.08128],[-7.66962,37.08042],[-7.67208,37.07901],[-7.67375,37.07887],[-7.67708,37.07719],[-7.67875,37.07717],[-7.67958,37.07553],[-7.68125,37.07478],[-7.68292,37.07475],[-7.68458,37.0734],[-7.68625,37.07315],[-7.68653,37.07208],[-7.68875,37.07079],[-7.69042,37.07063],[-7.69292,37.06931],[-7.69542,37.06888],[-7.69625,37.06739],[-7.70292,37.06484],[-7.70375,37.06314],[-7.70708,37.06171],[-7.7078,37.06042],[-7.71208,37.05707],[-7.71458,37.05594],[-7.71542,37.05644],[-7.71625,37.05464],[-7.71875,37.05421],[-7.71958,37.05459],[-7.72125,37.05291],[-7.72405,37.05292],[-7.72458,37.05173],[-7.72792,37.05001],[-7.72958,37.04793],[-7.73458,37.0464],[-7.73875,37.04432],[-7.74042,37.04421],[-7.74135,37.04292],[-7.74375,37.04139],[-7.74875,37.03976],[-7.74958,37.03828],[-7.75458,37.03628],[-7.75625,37.03428],[-7.76292,37.03136],[-7.76375,37.03024],[-7.76958,37.02804],[-7.77208,37.02477],[-7.77375,37.02468],[-7.77458,37.02376],[-7.77792,37.02309],[-7.77808,37.02208],[-7.77956,37.02125],[-7.78042,37.01895],[-7.78208,37.01792],[-7.78095,37.01708],[-7.77875,37.01678],[-7.77827,37.01625],[-7.77875,37.01585],[-7.78125,37.01586],[-7.78375,37.0151],[-7.78542,37.01672],[-7.78625,37.01682],[-7.78879,37.01542],[-7.78875,37.01469],[-7.78458,37.01046],[-7.78375,37.01052],[-7.78292,37.01131],[-7.78204,37.01125],[-7.78292,37.00801],[-7.78458,37.00596],[-7.78625,37.00506],[-7.78708,37.00273],[-7.788,37.00292],[-7.7906,37.00792],[-7.7961,37.01125],[-7.79653,37.01292],[-7.79792,37.01458],[-7.80208,37.0151],[-7.80417,37.01458],[-7.80458,37.01371],[-7.80467,37.01458],[-7.80625,37.01587],[-7.80708,37.01579],[-7.80756,37.01625],[-7.80986,37.02042],[-7.80958,37.02183],[-7.80711,37.02375],[-7.81023,37.02625],[-7.81003,37.02708],[-7.81208,37.02723],[-7.81292,37.02799],[-7.81364,37.02708],[-7.81128,37.02542],[-7.81094,37.02458],[-7.81174,37.02125],[-7.81125,37.01836],[-7.80875,37.0146],[-7.80565,37.01208],[-7.80883,37.01208],[-7.80955,37.01125],[-7.80907,37.00958],[-7.80958,37.0093],[-7.81292,37.01039],[-7.81625,37.00975],[-7.81761,37.00875],[-7.81635,37.00792],[-7.81708,37.00774],[-7.83042,37.00744],[-7.83458,37.00663],[-7.83958,37.00487],[-7.85105,36.99958],[-7.85458,36.99992],[-7.85708,37.00145],[-7.85794,37.00292],[-7.85862,37.00875],[-7.85726,37.01042],[-7.85375,37.01272],[-7.84613,37.01625],[-7.83989,37.01792],[-7.83727,37.02042],[-7.8377,37.02292],[-7.83887,37.02292],[-7.83958,37.02091],[-7.84125,37.01916],[-7.85542,37.01439],[-7.85625,37.01489],[-7.85776,37.01292],[-7.85958,37.01206],[-7.86168,37.01292],[-7.86319,37.01625],[-7.86458,37.01667],[-7.86625,37.01604],[-7.8669,37.01458],[-7.86698,37.00958],[-7.87014,37.00625],[-7.86875,37.00521],[-7.86458,37.005],[-7.86345,37.00708],[-7.86208,37.00761],[-7.86208,37.00559],[-7.86292,37.00608],[-7.86314,37.00542],[-7.86208,37.00527],[-7.861,37.00125],[-7.85529,36.99625],[-7.85726,36.99292],[-7.85972,36.99125],[-7.86325,36.98708],[-7.86674,36.98542],[-7.86648,36.98375],[-7.86708,36.98241],[-7.87125,36.98059],[-7.88292,36.98149],[-7.88542,36.98375],[-7.88875,36.9829],[-7.89042,36.98409],[-7.89125,36.98557],[-7.89458,36.98786],[-7.89625,36.98989],[-7.89708,36.98985],[-7.89792,36.99054],[-7.90292,36.99076],[-7.90375,36.99149],[-7.90708,36.99239],[-7.91165,36.99708],[-7.91244,36.99958],[-7.91375,37.00083],[-7.91625,37.00095],[-7.91708,37.00268],[-7.92292,37.00309],[-7.92695,36.99958],[-7.92792,36.99812],[-7.92958,36.99742],[-7.93208,36.99742],[-7.93458,36.99878],[-7.93458,36.99782],[-7.93208,36.99662],[-7.92792,36.99649],[-7.92665,36.99792],[-7.92125,36.99967],[-7.91708,37.00003],[-7.91458,36.99918],[-7.91375,36.99724],[-7.91306,36.99708],[-7.91335,36.99625],[-7.91125,36.99344],[-7.90792,36.99069],[-7.90542,36.98933],[-7.89958,36.98718],[-7.89125,36.9783],[-7.88625,36.97602],[-7.87875,36.97488],[-7.87542,36.97304],[-7.87358,36.97042],[-7.87097,36.96875],[-7.87424,36.96625],[-7.875,36.96292],[-7.87875,36.96225],[-7.87958,36.9615],[-7.88375,36.96131],[-7.88458,36.96063],[-7.88625,36.9607],[-7.88695,36.96042],[-7.88708,36.95949],[-7.88875,36.9592],[-7.89458,36.9593],[-7.89542,36.95949],[-7.89565,36.96042],[-7.89792,36.96152],[-7.90125,36.9616],[-7.90208,36.96223],[-7.90542,36.96266],[-7.90625,36.96349],[-7.90875,36.96375],[-7.91042,36.96497],[-7.91542,36.96497],[-7.91625,36.96551],[-7.91958,36.96575],[-7.92292,36.96732],[-7.92542,36.96731],[-7.92619,36.96792],[-7.92625,36.96879],[-7.93208,36.96964],[-7.93542,36.97161],[-7.93708,36.97184],[-7.93792,36.97319],[-7.94125,36.97347],[-7.94542,36.97564],[-7.94958,36.97644],[-7.95171,36.97792],[-7.95206,36.97875],[-7.95542,36.98005],[-7.95583,36.98042],[-7.95532,36.98125],[-7.95625,36.98132],[-7.95708,36.98072],[-7.9578,36.98208],[-7.96292,36.98391],[-7.96387,36.98458],[-7.96375,36.98544],[-7.96708,36.98674],[-7.96792,36.98785],[-7.97073,36.98958],[-7.97109,36.99042],[-7.97502,36.99292],[-7.97542,36.99391],[-7.97958,36.99593],[-7.98125,36.99819],[-7.98792,37.00079],[-7.98926,37.00292],[-7.99183,37.00458],[-7.99266,37.00708],[-7.99085,37.00792],[-7.99125,37.00816],[-7.99208,37.0082],[-7.99292,37.00746],[-7.99375,37.00844],[-7.99542,37.00714],[-7.99708,37.00803],[-7.99875,37.00807],[-8.00038,37.00958],[-8.00042,37.01046],[-8.00708,37.01306],[-8.00792,37.0146],[-8.00958,37.01552],[-8.01125,37.01567],[-8.0135,37.01708],[-8.01542,37.0173],[-8.01708,37.01963],[-8.02125,37.02139],[-8.02212,37.02208],[-8.02211,37.02292],[-8.02375,37.02313],[-8.02625,37.0247],[-8.02792,37.02485],[-8.02997,37.02625],[-8.02999,37.02708],[-8.03125,37.02707],[-8.03208,37.02789],[-8.03625,37.0298],[-8.03875,37.03217],[-8.04208,37.03316],[-8.04459,37.03542],[-8.05042,37.03813],[-8.05125,37.03966],[-8.05292,37.03995],[-8.05625,37.0421],[-8.05792,37.04229],[-8.05873,37.04292],[-8.05875,37.04376],[-8.06292,37.04552],[-8.06872,37.04958],[-8.07125,37.05046],[-8.07239,37.05125],[-8.07238,37.05208],[-8.07375,37.05221],[-8.07625,37.05382],[-8.07958,37.05491],[-8.08042,37.05633],[-8.08708,37.05887],[-8.08825,37.05958],[-8.08832,37.06042],[-8.09458,37.06174],[-8.09625,37.06308],[-8.09708,37.06264],[-8.09917,37.06375],[-8.09958,37.06478],[-8.10042,37.06374],[-8.10125,37.06548],[-8.10375,37.06521],[-8.10458,37.06638],[-8.10708,37.06668],[-8.10792,37.06616],[-8.10881,37.06625],[-8.11042,37.06708],[-8.11208,37.06725],[-8.11251,37.06875],[-8.11375,37.06971],[-8.11542,37.06988],[-8.11625,37.06939],[-8.11708,37.07057],[-8.12125,37.071],[-8.12208,37.06955],[-8.12338,37.06958],[-8.12234,37.07042],[-8.12234,37.07292],[-8.12292,37.07344],[-8.12442,37.07292],[-8.12458,37.07113],[-8.12708,37.07322],[-8.12958,37.07341],[-8.13875,37.07588],[-8.13958,37.07718],[-8.14292,37.07747],[-8.14625,37.07877],[-8.14958,37.07897],[-8.15042,37.07961],[-8.15292,37.08018],[-8.15368,37.08125],[-8.15542,37.08145],[-8.15625,37.08208],[-8.16125,37.08229],[-8.16208,37.08298],[-8.16375,37.08304],[-8.16458,37.08377],[-8.16708,37.08388],[-8.16789,37.08458],[-8.16792,37.08543],[-8.16958,37.08548],[-8.17292,37.08703],[-8.17542,37.08717],[-8.17625,37.08792],[-8.17958,37.08802],[-8.18039,37.08875],[-8.18042,37.0896],[-8.18375,37.08961],[-8.18458,37.08804],[-8.19125,37.08799],[-8.19208,37.08727],[-8.19542,37.08717],[-8.19625,37.08656],[-8.19708,37.08716],[-8.20042,37.08724],[-8.20125,37.08795],[-8.20208,37.08795],[-8.20292,37.08793],[-8.20375,37.08722],[-8.20708,37.08714],[-8.20792,37.08647],[-8.21542,37.08629],[-8.21544,37.08458],[-8.21792,37.08306],[-8.22125,37.083],[-8.22245,37.08375],[-8.22792,37.08378],[-8.22796,37.08292],[-8.23042,37.08159],[-8.23375,37.08165],[-8.23708,37.08294],[-8.24042,37.08307],[-8.24125,37.08379],[-8.24458,37.08391],[-8.24542,37.08543],[-8.24708,37.08548],[-8.2472,37.08458],[-8.24792,37.08394],[-8.24875,37.08394],[-8.24958,37.08549],[-8.25375,37.08544],[-8.25388,37.08375],[-8.25458,37.08307],[-8.25727,37.08208],[-8.25792,37.07934],[-8.26208,37.07894],[-8.26292,37.07824],[-8.26792,37.07799],[-8.26875,37.07719],[-8.27375,37.07715],[-8.27385,37.07625],[-8.27542,37.07475],[-8.27641,37.07458],[-8.27708,37.07327],[-8.27875,37.07319],[-8.28042,37.07382],[-8.28226,37.07292],[-8.28292,37.07159],[-8.28458,37.07156],[-8.28542,37.0709],[-8.28708,37.07149],[-8.28875,37.07085],[-8.28958,37.07147],[-8.29208,37.07149],[-8.29284,37.07292],[-8.29375,37.07302],[-8.29542,37.07302],[-8.2956,37.07208],[-8.29708,37.07094],[-8.29792,37.07141],[-8.30292,37.07186],[-8.30458,37.07391],[-8.30708,37.0737],[-8.31125,37.07561],[-8.31208,37.07712],[-8.31292,37.07722],[-8.31458,37.07866],[-8.31625,37.07893],[-8.31786,37.08042],[-8.31792,37.08129],[-8.31958,37.08149],[-8.32125,37.08294],[-8.32375,37.08405],[-8.32468,37.08542],[-8.33042,37.088],[-8.33208,37.08827],[-8.33292,37.08972],[-8.33458,37.09058],[-8.33708,37.09075],[-8.33875,37.09213],[-8.34042,37.09226],[-8.34125,37.09378],[-8.34292,37.09461],[-8.34542,37.09492],[-8.34792,37.09627],[-8.35125,37.09671],[-8.35208,37.0981],[-8.35458,37.09882],[-8.35875,37.0991],[-8.35958,37.09968],[-8.36542,37.09976],[-8.36625,37.1005],[-8.36792,37.10049],[-8.36875,37.09973],[-8.37042,37.10036],[-8.37292,37.09898],[-8.37542,37.09889],[-8.37708,37.09666],[-8.38208,37.09649],[-8.38375,37.09508],[-8.38458,37.09565],[-8.38542,37.09495],[-8.38792,37.0948],[-8.38944,37.09375],[-8.38998,37.09208],[-8.39292,37.09148],[-8.39542,37.09003],[-8.39875,37.08988],[-8.39958,37.08853],[-8.41375,37.08803],[-8.41458,37.0866],[-8.41625,37.08645],[-8.41708,37.08575],[-8.42042,37.08566],[-8.42125,37.08638],[-8.42208,37.08566],[-8.42625,37.08562],[-8.42708,37.08414],[-8.42958,37.08415],[-8.43042,37.08555],[-8.43125,37.08413],[-8.43708,37.08418],[-8.43792,37.08563],[-8.43875,37.08419],[-8.43958,37.08565],[-8.44125,37.08566],[-8.44208,37.08421],[-8.44292,37.08569],[-8.44625,37.08584],[-8.44708,37.08654],[-8.45042,37.08674],[-8.45208,37.08813],[-8.45375,37.08831],[-8.45542,37.09049],[-8.45958,37.09072],[-8.46042,37.09139],[-8.46708,37.09159],[-8.46792,37.09233],[-8.46958,37.09241],[-8.47042,37.09396],[-8.47208,37.09476],[-8.47542,37.09492],[-8.47708,37.0963],[-8.48292,37.09691],[-8.48334,37.09792],[-8.48542,37.09886],[-8.48708,37.09828],[-8.48792,37.09894],[-8.48875,37.09841],[-8.48958,37.09898],[-8.49292,37.099],[-8.49375,37.09972],[-8.49542,37.0997],[-8.49625,37.09908],[-8.49875,37.09915],[-8.49958,37.09976],[-8.50125,37.09916],[-8.50208,37.0998],[-8.50542,37.10006],[-8.5075,37.10125],[-8.50767,37.10208],[-8.50958,37.10302],[-8.51125,37.10256],[-8.51375,37.10392],[-8.51542,37.10407],[-8.51625,37.10475],[-8.51723,37.10458],[-8.51875,37.10753],[-8.52068,37.10875],[-8.52163,37.11042],[-8.52274,37.12292],[-8.52292,37.12361],[-8.52454,37.12458],[-8.52512,37.12625],[-8.52542,37.13542],[-8.52653,37.13708],[-8.52958,37.13828],[-8.53125,37.14018],[-8.53155,37.13125],[-8.52922,37.12792],[-8.52778,37.12292],[-8.52875,37.12049],[-8.53125,37.11944],[-8.53208,37.11632],[-8.53375,37.11501],[-8.54458,37.11561],[-8.54542,37.11626],[-8.55042,37.11647],[-8.55125,37.11714],[-8.55292,37.11722],[-8.55375,37.11666],[-8.55618,37.11792],[-8.55625,37.1188],[-8.56042,37.11896],[-8.56375,37.1188],[-8.56397,37.11708],[-8.5656,37.11625],[-8.56625,37.11479],[-8.56958,37.11491],[-8.57042,37.11554],[-8.57125,37.11489],[-8.57458,37.11497],[-8.57708,37.11637],[-8.57875,37.11647],[-8.58045,37.11792],[-8.58048,37.11875],[-8.58208,37.11881],[-8.5836,37.11958],[-8.58708,37.11979],[-8.58792,37.12044],[-8.60208,37.12146],[-8.61375,37.12092],[-8.61458,37.12032],[-8.61875,37.11958],[-8.61875,37.11875],[-8.61958,37.11875],[-8.62125,37.12005],[-8.63708,37.11879],[-8.63716,37.11792],[-8.63792,37.11746],[-8.64042,37.11739],[-8.64625,37.11553],[-8.64708,37.11484],[-8.64875,37.11469],[-8.64891,37.11375],[-8.65125,37.11239],[-8.65292,37.11224],[-8.65542,37.11067],[-8.65708,37.11054],[-8.65727,37.10958],[-8.65958,37.10754],[-8.66125,37.10728],[-8.66233,37.10625],[-8.66239,37.10542],[-8.66639,37.10208],[-8.66625,37.10042],[-8.66488,37.09958],[-8.66491,37.09875],[-8.66633,37.09792],[-8.66559,37.09542],[-8.66632,37.09458],[-8.6663,37.09208],[-8.66716,37.09125],[-8.66711,37.08792],[-8.66556,37.08625],[-8.66568,37.08292],[-8.66639,37.08208],[-8.66708,37.07869],[-8.66958,37.07853],[-8.6715,37.07958],[-8.67292,37.08144],[-8.67875,37.08224],[-8.67958,37.08294],[-8.68042,37.0823],[-8.68125,37.08297],[-8.68292,37.08302],[-8.68379,37.08375],[-8.69292,37.08378],[-8.69375,37.08302],[-8.71625,37.08302],[-8.71708,37.08378],[-8.71958,37.0838],[-8.72042,37.08542],[-8.72625,37.08554],[-8.72657,37.08458],[-8.72875,37.08341],[-8.73208,37.08318],[-8.73458,37.08162],[-8.73708,37.08145],[-8.73738,37.08042],[-8.73875,37.07917],[-8.74042,37.07902],[-8.74164,37.07792],[-8.74208,37.07621],[-8.74292,37.07733],[-8.74331,37.07625],[-8.74542,37.0751],[-8.74875,37.07484],[-8.74958,37.07409],[-8.75292,37.07387],[-8.75375,37.07174],[-8.75514,37.07208],[-8.75542,37.07305],[-8.75708,37.07305],[-8.75792,37.0709],[-8.75958,37.07147],[-8.76208,37.07142],[-8.76375,37.07007],[-8.76458,37.07064],[-8.77042,37.07059],[-8.77208,37.06994],[-8.77292,37.07051],[-8.77458,37.07046],[-8.77631,37.06958],[-8.77708,37.06745],[-8.77875,37.06733],[-8.77958,37.0688],[-8.78042,37.06725],[-8.78298,37.06708],[-8.78458,37.06409],[-8.78568,37.06292],[-8.78792,37.06177],[-8.79125,37.06166],[-8.79367,37.06375],[-8.79375,37.06465],[-8.80708,37.0649],[-8.80792,37.06548],[-8.80875,37.06487],[-8.81292,37.0647],[-8.81375,37.06322],[-8.81458,37.06465],[-8.82208,37.06463],[-8.82292,37.0633],[-8.82875,37.06217],[-8.83125,37.06068],[-8.83625,37.06053],[-8.83708,37.05917],[-8.84042,37.05887],[-8.84125,37.05815],[-8.84542,37.05716],[-8.84625,37.05646],[-8.84875,37.05629],[-8.84958,37.05472],[-8.85462,37.05292],[-8.8551,37.04875],[-8.86024,37.04375],[-8.86042,37.04299],[-8.8625,37.04375],[-8.86708,37.04385],[-8.86875,37.04465],[-8.87208,37.04482],[-8.87458,37.0436],[-8.87542,37.04353],[-8.87625,37.0442],[-8.87792,37.04418],[-8.87857,37.04292],[-8.88042,37.04201],[-8.88458,37.04166],[-8.88542,37.04094],[-8.89042,37.0407],[-8.89208,37.04002],[-8.89292,37.0406],[-8.89386,37.03708],[-8.89499,37.03625],[-8.89518,37.03458],[-8.89708,37.03281],[-8.89923,37.03208],[-8.90003,37.03125],[-8.90017,37.02958],[-8.90333,37.02792],[-8.90349,37.02625],[-8.90542,37.02343],[-8.90875,37.0222],[-8.90958,37.02336],[-8.91042,37.02201],[-8.91375,37.02057],[-8.91458,37.0209],[-8.92042,37.02067],[-8.92125,37.02008],[-8.92458,37.01977],[-8.92708,37.01875],[-8.92866,37.01375],[-8.93125,37.01181],[-8.93181,37.01042],[-8.93194,37.00625],[-8.93027,37.00375],[-8.92986,37.00208],[-8.93042,37.0013],[-8.93208,37.00115],[-8.93292,37.00269],[-8.93542,37.0046],[-8.93708,37.00461],[-8.93792,37.00393],[-8.94125,37.00378],[-8.94208,37.00264],[-8.94687,37.00208],[-8.94542,37.00159],[-8.94489,37.00042],[-8.94559,36.99958],[-8.94625,36.99285],[-8.94958,36.99291],[-8.95035,36.99458],[-8.95072,36.99875],[-8.94958,37.00192],[-8.94826,37.00208],[-8.9491,37.00292],[-8.94973,37.00708],[-8.95089,37.00875],[-8.9513,37.01125],[-8.95208,37.0125],[-8.95542,37.01506],[-8.95708,37.01488],[-8.95759,37.01542],[-8.95714,37.01625],[-8.96042,37.0207],[-8.96436,37.02208],[-8.9648,37.02375],[-8.96402,37.02458],[-8.96792,37.0248],[-8.96875,37.0242],[-8.97542,37.02425],[-8.97625,37.02565],[-8.97708,37.02493],[-8.98023,37.02542],[-8.98125,37.02715],[-8.98172,37.02542],[-8.98321,37.02458],[-8.98375,37.02079],[-8.98542,37.02006],[-8.98708,37.0201],[-8.98792,37.02159],[-8.99125,37.02035],[-8.99292,37.0204],[-8.99476,37.02125],[-8.99579,37.02292],[-8.99468,37.02458],[-8.99238,37.02625],[-8.99125,37.02953],[-8.98912,37.03042],[-8.98922,37.03125],[-8.98786,37.03375],[-8.98799,37.03542],[-8.98542,37.03744],[-8.98405,37.03792],[-8.98292,37.04023],[-8.98167,37.03958],[-8.9815,37.04042],[-8.98254,37.04125],[-8.98113,37.04208],[-8.98125,37.04296],[-8.98036,37.04292],[-8.98076,37.04375],[-8.98009,37.04542],[-8.98266,37.04708],[-8.98279,37.04875],[-8.98223,37.04958],[-8.98256,37.05042],[-8.98125,37.05092],[-8.98142,37.05292],[-8.98042,37.05357],[-8.97962,37.05542],[-8.97988,37.05708],[-8.97497,37.05958],[-8.97458,37.06066],[-8.97292,37.06032],[-8.97292,37.06175],[-8.97394,37.06208],[-8.97208,37.06272],[-8.97042,37.06485],[-8.96944,37.06458],[-8.96926,37.06625],[-8.97042,37.06759],[-8.97157,37.06792],[-8.97125,37.0683],[-8.96875,37.06939],[-8.96625,37.06876],[-8.96356,37.07042],[-8.96323,37.07292],[-8.96141,37.07458],[-8.96134,37.07792],[-8.9627,37.08042],[-8.96042,37.08125],[-8.96042,37.08219],[-8.96242,37.08208],[-8.96125,37.08343],[-8.96029,37.08375],[-8.96041,37.08708],[-8.95875,37.08958],[-8.95851,37.09458],[-8.95708,37.09516],[-8.95292,37.0953],[-8.95208,37.09366],[-8.95122,37.09708],[-8.94792,37.09792],[-8.94958,37.09862],[-8.95182,37.09875],[-8.94958,37.09897],[-8.94708,37.1005],[-8.94625,37.10329],[-8.94208,37.10599],[-8.94119,37.10792],[-8.93901,37.10875],[-8.93836,37.11125],[-8.93656,37.11292],[-8.93002,37.12208],[-8.92962,37.12375],[-8.92511,37.12958],[-8.92397,37.13542],[-8.92112,37.13708],[-8.92042,37.1397],[-8.9187,37.13958],[-8.92005,37.14042],[-8.91875,37.14137],[-8.91777,37.14792],[-8.91708,37.14852],[-8.91625,37.14756],[-8.91458,37.14792],[-8.91606,37.14875],[-8.91441,37.15042],[-8.91437,37.15208],[-8.91329,37.15375],[-8.91208,37.15451],[-8.91038,37.15458],[-8.91078,37.15708],[-8.90958,37.15879],[-8.9094,37.16042],[-8.90875,37.16099],[-8.90792,37.16008],[-8.90625,37.16042],[-8.90625,37.16133],[-8.90765,37.16208],[-8.90546,37.16542],[-8.90455,37.16958],[-8.90542,37.17044],[-8.90708,37.17059],[-8.90845,37.17208],[-8.90862,37.17375],[-8.90963,37.17542],[-8.91141,37.17625],[-8.91125,37.17722],[-8.91007,37.17792],[-8.90995,37.17958],[-8.91208,37.18552],[-8.91292,37.18362],[-8.91318,37.18458],[-8.91316,37.18542],[-8.91182,37.18708],[-8.91192,37.18958],[-8.91375,37.19144],[-8.91586,37.19208],[-8.91605,37.19375],[-8.91693,37.19458],[-8.91257,37.19875],[-8.90458,37.19971],[-8.90375,37.20032],[-8.89475,37.21042],[-8.89125,37.21601],[-8.88958,37.21698],[-8.88956,37.21792],[-8.88561,37.22292],[-8.88514,37.22458],[-8.88203,37.22875],[-8.87932,37.23458],[-8.87875,37.23517],[-8.87708,37.23542],[-8.87795,37.23625],[-8.87542,37.23864],[-8.87546,37.23958],[-8.87458,37.24035],[-8.86787,37.25375],[-8.86653,37.25875],[-8.86417,37.26208],[-8.86399,37.26458],[-8.86188,37.26708],[-8.86237,37.27375],[-8.86375,37.27547],[-8.86625,37.27575],[-8.86677,37.27625],[-8.86687,37.28292],[-8.86625,37.28542],[-8.8669,37.28625],[-8.86567,37.28792],[-8.86574,37.29042],[-8.86679,37.29375],[-8.86958,37.29409],[-8.87042,37.29477],[-8.87458,37.29504],[-8.876,37.29708],[-8.87532,37.29875],[-8.87619,37.30292],[-8.87526,37.30375],[-8.87542,37.30516],[-8.8766,37.30708],[-8.87542,37.30918],[-8.87292,37.30952],[-8.87286,37.31125],[-8.87375,37.31133],[-8.87533,37.31292],[-8.87625,37.31314],[-8.87708,37.31678],[-8.87846,37.31792],[-8.87857,37.31875],[-8.87708,37.31916],[-8.87645,37.32042],[-8.87792,37.32082],[-8.87875,37.31968],[-8.87958,37.32175],[-8.87708,37.32173],[-8.87625,37.32086],[-8.86792,37.32598],[-8.86808,37.32708],[-8.86733,37.32875],[-8.86515,37.33042],[-8.86308,37.33375],[-8.86178,37.33458],[-8.86054,37.33708],[-8.85935,37.33792],[-8.85708,37.34118],[-8.85292,37.34407],[-8.85107,37.34875],[-8.84711,37.35292],[-8.84625,37.35666],[-8.84518,37.35458],[-8.84444,37.35625],[-8.84522,37.35708],[-8.8426,37.35958],[-8.83965,37.36542],[-8.83852,37.36625],[-8.83792,37.36842],[-8.83708,37.36912],[-8.83625,37.36846],[-8.83532,37.36875],[-8.83667,37.36958],[-8.83529,37.37042],[-8.83464,37.37208],[-8.83496,37.37458],[-8.83348,37.37542],[-8.83292,37.37705],[-8.83208,37.37627],[-8.83125,37.37658],[-8.83067,37.37875],[-8.82852,37.38125],[-8.82708,37.3817],[-8.82708,37.38253],[-8.82792,37.38301],[-8.82457,37.38625],[-8.82292,37.38704],[-8.82429,37.38792],[-8.8231,37.38958],[-8.82341,37.39042],[-8.8217,37.39208],[-8.82079,37.39542],[-8.81779,37.39875],[-8.81679,37.40125],[-8.81715,37.40375],[-8.81458,37.40742],[-8.81362,37.40792],[-8.81243,37.41208],[-8.80958,37.4151],[-8.80939,37.41875],[-8.80872,37.41958],[-8.80936,37.42125],[-8.80866,37.42375],[-8.80885,37.42875],[-8.80792,37.43075],[-8.80616,37.43125],[-8.8061,37.43208],[-8.80766,37.43292],[-8.80605,37.43375],[-8.80589,37.43542],[-8.80458,37.43788],[-8.80078,37.44208],[-8.80162,37.44542],[-8.80124,37.45208],[-8.8005,37.45292],[-8.80085,37.45458],[-8.79958,37.45595],[-8.79861,37.45625],[-8.80088,37.46125],[-8.79958,37.46318],[-8.79792,37.46361],[-8.79775,37.46458],[-8.80052,37.46708],[-8.79964,37.46958],[-8.80102,37.47208],[-8.80096,37.47375],[-8.79954,37.47458],[-8.79938,37.47625],[-8.79784,37.47708],[-8.79792,37.47923],[-8.79979,37.47958],[-8.79587,37.48292],[-8.79692,37.48458],[-8.79614,37.48708],[-8.79723,37.48958],[-8.7971,37.49125],[-8.7957,37.49208],[-8.79553,37.49375],[-8.79655,37.49625],[-8.7964,37.49875],[-8.79704,37.49958],[-8.79625,37.50082],[-8.79542,37.50033],[-8.79375,37.5022],[-8.79225,37.50708],[-8.79358,37.50875],[-8.79375,37.5108],[-8.79443,37.51125],[-8.79338,37.51375],[-8.79163,37.51542],[-8.79209,37.51792],[-8.79042,37.51981],[-8.78958,37.51999],[-8.78958,37.52153],[-8.79147,37.52208],[-8.78875,37.52386],[-8.78875,37.52469],[-8.78958,37.52542],[-8.78935,37.52792],[-8.79093,37.52875],[-8.78805,37.53042],[-8.78766,37.53208],[-8.78843,37.53375],[-8.78776,37.53542],[-8.79054,37.53875],[-8.78898,37.54042],[-8.78958,37.54202],[-8.79042,37.54301],[-8.79125,37.54227],[-8.79172,37.54292],[-8.79116,37.54542],[-8.79292,37.54696],[-8.79354,37.54875],[-8.79447,37.54958],[-8.79356,37.55042],[-8.79413,37.55625],[-8.79526,37.55708],[-8.79496,37.55875],[-8.79717,37.56292],[-8.79773,37.56542],[-8.7998,37.56625],[-8.80208,37.57074],[-8.80526,37.57458],[-8.80444,37.57542],[-8.80542,37.57581],[-8.80588,37.57708],[-8.81105,37.57958],[-8.81208,37.58056],[-8.81334,37.58375],[-8.81215,37.58458],[-8.81215,37.58542],[-8.81338,37.58625],[-8.81435,37.58958],[-8.81689,37.59208],[-8.81779,37.59625],[-8.8166,37.60708],[-8.81542,37.60812],[-8.81375,37.60862],[-8.8134,37.60958],[-8.81401,37.61208],[-8.81288,37.61292],[-8.81361,37.61375],[-8.81241,37.61625],[-8.81262,37.61958],[-8.81042,37.62135],[-8.81022,37.62292],[-8.81127,37.62375],[-8.81024,37.62458],[-8.81024,37.62958],[-8.81042,37.63026],[-8.81139,37.63042],[-8.81025,37.63292],[-8.81078,37.63458],[-8.81045,37.63792],[-8.80908,37.63958],[-8.80896,37.64208],[-8.80792,37.64369],[-8.80763,37.64625],[-8.80493,37.64958],[-8.80375,37.65205],[-8.80411,37.65458],[-8.80292,37.65735],[-8.80205,37.65792],[-8.80292,37.65804],[-8.80341,37.65875],[-8.80369,37.66042],[-8.80181,37.66125],[-8.80363,37.66208],[-8.80292,37.6628],[-8.80182,37.66292],[-8.80205,37.66542],[-8.80114,37.66625],[-8.80099,37.66792],[-8.79778,37.67208],[-8.79831,37.67292],[-8.79705,37.67792],[-8.79857,37.68042],[-8.79671,37.68208],[-8.7971,37.68375],[-8.79492,37.68708],[-8.79517,37.69125],[-8.79369,37.69375],[-8.79443,37.69625],[-8.79364,37.69792],[-8.79542,37.69818],[-8.79634,37.69958],[-8.79567,37.70208],[-8.79674,37.70292],[-8.79642,37.70458],[-8.79465,37.70542],[-8.79321,37.70792],[-8.79355,37.70875],[-8.79208,37.70936],[-8.79233,37.71125],[-8.79042,37.71228],[-8.78977,37.71375],[-8.78976,37.71625],[-8.78902,37.71708],[-8.79042,37.71721],[-8.79208,37.71594],[-8.79331,37.71708],[-8.79335,37.71958],[-8.79419,37.72042],[-8.79395,37.72208],[-8.79288,37.72375],[-8.79458,37.72531],[-8.79671,37.72875],[-8.79711,37.73042],[-8.79981,37.73125],[-8.79769,37.73542],[-8.80125,37.73563],[-8.80201,37.73708],[-8.80292,37.73715],[-8.80455,37.73875],[-8.80458,37.7396],[-8.80792,37.73968],[-8.81042,37.74134],[-8.81125,37.74138],[-8.81262,37.74292],[-8.81277,37.74458],[-8.812,37.74542],[-8.81264,37.74625],[-8.81244,37.74958],[-8.81032,37.75042],[-8.81035,37.75208],[-8.8093,37.75292],[-8.80992,37.75542],[-8.8095,37.75708],[-8.80792,37.76129],[-8.80742,37.76042],[-8.80685,37.76042],[-8.80625,37.7625],[-8.80625,37.76465],[-8.8076,37.76458],[-8.80792,37.76284],[-8.80837,37.76375],[-8.80786,37.76542],[-8.80602,37.76625],[-8.80734,37.76708],[-8.80566,37.76792],[-8.80625,37.77031],[-8.80713,37.77042],[-8.80535,37.77125],[-8.806,37.77292],[-8.80451,37.77708],[-8.80537,37.77792],[-8.80398,37.77875],[-8.80375,37.78042],[-8.80297,37.78792],[-8.80395,37.79042],[-8.804,37.79875],[-8.80375,37.79915],[-8.80208,37.79912],[-8.80042,37.80128],[-8.79875,37.80728],[-8.79651,37.81208],[-8.79458,37.82259],[-8.79292,37.82591],[-8.79296,37.83125],[-8.79375,37.8318],[-8.79401,37.83292],[-8.79233,37.83458],[-8.79117,37.83792],[-8.79352,37.84125],[-8.79348,37.84458],[-8.79542,37.84627],[-8.79705,37.85125],[-8.79698,37.85292],[-8.795,37.85625],[-8.79574,37.86125],[-8.79358,37.86458],[-8.79459,37.86542],[-8.79404,37.86625],[-8.79467,37.86958],[-8.79707,37.87542],[-8.79648,37.87708],[-8.79708,37.87909],[-8.79884,37.87958],[-8.79646,37.88292],[-8.79634,37.88542],[-8.79791,37.88875],[-8.79757,37.89042],[-8.7998,37.89708],[-8.79949,37.89958],[-8.80026,37.90042],[-8.8003,37.90458],[-8.80124,37.90875],[-8.80208,37.91058],[-8.80346,37.91125],[-8.80372,37.91458],[-8.80447,37.91542],[-8.80625,37.92134],[-8.80875,37.92465],[-8.80958,37.92448],[-8.81062,37.92542],[-8.81024,37.92708],[-8.81292,37.92767],[-8.81458,37.92964],[-8.81625,37.9298],[-8.81701,37.93042],[-8.81708,37.93129],[-8.82125,37.93125],[-8.82458,37.93296],[-8.82875,37.93398],[-8.82958,37.93547],[-8.83458,37.93597],[-8.83542,37.93669],[-8.83875,37.93678],[-8.84125,37.93524],[-8.84375,37.93495],[-8.84792,37.93698],[-8.84958,37.93697],[-8.85208,37.93542],[-8.85551,37.94125],[-8.85593,37.94375],[-8.85797,37.94458],[-8.85913,37.94792],[-8.86208,37.94882],[-8.86454,37.95042],[-8.86458,37.95219],[-8.86542,37.95216],[-8.86625,37.95301],[-8.86958,37.95307],[-8.87061,37.95125],[-8.86875,37.95073],[-8.86875,37.95021],[-8.87542,37.95025],[-8.87958,37.95102],[-8.88625,37.95378],[-8.88793,37.95542],[-8.88774,37.95792],[-8.88856,37.95875],[-8.88694,37.96125],[-8.88408,37.96292],[-8.88375,37.96534],[-8.88292,37.9643],[-8.88235,37.96542],[-8.88009,37.96625],[-8.87958,37.96719],[-8.87875,37.96676],[-8.87708,37.9672],[-8.87625,37.96919],[-8.87542,37.96943],[-8.87458,37.96786],[-8.87241,37.96875],[-8.87245,37.96958],[-8.8702,37.97208],[-8.86875,37.97292],[-8.86997,37.97375],[-8.86958,37.97421],[-8.86792,37.9745],[-8.86792,37.97556],[-8.86708,37.97535],[-8.86389,37.97708],[-8.86063,37.98292],[-8.86223,37.98292],[-8.86125,37.98442],[-8.86028,37.98458],[-8.86048,37.98542],[-8.85984,37.98625],[-8.85875,37.9859],[-8.85534,37.98958],[-8.85513,37.99125],[-8.85576,37.99208],[-8.8544,37.99458],[-8.85275,37.99625],[-8.85332,37.99708],[-8.85208,37.99843],[-8.85125,37.99758],[-8.85101,37.99792],[-8.85085,37.99875],[-8.85163,37.99958],[-8.85058,38.00042],[-8.84875,38.005],[-8.84792,38.00503],[-8.84688,38.00625],[-8.84742,38.00708],[-8.84626,38.00792],[-8.84542,38.01065],[-8.84458,38.01007],[-8.84375,38.01088],[-8.84472,38.01208],[-8.84292,38.01288],[-8.84334,38.01458],[-8.84292,38.01505],[-8.84208,38.0149],[-8.84237,38.01625],[-8.84125,38.01847],[-8.84042,38.01729],[-8.83906,38.01875],[-8.84068,38.01958],[-8.83958,38.02059],[-8.83875,38.02019],[-8.8388,38.02292],[-8.83792,38.02367],[-8.83796,38.02458],[-8.83449,38.02708],[-8.83322,38.03125],[-8.83431,38.03208],[-8.83375,38.03285],[-8.83292,38.03181],[-8.83089,38.03458],[-8.83051,38.03542],[-8.83219,38.03625],[-8.83125,38.03708],[-8.82962,38.04125],[-8.82845,38.04208],[-8.82875,38.04327],[-8.82792,38.04252],[-8.82653,38.04375],[-8.82644,38.04458],[-8.8277,38.04542],[-8.82632,38.04625],[-8.82661,38.04792],[-8.82476,38.05208],[-8.82458,38.05241],[-8.82375,38.05126],[-8.82266,38.05208],[-8.82433,38.05292],[-8.82403,38.05375],[-8.82292,38.0547],[-8.82286,38.05625],[-8.81875,38.06587],[-8.81768,38.06708],[-8.81758,38.06875],[-8.81645,38.07042],[-8.81458,38.07581],[-8.81375,38.07733],[-8.81292,38.07692],[-8.81243,38.07792],[-8.81339,38.07875],[-8.81292,38.07948],[-8.81208,38.07856],[-8.8115,38.07958],[-8.8126,38.08042],[-8.81208,38.08199],[-8.81125,38.07999],[-8.81042,38.08125],[-8.81021,38.08208],[-8.81174,38.08292],[-8.81125,38.08422],[-8.81036,38.08458],[-8.8105,38.08625],[-8.80925,38.08792],[-8.80929,38.08958],[-8.80208,38.10801],[-8.80125,38.10893],[-8.80042,38.11217],[-8.7998,38.10958],[-8.80113,38.10875],[-8.80062,38.10708],[-8.80179,38.10625],[-8.80125,38.10339],[-8.79922,38.10542],[-8.79769,38.11542],[-8.79914,38.11625],[-8.79875,38.1174],[-8.79755,38.11792],[-8.79708,38.11903],[-8.79756,38.12042],[-8.79676,38.12125],[-8.79685,38.12292],[-8.79495,38.12542],[-8.7957,38.12625],[-8.79542,38.12713],[-8.79458,38.12587],[-8.7935,38.12708],[-8.79321,38.12875],[-8.79486,38.12958],[-8.79375,38.13025],[-8.79292,38.12986],[-8.79236,38.13125],[-8.79228,38.13208],[-8.79362,38.13292],[-8.79217,38.13458],[-8.7928,38.13625],[-8.79087,38.14125],[-8.79042,38.14464],[-8.78958,38.14545],[-8.78875,38.14489],[-8.78856,38.14625],[-8.78953,38.14792],[-8.78861,38.14958],[-8.78788,38.15375],[-8.78527,38.15625],[-8.78492,38.16125],[-8.78551,38.16208],[-8.78461,38.16792],[-8.78208,38.17876],[-8.78125,38.17977],[-8.78148,38.18208],[-8.78053,38.18458],[-8.77958,38.19168],[-8.77944,38.19792],[-8.77717,38.20375],[-8.7783,38.20458],[-8.77708,38.20809],[-8.77713,38.21458],[-8.77625,38.21906],[-8.77625,38.25664],[-8.7771,38.26375],[-8.77671,38.26458],[-8.77708,38.27153],[-8.77799,38.27542],[-8.77734,38.27625],[-8.77857,38.27875],[-8.78006,38.29208],[-8.78046,38.29875],[-8.77999,38.29958],[-8.78119,38.30625],[-8.78208,38.3072],[-8.78273,38.31042],[-8.78197,38.31125],[-8.78342,38.31458],[-8.78457,38.32125],[-8.78403,38.32292],[-8.78547,38.32542],[-8.7842,38.32625],[-8.78458,38.32917],[-8.78542,38.32802],[-8.78645,38.32958],[-8.7848,38.33042],[-8.78594,38.33542],[-8.78981,38.34208],[-8.78955,38.34375],[-8.79042,38.34392],[-8.79073,38.34458],[-8.79052,38.34542],[-8.79286,38.35125],[-8.7929,38.35292],[-8.79479,38.35625],[-8.79792,38.36605],[-8.79883,38.36625],[-8.79852,38.36708],[-8.80056,38.37125],[-8.80042,38.37222],[-8.80367,38.37792],[-8.80859,38.38958],[-8.81031,38.39208],[-8.81034,38.39375],[-8.81125,38.39389],[-8.81175,38.39458],[-8.81453,38.40042],[-8.816,38.40125],[-8.81792,38.40642],[-8.8202,38.40875],[-8.82283,38.41458],[-8.82375,38.41472],[-8.82607,38.41792],[-8.82695,38.42042],[-8.82792,38.42049],[-8.8294,38.42208],[-8.82954,38.42375],[-8.83125,38.42551],[-8.83285,38.42625],[-8.83292,38.4271],[-8.83542,38.42967],[-8.83625,38.42971],[-8.83696,38.43042],[-8.83708,38.43132],[-8.83792,38.43147],[-8.83958,38.43308],[-8.84042,38.43311],[-8.84292,38.43627],[-8.84375,38.43689],[-8.84458,38.43682],[-8.84701,38.43875],[-8.84708,38.43965],[-8.84875,38.43956],[-8.85364,38.44292],[-8.85625,38.4457],[-8.85925,38.44708],[-8.85922,38.44792],[-8.86042,38.44884],[-8.86131,38.44875],[-8.86439,38.45292],[-8.86542,38.45311],[-8.8686,38.45542],[-8.86875,38.4566],[-8.87042,38.45642],[-8.87542,38.45912],[-8.87625,38.46067],[-8.87792,38.46084],[-8.88122,38.46375],[-8.88125,38.46461],[-8.88208,38.46463],[-8.88494,38.46708],[-8.88542,38.46875],[-8.89125,38.47138],[-8.89292,38.47166],[-8.89375,38.47326],[-8.89542,38.47326],[-8.8979,38.47458],[-8.89653,38.48125],[-8.89708,38.48363],[-8.89792,38.48458],[-8.89958,38.4837],[-8.90089,38.48208],[-8.90076,38.47792],[-8.90125,38.47784],[-8.90147,38.47875],[-8.90332,38.47958],[-8.90375,38.48154],[-8.90542,38.48246],[-8.90708,38.4824],[-8.9086,38.48375],[-8.90861,38.48542],[-8.90958,38.48634],[-8.91127,38.48625],[-8.91102,38.48542],[-8.91208,38.48326],[-8.91292,38.48411],[-8.91625,38.484],[-8.91708,38.48476],[-8.91797,38.48208],[-8.91708,38.48096],[-8.91625,38.48065],[-8.91542,38.4816],[-8.91375,38.48185],[-8.91292,38.48249],[-8.91095,38.48042],[-8.91074,38.47958],[-8.91348,38.47875],[-8.91389,38.47792],[-8.91349,38.47625],[-8.91458,38.47565],[-8.91625,38.47661],[-8.91792,38.47895],[-8.92042,38.4809],[-8.92375,38.48059],[-8.92458,38.47924],[-8.92714,38.48042],[-8.92625,38.48061],[-8.92458,38.48327],[-8.92292,38.48331],[-8.92208,38.48407],[-8.91979,38.48792],[-8.92049,38.48875],[-8.91991,38.48958],[-8.91542,38.491],[-8.91375,38.48931],[-8.91292,38.4896],[-8.91208,38.4909],[-8.91125,38.48983],[-8.91014,38.49042],[-8.91147,38.49125],[-8.90848,38.49208],[-8.90625,38.49386],[-8.90407,38.48708],[-8.90292,38.48619],[-8.89792,38.48569],[-8.89375,38.48591],[-8.89125,38.48439],[-8.89079,38.48542],[-8.89232,38.48708],[-8.89208,38.48804],[-8.89125,38.48723],[-8.88937,38.48708],[-8.88958,38.48375],[-8.88792,38.48369],[-8.8874,38.48542],[-8.88542,38.48667],[-8.88472,38.48542],[-8.88495,38.48458],[-8.88375,38.48399],[-8.88229,38.48208],[-8.88117,38.48208],[-8.87894,38.47958],[-8.87625,38.47839],[-8.87405,38.47542],[-8.87125,38.47394],[-8.86625,38.46975],[-8.86625,38.46866],[-8.86542,38.46899],[-8.86439,38.46792],[-8.86515,38.46708],[-8.86208,38.46558],[-8.85875,38.46304],[-8.85625,38.46014],[-8.85458,38.45967],[-8.85208,38.4559],[-8.84958,38.45475],[-8.84792,38.45292],[-8.84125,38.45305],[-8.83625,38.45083],[-8.82958,38.44894],[-8.82792,38.44676],[-8.82708,38.44673],[-8.82406,38.44458],[-8.82385,38.44292],[-8.82292,38.44281],[-8.82229,38.44208],[-8.82208,38.44083],[-8.82125,38.4404],[-8.8202,38.44125],[-8.81806,38.43875],[-8.81769,38.43208],[-8.81672,38.42958],[-8.81578,38.42875],[-8.81447,38.42542],[-8.81181,38.42292],[-8.81148,38.42125],[-8.80575,38.41542],[-8.8019,38.40875],[-8.80203,38.40792],[-8.80118,38.40708],[-8.80078,38.40542],[-8.79981,38.40458],[-8.79958,38.40251],[-8.7981,38.40125],[-8.7985,38.39958],[-8.79708,38.39764],[-8.79642,38.39958],[-8.79784,38.40125],[-8.79792,38.4106],[-8.80088,38.41292],[-8.80098,38.41625],[-8.80329,38.41792],[-8.80373,38.42042],[-8.80458,38.41973],[-8.80715,38.42292],[-8.81065,38.42458],[-8.81311,38.42875],[-8.8139,38.43125],[-8.8135,38.43458],[-8.81079,38.43708],[-8.8107,38.43792],[-8.80903,38.43958],[-8.80617,38.44125],[-8.80451,38.44458],[-8.80208,38.44621],[-8.79958,38.44629],[-8.79792,38.44514],[-8.79657,38.44375],[-8.79625,38.44156],[-8.79375,38.44188],[-8.79208,38.44158],[-8.79042,38.44203],[-8.78915,38.44125],[-8.79229,38.43875],[-8.79108,38.43708],[-8.79143,38.43625],[-8.79092,38.43458],[-8.79186,38.43292],[-8.78875,38.43308],[-8.78792,38.43248],[-8.78708,38.4336],[-8.78625,38.43246],[-8.78458,38.43359],[-8.78292,38.43298],[-8.78208,38.43354],[-8.78186,38.43042],[-8.77979,38.42875],[-8.78042,38.42781],[-8.77958,38.42785],[-8.77875,38.42862],[-8.77792,38.42839],[-8.77708,38.42685],[-8.77625,38.42667],[-8.77458,38.42814],[-8.774,38.42792],[-8.77491,38.42625],[-8.77418,38.42542],[-8.77489,38.42458],[-8.77375,38.42286],[-8.77292,38.4228],[-8.77125,38.42374],[-8.76987,38.42292],[-8.7698,38.42208],[-8.77125,38.42116],[-8.76458,38.4225],[-8.76517,38.41875],[-8.76612,38.41708],[-8.76542,38.41651],[-8.7644,38.41708],[-8.76514,38.41792],[-8.76208,38.42076],[-8.76125,38.41897],[-8.75958,38.41829],[-8.75792,38.4191],[-8.75625,38.41696],[-8.7544,38.41792],[-8.75375,38.41933],[-8.75292,38.419],[-8.75208,38.42093],[-8.75042,38.42246],[-8.74875,38.42216],[-8.74625,38.4227],[-8.74458,38.4221],[-8.74125,38.42222],[-8.74042,38.42288],[-8.73708,38.42336],[-8.73724,38.42458],[-8.73542,38.42567],[-8.73292,38.42546],[-8.73125,38.42588],[-8.72875,38.42541],[-8.72792,38.42366],[-8.72708,38.4232],[-8.72208,38.42362],[-8.72125,38.42281],[-8.71753,38.42125],[-8.71718,38.41958],[-8.71625,38.41877],[-8.7151,38.41958],[-8.71524,38.42125],[-8.71292,38.42318],[-8.71125,38.42161],[-8.71042,38.42158],[-8.70042,38.424],[-8.69792,38.4239],[-8.69624,38.42125],[-8.69542,38.42069],[-8.69458,38.42133],[-8.6929,38.42042],[-8.69125,38.4165],[-8.69,38.41708],[-8.68875,38.41454],[-8.68792,38.41411],[-8.68708,38.41454],[-8.68292,38.41367],[-8.68042,38.41455],[-8.67875,38.4145],[-8.67616,38.41708],[-8.67708,38.41977],[-8.68042,38.42169],[-8.68125,38.42295],[-8.68458,38.4256],[-8.68625,38.42515],[-8.68564,38.42792],[-8.68985,38.43208],[-8.692,38.43375],[-8.69375,38.43354],[-8.69458,38.43481],[-8.69708,38.4355],[-8.69916,38.43708],[-8.69958,38.43836],[-8.70042,38.43732],[-8.70458,38.43673],[-8.70708,38.43753],[-8.70875,38.43685],[-8.71292,38.43632],[-8.71542,38.43488],[-8.71792,38.43491],[-8.71958,38.43713],[-8.72042,38.43721],[-8.72542,38.44132],[-8.72708,38.44196],[-8.72734,38.44292],[-8.72652,38.44542],[-8.72708,38.44641],[-8.72911,38.44708],[-8.72792,38.45236],[-8.72917,38.45208],[-8.73006,38.45042],[-8.73125,38.45019],[-8.73208,38.44935],[-8.7328,38.44958],[-8.73375,38.45],[-8.73375,38.45159],[-8.73642,38.45208],[-8.73714,38.45375],[-8.73615,38.45458],[-8.73708,38.45636],[-8.74252,38.45792],[-8.74138,38.45875],[-8.74216,38.46042],[-8.74174,38.46125],[-8.73913,38.46375],[-8.73941,38.46708],[-8.73958,38.46778],[-8.74042,38.46802],[-8.74458,38.46572],[-8.74488,38.46625],[-8.74364,38.46792],[-8.74512,38.46875],[-8.74308,38.47125],[-8.74208,38.47493],[-8.73803,38.47875],[-8.73708,38.47883],[-8.73499,38.48042],[-8.73483,38.48292],[-8.73316,38.48458],[-8.73178,38.48708],[-8.73042,38.48759],[-8.7299,38.48875],[-8.73042,38.48895],[-8.73208,38.4876],[-8.7334,38.48792],[-8.73261,38.48875],[-8.73359,38.49042],[-8.73206,38.49125],[-8.73375,38.49151],[-8.73314,38.49375],[-8.73414,38.49542],[-8.73438,38.50042],[-8.73651,38.50375],[-8.73493,38.50792],[-8.73578,38.50958],[-8.73481,38.51292],[-8.73542,38.51456],[-8.73646,38.51458],[-8.73635,38.51708],[-8.73875,38.51981],[-8.74042,38.52089],[-8.74125,38.52028],[-8.74292,38.52131],[-8.74542,38.52105],[-8.74425,38.52208],[-8.74458,38.5235],[-8.74542,38.52413],[-8.74625,38.52354],[-8.74707,38.52375],[-8.74742,38.52458],[-8.74555,38.52792],[-8.7449,38.53042],[-8.74542,38.53195],[-8.74625,38.53118],[-8.74631,38.53208],[-8.74533,38.53458],[-8.74563,38.53875],[-8.74396,38.54125],[-8.74394,38.54375],[-8.74458,38.54509],[-8.74542,38.54532],[-8.74708,38.54414],[-8.74875,38.5443],[-8.74958,38.54389],[-8.75042,38.54432],[-8.75375,38.54102],[-8.7545,38.54125],[-8.75458,38.54181],[-8.75464,38.53958],[-8.75875,38.53656],[-8.75864,38.53458],[-8.75958,38.53459],[-8.75973,38.53375],[-8.76131,38.53292],[-8.76189,38.53042],[-8.7625,38.53042],[-8.76292,38.53173],[-8.76625,38.5283],[-8.76708,38.52834],[-8.77042,38.5256],[-8.77125,38.52618],[-8.77186,38.52458],[-8.77458,38.52188],[-8.77523,38.52208],[-8.77477,38.52375],[-8.77312,38.52542],[-8.77486,38.52542],[-8.77594,38.52375],[-8.77547,38.52208],[-8.77682,38.52125],[-8.77542,38.52042],[-8.77375,38.51731],[-8.77208,38.51866],[-8.77139,38.51792],[-8.77125,38.51542],[-8.76945,38.51292],[-8.77042,38.51237],[-8.77042,38.51163],[-8.76875,38.51179],[-8.76662,38.51042],[-8.76625,38.50939],[-8.76125,38.5081],[-8.75875,38.50813],[-8.75792,38.50741],[-8.75958,38.5041],[-8.75875,38.50365],[-8.75695,38.50375],[-8.75708,38.50254],[-8.75542,38.49957],[-8.75292,38.50058],[-8.75179,38.50042],[-8.7531,38.49958],[-8.75045,38.49708],[-8.75175,38.49542],[-8.75149,38.49375],[-8.75125,38.49338],[-8.74942,38.49375],[-8.7489,38.49292],[-8.74934,38.49208],[-8.74763,38.49125],[-8.74763,38.48958],[-8.74974,38.48708],[-8.75035,38.48458],[-8.75125,38.48445],[-8.75208,38.48347],[-8.75375,38.48411],[-8.75415,38.48375],[-8.75374,38.48292],[-8.75461,38.48292],[-8.75438,38.48208],[-8.75549,38.48042],[-8.75435,38.47958],[-8.75708,38.47803],[-8.75625,38.47701],[-8.75533,38.47792],[-8.75434,38.47792],[-8.75423,38.47708],[-8.75542,38.47491],[-8.75708,38.47565],[-8.75792,38.47415],[-8.7599,38.47542],[-8.75923,38.47625],[-8.75956,38.47708],[-8.76154,38.47875],[-8.76375,38.47895],[-8.76792,38.47563],[-8.76875,38.47536],[-8.77042,38.47587],[-8.77125,38.47441],[-8.77542,38.4739],[-8.77496,38.47292],[-8.77542,38.47117],[-8.77708,38.47167],[-8.78542,38.47195],[-8.78708,38.47145],[-8.78792,38.47338],[-8.78875,38.47138],[-8.79292,38.47117],[-8.79458,38.4718],[-8.79542,38.47129],[-8.80042,38.47225],[-8.80125,38.47358],[-8.80317,38.47375],[-8.80542,38.47519],[-8.80849,38.47625],[-8.81375,38.4818],[-8.81542,38.48244],[-8.81667,38.48625],[-8.82083,38.48958],[-8.82375,38.49018],[-8.82458,38.49079],[-8.82542,38.49031],[-8.82625,38.49091],[-8.82875,38.49096],[-8.83125,38.49246],[-8.83292,38.49264],[-8.83458,38.49501],[-8.83634,38.49542],[-8.83792,38.49839],[-8.84194,38.50042],[-8.84292,38.50252],[-8.84633,38.50458],[-8.84792,38.50753],[-8.85292,38.50817],[-8.85458,38.50929],[-8.85542,38.50851],[-8.86042,38.50952],[-8.86458,38.51271],[-8.86875,38.5126],[-8.87292,38.51615],[-8.8773,38.51708],[-8.87887,38.51875],[-8.88125,38.52007],[-8.88542,38.52064],[-8.89375,38.52072],[-8.89792,38.52005],[-8.90139,38.51708],[-8.90375,38.51673],[-8.90625,38.5154],[-8.91042,38.51487],[-8.91116,38.51208],[-8.91208,38.51122],[-8.91875,38.51054],[-8.92042,38.50824],[-8.9232,38.50708],[-8.92514,38.50458],[-8.92708,38.5035],[-8.92816,38.50208],[-8.9287,38.49708],[-8.93205,38.49375],[-8.93291,38.48792],[-8.93458,38.48676],[-8.93708,38.48638],[-8.93875,38.48551],[-8.93958,38.48394],[-8.94042,38.48392],[-8.94208,38.48241],[-8.94625,38.48211],[-8.95042,38.47963],[-8.95375,38.47861],[-8.95472,38.47875],[-8.95449,38.47958],[-8.95125,38.48076],[-8.9476,38.48292],[-8.95125,38.48296],[-8.95208,38.48377],[-8.95292,38.48377],[-8.95375,38.48377],[-8.95458,38.48297],[-8.96708,38.48295],[-8.96798,38.48125],[-8.96806,38.47958],[-8.96875,38.47893],[-8.97207,38.47875],[-8.97082,38.47792],[-8.97125,38.47749],[-8.97208,38.47732],[-8.97272,38.47792],[-8.97209,38.47875],[-8.97292,38.47884],[-8.97792,38.47882],[-8.97875,38.478],[-8.98042,38.47796],[-8.98125,38.47714],[-8.98211,38.47708],[-8.98293,38.47542],[-8.981,38.47375],[-8.98227,38.47292],[-8.9823,38.47208],[-8.98542,38.46889],[-8.98633,38.46875],[-8.98635,38.46792],[-8.98804,38.46625],[-8.98812,38.46542],[-8.98938,38.46458],[-8.98953,38.46375],[-8.99125,38.46302],[-8.99375,38.46076],[-8.99542,38.4606],[-8.99625,38.45912],[-8.99792,38.45823],[-8.99958,38.45809],[-9.00042,38.45732],[-9.00292,38.45722],[-9.00375,38.45642],[-9.00542,38.45632],[-9.00625,38.45472],[-9.01125,38.45463],[-9.01208,38.45386],[-9.01375,38.45386],[-9.01458,38.4531],[-9.01708,38.45302],[-9.01792,38.45071],[-9.02042,38.45055],[-9.02208,38.44896],[-9.02708,38.44803],[-9.02958,38.44587],[-9.03042,38.44631],[-9.03792,38.44629],[-9.03875,38.44549],[-9.04125,38.44547],[-9.04375,38.4426],[-9.05042,38.44059],[-9.05125,38.43994],[-9.06125,38.43964],[-9.06254,38.43708],[-9.06633,38.43542],[-9.06706,38.43375],[-9.06792,38.43326],[-9.06875,38.43389],[-9.07458,38.4339],[-9.07542,38.43549],[-9.08292,38.43562],[-9.08375,38.43637],[-9.08625,38.43642],[-9.08875,38.43799],[-9.09125,38.43812],[-9.09197,38.43958],[-9.09375,38.44048],[-9.09875,38.44075],[-9.10042,38.44139],[-9.10458,38.44141],[-9.10542,38.44074],[-9.10708,38.44135],[-9.10875,38.44009],[-9.11227,38.43958],[-9.11097,38.43542],[-9.11292,38.43394],[-9.11542,38.43338],[-9.11625,38.43263],[-9.12208,38.43224],[-9.12423,38.43125],[-9.12458,38.43026],[-9.12542,38.43145],[-9.12625,38.43006],[-9.12708,38.4314],[-9.12875,38.43136],[-9.12891,38.43042],[-9.13042,38.42903],[-9.13208,38.42894],[-9.13292,38.42818],[-9.14042,38.42806],[-9.14125,38.42882],[-9.14542,38.42884],[-9.14625,38.4281],[-9.14875,38.42811],[-9.14958,38.42886],[-9.15375,38.42814],[-9.15458,38.42887],[-9.15708,38.42889],[-9.15792,38.42966],[-9.15958,38.42966],[-9.16042,38.42889],[-9.16375,38.42892],[-9.16458,38.4282],[-9.16792,38.42805],[-9.16875,38.42725],[-9.16979,38.42708],[-9.16984,38.42625],[-9.17125,38.42494],[-9.17208,38.42561],[-9.17375,38.4255],[-9.17658,38.42292],[-9.17708,38.42168],[-9.17792,38.42149],[-9.17958,38.41982],[-9.18125,38.41896],[-9.18375,38.41884],[-9.18458,38.41729],[-9.18625,38.41721],[-9.18728,38.41542],[-9.18754,38.41292],[-9.18875,38.41172],[-9.19292,38.41065],[-9.19329,38.40958],[-9.19503,38.40875],[-9.19542,38.40784],[-9.19625,38.40835],[-9.20292,38.40823],[-9.20375,38.40895],[-9.20542,38.40896],[-9.20625,38.41054],[-9.21125,38.41096],[-9.21208,38.41151],[-9.22042,38.41201],[-9.22163,38.41292],[-9.22239,38.41458],[-9.22119,38.41542],[-9.22042,38.41768],[-9.21797,38.41958],[-9.2186,38.42125],[-9.21765,38.42292],[-9.21601,38.42375],[-9.21708,38.42425],[-9.21771,38.42542],[-9.2176,38.42875],[-9.21458,38.43136],[-9.21426,38.43292],[-9.21292,38.43399],[-9.21125,38.43692],[-9.21042,38.43708],[-9.21069,38.44125],[-9.20875,38.44277],[-9.20812,38.44458],[-9.20685,38.44542],[-9.20735,38.44625],[-9.20708,38.44672],[-9.20625,38.44672],[-9.20601,38.44875],[-9.20375,38.45033],[-9.20208,38.45042],[-9.2017,38.45292],[-9.19998,38.45375],[-9.19957,38.45542],[-9.19792,38.45625],[-9.19788,38.45708],[-9.19871,38.45792],[-9.19817,38.45875],[-9.19458,38.46266],[-9.19375,38.46275],[-9.19368,38.46458],[-9.19208,38.46742],[-9.19198,38.46875],[-9.18958,38.47085],[-9.18792,38.47713],[-9.18708,38.47676],[-9.18542,38.47708],[-9.18501,38.48208],[-9.18631,38.48292],[-9.18542,38.48379],[-9.18458,38.48661],[-9.18428,38.49625],[-9.18354,38.49875],[-9.18381,38.50292],[-9.18457,38.50375],[-9.18346,38.51625],[-9.18375,38.5285],[-9.18875,38.55043],[-9.18991,38.55292],[-9.18958,38.55391],[-9.19042,38.55457],[-9.19292,38.56254],[-9.19406,38.56375],[-9.19369,38.56458],[-9.19458,38.56469],[-9.19675,38.57042],[-9.19763,38.57125],[-9.19782,38.57292],[-9.19928,38.57375],[-9.20646,38.58542],[-9.20624,38.58708],[-9.20798,38.58958],[-9.21128,38.59792],[-9.21083,38.59958],[-9.21256,38.60125],[-9.21266,38.60292],[-9.21384,38.60375],[-9.21379,38.60458],[-9.21571,38.60625],[-9.21784,38.61042],[-9.21789,38.61208],[-9.21895,38.61292],[-9.22576,38.62292],[-9.23292,38.63147],[-9.23542,38.63579],[-9.23625,38.63574],[-9.23876,38.63875],[-9.23881,38.63958],[-9.24057,38.64125],[-9.24245,38.64208],[-9.24281,38.64458],[-9.24375,38.6462],[-9.2466,38.64708],[-9.24625,38.64948],[-9.24751,38.65042],[-9.24792,38.65213],[-9.24904,38.65208],[-9.25194,38.65542],[-9.25195,38.65625],[-9.25375,38.65641],[-9.25625,38.65879],[-9.25901,38.65958],[-9.26005,38.66125],[-9.25932,38.66208],[-9.25958,38.66245],[-9.26142,38.66292],[-9.26042,38.66311],[-9.25708,38.66575],[-9.25208,38.66611],[-9.24792,38.66944],[-9.24707,38.66792],[-9.24522,38.67125],[-9.24458,38.672],[-9.24375,38.67192],[-9.24397,38.67292],[-9.24208,38.67433],[-9.24125,38.67313],[-9.23958,38.67361],[-9.23125,38.67408],[-9.23042,38.67467],[-9.22458,38.67508],[-9.22375,38.67561],[-9.21458,38.6757],[-9.21292,38.67596],[-9.21208,38.67712],[-9.20792,38.67747],[-9.20708,38.6782],[-9.20375,38.67843],[-9.20292,38.679],[-9.20125,38.67903],[-9.20042,38.6785],[-9.18792,38.67862],[-9.18708,38.67923],[-9.18292,38.67924],[-9.18208,38.67985],[-9.18042,38.67989],[-9.17958,38.67922],[-9.17875,38.67923],[-9.17792,38.67997],[-9.17625,38.68012],[-9.17458,38.68155],[-9.17042,38.68191],[-9.16958,38.68267],[-9.16458,38.68279],[-9.16292,38.68411],[-9.15958,38.68432],[-9.15875,38.68566],[-9.15625,38.68612],[-9.15542,38.68681],[-9.15375,38.68689],[-9.15292,38.68749],[-9.14875,38.68711],[-9.14613,38.68542],[-9.14811,38.68292],[-9.14962,38.67875],[-9.15249,38.67708],[-9.15292,38.67292],[-9.15013,38.67125],[-9.14886,38.66875],[-9.14792,38.66801],[-9.14625,38.66845],[-9.14529,38.66958],[-9.14625,38.67077],[-9.14745,38.67125],[-9.14542,38.67166],[-9.14495,38.67292],[-9.14542,38.67346],[-9.14727,38.67375],[-9.14573,38.67542],[-9.14542,38.67735],[-9.14458,38.67569],[-9.14332,38.67542],[-9.14436,38.67375],[-9.14413,38.67042],[-9.14292,38.67034],[-9.14125,38.67171],[-9.13875,38.67106],[-9.13494,38.66542],[-9.13542,38.66482],[-9.13625,38.66584],[-9.13648,38.66458],[-9.13542,38.66435],[-9.13375,38.66269],[-9.13292,38.66274],[-9.13269,38.66125],[-9.13125,38.66019],[-9.13002,38.66125],[-9.12958,38.6632],[-9.12875,38.66215],[-9.12708,38.66269],[-9.12625,38.66199],[-9.12606,38.66292],[-9.12542,38.66322],[-9.12375,38.6596],[-9.12125,38.65965],[-9.11958,38.66136],[-9.11708,38.66195],[-9.11608,38.66292],[-9.11572,38.66375],[-9.11625,38.66398],[-9.11708,38.66397],[-9.11792,38.66326],[-9.11843,38.66375],[-9.11829,38.66458],[-9.11625,38.66675],[-9.11375,38.66892],[-9.10875,38.67194],[-9.10542,38.67182],[-9.10208,38.66884],[-9.09542,38.6675],[-9.08875,38.66828],[-9.08458,38.66808],[-9.08249,38.66875],[-9.0815,38.66958],[-9.07979,38.67375],[-9.08042,38.67461],[-9.07792,38.6758],[-9.07708,38.67568],[-9.07625,38.67478],[-9.07458,38.67501],[-9.07375,38.67453],[-9.07208,38.67561],[-9.07125,38.67497],[-9.07072,38.67708],[-9.06942,38.67792],[-9.06938,38.67875],[-9.06708,38.67891],[-9.06676,38.67958],[-9.06792,38.68042],[-9.06693,38.68208],[-9.06773,38.68292],[-9.06625,38.68402],[-9.06375,38.68462],[-9.06257,38.68542],[-9.05999,38.69042],[-9.05708,38.69281],[-9.0547,38.69542],[-9.05458,38.69628],[-9.05375,38.69614],[-9.05208,38.7004],[-9.05153,38.70792],[-9.04984,38.71292],[-9.04542,38.7204],[-9.04199,38.72375],[-9.04085,38.72958],[-9.03932,38.73375],[-9.03564,38.73708],[-9.03312,38.74375],[-9.03364,38.74708],[-9.03505,38.74792],[-9.03607,38.75042],[-9.03698,38.75542],[-9.0365,38.75708],[-9.03859,38.75792],[-9.03913,38.75958],[-9.04051,38.76042],[-9.04711,38.76208],[-9.04783,38.76625],[-9.04958,38.76645],[-9.05042,38.7685],[-9.05375,38.76774],[-9.05458,38.76831],[-9.05708,38.76747],[-9.05792,38.768],[-9.05799,38.76708],[-9.05958,38.76596],[-9.06043,38.76625],[-9.05958,38.76721],[-9.06125,38.76705],[-9.06208,38.76749],[-9.06292,38.76689],[-9.06375,38.76748],[-9.06542,38.76732],[-9.06875,38.76523],[-9.06958,38.7637],[-9.07125,38.76255],[-9.07254,38.76292],[-9.07058,38.76375],[-9.07095,38.76458],[-9.07208,38.76512],[-9.07542,38.76059],[-9.07894,38.75792],[-9.07837,38.75708],[-9.07958,38.7552],[-9.08458,38.7532],[-9.08592,38.75208],[-9.08582,38.75125],[-9.0847,38.75042],[-9.08717,38.74792],[-9.08665,38.74625],[-9.08708,38.74575],[-9.08792,38.74671],[-9.08842,38.74458],[-9.09208,38.7413],[-9.09292,38.74121],[-9.09506,38.73958],[-9.09542,38.73853],[-9.09714,38.73792],[-9.09581,38.73708],[-9.09708,38.73689],[-9.0983,38.73458],[-9.10125,38.73176],[-9.10292,38.73184],[-9.10458,38.72897],[-9.10723,38.72708],[-9.10875,38.72486],[-9.11042,38.7237],[-9.11458,38.71761],[-9.11875,38.71552],[-9.12125,38.71202],[-9.12442,38.71042],[-9.12625,38.70846],[-9.13183,38.70708],[-9.13409,38.70542],[-9.13875,38.70503],[-9.13958,38.70438],[-9.14542,38.70432],[-9.14625,38.70387],[-9.14708,38.70432],[-9.15125,38.70415],[-9.15625,38.70281],[-9.16042,38.70284],[-9.16458,38.70074],[-9.16875,38.70038],[-9.17292,38.70064],[-9.17562,38.69875],[-9.17792,38.69844],[-9.17875,38.69706],[-9.19792,38.69567],[-9.20042,38.69455],[-9.20208,38.69313],[-9.20708,38.69272],[-9.20792,38.69221],[-9.21458,38.69226],[-9.21875,38.69176],[-9.22018,38.69208],[-9.22292,38.69453],[-9.22625,38.69431],[-9.23125,38.6952],[-9.23625,38.6954],[-9.23792,38.69657],[-9.24042,38.69725],[-9.24087,38.69792],[-9.25042,38.69803],[-9.25208,38.69902],[-9.25792,38.69899],[-9.25958,38.69839],[-9.26042,38.69897],[-9.26375,38.69884],[-9.26458,38.69826],[-9.26958,38.69804],[-9.27042,38.69659],[-9.27542,38.69686],[-9.27708,38.69825],[-9.27792,38.69704],[-9.28042,38.69655],[-9.28125,38.6958],[-9.28792,38.69481],[-9.28915,38.69375],[-9.28958,38.69198],[-9.29125,38.69182],[-9.29208,38.69094],[-9.29542,38.68993],[-9.29625,38.68842],[-9.30125,38.68583],[-9.30208,38.68429],[-9.30375,38.68415],[-9.30458,38.68348],[-9.30542,38.68402],[-9.30875,38.68392],[-9.30958,38.68321],[-9.31125,38.68319],[-9.3131,38.68208],[-9.31345,38.67958],[-9.31577,38.67792],[-9.31661,38.67542],[-9.31795,38.67458],[-9.32375,38.67391],[-9.32625,38.6741],[-9.32708,38.67497],[-9.33059,38.67625],[-9.33125,38.67708],[-9.33708,38.67832],[-9.33958,38.67997],[-9.34208,38.67996],[-9.34292,38.67901],[-9.34375,38.67966],[-9.34542,38.67915],[-9.34636,38.67958],[-9.34792,38.68184],[-9.34875,38.68188],[-9.35208,38.68414],[-9.35388,38.68458],[-9.35407,38.68542],[-9.35625,38.6869],[-9.35875,38.68699],[-9.35958,38.68762],[-9.36125,38.68775],[-9.36458,38.69099],[-9.36625,38.69096],[-9.36875,38.69227],[-9.37042,38.69236],[-9.37125,38.69081],[-9.37208,38.69087],[-9.37292,38.69241],[-9.37458,38.69245],[-9.37542,38.69418],[-9.37958,38.69499],[-9.38042,38.69586],[-9.38292,38.69592],[-9.38542,38.69872],[-9.39042,38.6993],[-9.39125,38.70069],[-9.39625,38.70073],[-9.39708,38.69992],[-9.39875,38.70002],[-9.40053,38.70125],[-9.40125,38.70256],[-9.40375,38.70239],[-9.40458,38.7031],[-9.40542,38.70229],[-9.40726,38.70208],[-9.40792,38.69976],[-9.40875,38.70063],[-9.40958,38.70061],[-9.41042,38.69976],[-9.41375,38.69978],[-9.41651,38.69792],[-9.41657,38.69625],[-9.4173,38.69542],[-9.41606,38.69458],[-9.41605,38.69375],[-9.41762,38.69125],[-9.41958,38.69024],[-9.42048,38.68875],[-9.42292,38.68835],[-9.42444,38.68875],[-9.42708,38.69074],[-9.43282,38.69125],[-9.43542,38.69412],[-9.43875,38.69479],[-9.43958,38.6944],[-9.45208,38.69436],[-9.46208,38.69537],[-9.46628,38.69708],[-9.46708,38.69833],[-9.47375,38.70009],[-9.47708,38.70272],[-9.48375,38.70536],[-9.48483,38.70708],[-9.48495,38.71125],[-9.48636,38.71208],[-9.48458,38.71288],[-9.48527,38.71458],[-9.47998,38.72125],[-9.48013,38.72292],[-9.47768,38.72625],[-9.47416,38.73542],[-9.47308,38.74125],[-9.47382,38.74208],[-9.47292,38.74254],[-9.47292,38.74383],[-9.47368,38.74458],[-9.47286,38.74542],[-9.47292,38.7485],[-9.47377,38.74875],[-9.47292,38.74884],[-9.47292,38.75208],[-9.47625,38.75242],[-9.47708,38.75314],[-9.47875,38.75326],[-9.48042,38.75482],[-9.48292,38.75518],[-9.48542,38.75937],[-9.48708,38.75958],[-9.48727,38.76042],[-9.49045,38.76208],[-9.49208,38.76518],[-9.49421,38.76708],[-9.49353,38.76792],[-9.49375,38.77304],[-9.49519,38.77375],[-9.49501,38.77458],[-9.4975,38.77542],[-9.49792,38.77718],[-9.49958,38.77748],[-9.50096,38.77958],[-9.50113,38.78125],[-9.49675,38.78625],[-9.49688,38.78792],[-9.4954,38.78875],[-9.49477,38.79042],[-9.49375,38.79097],[-9.49343,38.79375],[-9.49406,38.79458],[-9.49208,38.79538],[-9.49103,38.79708],[-9.49081,38.79875],[-9.48915,38.79958],[-9.48923,38.80208],[-9.48708,38.8029],[-9.48458,38.80691],[-9.48452,38.80792],[-9.48208,38.81032],[-9.48125,38.81042],[-9.48191,38.81125],[-9.48162,38.81208],[-9.48012,38.81292],[-9.47958,38.81493],[-9.47792,38.81623],[-9.47708,38.81625],[-9.47682,38.81875],[-9.47458,38.82063],[-9.47401,38.82458],[-9.47156,38.82625],[-9.47104,38.82875],[-9.46861,38.83208],[-9.46703,38.83708],[-9.46542,38.83883],[-9.46458,38.83864],[-9.46501,38.83958],[-9.46301,38.84208],[-9.46292,38.8431],[-9.46208,38.84367],[-9.46042,38.84375],[-9.46178,38.84458],[-9.46042,38.84624],[-9.45958,38.84625],[-9.45953,38.84792],[-9.45612,38.85458],[-9.45092,38.86292],[-9.45161,38.86625],[-9.45086,38.86875],[-9.44958,38.86958],[-9.44875,38.87202],[-9.44722,38.87208],[-9.44743,38.87292],[-9.44542,38.87533],[-9.44537,38.87625],[-9.44375,38.87708],[-9.44375,38.87987],[-9.44496,38.88042],[-9.44449,38.88125],[-9.44208,38.88334],[-9.44125,38.88485],[-9.43954,38.88542],[-9.43958,38.88665],[-9.44031,38.88708],[-9.43952,38.88792],[-9.44011,38.89042],[-9.4394,38.89125],[-9.43929,38.89458],[-9.43708,38.89749],[-9.43594,38.89792],[-9.43542,38.89919],[-9.43561,38.90208],[-9.43503,38.90375],[-9.43389,38.90458],[-9.43388,38.90708],[-9.43251,38.91125],[-9.43125,38.9135],[-9.43042,38.9137],[-9.4287,38.91792],[-9.42708,38.91925],[-9.42732,38.92042],[-9.42458,38.92696],[-9.42375,38.92708],[-9.42415,38.92792],[-9.42292,38.93017],[-9.42125,38.93297],[-9.42042,38.93338],[-9.41958,38.93264],[-9.41897,38.93458],[-9.41875,38.93804],[-9.4201,38.93792],[-9.4197,38.93625],[-9.42042,38.93558],[-9.42117,38.93625],[-9.41996,38.93958],[-9.41891,38.94042],[-9.419,38.94125],[-9.41752,38.94292],[-9.41708,38.94459],[-9.41708,38.94987],[-9.4179,38.95042],[-9.41786,38.95625],[-9.41669,38.95792],[-9.41792,38.95808],[-9.41875,38.95894],[-9.42063,38.95958],[-9.42093,38.96125],[-9.42032,38.96292],[-9.42197,38.96375],[-9.42213,38.96458],[-9.42214,38.96542],[-9.42119,38.96625],[-9.42245,38.97042],[-9.42158,38.97125],[-9.42208,38.97708],[-9.42292,38.97922],[-9.42409,38.97958],[-9.42281,38.98042],[-9.42261,38.98292],[-9.41969,38.98542],[-9.42042,38.98686],[-9.42271,38.98875],[-9.42251,38.98958],[-9.42375,38.99029],[-9.42581,38.99292],[-9.42609,38.99542],[-9.42701,38.99625],[-9.42537,38.99875],[-9.42687,39.00042],[-9.42683,39.00375],[-9.42815,39.00458],[-9.42616,39.00542],[-9.42675,39.00875],[-9.42608,39.01042],[-9.42542,39.01098],[-9.42292,39.01121],[-9.42208,39.01208],[-9.42525,39.01708],[-9.42539,39.01958],[-9.42471,39.02125],[-9.42532,39.02292],[-9.42375,39.02607],[-9.42261,39.02625],[-9.42304,39.02708],[-9.42208,39.03021],[-9.41896,39.03292],[-9.41937,39.03375],[-9.41875,39.03428],[-9.41872,39.03625],[-9.41993,39.03708],[-9.41875,39.03778],[-9.41923,39.03958],[-9.41708,39.04232],[-9.41708,39.04463],[-9.41841,39.04542],[-9.41865,39.04625],[-9.41766,39.04875],[-9.41883,39.05042],[-9.41799,39.05125],[-9.41832,39.05292],[-9.41636,39.05708],[-9.41735,39.06458],[-9.42292,39.073],[-9.42292,39.07505],[-9.42041,39.07792],[-9.41958,39.08024],[-9.41875,39.08031],[-9.41923,39.08125],[-9.41875,39.08347],[-9.41625,39.08614],[-9.41542,39.08824],[-9.4143,39.08875],[-9.41185,39.09375],[-9.40672,39.09792],[-9.40568,39.10042],[-9.40171,39.10458],[-9.40042,39.10685],[-9.3979,39.10875],[-9.39721,39.11042],[-9.39542,39.11235],[-9.39371,39.11542],[-9.39375,39.11635],[-9.39466,39.11708],[-9.39375,39.11741],[-9.39363,39.12042],[-9.39503,39.12125],[-9.39458,39.12184],[-9.39324,39.12208],[-9.3924,39.12458],[-9.38804,39.12958],[-9.38708,39.13141],[-9.38625,39.13103],[-9.3853,39.13125],[-9.38542,39.13362],[-9.38639,39.13375],[-9.38456,39.13542],[-9.38292,39.13805],[-9.38125,39.13901],[-9.37292,39.15],[-9.37173,39.15375],[-9.36803,39.15958],[-9.36814,39.16125],[-9.36294,39.16792],[-9.35875,39.17452],[-9.35951,39.17708],[-9.35894,39.17792],[-9.35789,39.17792],[-9.35766,39.17875],[-9.35882,39.18208],[-9.35573,39.18458],[-9.35532,39.18708],[-9.35167,39.19292],[-9.35171,39.19542],[-9.34875,39.20088],[-9.34783,39.20125],[-9.34803,39.20208],[-9.34621,39.20542],[-9.34665,39.20708],[-9.34619,39.21042],[-9.34727,39.21292],[-9.34478,39.21458],[-9.345,39.21625],[-9.34211,39.22125],[-9.34204,39.22375],[-9.34094,39.22625],[-9.34075,39.22875],[-9.34151,39.23042],[-9.3409,39.23292],[-9.34161,39.23458],[-9.3415,39.23625],[-9.34266,39.23792],[-9.34292,39.2396],[-9.3444,39.24125],[-9.34357,39.24208],[-9.34125,39.24853],[-9.34105,39.25375],[-9.33835,39.26208],[-9.33756,39.26792],[-9.33789,39.27042],[-9.33695,39.27458],[-9.33841,39.27792],[-9.3375,39.28208],[-9.33876,39.28542],[-9.3419,39.28625],[-9.34381,39.28792],[-9.34233,39.29208],[-9.34314,39.29292],[-9.34357,39.29625],[-9.34675,39.29958],[-9.34763,39.30125],[-9.3477,39.30208],[-9.34624,39.30458],[-9.34702,39.30542],[-9.34792,39.31143],[-9.34925,39.31208],[-9.35056,39.31458],[-9.35532,39.31708],[-9.35764,39.32292],[-9.36042,39.32521],[-9.3616,39.32542],[-9.36042,39.32621],[-9.36013,39.32708],[-9.36017,39.33625],[-9.36115,39.33792],[-9.36111,39.33958],[-9.36317,39.34208],[-9.36432,39.34542],[-9.36542,39.34611],[-9.36532,39.34708],[-9.3671,39.34875],[-9.36858,39.35292],[-9.36815,39.35375],[-9.36875,39.35435],[-9.37042,39.35417],[-9.37292,39.35542],[-9.37708,39.35458],[-9.38042,39.35263],[-9.38542,39.35337],[-9.38958,39.35317],[-9.39708,39.35545],[-9.40011,39.35708],[-9.40208,39.3599],[-9.40462,39.36125],[-9.40542,39.36328],[-9.40832,39.36125],[-9.40806,39.35958],[-9.40875,39.3589],[-9.40998,39.36042],[-9.40708,39.36365],[-9.40549,39.36375],[-9.40581,39.36542],[-9.40375,39.36769],[-9.40208,39.3676],[-9.40078,39.36958],[-9.39792,39.37075],[-9.38958,39.37121],[-9.38708,39.37179],[-9.38458,39.37159],[-9.38208,39.37029],[-9.38042,39.37029],[-9.37958,39.3697],[-9.37792,39.37212],[-9.37375,39.37295],[-9.37283,39.37292],[-9.37083,39.36875],[-9.37078,39.36792],[-9.37211,39.36708],[-9.37198,39.36625],[-9.36958,39.36395],[-9.36792,39.36381],[-9.36625,39.36287],[-9.35792,39.36186],[-9.35458,39.36211],[-9.35042,39.36318],[-9.34909,39.36458],[-9.34292,39.36716],[-9.33958,39.37026],[-9.34154,39.37125],[-9.3417,39.37292],[-9.33958,39.37519],[-9.33792,39.3756],[-9.33208,39.37481],[-9.32708,39.37556],[-9.30625,39.38373],[-9.30031,39.38708],[-9.29958,39.388],[-9.29645,39.38875],[-9.29542,39.38986],[-9.29375,39.38958],[-9.29442,39.39042],[-9.28875,39.39343],[-9.28792,39.39437],[-9.28708,39.39465],[-9.28708,39.39359],[-9.28542,39.3936],[-9.28502,39.39458],[-9.28598,39.39542],[-9.28542,39.39584],[-9.28042,39.39898],[-9.27958,39.39867],[-9.27935,39.39958],[-9.27708,39.40127],[-9.27625,39.40139],[-9.26875,39.40691],[-9.26542,39.40891],[-9.26458,39.40886],[-9.25792,39.41435],[-9.25292,39.41774],[-9.25132,39.41792],[-9.2516,39.41875],[-9.24875,39.42093],[-9.24741,39.42125],[-9.24542,39.42359],[-9.24292,39.42456],[-9.24159,39.42625],[-9.24042,39.4267],[-9.23792,39.42994],[-9.23542,39.43062],[-9.2354,39.43125],[-9.23102,39.43375],[-9.22875,39.4368],[-9.22625,39.43871],[-9.22615,39.43958],[-9.22375,39.44267],[-9.22225,39.44292],[-9.22249,39.44375],[-9.22125,39.44486],[-9.22042,39.4469],[-9.21861,39.44708],[-9.21895,39.44792],[-9.21792,39.44871],[-9.21783,39.44958],[-9.21431,39.45375],[-9.21266,39.45458],[-9.21208,39.45604],[-9.21101,39.45625],[-9.21185,39.45708],[-9.21102,39.45792],[-9.2102,39.46042],[-9.20922,39.46125],[-9.20792,39.46417],[-9.20625,39.4644],[-9.20685,39.46542],[-9.20458,39.46784],[-9.2044,39.47292],[-9.20375,39.47375],[-9.20292,39.47449],[-9.19745,39.47542],[-9.18875,39.48417],[-9.18512,39.48542],[-9.1835,39.48875],[-9.18112,39.48958],[-9.18163,39.49042],[-9.17958,39.49283],[-9.17708,39.49356],[-9.17749,39.49458],[-9.17625,39.49578],[-9.17292,39.49721],[-9.17196,39.49708],[-9.17157,39.49875],[-9.17199,39.50042],[-9.17042,39.50266],[-9.16542,39.50453],[-9.16276,39.50458],[-9.15958,39.50751],[-9.1546,39.50875],[-9.15208,39.51044],[-9.15042,39.51033],[-9.14958,39.50959],[-9.14708,39.50964],[-9.14493,39.50875],[-9.14473,39.50708],[-9.14543,39.50625],[-9.14542,39.50458],[-9.14433,39.50375],[-9.14125,39.50368],[-9.13857,39.50458],[-9.13658,39.50792],[-9.13707,39.51125],[-9.13865,39.51458],[-9.13958,39.51515],[-9.14125,39.51523],[-9.14195,39.51458],[-9.14179,39.51292],[-9.14208,39.51259],[-9.14292,39.51291],[-9.14368,39.51875],[-9.14292,39.52115],[-9.13807,39.52208],[-9.13708,39.52322],[-9.13542,39.52272],[-9.13553,39.52375],[-9.13208,39.5261],[-9.13125,39.526],[-9.13112,39.52708],[-9.12708,39.53229],[-9.12708,39.53331],[-9.12812,39.53375],[-9.12677,39.53625],[-9.12458,39.53842],[-9.12277,39.53875],[-9.1228,39.53958],[-9.12125,39.54101],[-9.11792,39.54222],[-9.11708,39.54292],[-9.11708,39.54375],[-9.11375,39.5461],[-9.11284,39.54792],[-9.1092,39.55125],[-9.10921,39.55208],[-9.10625,39.55444],[-9.10542,39.55636],[-9.10458,39.55579],[-9.10391,39.55625],[-9.10259,39.55792],[-9.1033,39.55875],[-9.10208,39.55915],[-9.10097,39.56125],[-9.09958,39.56265],[-9.09875,39.56218],[-9.09792,39.56273],[-9.09596,39.56458],[-9.09721,39.56542],[-9.09625,39.5665],[-9.09542,39.5655],[-9.09398,39.56708],[-9.09458,39.56739],[-9.09542,39.56666],[-9.09573,39.56708],[-9.09042,39.5733],[-9.08958,39.57403],[-9.08875,39.57264],[-9.08449,39.57708],[-9.08436,39.57792],[-9.08558,39.57875],[-9.08422,39.57958],[-9.08447,39.58125],[-9.08208,39.58358],[-9.08109,39.58375],[-9.07875,39.58646],[-9.07708,39.58759],[-9.07542,39.58751],[-9.07493,39.58792],[-9.07422,39.58958],[-9.07458,39.5912],[-9.07542,39.59087],[-9.07632,39.59125],[-9.07502,39.59292],[-9.07481,39.59958],[-9.07595,39.60208],[-9.08292,39.60358],[-9.08458,39.60523],[-9.08542,39.60444],[-9.08663,39.60458],[-9.08625,39.60535],[-9.08561,39.60542],[-9.0855,39.60625],[-9.08641,39.60792],[-9.08542,39.60812],[-9.08526,39.60875],[-9.08531,39.61542],[-9.08666,39.61625],[-9.08542,39.6192],[-9.0857,39.62042],[-9.08458,39.62165],[-9.08441,39.62375],[-9.08298,39.62708],[-9.08125,39.62708],[-9.08125,39.62792],[-9.08222,39.62875],[-9.08125,39.62942],[-9.08114,39.63125],[-9.07807,39.63875],[-9.07625,39.64152],[-9.07322,39.65042],[-9.07208,39.6511],[-9.07181,39.65292],[-9.06875,39.65805],[-9.06786,39.66125],[-9.06542,39.66619],[-9.06458,39.66656],[-9.06448,39.66958],[-9.06525,39.67042],[-9.06256,39.67708],[-9.06031,39.68625],[-9.05708,39.69194],[-9.05584,39.69292],[-9.05598,39.69375],[-9.05375,39.69817],[-9.05292,39.69761],[-9.0519,39.69792],[-9.05208,39.6993],[-9.05292,39.69958],[-9.05184,39.70125],[-9.05125,39.70458],[-9.05203,39.70792],[-9.05089,39.70958],[-9.05036,39.71292],[-9.05125,39.71521],[-9.05292,39.71613],[-9.05313,39.71708],[-9.05005,39.72208],[-9.04625,39.73194],[-9.04393,39.73625],[-9.04208,39.73832],[-9.04125,39.74315],[-9.03743,39.75042],[-9.03637,39.75375],[-9.0345,39.75625],[-9.03292,39.76292],[-9.03208,39.7625],[-9.03125,39.76319],[-9.03098,39.76458],[-9.03169,39.76542],[-9.0302,39.76792],[-9.03021,39.76958],[-9.02708,39.77422],[-9.02625,39.77462],[-9.02375,39.7794],[-9.02292,39.77947],[-9.0227,39.78125],[-9.02125,39.78314],[-9.02091,39.78458],[-9.02042,39.78523],[-9.01875,39.78542],[-9.0191,39.78875],[-9.0168,39.79292],[-9.01458,39.79538],[-9.01196,39.80125],[-9.01042,39.80208],[-9.01088,39.80292],[-9.00945,39.80458],[-9.00674,39.81125],[-9.00125,39.82041],[-9.00088,39.82292],[-8.99708,39.82888],[-8.99695,39.83125],[-8.99218,39.83875],[-8.99016,39.84375],[-8.98984,39.84625],[-8.98875,39.84723],[-8.98596,39.85292],[-8.98458,39.8545],[-8.98425,39.85625],[-8.98125,39.86193],[-8.97932,39.86375],[-8.97815,39.86792],[-8.97542,39.87166],[-8.97537,39.87292],[-8.97375,39.8759],[-8.97292,39.87616],[-8.9735,39.87708],[-8.97332,39.87875],[-8.97288,39.87958],[-8.97208,39.87978],[-8.97183,39.88125],[-8.97092,39.88208],[-8.96875,39.88675],[-8.96792,39.88725],[-8.96638,39.89208],[-8.96375,39.8962],[-8.96348,39.89792],[-8.96208,39.90037],[-8.96168,39.90375],[-8.96042,39.90423],[-8.96029,39.90625],[-8.95875,39.90839],[-8.95875,39.90994],[-8.95792,39.91029],[-8.95708,39.91177],[-8.95625,39.912],[-8.95567,39.91458],[-8.95598,39.91875],[-8.95125,39.92814],[-8.95042,39.92869],[-8.94792,39.93369],[-8.94708,39.93422],[-8.94528,39.93875],[-8.94292,39.94189],[-8.94097,39.94875],[-8.93875,39.95122],[-8.93871,39.95292],[-8.93792,39.95363],[-8.93657,39.95792],[-8.93542,39.95941],[-8.93471,39.95958],[-8.93366,39.96292],[-8.93373,39.96458],[-8.93228,39.96625],[-8.93252,39.96708],[-8.93112,39.96792],[-8.93167,39.96875],[-8.93061,39.97042],[-8.93016,39.97458],[-8.92875,39.97562],[-8.92584,39.98042],[-8.923,39.98792],[-8.92208,39.98769],[-8.92206,39.98958],[-8.92125,39.99025],[-8.91841,39.99792],[-8.91502,40.00375],[-8.91504,40.00708],[-8.91458,40.00781],[-8.91292,40.00829],[-8.91269,40.01042],[-8.91125,40.01338],[-8.91042,40.01352],[-8.91098,40.01458],[-8.91091,40.01708],[-8.90708,40.02181],[-8.90611,40.02208],[-8.90583,40.02542],[-8.90369,40.02875],[-8.90345,40.03042],[-8.90125,40.03344],[-8.90156,40.03458],[-8.89958,40.03814],[-8.89981,40.04208],[-8.89792,40.04299],[-8.89708,40.04283],[-8.89752,40.04625],[-8.89708,40.04685],[-8.89625,40.04667],[-8.89542,40.0478],[-8.89419,40.05125],[-8.89286,40.05292],[-8.89282,40.05458],[-8.89375,40.05471],[-8.89441,40.05625],[-8.89292,40.05761],[-8.8902,40.06208],[-8.88913,40.06708],[-8.88792,40.06798],[-8.88625,40.07101],[-8.88542,40.07104],[-8.88602,40.07208],[-8.88328,40.07792],[-8.88208,40.07959],[-8.88125,40.07974],[-8.88099,40.08042],[-8.88156,40.08125],[-8.87995,40.08375],[-8.87958,40.08729],[-8.87875,40.0865],[-8.87792,40.08896],[-8.87708,40.08958],[-8.87708,40.09052],[-8.87848,40.09125],[-8.8775,40.09208],[-8.87686,40.09458],[-8.87523,40.09625],[-8.87148,40.10792],[-8.87042,40.10953],[-8.86968,40.11375],[-8.86646,40.12125],[-8.86542,40.1278],[-8.86431,40.13042],[-8.86481,40.13125],[-8.86398,40.13458],[-8.8642,40.13875],[-8.86374,40.13958],[-8.86562,40.14042],[-8.8661,40.14125],[-8.86875,40.14896],[-8.87125,40.14958],[-8.87187,40.15208],[-8.87292,40.15292],[-8.87375,40.15288],[-8.87588,40.15542],[-8.8772,40.15958],[-8.87792,40.1603],[-8.87875,40.16017],[-8.88375,40.16354],[-8.88792,40.16505],[-8.89125,40.1685],[-8.89458,40.1686],[-8.90042,40.17096],[-8.90074,40.17542],[-8.90168,40.17625],[-8.90173,40.17708],[-8.90542,40.17731],[-8.90625,40.17805],[-8.90708,40.17809],[-8.90866,40.18042],[-8.90869,40.18542],[-8.90953,40.18625],[-8.90872,40.19042],[-8.90666,40.19458],[-8.90542,40.1958],[-8.90547,40.19708],[-8.90348,40.20125],[-8.90125,40.20504],[-8.90042,40.20529],[-8.90075,40.20625],[-8.9002,40.20875],[-8.89792,40.21255],[-8.89708,40.2128],[-8.89625,40.21656],[-8.89542,40.21705],[-8.89425,40.21958],[-8.89292,40.22088],[-8.89322,40.22208],[-8.89258,40.22375],[-8.89125,40.22539],[-8.88958,40.22918],[-8.88875,40.22935],[-8.88894,40.23042],[-8.88708,40.23348],[-8.88686,40.23542],[-8.88516,40.23792],[-8.88458,40.24045],[-8.88238,40.24375],[-8.88183,40.24625],[-8.88042,40.24707],[-8.8808,40.24792],[-8.87918,40.25125],[-8.87792,40.25366],[-8.87708,40.2539],[-8.87747,40.25542],[-8.87368,40.26292],[-8.87411,40.26625],[-8.87208,40.26839],[-8.86938,40.27458],[-8.86958,40.27487],[-8.87042,40.27415],[-8.87125,40.27461],[-8.87292,40.27442],[-8.87458,40.2738],[-8.87542,40.2745],[-8.87551,40.27542],[-8.87125,40.28234],[-8.87086,40.27958],[-8.87125,40.27788],[-8.86875,40.27627],[-8.86792,40.27704],[-8.86696,40.27875],[-8.86741,40.28042],[-8.86625,40.28073],[-8.86464,40.28458],[-8.8642,40.28708],[-8.86521,40.28792],[-8.86514,40.28875],[-8.8626,40.29375],[-8.86101,40.29458],[-8.86084,40.29708],[-8.85792,40.30078],[-8.85824,40.30375],[-8.8564,40.30542],[-8.85435,40.30958],[-8.85311,40.31375],[-8.85375,40.31523],[-8.85458,40.31534],[-8.85542,40.31481],[-8.85678,40.31208],[-8.85789,40.30792],[-8.85958,40.30616],[-8.86065,40.30625],[-8.86127,40.30792],[-8.8606,40.30875],[-8.85973,40.31292],[-8.85891,40.31375],[-8.85875,40.31586],[-8.85554,40.32125],[-8.85468,40.32542],[-8.85375,40.32653],[-8.85324,40.32625],[-8.85277,40.32375],[-8.85408,40.31958],[-8.85375,40.31676],[-8.85081,40.32125],[-8.84984,40.32542],[-8.84825,40.32792],[-8.84706,40.33375],[-8.84792,40.33465],[-8.85042,40.33412],[-8.85045,40.33792],[-8.84899,40.33792],[-8.84875,40.33754],[-8.84875,40.33958],[-8.84792,40.34005],[-8.84625,40.33632],[-8.84345,40.34042],[-8.84345,40.34125],[-8.8451,40.34208],[-8.84508,40.34292],[-8.84207,40.35042],[-8.84179,40.35292],[-8.84077,40.35458],[-8.83979,40.36042],[-8.83833,40.36292],[-8.83798,40.36625],[-8.83597,40.36792],[-8.83593,40.36958],[-8.83708,40.37148],[-8.83708,40.3727],[-8.83355,40.37458],[-8.83165,40.37875],[-8.8302,40.38875],[-8.82832,40.39292],[-8.82808,40.39708],[-8.82649,40.39958],[-8.82482,40.40792],[-8.82343,40.41125],[-8.82236,40.41208],[-8.82061,40.42125],[-8.81726,40.42458],[-8.81663,40.42625],[-8.81542,40.42692],[-8.81489,40.42792],[-8.81439,40.43125],[-8.815,40.43375],[-8.81115,40.44875],[-8.80844,40.45375],[-8.80612,40.46458],[-8.80335,40.47125],[-8.79909,40.47792],[-8.79946,40.48042],[-8.79869,40.48292],[-8.79925,40.48708],[-8.79768,40.49125],[-8.79765,40.49375],[-8.79458,40.49869],[-8.79328,40.49958],[-8.79297,40.50208],[-8.79179,40.50375],[-8.79125,40.50441],[-8.78958,40.50461],[-8.78891,40.50542],[-8.78894,40.50875],[-8.78755,40.51042],[-8.78708,40.51245],[-8.78542,40.51378],[-8.78542,40.51529],[-8.78708,40.51479],[-8.78792,40.51358],[-8.78889,40.51375],[-8.78826,40.51875],[-8.78708,40.52091],[-8.78608,40.52125],[-8.78574,40.52042],[-8.78625,40.51948],[-8.78531,40.51875],[-8.78458,40.51639],[-8.78457,40.52208],[-8.78279,40.52625],[-8.78123,40.53458],[-8.77913,40.53875],[-8.77756,40.54375],[-8.77538,40.54542],[-8.77492,40.54792],[-8.77623,40.54958],[-8.77531,40.55042],[-8.77576,40.55208],[-8.7748,40.55375],[-8.7746,40.55792],[-8.77292,40.55798],[-8.77284,40.56042],[-8.77183,40.56208],[-8.77208,40.56494],[-8.77098,40.56625],[-8.77125,40.568],[-8.76899,40.57125],[-8.76874,40.57458],[-8.76685,40.57625],[-8.76587,40.58042],[-8.76371,40.58458],[-8.76363,40.58708],[-8.76172,40.58958],[-8.75875,40.5973],[-8.75877,40.60042],[-8.75762,40.60375],[-8.75708,40.60451],[-8.75625,40.60464],[-8.75623,40.60708],[-8.75708,40.60713],[-8.75782,40.60958],[-8.75695,40.61208],[-8.75651,40.61708],[-8.75329,40.62458],[-8.75238,40.63042],[-8.75103,40.63292],[-8.75096,40.63625],[-8.75184,40.64042],[-8.75042,40.64008],[-8.74792,40.64081],[-8.74375,40.6409],[-8.73958,40.64022],[-8.73708,40.64059],[-8.73607,40.64125],[-8.73542,40.64375],[-8.73375,40.64447],[-8.73307,40.64542],[-8.73159,40.64958],[-8.72832,40.65292],[-8.72708,40.65357],[-8.72292,40.65337],[-8.71458,40.65394],[-8.71125,40.65799],[-8.70625,40.66042],[-8.70729,40.66458],[-8.70958,40.66728],[-8.71042,40.66771],[-8.71208,40.66701],[-8.71354,40.66458],[-8.71458,40.66389],[-8.71625,40.66604],[-8.71979,40.66708],[-8.72292,40.66927],[-8.72542,40.66747],[-8.72958,40.66613],[-8.73125,40.66458],[-8.73542,40.66389],[-8.7375,40.66292],[-8.7392,40.66042],[-8.73958,40.65583],[-8.74792,40.65466],[-8.75025,40.65542],[-8.75125,40.65625],[-8.75136,40.65875],[-8.75349,40.65875],[-8.75316,40.65708],[-8.75409,40.65625],[-8.75421,40.65458],[-8.75522,40.65375],[-8.75519,40.65292],[-8.7562,40.65208],[-8.75529,40.64792],[-8.75625,40.64708],[-8.75708,40.64721],[-8.75792,40.64606],[-8.7585,40.64625],[-8.7581,40.65042],[-8.75708,40.65208],[-8.75679,40.65458],[-8.75375,40.65954],[-8.74896,40.67208],[-8.74812,40.67292],[-8.74773,40.67542],[-8.74678,40.67625],[-8.74542,40.68005],[-8.74362,40.68208],[-8.74414,40.68292],[-8.74322,40.68458],[-8.74133,40.69208],[-8.74131,40.69292],[-8.7427,40.69458],[-8.74186,40.69875],[-8.73542,40.70208],[-8.73521,40.70375],[-8.73625,40.70402],[-8.73708,40.70341],[-8.7374,40.70375],[-8.73273,40.71542],[-8.73125,40.71723],[-8.73148,40.71875],[-8.73042,40.72047],[-8.73042,40.72309],[-8.72428,40.73708],[-8.72387,40.74042],[-8.72109,40.74708],[-8.72031,40.75125],[-8.71796,40.75458],[-8.71792,40.75792],[-8.71715,40.75875],[-8.71398,40.76875],[-8.71292,40.77033],[-8.71187,40.77458],[-8.71086,40.77542],[-8.71006,40.77875],[-8.7073,40.78375],[-8.70702,40.78625],[-8.70523,40.79125],[-8.70452,40.79708],[-8.70292,40.79966],[-8.70236,40.80292],[-8.70125,40.80431],[-8.70038,40.80458],[-8.69822,40.81375],[-8.69672,40.81625],[-8.69651,40.81875],[-8.69308,40.82708],[-8.69324,40.82875],[-8.69125,40.83185],[-8.68998,40.83875],[-8.68775,40.84208],[-8.68783,40.84458],[-8.68464,40.85375],[-8.68375,40.85896],[-8.68101,40.86542],[-8.6794,40.87125],[-8.67977,40.87375],[-8.67869,40.87458],[-8.67708,40.8777],[-8.67375,40.88708],[-8.67202,40.88875],[-8.67206,40.89208],[-8.66871,40.90042],[-8.66872,40.90292],[-8.66571,40.91125],[-8.66602,40.91292],[-8.66282,40.92208],[-8.66289,40.92458],[-8.66152,40.92958],[-8.66287,40.93042],[-8.66287,40.93125],[-8.66181,40.93292],[-8.66044,40.93792],[-8.66091,40.94125],[-8.65948,40.94542],[-8.65876,40.95125],[-8.65675,40.95542],[-8.65715,40.95625],[-8.65625,40.95708],[-8.65794,40.95792],[-8.65603,40.95875],[-8.65593,40.96042],[-8.65436,40.96292],[-8.65375,40.9658],[-8.65292,40.96426],[-8.65208,40.96458],[-8.65208,40.96625],[-8.65339,40.96708],[-8.65224,40.96875],[-8.65204,40.97208],[-8.65054,40.97375],[-8.65197,40.97458],[-8.65034,40.97958],[-8.6516,40.98208],[-8.65022,40.98292],[-8.64879,40.98625],[-8.64896,40.98958],[-8.64708,40.994],[-8.64708,40.9958],[-8.64846,40.99708],[-8.64858,40.99875],[-8.64958,40.99809],[-8.65012,40.99875],[-8.64732,41.00708],[-8.64792,41.00896],[-8.64875,41.00913],[-8.64958,41.00831],[-8.64998,41.00875],[-8.6473,41.01292],[-8.64803,41.01542],[-8.64757,41.01708],[-8.64873,41.01875],[-8.64718,41.02292],[-8.64842,41.02708],[-8.64879,41.03208],[-8.65025,41.03458],[-8.65144,41.03542],[-8.6534,41.04292],[-8.65458,41.04525],[-8.65759,41.04708],[-8.65823,41.05042],[-8.65775,41.05375],[-8.65848,41.06625],[-8.6598,41.06958],[-8.65905,41.07625],[-8.65981,41.07792],[-8.65932,41.08375],[-8.65988,41.08875],[-8.65872,41.09042],[-8.65883,41.09125],[-8.66075,41.09542],[-8.66042,41.09814],[-8.66125,41.09847],[-8.66292,41.10091],[-8.66313,41.10375],[-8.66456,41.10542],[-8.66441,41.10708],[-8.66542,41.1077],[-8.66636,41.10958],[-8.66625,41.11064],[-8.66437,41.11208],[-8.66599,41.11375],[-8.66553,41.11625],[-8.66586,41.11875],[-8.66876,41.12292],[-8.66863,41.12792],[-8.66875,41.12835],[-8.66958,41.12834],[-8.67086,41.13042],[-8.6714,41.13375],[-8.67132,41.13542],[-8.66875,41.1375],[-8.66792,41.14013],[-8.66708,41.13936],[-8.66597,41.13958],[-8.66458,41.14167],[-8.66042,41.14208],[-8.65764,41.14375],[-8.66375,41.14489],[-8.66458,41.14792],[-8.67542,41.14823],[-8.67625,41.1467],[-8.67685,41.14708],[-8.67701,41.14875],[-8.67792,41.1488],[-8.67981,41.15125],[-8.67983,41.15208],[-8.68111,41.15292],[-8.68167,41.15625],[-8.68292,41.15678],[-8.68542,41.15913],[-8.68791,41.15958],[-8.68791,41.16292],[-8.69042,41.16637],[-8.69125,41.16549],[-8.69147,41.16875],[-8.68973,41.17042],[-8.69572,41.17625],[-8.69605,41.17708],[-8.69525,41.17792],[-8.69604,41.18125],[-8.6994,41.18542],[-8.7005,41.18958],[-8.70208,41.19077],[-8.70327,41.19042],[-8.70625,41.18818],[-8.70756,41.18792],[-8.70834,41.18625],[-8.70935,41.18625],[-8.70811,41.19125],[-8.70916,41.19208],[-8.70936,41.19375],[-8.71042,41.19529],[-8.71125,41.19528],[-8.71286,41.19708],[-8.7126,41.19875],[-8.71625,41.20446],[-8.71708,41.20388],[-8.71746,41.20458],[-8.71801,41.20708],[-8.7179,41.20792],[-8.71672,41.20875],[-8.71643,41.21292],[-8.71847,41.21708],[-8.71694,41.22042],[-8.71758,41.22125],[-8.71738,41.22292],[-8.71851,41.22542],[-8.72042,41.22611],[-8.72125,41.22786],[-8.72252,41.22875],[-8.72292,41.23246],[-8.72375,41.23316],[-8.72458,41.23226],[-8.7254,41.23292],[-8.72531,41.23708],[-8.72695,41.24042],[-8.72687,41.24208],[-8.72867,41.24292],[-8.72686,41.24458],[-8.727,41.24542],[-8.72624,41.24625],[-8.7266,41.24958],[-8.72559,41.25125],[-8.72593,41.25542],[-8.72535,41.25792],[-8.7265,41.26125],[-8.72792,41.26192],[-8.72994,41.26458],[-8.72848,41.26792],[-8.7287,41.26958],[-8.73208,41.2725],[-8.73268,41.27375],[-8.73066,41.27625],[-8.73011,41.27875],[-8.73131,41.27958],[-8.73118,41.28125],[-8.73208,41.28128],[-8.73292,41.28456],[-8.73383,41.28458],[-8.7335,41.28625],[-8.73458,41.28875],[-8.73478,41.29125],[-8.73542,41.29193],[-8.7374,41.29208],[-8.73887,41.29375],[-8.73939,41.29542],[-8.73881,41.29708],[-8.74023,41.30042],[-8.73864,41.30375],[-8.73949,41.30625],[-8.74042,41.30608],[-8.74125,41.30691],[-8.74208,41.30691],[-8.74543,41.30542],[-8.74542,41.30636],[-8.74273,41.30792],[-8.74327,41.31042],[-8.74187,41.31125],[-8.73958,41.31458],[-8.74081,41.31542],[-8.74089,41.31792],[-8.73949,41.32042],[-8.73952,41.32875],[-8.74071,41.32958],[-8.7421,41.33625],[-8.74292,41.33736],[-8.74375,41.33807],[-8.74625,41.33849],[-8.74708,41.33792],[-8.74875,41.33819],[-8.74958,41.33746],[-8.75032,41.33792],[-8.75083,41.33958],[-8.75375,41.34117],[-8.75542,41.3438],[-8.75511,41.34958],[-8.75586,41.35125],[-8.75529,41.35375],[-8.75622,41.35708],[-8.75708,41.35713],[-8.75814,41.35875],[-8.76042,41.36005],[-8.76292,41.35846],[-8.76413,41.36042],[-8.76428,41.36125],[-8.76205,41.36292],[-8.76208,41.3646],[-8.76425,41.36625],[-8.76361,41.36708],[-8.76483,41.36958],[-8.76306,41.37375],[-8.76542,41.37421],[-8.76625,41.3733],[-8.76792,41.37364],[-8.76875,41.37292],[-8.76857,41.37458],[-8.76958,41.37501],[-8.77042,41.37888],[-8.77125,41.37917],[-8.7721,41.38042],[-8.77307,41.38208],[-8.77292,41.38302],[-8.77602,41.38458],[-8.77678,41.38792],[-8.77598,41.39125],[-8.77958,41.39339],[-8.78042,41.39445],[-8.78125,41.39443],[-8.78267,41.39542],[-8.78039,41.39875],[-8.7799,41.40125],[-8.78027,41.40292],[-8.78252,41.40458],[-8.78342,41.40708],[-8.78475,41.40792],[-8.78512,41.40875],[-8.78406,41.40958],[-8.78417,41.41042],[-8.78702,41.41292],[-8.78889,41.41542],[-8.7872,41.41958],[-8.78542,41.4214],[-8.78582,41.42292],[-8.78543,41.42625],[-8.78401,41.42792],[-8.78542,41.42875],[-8.78538,41.42958],[-8.78407,41.43042],[-8.78406,41.43125],[-8.78458,41.43187],[-8.78591,41.43208],[-8.78603,41.43292],[-8.77942,41.44708],[-8.77915,41.45125],[-8.78052,41.45708],[-8.77792,41.46395],[-8.77638,41.46625],[-8.77669,41.46792],[-8.77617,41.46875],[-8.77813,41.47292],[-8.77766,41.47458],[-8.77794,41.47875],[-8.77708,41.48125],[-8.77904,41.48208],[-8.78125,41.48589],[-8.78208,41.4856],[-8.78509,41.48792],[-8.78563,41.48875],[-8.78542,41.49004],[-8.78661,41.49125],[-8.78497,41.49208],[-8.78542,41.49375],[-8.78625,41.49383],[-8.78677,41.49458],[-8.78792,41.49812],[-8.78958,41.49961],[-8.79125,41.49978],[-8.79189,41.50042],[-8.79122,41.50125],[-8.7911,41.50292],[-8.78958,41.50424],[-8.78976,41.50625],[-8.78856,41.50875],[-8.7878,41.51458],[-8.78973,41.51625],[-8.78908,41.51708],[-8.78912,41.51958],[-8.78958,41.5202],[-8.79068,41.52042],[-8.79137,41.52292],[-8.7925,41.52375],[-8.79228,41.52458],[-8.79337,41.52542],[-8.7937,41.52958],[-8.79326,41.53292],[-8.79244,41.53458],[-8.79244,41.53708],[-8.79197,41.53708],[-8.79195,41.53208],[-8.79281,41.53125],[-8.79248,41.52792],[-8.79208,41.52734],[-8.78899,41.52708],[-8.7875,41.52292],[-8.78542,41.52188],[-8.78292,41.52232],[-8.78229,41.52292],[-8.78185,41.52708],[-8.78277,41.53125],[-8.78606,41.53542],[-8.78736,41.53958],[-8.78949,41.54208],[-8.79292,41.54252],[-8.79362,41.54125],[-8.79266,41.54042],[-8.79462,41.54042],[-8.79458,41.54312],[-8.79327,41.54625],[-8.79364,41.55208],[-8.79458,41.55222],[-8.79608,41.55458],[-8.79792,41.56189],[-8.79875,41.56193],[-8.79974,41.56292],[-8.79976,41.56625],[-8.79909,41.56875],[-8.8001,41.57292],[-8.80625,41.58267],[-8.80644,41.58375],[-8.80573,41.58542],[-8.80693,41.58792],[-8.80536,41.59042],[-8.8078,41.59542],[-8.80869,41.60625],[-8.80964,41.60792],[-8.81158,41.60875],[-8.8128,41.61542],[-8.81409,41.61708],[-8.81378,41.61875],[-8.81445,41.62042],[-8.81542,41.62057],[-8.81704,41.62208],[-8.81792,41.6244],[-8.81958,41.62459],[-8.82053,41.62708],[-8.82308,41.62958],[-8.82292,41.63174],[-8.82125,41.6319],[-8.82125,41.63328],[-8.82375,41.63365],[-8.82465,41.63458],[-8.82458,41.63544],[-8.82292,41.63487],[-8.82167,41.63625],[-8.82292,41.63765],[-8.82292,41.63959],[-8.82375,41.63998],[-8.82542,41.64395],[-8.82625,41.64398],[-8.82669,41.64458],[-8.82688,41.64625],[-8.82782,41.64708],[-8.82869,41.64958],[-8.8279,41.65458],[-8.82783,41.66042],[-8.82715,41.66208],[-8.82754,41.66292],[-8.82639,41.66542],[-8.82643,41.66875],[-8.82717,41.66958],[-8.8263,41.67042],[-8.82768,41.67125],[-8.82919,41.67375],[-8.82911,41.67458],[-8.83051,41.67542],[-8.83077,41.67708],[-8.83292,41.67772],[-8.83625,41.67998],[-8.83708,41.67951],[-8.83717,41.68208],[-8.83792,41.68285],[-8.83875,41.68287],[-8.83958,41.6836],[-8.84125,41.68322],[-8.84708,41.68442],[-8.85061,41.68958],[-8.85266,41.69125],[-8.86208,41.7048],[-8.86172,41.70708],[-8.86332,41.70792],[-8.86439,41.70958],[-8.86542,41.71314],[-8.86697,41.71458],[-8.86736,41.71625],[-8.87059,41.72125],[-8.87078,41.72292],[-8.87285,41.72625],[-8.87292,41.72848],[-8.87375,41.72917],[-8.8742,41.73125],[-8.87635,41.73542],[-8.87836,41.73792],[-8.8794,41.74125],[-8.87862,41.74292],[-8.8791,41.74625],[-8.88189,41.75375],[-8.87838,41.75792],[-8.88074,41.76042],[-8.88158,41.76292],[-8.88107,41.76375],[-8.87923,41.76458],[-8.87805,41.76792],[-8.87498,41.77125],[-8.87505,41.77292],[-8.87344,41.77542],[-8.87293,41.77875],[-8.8719,41.77958],[-8.87463,41.78458],[-8.87316,41.78958],[-8.87542,41.79347],[-8.87564,41.79875],[-8.87375,41.80029],[-8.87195,41.80042],[-8.87125,41.80249],[-8.87042,41.80183],[-8.86875,41.80208],[-8.8707,41.80292],[-8.86687,41.80875],[-8.8667,41.81125],[-8.86674,41.81208],[-8.86836,41.81292],[-8.86875,41.81458],[-8.87208,41.81598],[-8.87292,41.81688],[-8.87421,41.81708],[-8.87542,41.81865],[-8.87497,41.82125],[-8.87583,41.82208],[-8.87585,41.82542],[-8.875,41.82625],[-8.8748,41.82792],[-8.87595,41.83208],[-8.87688,41.83292],[-8.87675,41.84042],[-8.87493,41.84292],[-8.87142,41.84542],[-8.86975,41.84958],[-8.86845,41.85042],[-8.86699,41.85292],[-8.86907,41.85625],[-8.86834,41.85875],[-8.86875,41.86042],[-8.86958,41.85995],[-8.86984,41.86125],[-8.87083,41.86208],[-8.871,41.86708],[-8.87208,41.8677],[-8.87292,41.86724],[-8.87251,41.86875],[-8.87458,41.86878],[-8.87497,41.86958],[-8.87375,41.87116],[-8.86935,41.87292],[-8.87535,41.87458],[-8.87812,41.87708],[-8.87958,41.87768],[-8.88042,41.87597],[-8.88104,41.87708],[-8.88057,41.87875],[-8.88208,41.88093],[-8.88292,41.88023],[-8.88338,41.88125],[-8.88337,41.88708],[-8.88246,41.88792],[-8.88234,41.89208],[-8.88042,41.89266],[-8.88023,41.89458],[-8.87862,41.89625],[-8.88079,41.89708],[-8.88019,41.89875],[-8.88051,41.90292],[-8.88205,41.90375],[-8.88002,41.90542],[-8.88006,41.90792],[-8.87911,41.90875],[-8.87911,41.91042],[-8.87958,41.91089],[-8.88042,41.91053],[-8.88208,41.91072],[-8.8825,41.91292],[-8.88456,41.91625],[-8.88427,41.92042],[-8.88487,41.92125],[-8.885,41.92458],[-8.88442,41.92542],[-8.88506,41.92625],[-8.88517,41.92875],[-8.88452,41.92958],[-8.88535,41.93125],[-8.88542,41.96875],[-8.88625,41.96888],[-8.88705,41.97042],[-8.8885,41.97125],[-8.88789,41.97292],[-8.88864,41.97375],[-8.88788,41.97542],[-8.88862,41.97708],[-8.88782,41.97792],[-8.88759,41.98042],[-8.88542,41.98125],[-8.88525,41.98958],[-8.88453,41.99042],[-8.88437,41.99458],[-8.88208,41.99792],[-8.88259,41.99875],[-8.8813,41.99958],[-8.88129,42.00125],[-8.88187,42.00208],[-8.88121,42.00292],[-8.88208,42.00299],[-8.88346,42.00542],[-8.88418,42.00792],[-8.88363,42.00875],[-8.88491,42.01208],[-8.88525,42.02958],[-8.88517,42.03208],[-8.88454,42.03292],[-8.88458,42.03792],[-8.88542,42.03953],[-8.88697,42.04042],[-8.88654,42.04125],[-8.8872,42.04375],[-8.88633,42.04625],[-8.88685,42.04708],[-8.88652,42.04875],[-8.88875,42.05184],[-8.88958,42.05083],[-8.8908,42.05208],[-8.88918,42.05292],[-8.88866,42.05458],[-8.88958,42.05625],[-8.89223,42.05792],[-8.89202,42.06125],[-8.8934,42.06292],[-8.89375,42.06615],[-8.89542,42.06827],[-8.89542,42.06941],[-8.89375,42.07173],[-8.89366,42.07292],[-8.89633,42.07542],[-8.89654,42.07708],[-8.89458,42.08021],[-8.89292,42.08037],[-8.89275,42.08208],[-8.89369,42.08375],[-8.89375,42.08708],[-8.89458,42.08644],[-8.89523,42.08792],[-8.89624,42.09542],[-8.89539,42.09625],[-8.89622,42.09708],[-8.89542,42.09958],[-8.89625,42.09958],[-8.89745,42.10042],[-8.89792,42.10833],[-8.89875,42.11042],[-8.89708,42.1136],[-8.89625,42.11261],[-8.89542,42.11341],[-8.89375,42.1135],[-8.89208,42.11198],[-8.89042,42.11358],[-8.88875,42.11355],[-8.88792,42.11278],[-8.88708,42.11277],[-8.88625,42.11347],[-8.88458,42.11273],[-8.88375,42.11342],[-8.88292,42.11271],[-8.88125,42.1127],[-8.87958,42.11112],[-8.87875,42.11192],[-8.87708,42.11196],[-8.87345,42.11542],[-8.86708,42.1161],[-8.86684,42.11708],[-8.86375,42.11909],[-8.86292,42.12091],[-8.86042,42.12114],[-8.85875,42.12251],[-8.85542,42.12192],[-8.85458,42.12192],[-8.85375,42.12266],[-8.84708,42.12242],[-8.84583,42.12125],[-8.84732,42.12042],[-8.84542,42.12021],[-8.84458,42.12093],[-8.84375,42.12093],[-8.84321,42.12042],[-8.84303,42.11792],[-8.84042,42.11534],[-8.83792,42.11528],[-8.83708,42.116],[-8.83458,42.11567],[-8.83375,42.11288],[-8.83042,42.11281],[-8.82958,42.11359],[-8.82843,42.11375],[-8.82792,42.11458],[-8.82625,42.11479],[-8.82458,42.1164],[-8.82292,42.11656],[-8.82188,42.11875],[-8.82542,42.11953],[-8.82634,42.12125],[-8.82639,42.12375],[-8.82505,42.12458],[-8.82458,42.1259],[-8.81875,42.12625],[-8.81798,42.13125],[-8.81808,42.13958],[-8.81958,42.14014],[-8.8201,42.14125],[-8.82208,42.14237],[-8.82292,42.14106],[-8.82424,42.14125],[-8.82542,42.14242],[-8.8251,42.14458],[-8.82625,42.14566],[-8.82792,42.14571],[-8.82875,42.14648],[-8.83625,42.14659],[-8.83708,42.14596],[-8.83875,42.14665],[-8.83958,42.14606],[-8.84195,42.14708],[-8.84261,42.14792],[-8.84875,42.14832],[-8.8502,42.15042],[-8.85028,42.15208],[-8.85101,42.15292],[-8.85025,42.15375],[-8.85018,42.15708],[-8.84958,42.15766],[-8.84875,42.15694],[-8.84708,42.15697],[-8.84625,42.15782],[-8.84375,42.15786],[-8.84292,42.15866],[-8.83708,42.15848],[-8.83625,42.15694],[-8.83428,42.15625],[-8.83396,42.15458],[-8.83292,42.15359],[-8.82875,42.15355],[-8.82792,42.15436],[-8.82542,42.15442],[-8.82292,42.15579],[-8.82248,42.15708],[-8.82125,42.15771],[-8.81958,42.16006],[-8.81856,42.16042],[-8.81758,42.16708],[-8.81609,42.16792],[-8.81458,42.16979],[-8.81399,42.17792],[-8.81149,42.18125],[-8.81292,42.1818],[-8.81383,42.18292],[-8.81402,42.18708],[-8.81292,42.18924],[-8.81042,42.19088],[-8.80958,42.19115],[-8.80875,42.19036],[-8.80625,42.192],[-8.80458,42.19208],[-8.80449,42.19375],[-8.80208,42.19607],[-8.79958,42.1965],[-8.79625,42.19623],[-8.79693,42.19708],[-8.79625,42.19821],[-8.79375,42.19792],[-8.79125,42.1993],[-8.78875,42.19941],[-8.78792,42.20013],[-8.78542,42.2002],[-8.78458,42.20089],[-8.78292,42.20095],[-8.78049,42.20208],[-8.77958,42.20375],[-8.77693,42.20542],[-8.77579,42.20875],[-8.77561,42.21458],[-8.77649,42.21958],[-8.77458,42.22152],[-8.77292,42.22216],[-8.77125,42.22403],[-8.76792,42.2259],[-8.76708,42.2259],[-8.76625,42.22371],[-8.76542,42.22451],[-8.76458,42.22452],[-8.76375,42.22374],[-8.76292,42.22455],[-8.76205,42.22458],[-8.76125,42.22685],[-8.75625,42.22733],[-8.75208,42.22608],[-8.73958,42.22614],[-8.73542,42.22468],[-8.73125,42.22526],[-8.72997,42.22708],[-8.73042,42.22786],[-8.73125,42.22895],[-8.73375,42.23013],[-8.73478,42.23125],[-8.73439,42.23292],[-8.73292,42.23448],[-8.73125,42.23494],[-8.72708,42.23386],[-8.72508,42.23542],[-8.72458,42.23803],[-8.72292,42.23908],[-8.71458,42.23847],[-8.71042,42.23868],[-8.70924,42.23958],[-8.70875,42.24597],[-8.70785,42.24792],[-8.70625,42.2494],[-8.70518,42.25292],[-8.7057,42.25625],[-8.70292,42.25928],[-8.70042,42.25991],[-8.69958,42.25934],[-8.69792,42.26013],[-8.69542,42.2598],[-8.69458,42.25846],[-8.69125,42.25898],[-8.68958,42.25832],[-8.68875,42.25902],[-8.68542,42.25927],[-8.68208,42.26313],[-8.67958,42.26391],[-8.67875,42.26344],[-8.67708,42.26412],[-8.67574,42.26625]]},"properties":{"source":"emodnet_dtm_2024","level":2}},{"type":"Feature","geometry":{"type":"LineString","coordinates":[[-6.21375,36.39022],[-6.21292,36.38848],[-6.21208,36.38854],[-6.21208,36.39042],[-6.21458,36.39167],[-6.21667,36.39375],[-6.21708,36.39844],[-6.2173,36.39292],[-6.21625,36.39096],[-6.21458,36.39114],[-6.21375,36.39022]]},"properties":{"source":"emodnet_dtm_2024","level":2}},{"type":"Feature","geometry":{"type":"LineString","coordinates":[[-6.21125,36.39792],[-6.21042,36.39732],[-6.20978,36.39875],[-6.21157,36.39875],[-6.21125,36.39792]]},"properties":{"source":"emodnet_dtm_2024","level":2}},{"type":"Feature","geometry":{"type":"LineString","coordinates":[[-6.20958,36.39897],[-6.20875,36.39625],[-6.20651,36.40042],[-6.20542,36.40125],[-6.20596,36.40458],[-6.21166,36.41042],[-6.21292,36.41542],[-6.21458,36.41681],[-6.21625,36.41542],[-6.21643,36.41375],[-6.21519,36.41042],[-6.21542,36.40958],[-6.21295,36.40708],[-6.21292,36.40458],[-6.21028,36.40208],[-6.20942,36.40042],[-6.20958,36.39897]]},"properties":{"source":"emodnet_dtm_2024","level":2}},{"type":"Feature","geometry":{"type":"LineString","coordinates":[[-6.21208,36.41604],[-6.21152,36.41542],[-6.21162,36.41375],[-6.20958,36.41302],[-6.20833,36.41458],[-6.20892,36.41542],[-6.21125,36.41712],[-6.21221,36.41708],[-6.21208,36.41604]]},"properties":{"source":"emodnet_dtm_2024","level":2}},{"type":"Feature","geometry":{"type":"LineString","coordinates":[[-6.24125,36.48629],[-6.24125,36.48629]]},"properties":{"source":"emodnet_dtm_2024","level":2}},{"type":"Feature","geometry":{"type":"LineString","coordinates":[[-6.18042,36.49042],[-6.17958,36.48958],[-6.17958,36.48292],[-6.17958,36.49125],[-6.18125,36.49292],[-6.18125,36.49375],[-6.18208,36.49375],[-6.18292,36.49458],[-6.18292,36.49292],[-6.18208,36.49208],[-6.18125,36.49208],[-6.18042,36.49125],[-6.18042,36.49042]]},"properties":{"source":"emodnet_dtm_2024","level":2}},{"type":"Feature","geometry":{"type":"LineString","coordinates":[[-6.24458,36.49231],[-6.24415,36.49208],[-6.2454,36.49125],[-6.24542,36.49002],[-6.24562,36.49208],[-6.24458,36.49231]]},"properties":{"source":"emodnet_dtm_2024","level":2}},{"type":"Feature","geometry":{"type":"LineString","coordinates":[[-6.23792,36.49272],[-6.23792,36.4917],[-6.23792,36.49272]]},"properties":{"source":"emodnet_dtm_2024","level":2}},{"type":"Feature","geometry":{"type":"LineString","coordinates":[[-6.23708,36.49608],[-6.23644,36.49542],[-6.23708,36.49437],[-6.23753,36.49542],[-6.23708,36.49608]]},"properties":{"source":"emodnet_dtm_2024","level":2}},{"type":"Feature","geometry":{"type":"LineString","coordinates":[[-6.19042,36.49792],[-6.18958,36.49722],[-6.18792,36.49744],[-6.18781,36.49792],[-6.18875,36.49805],[-6.18958,36.49894],[-6.19054,36.49875],[-6.19042,36.49792]]},"properties":{"source":"emodnet_dtm_2024","level":2}},{"type":"Feature","geometry":{"type":"LineString","coordinates":[[-6.18875,36.50025],[-6.18792,36.49949],[-6.18693,36.49958],[-6.1875,36.50208],[-6.18458,36.50502],[-6.18354,36.50708],[-6.18458,36.50641],[-6.18625,36.50664],[-6.18647,36.50542],[-6.189,36.50375],[-6.18875,36.50025]]},"properties":{"source":"emodnet_dtm_2024","level":2}},{"type":"Feature","geometry":{"type":"LineString","coordinates":[[-6.25542,36.51997],[-6.25481,36.51958],[-6.25542,36.51928],[-6.25708,36.51957],[-6.25773,36.52125],[-6.25625,36.52155],[-6.25542,36.51997]]},"properties":{"source":"emodnet_dtm_2024","level":2}},{"type":"Feature","geometry":{"type":"LineString","coordinates":[[-6.25792,36.52406],[-6.25792,36.52152],[-6.25929,36.52458],[-6.25875,36.52482],[-6.25792,36.52406]]},"properties":{"source":"emodnet_dtm_2024","level":2}},{"type":"Feature","geometry":{"type":"LineString","coordinates":[[-6.31375,36.52752],[-6.31292,36.52577],[-6.31208,36.52752],[-6.30943,36.52792],[-6.31042,36.52839],[-6.31375,36.52836],[-6.31458,36.52912],[-6.31705,36.52875],[-6.31644,36.52708],[-6.31706,36.52625],[-6.31458,36.52567],[-6.31375,36.52752]]},"properties":{"source":"emodnet_dtm_2024","level":2}},{"type":"Feature","geometry":{"type":"LineString","coordinates":[[-6.30208,36.5277],[-6.30075,36.52542],[-6.30208,36.52403],[-6.30292,36.52433],[-6.30458,36.52399],[-6.30625,36.52566],[-6.30958,36.52653],[-6.31125,36.52608],[-6.31292,36.52397],[-6.31542,36.52276],[-6.31708,36.52305],[-6.3179,36.52375],[-6.31866,36.52542],[-6.31958,36.52572],[-6.32032,36.52708],[-6.32015,36.52875],[-6.31708,36.53138],[-6.31458,36.5305],[-6.31375,36.52913],[-6.31042,36.52897],[-6.30875,36.53125],[-6.30958,36.53134],[-6.31018,36.53375],[-6.30958,36.53473],[-6.30875,36.53458],[-6.30892,36.53542],[-6.30827,36.53625],[-6.30708,36.53643],[-6.30458,36.53792],[-6.30375,36.53905],[-6.30125,36.53938],[-6.30042,36.53875],[-6.30034,36.53958],[-6.29875,36.54072],[-6.29708,36.53929],[-6.29625,36.53921],[-6.29542,36.53792],[-6.29375,36.53792],[-6.29245,36.53875],[-6.29208,36.54082],[-6.29125,36.54123],[-6.29183,36.53792],[-6.29375,36.53792],[-6.29375,36.53681],[-6.29542,36.53679],[-6.29792,36.53829],[-6.29975,36.53792],[-6.30003,36.53042],[-6.30042,36.52942],[-6.30253,36.52792],[-6.30208,36.5277]]},"properties":{"source":"emodnet_dtm_2024","level":2}},{"type":"Feature","geometry":{"type":"LineString","coordinates":[[-6.25542,36.52837],[-6.25498,36.52625],[-6.25625,36.52509],[-6.25792,36.5251],[-6.25877,36.52625],[-6.25875,36.52743],[-6.25792,36.52745],[-6.25708,36.52831],[-6.25542,36.52837]]},"properties":{"source":"emodnet_dtm_2024","level":2}},{"type":"Feature","geometry":{"type":"LineString","coordinates":[[-6.26708,36.53255],[-6.26708,36.53169],[-6.26708,36.53255]]},"properties":{"source":"emodnet_dtm_2024","level":2}},{"type":"Feature","geometry":{"type":"LineString","coordinates":[[-6.27958,36.53315],[-6.27792,36.53277],[-6.27625,36.53375],[-6.27745,36.53625],[-6.27708,36.53708],[-6.27625,36.53734],[-6.27604,36.53292],[-6.27708,36.53193],[-6.27875,36.53194],[-6.27958,36.53011],[-6.27958,36.53315]]},"properties":{"source":"emodnet_dtm_2024","level":2}},{"type":"Feature","geometry":{"type":"LineString","coordinates":[[-6.26792,36.53311],[-6.26745,36.53292],[-6.26958,36.53269],[-6.27042,36.53353],[-6.27148,36.53375],[-6.26958,36.53395],[-6.26792,36.53311]]},"properties":{"source":"emodnet_dtm_2024","level":2}},{"type":"Feature","geometry":{"type":"LineString","coordinates":[[-6.27542,36.534],[-6.27542,36.53354],[-6.27625,36.53375],[-6.27542,36.534]]},"properties":{"source":"emodnet_dtm_2024","level":2}},{"type":"Feature","geometry":{"type":"LineString","coordinates":[[-6.28708,36.53542],[-6.28708,36.53453],[-6.28792,36.53455],[-6.28792,36.53566],[-6.28708,36.53542],[-6.28507,36.53625],[-6.28708,36.53649],[-6.28708,36.53542]]},"properties":{"source":"emodnet_dtm_2024","level":2}},{"type":"Feature","geometry":{"type":"LineString","coordinates":[[-6.27958,36.53521],[-6.27924,36.53458],[-6.28042,36.53434],[-6.28042,36.53601],[-6.27958,36.53521]]},"properties":{"source":"emodnet_dtm_2024","level":2}},{"type":"Feature","geometry":{"type":"LineString","coordinates":[[-6.28208,36.53727],[-6.28163,36.53708],[-6.28255,36.53708],[-6.28208,36.53727]]},"properties":{"source":"emodnet_dtm_2024","level":2}},{"type":"Feature","geometry":{"type":"LineString","coordinates":[[-6.26958,36.53736],[-6.269,36.53625],[-6.26958,36.53606],[-6.26958,36.53736]]},"properties":{"source":"emodnet_dtm_2024","level":2}},{"type":"Feature","geometry":{"type":"LineString","coordinates":[[-6.27125,36.53929],[-6.27125,36.53849],[-6.27125,36.53929]]},"properties":{"source":"emodnet_dtm_2024","level":2}},{"type":"Feature","geometry":{"type":"LineString","coordinates":[[-6.27875,36.5415],[-6.27564,36.54125],[-6.27708,36.54008],[-6.27792,36.53999],[-6.27958,36.54089],[-6.28042,36.54058],[-6.28042,36.54149],[-6.27875,36.5415]]},"properties":{"source":"emodnet_dtm_2024","level":2}},{"type":"Feature","geometry":{"type":"LineString","coordinates":[[-6.27375,36.54146],[-6.27334,36.54125],[-6.27437,36.54125],[-6.27375,36.54146]]},"properties":{"source":"emodnet_dtm_2024","level":2}},{"type":"Feature","geometry":{"type":"LineString","coordinates":[[-6.27875,36.54403],[-6.2785,36.54292],[-6.27958,36.54267],[-6.27983,36.54375],[-6.27875,36.54403]]},"properties":{"source":"emodnet_dtm_2024","level":2}},{"type":"Feature","geometry":{"type":"LineString","coordinates":[[-6.28375,36.54539],[-6.28292,36.54456],[-6.28292,36.54267],[-6.28792,36.54292],[-6.28792,36.54183],[-6.28958,36.54208],[-6.28958,36.54101],[-6.29123,36.54125],[-6.28964,36.54375],[-6.28708,36.54521],[-6.28375,36.54539]]},"properties":{"source":"emodnet_dtm_2024","level":2}},{"type":"Feature","geometry":{"type":"LineString","coordinates":[[-6.28042,36.54573],[-6.28013,36.54542],[-6.28125,36.54435],[-6.28289,36.54458],[-6.28185,36.54542],[-6.28042,36.54573]]},"properties":{"source":"emodnet_dtm_2024","level":2}},{"type":"Feature","geometry":{"type":"LineString","coordinates":[[-6.30042,36.54886],[-6.30208,36.54664],[-6.30458,36.54623],[-6.30458,36.54792],[-6.30542,36.54798],[-6.30584,36.54875],[-6.30418,36.55042],[-6.30292,36.55061],[-6.30042,36.54886]]},"properties":{"source":"emodnet_dtm_2024","level":2}},{"type":"Feature","geometry":{"type":"LineString","coordinates":[[-6.24708,36.57662],[-6.24625,36.57625],[-6.24375,36.5794],[-6.24292,36.57958],[-6.24327,36.58125],[-6.24458,36.58163],[-6.24542,36.58292],[-6.24559,36.58208],[-6.24675,36.58125],[-6.24669,36.57958],[-6.24781,36.57792],[-6.24792,36.57674],[-6.24708,36.57662]]},"properties":{"source":"emodnet_dtm_2024","level":2}},{"type":"Feature","geometry":{"type":"LineString","coordinates":[[-6.25542,36.57772],[-6.25458,36.57589],[-6.25375,36.5759],[-6.25292,36.57772],[-6.25208,36.57772],[-6.25125,36.57868],[-6.24958,36.5787],[-6.24958,36.57917],[-6.25542,36.57958],[-6.2588,36.57792],[-6.25542,36.57772]]},"properties":{"source":"emodnet_dtm_2024","level":2}},{"type":"Feature","geometry":{"type":"LineString","coordinates":[[-6.23542,36.57875],[-6.23458,36.57792],[-6.23375,36.57875],[-6.23125,36.57958],[-6.23125,36.58125],[-6.23542,36.58125],[-6.23958,36.58542],[-6.23977,36.58375],[-6.23875,36.58371],[-6.23629,36.58125],[-6.23628,36.58042],[-6.23792,36.5788],[-6.24045,36.57792],[-6.23875,36.57788],[-6.23792,36.5787],[-6.23542,36.57875]]},"properties":{"source":"emodnet_dtm_2024","level":2}},{"type":"Feature","geometry":{"type":"LineString","coordinates":[[-6.32542,36.60887],[-6.32658,36.60875],[-6.32542,36.60887]]},"properties":{"source":"emodnet_dtm_2024","level":2}},{"type":"Feature","geometry":{"type":"LineString","coordinates":[[-6.32542,36.61171],[-6.32542,36.6111],[-6.32542,36.61171]]},"properties":{"source":"emodnet_dtm_2024","level":2}},{"type":"Feature","geometry":{"type":"LineString","coordinates":[[-6.32625,36.61236],[-6.32562,36.61208],[-6.32625,36.6118],[-6.32625,36.61236]]},"properties":{"source":"emodnet_dtm_2024","level":2}},{"type":"Feature","geometry":{"type":"LineString","coordinates":[[-6.32125,36.61385],[-6.32042,36.61334],[-6.31875,36.61375],[-6.31708,36.61491],[-6.31666,36.61458],[-6.31667,36.61375],[-6.31875,36.61257],[-6.32125,36.61257],[-6.32242,36.61375],[-6.32208,36.6142],[-6.32125,36.61385]]},"properties":{"source":"emodnet_dtm_2024","level":2}},{"type":"Feature","geometry":{"type":"LineString","coordinates":[[-6.32792,36.61634],[-6.32728,36.61542],[-6.32792,36.61516],[-6.32902,36.61625],[-6.32875,36.6166],[-6.32792,36.61634]]},"properties":{"source":"emodnet_dtm_2024","level":2}},{"type":"Feature","geometry":{"type":"LineString","coordinates":[[-6.32958,36.61735],[-6.32958,36.61682],[-6.32958,36.61735]]},"properties":{"source":"emodnet_dtm_2024","level":2}},{"type":"Feature","geometry":{"type":"LineString","coordinates":[[-6.32708,36.61986],[-6.32708,36.6192],[-6.32792,36.6189],[-6.32987,36.62042],[-6.32875,36.62072],[-6.32792,36.61986],[-6.32708,36.61986]]},"properties":{"source":"emodnet_dtm_2024","level":2}},{"type":"Feature","geometry":{"type":"LineString","coordinates":[[-6.40042,36.80043],[-6.40042,36.80043]]},"properties":{"source":"emodnet_dtm_2024","level":2}},{"type":"Feature","geometry":{"type":"LineString","coordinates":[[-6.40625,36.80796],[-6.40625,36.80796]]},"properties":{"source":"emodnet_dtm_2024","level":2}},{"type":"Feature","geometry":{"type":"LineString","coordinates":[[-6.35292,36.82649],[-6.35208,36.825],[-6.35139,36.82625],[-6.35,36.83542],[-6.34948,36.86042],[-6.34625,36.86302],[-6.34531,36.86458],[-6.34792,36.88125],[-6.34958,36.87847],[-6.35208,36.87708],[-6.35347,36.87292],[-6.35387,36.86875],[-6.35833,36.86458],[-6.35833,36.85208],[-6.35729,36.83958],[-6.35292,36.82649]]},"properties":{"source":"emodnet_dtm_2024","level":2}},{"type":"Feature","geometry":{"type":"LineString","coordinates":[[-7.87042,36.98544],[-7.86958,36.98508],[-7.86755,36.98542],[-7.86769,36.98625],[-7.87208,36.9884],[-7.87223,36.98958],[-7.87117,36.99125],[-7.8747,36.99292],[-7.87589,36.99792],[-7.87708,36.99931],[-7.87847,36.99792],[-7.87917,36.99375],[-7.87792,36.99223],[-7.8761,36.99125],[-7.87458,36.98765],[-7.87292,36.98667],[-7.87208,36.98697],[-7.87042,36.98544]]},"properties":{"source":"emodnet_dtm_2024","level":2}},{"type":"Feature","geometry":{"type":"LineString","coordinates":[[-7.83542,36.98638],[-7.83829,36.98542],[-7.83958,36.9838],[-7.84614,36.98208],[-7.84792,36.97968],[-7.85042,36.97958],[-7.85125,36.97881],[-7.85292,36.97876],[-7.85458,36.97797],[-7.85542,36.97714],[-7.85708,36.97713],[-7.85714,36.97625],[-7.86042,36.97391],[-7.86208,36.97381],[-7.86292,36.97301],[-7.86375,36.97294],[-7.86388,36.97125],[-7.86458,36.97055],[-7.86625,36.97063],[-7.86691,36.97125],[-7.86741,36.97708],[-7.86625,36.97831],[-7.86292,36.97973],[-7.85792,36.98452],[-7.85708,36.98403],[-7.85625,36.98423],[-7.85529,36.98625],[-7.85586,36.98708],[-7.84708,36.9945],[-7.84125,36.99676],[-7.83958,36.99671],[-7.83875,36.99625],[-7.83819,36.99375],[-7.83708,36.9924],[-7.83542,36.9917],[-7.83458,36.99239],[-7.83375,36.99156],[-7.83304,36.99208],[-7.83292,36.99375],[-7.83665,36.99458],[-7.83666,36.99542],[-7.83491,36.99625],[-7.83542,36.99682],[-7.83838,36.99708],[-7.82907,37.00375],[-7.82542,37.00384],[-7.82292,37.00308],[-7.82042,37.00333],[-7.81542,37.00284],[-7.81208,37.00364],[-7.80958,37.00531],[-7.80846,37.00542],[-7.80792,37.0062],[-7.80375,37.00723],[-7.80292,37.00796],[-7.80149,37.00792],[-7.79958,37.00689],[-7.79931,37.00792],[-7.80042,37.00813],[-7.80091,37.00875],[-7.79706,37.00875],[-7.7941,37.00208],[-7.79111,36.99875],[-7.79156,36.99792],[-7.79542,36.99617],[-7.79825,36.99625],[-7.80042,36.99739],[-7.8012,36.99625],[-7.80208,36.99599],[-7.80351,36.99625],[-7.80458,36.99734],[-7.80708,36.99582],[-7.80958,36.99679],[-7.81375,36.99553],[-7.81458,36.99481],[-7.81625,36.99465],[-7.81792,36.99263],[-7.82208,36.9915],[-7.82292,36.99081],[-7.82604,36.99125],[-7.82604,36.99375],[-7.82708,36.99401],[-7.82792,36.99375],[-7.82875,36.99186],[-7.83229,36.99125],[-7.83368,36.98708],[-7.83458,36.98762],[-7.83542,36.9875],[-7.83542,36.98638]]},"properties":{"source":"emodnet_dtm_2024","level":2}},{"type":"Feature","geometry":{"type":"LineString","coordinates":[[-7.82958,36.99005],[-7.82902,36.98958],[-7.82958,36.98866],[-7.82958,36.99005]]},"properties":{"source":"emodnet_dtm_2024","level":2}},{"type":"Feature","geometry":{"type":"LineString","coordinates":[[-7.88625,36.99208],[-7.88542,36.99196],[-7.88363,36.99375],[-7.88542,36.99554],[-7.8872,36.99375],[-7.88625,36.99208]]},"properties":{"source":"emodnet_dtm_2024","level":2}},{"type":"Feature","geometry":{"type":"LineString","coordinates":[[-7.93708,37.00028],[-7.93542,36.99914],[-7.93505,36.99958],[-7.93708,37.00095],[-7.93708,37.00028]]},"properties":{"source":"emodnet_dtm_2024","level":2}},{"type":"Feature","geometry":{"type":"LineString","coordinates":[[-7.93875,37.00241],[-7.93799,37.00208],[-7.93779,37.00125],[-7.93731,37.00458],[-7.93792,37.00633],[-7.93964,37.00458],[-7.93875,37.00241]]},"properties":{"source":"emodnet_dtm_2024","level":2}},{"type":"Feature","geometry":{"type":"LineString","coordinates":[[-7.81292,37.00503],[-7.81255,37.00458],[-7.81375,37.00444],[-7.81292,37.00503]]},"properties":{"source":"emodnet_dtm_2024","level":2}},{"type":"Feature","geometry":{"type":"LineString","coordinates":[[-7.94792,37.00571],[-7.9449,37.00542],[-7.94792,37.00655],[-7.95042,37.00669],[-7.95059,37.00625],[-7.94792,37.00571]]},"properties":{"source":"emodnet_dtm_2024","level":2}},{"type":"Feature","geometry":{"type":"LineString","coordinates":[[-7.87375,37.00972],[-7.87292,37.00903],[-7.87153,37.01042],[-7.87292,37.01181],[-7.87431,37.01042],[-7.87375,37.00972]]},"properties":{"source":"emodnet_dtm_2024","level":2}},{"type":"Feature","geometry":{"type":"LineString","coordinates":[[-8.95375,37.01261],[-8.9533,37.01208],[-8.95375,37.01167],[-8.95375,37.01261]]},"properties":{"source":"emodnet_dtm_2024","level":2}},{"type":"Feature","geometry":{"type":"LineString","coordinates":[[-7.80042,37.01247],[-7.80042,37.01197],[-7.80294,37.01208],[-7.80042,37.01247]]},"properties":{"source":"emodnet_dtm_2024","level":2}},{"type":"Feature","geometry":{"type":"LineString","coordinates":[[-7.86042,37.01914],[-7.85958,37.01732],[-7.85846,37.01875],[-7.86042,37.0206],[-7.86194,37.01958],[-7.86042,37.01914]]},"properties":{"source":"emodnet_dtm_2024","level":2}},{"type":"Feature","geometry":{"type":"LineString","coordinates":[[-7.81708,37.02713],[-7.81542,37.02722],[-7.81422,37.02792],[-7.81625,37.02823],[-7.8214,37.02792],[-7.82125,37.02709],[-7.81708,37.02713]]},"properties":{"source":"emodnet_dtm_2024","level":2}},{"type":"Feature","geometry":{"type":"LineString","coordinates":[[-8.95375,37.09752],[-8.95375,37.09643],[-8.95375,37.09752]]},"properties":{"source":"emodnet_dtm_2024","level":2}},{"type":"Feature","geometry":{"type":"LineString","coordinates":[[-6.83125,37.10738],[-6.83125,37.10678],[-6.83208,37.10661],[-6.83316,37.10708],[-6.83125,37.10738]]},"properties":{"source":"emodnet_dtm_2024","level":2}},{"type":"Feature","geometry":{"type":"LineString","coordinates":[[-6.83125,37.10943],[-6.83095,37.10875],[-6.83208,37.10845],[-6.83208,37.11071],[-6.83125,37.10943]]},"properties":{"source":"emodnet_dtm_2024","level":2}},{"type":"Feature","geometry":{"type":"LineString","coordinates":[[-6.83375,37.11079],[-6.83375,37.10849],[-6.83464,37.10958],[-6.83458,37.11042],[-6.83708,37.11221],[-6.83708,37.11502],[-6.83663,37.11458],[-6.83679,37.11292],[-6.83542,37.11249],[-6.83375,37.11079]]},"properties":{"source":"emodnet_dtm_2024","level":2}},{"type":"Feature","geometry":{"type":"LineString","coordinates":[[-8.52958,37.11238],[-8.52958,37.1118],[-8.53002,37.11208],[-8.52958,37.11238]]},"properties":{"source":"emodnet_dtm_2024","level":2}},{"type":"Feature","geometry":{"type":"LineString","coordinates":[[-8.53042,37.11311],[-8.53042,37.11263],[-8.53116,37.11292],[-8.53042,37.11311]]},"properties":{"source":"emodnet_dtm_2024","level":2}},{"type":"Feature","geometry":{"type":"LineString","coordinates":[[-6.83375,37.11431],[-6.83375,37.11252],[-6.83416,37.11292],[-6.83375,37.11431]]},"properties":{"source":"emodnet_dtm_2024","level":2}},{"type":"Feature","geometry":{"type":"LineString","coordinates":[[-6.83792,37.11584],[-6.83748,37.11542],[-6.83792,37.11512],[-6.83875,37.11542],[-6.83875,37.11668],[-6.83792,37.11584]]},"properties":{"source":"emodnet_dtm_2024","level":2}},{"type":"Feature","geometry":{"type":"LineString","coordinates":[[-6.83625,37.11659],[-6.83566,37.11625],[-6.83625,37.1158],[-6.83669,37.11625],[-6.83625,37.11659]]},"properties":{"source":"emodnet_dtm_2024","level":2}},{"type":"Feature","geometry":{"type":"LineString","coordinates":[[-6.83958,37.11754],[-6.83915,37.11708],[-6.83958,37.11677],[-6.84093,37.11708],[-6.83958,37.11754]]},"properties":{"source":"emodnet_dtm_2024","level":2}},{"type":"Feature","geometry":{"type":"LineString","coordinates":[[-6.83792,37.11916],[-6.83792,37.11748],[-6.83837,37.11792],[-6.83792,37.11916]]},"properties":{"source":"emodnet_dtm_2024","level":2}},{"type":"Feature","geometry":{"type":"LineString","coordinates":[[-6.83875,37.12007],[-6.83827,37.11958],[-6.83875,37.11929],[-6.83875,37.12007]]},"properties":{"source":"emodnet_dtm_2024","level":2}},{"type":"Feature","geometry":{"type":"LineString","coordinates":[[-8.62125,37.12755],[-8.62087,37.12208],[-8.62042,37.1215],[-8.61875,37.12125],[-8.61761,37.12375],[-8.61871,37.12542],[-8.61866,37.12792],[-8.62013,37.12875],[-8.61875,37.12922],[-8.61792,37.12834],[-8.61667,37.12958],[-8.61667,37.13125],[-8.61875,37.13542],[-8.62292,37.1375],[-8.62458,37.13125],[-8.62292,37.12847],[-8.62125,37.12755]]},"properties":{"source":"emodnet_dtm_2024","level":2}},{"type":"Feature","geometry":{"type":"LineString","coordinates":[[-6.83042,37.13042],[-6.82958,37.12958],[-6.82958,37.13208],[-6.83042,37.13208],[-6.83042,37.13042]]},"properties":{"source":"emodnet_dtm_2024","level":2}},{"type":"Feature","geometry":{"type":"LineString","coordinates":[[-8.52792,37.14256],[-8.52708,37.14196],[-8.52292,37.14125],[-8.52014,37.14375],[-8.52125,37.1456],[-8.52292,37.14653],[-8.52708,37.14514],[-8.52847,37.14375],[-8.52792,37.14256]]},"properties":{"source":"emodnet_dtm_2024","level":2}},{"type":"Feature","geometry":{"type":"LineString","coordinates":[[-6.90208,37.15726],[-6.90292,37.15676],[-6.90542,37.15669],[-6.90625,37.15764],[-6.90792,37.15745],[-6.91003,37.15958],[-6.90958,37.16073],[-6.90792,37.15875],[-6.90708,37.15901],[-6.90542,37.15791],[-6.90208,37.15726]]},"properties":{"source":"emodnet_dtm_2024","level":2}},{"type":"Feature","geometry":{"type":"LineString","coordinates":[[-6.91042,37.1613],[-6.91208,37.16083],[-6.91247,37.16208],[-6.91412,37.16292],[-6.91375,37.16454],[-6.91042,37.1613]]},"properties":{"source":"emodnet_dtm_2024","level":2}},{"type":"Feature","geometry":{"type":"LineString","coordinates":[[-6.94458,37.16464],[-6.94375,37.16343],[-6.94292,37.16314],[-6.94261,37.16375],[-6.94375,37.16721],[-6.94542,37.16542],[-6.94458,37.16464]]},"properties":{"source":"emodnet_dtm_2024","level":2}},{"type":"Feature","geometry":{"type":"LineString","coordinates":[[-7.35208,37.16567],[-7.35292,37.16392],[-7.35634,37.16375],[-7.35625,37.16538],[-7.35458,37.16732],[-7.35336,37.16708],[-7.35208,37.16567]]},"properties":{"source":"emodnet_dtm_2024","level":2}},{"type":"Feature","geometry":{"type":"LineString","coordinates":[[-6.94792,37.16618],[-6.94716,37.16542],[-6.94792,37.16458],[-6.94875,37.16458],[-6.94792,37.16458],[-6.94708,37.16389],[-6.94701,37.16542],[-6.94611,37.16625],[-6.94604,37.16875],[-6.94792,37.17149],[-6.94896,37.17125],[-6.9497,37.16958],[-6.95129,37.16875],[-6.95128,37.16792],[-6.95042,37.16704],[-6.94792,37.16618]]},"properties":{"source":"emodnet_dtm_2024","level":2}},{"type":"Feature","geometry":{"type":"LineString","coordinates":[[-6.91458,37.16677],[-6.91406,37.16542],[-6.91542,37.16509],[-6.91575,37.16625],[-6.91739,37.16792],[-6.91708,37.16912],[-6.91542,37.16708],[-6.91458,37.16677]]},"properties":{"source":"emodnet_dtm_2024","level":2}},{"type":"Feature","geometry":{"type":"LineString","coordinates":[[-7.36708,37.16714],[-7.36762,37.16458],[-7.36958,37.16394],[-7.37292,37.16127],[-7.37375,37.16137],[-7.37452,37.16292],[-7.37042,37.16707],[-7.36708,37.16714]]},"properties":{"source":"emodnet_dtm_2024","level":2}},{"type":"Feature","geometry":{"type":"LineString","coordinates":[[-6.91792,37.16985],[-6.91757,37.16958],[-6.91958,37.16932],[-6.92067,37.17042],[-6.92042,37.17125],[-6.91792,37.16985]]},"properties":{"source":"emodnet_dtm_2024","level":2}},{"type":"Feature","geometry":{"type":"LineString","coordinates":[[-6.92125,37.17221],[-6.92042,37.17125],[-6.92125,37.171],[-6.92232,37.17208],[-6.92208,37.17257],[-6.92125,37.17221]]},"properties":{"source":"emodnet_dtm_2024","level":2}},{"type":"Feature","geometry":{"type":"LineString","coordinates":[[-6.92625,37.17354],[-6.92589,37.17292],[-6.92708,37.17199],[-6.93125,37.17135],[-6.93292,37.17208],[-6.93272,37.17375],[-6.93193,37.17458],[-6.93125,37.175],[-6.92875,37.17467],[-6.92823,37.17708],[-6.92986,37.17792],[-6.92958,37.17871],[-6.92792,37.17793],[-6.92708,37.17621],[-6.92342,37.17375],[-6.92458,37.17335],[-6.92625,37.17486],[-6.92812,37.17458],[-6.92708,37.17443],[-6.92625,37.17354]]},"properties":{"source":"emodnet_dtm_2024","level":2}},{"type":"Feature","geometry":{"type":"LineString","coordinates":[[-6.93792,37.17829],[-6.93715,37.17708],[-6.93958,37.17417],[-6.94208,37.17532],[-6.94323,37.17708],[-6.94208,37.17847],[-6.93958,37.17951],[-6.93792,37.17829]]},"properties":{"source":"emodnet_dtm_2024","level":2}},{"type":"Feature","geometry":{"type":"LineString","coordinates":[[-6.93042,37.18045],[-6.92963,37.17875],[-6.93042,37.17848],[-6.93125,37.18003],[-6.93292,37.18005],[-6.93328,37.18125],[-6.93292,37.18161],[-6.93042,37.18045]]},"properties":{"source":"emodnet_dtm_2024","level":2}},{"type":"Feature","geometry":{"type":"LineString","coordinates":[[-6.93375,37.18262],[-6.93375,37.18186],[-6.93375,37.18262]]},"properties":{"source":"emodnet_dtm_2024","level":2}},{"type":"Feature","geometry":{"type":"LineString","coordinates":[[-6.93458,37.18351],[-6.93401,37.18292],[-6.93458,37.18268],[-6.93458,37.18351]]},"properties":{"source":"emodnet_dtm_2024","level":2}},{"type":"Feature","geometry":{"type":"LineString","coordinates":[[-6.93042,37.18416],[-6.92984,37.18375],[-6.93042,37.18343],[-6.93096,37.18375],[-6.93042,37.18416]]},"properties":{"source":"emodnet_dtm_2024","level":2}},{"type":"Feature","geometry":{"type":"LineString","coordinates":[[-6.96375,37.18792],[-6.96208,37.18625],[-6.96292,37.18625],[-6.96292,37.19208],[-6.96375,37.19292],[-6.96375,37.19458],[-6.96458,37.19542],[-6.96458,37.19625],[-6.96542,37.19625],[-6.96625,37.19708],[-6.96625,37.19875],[-6.96708,37.19958],[-6.96792,37.20208],[-6.97042,37.20375],[-6.97125,37.20375],[-6.97208,37.20458],[-6.97208,37.20625],[-6.97542,37.20875],[-6.97542,37.21042],[-6.97458,37.21125],[-6.97458,37.21208],[-6.97542,37.21125],[-6.97625,37.21125],[-6.97958,37.21375],[-6.97958,37.21458],[-6.98125,37.21625],[-6.98125,37.21875],[-6.98208,37.21875],[-6.98375,37.22125],[-6.98375,37.22292],[-6.98708,37.22542],[-6.98708,37.22708],[-6.98792,37.22708],[-6.98792,37.22625],[-6.98875,37.22542],[-6.98958,37.22542],[-6.98875,37.22458],[-6.98708,37.22458],[-6.98458,37.22292],[-6.98458,37.22125],[-6.98292,37.21875],[-6.98208,37.21458],[-6.97958,37.21292],[-6.97958,37.21208],[-6.97875,37.21125],[-6.97875,37.20958],[-6.97792,37.20875],[-6.97875,37.20792],[-6.98042,37.20792],[-6.97958,37.20708],[-6.98125,37.20625],[-6.97708,37.20565],[-6.97542,37.20458],[-6.97458,37.20458],[-6.97375,37.20375],[-6.97375,37.20208],[-6.97298,37.20125],[-6.97208,37.20125],[-6.97042,37.19958],[-6.96958,37.19958],[-6.96903,37.19875],[-6.96907,37.19375],[-6.96875,37.1934],[-6.96823,37.19375],[-6.96792,37.19583],[-6.96708,37.19625],[-6.96542,37.19375],[-6.96542,37.18875],[-6.96458,37.18875],[-6.96375,37.18792]]},"properties":{"source":"emodnet_dtm_2024","level":2}},{"type":"Feature","geometry":{"type":"LineString","coordinates":[[-6.94375,37.1997],[-6.94292,37.19943],[-6.94254,37.20042],[-6.94328,37.20125],[-6.94292,37.20335],[-6.94173,37.20042],[-6.94208,37.19375],[-6.94125,37.19257],[-6.94099,37.19542],[-6.93892,37.19625],[-6.93875,37.19792],[-6.93941,37.19958],[-6.93875,37.20042],[-6.93939,37.20125],[-6.93825,37.20292],[-6.93909,37.20375],[-6.93875,37.20424],[-6.93792,37.20339],[-6.93583,37.20458],[-6.93875,37.20492],[-6.93875,37.20589],[-6.93577,37.20625],[-6.93337,37.20958],[-6.93125,37.21076],[-6.93029,37.21292],[-6.92875,37.21334],[-6.92458,37.21734],[-6.92353,37.21958],[-6.92208,37.22107],[-6.92125,37.22125],[-6.92042,37.22275],[-6.91958,37.22277],[-6.91622,37.22458],[-6.91522,37.22708],[-6.91292,37.22916],[-6.91208,37.22883],[-6.90792,37.23406],[-6.90708,37.23637],[-6.90458,37.23792],[-6.90436,37.23875],[-6.90184,37.24125],[-6.90179,37.24208],[-6.90042,37.24292],[-6.90042,37.24436],[-6.89969,37.24458],[-6.89971,37.24542],[-6.90042,37.24574],[-6.90375,37.24542],[-6.90875,37.23982],[-6.90958,37.23951],[-6.91208,37.23597],[-6.91292,37.23645],[-6.91458,37.23481],[-6.91875,37.23302],[-6.91958,37.23208],[-6.91958,37.2308],[-6.92292,37.22763],[-6.92375,37.22792],[-6.92375,37.22696],[-6.92458,37.22708],[-6.92542,37.22457],[-6.92708,37.22275],[-6.92792,37.22292],[-6.92778,37.22208],[-6.93125,37.2186],[-6.93208,37.21875],[-6.93218,37.21792],[-6.93337,37.21708],[-6.93621,37.21292],[-6.93906,37.21208],[-6.93792,37.21194],[-6.93792,37.21066],[-6.94042,37.20981],[-6.94125,37.21062],[-6.94458,37.21161],[-6.94708,37.21504],[-6.94875,37.2154],[-6.94929,37.21625],[-6.94995,37.21958],[-6.94958,37.22025],[-6.94875,37.21935],[-6.94748,37.21958],[-6.94958,37.22111],[-6.95125,37.22116],[-6.95191,37.22208],[-6.95252,37.22375],[-6.95208,37.22458],[-6.95292,37.22468],[-6.95402,37.22625],[-6.95489,37.23125],[-6.95458,37.23292],[-6.95555,37.23375],[-6.95542,37.23625],[-6.95618,37.23708],[-6.9565,37.23958],[-6.95708,37.24079],[-6.95875,37.24016],[-6.95976,37.23708],[-6.95892,37.23542],[-6.95838,37.22375],[-6.95875,37.22042],[-6.95775,37.21958],[-6.95792,37.21792],[-6.95557,37.21625],[-6.95646,37.21458],[-6.95542,37.21308],[-6.95375,37.21248],[-6.95042,37.21013],[-6.94958,37.21007],[-6.94875,37.20875],[-6.94741,37.20792],[-6.94875,37.20753],[-6.94958,37.20824],[-6.95107,37.20792],[-6.94958,37.20475],[-6.94708,37.20303],[-6.94518,37.20042],[-6.94375,37.1997]]},"properties":{"source":"emodnet_dtm_2024","level":2}},{"type":"Feature","geometry":{"type":"LineString","coordinates":[[-6.94375,37.20408],[-6.94332,37.20375],[-6.94458,37.20342],[-6.94625,37.20505],[-6.94625,37.2068],[-6.94375,37.20408]]},"properties":{"source":"emodnet_dtm_2024","level":2}},{"type":"Feature","geometry":{"type":"LineString","coordinates":[[-6.94708,37.20761],[-6.94653,37.20708],[-6.94726,37.20708],[-6.94708,37.20761]]},"properties":{"source":"emodnet_dtm_2024","level":2}},{"type":"Feature","geometry":{"type":"LineString","coordinates":[[-6.99792,37.21292],[-6.99708,37.21208],[-6.99708,37.21292],[-6.99792,37.21375],[-6.99792,37.21625],[-6.99875,37.21625],[-6.99958,37.21708],[-6.99958,37.21958],[-6.99958,37.21792],[-7.00042,37.21708],[-6.99875,37.21458],[-6.99875,37.21292],[-6.99792,37.21292]]},"properties":{"source":"emodnet_dtm_2024","level":2}},{"type":"Feature","geometry":{"type":"LineString","coordinates":[[-6.99042,37.21389],[-6.98958,37.21319],[-6.98819,37.21458],[-6.98958,37.21577],[-6.99097,37.21458],[-6.99042,37.21389]]},"properties":{"source":"emodnet_dtm_2024","level":2}},{"type":"Feature","geometry":{"type":"LineString","coordinates":[[-6.96125,37.22292],[-6.96042,37.22222],[-6.95998,37.23125],[-6.96042,37.23638],[-6.96167,37.23125],[-6.96125,37.22292]]},"properties":{"source":"emodnet_dtm_2024","level":2}},{"type":"Feature","geometry":{"type":"LineString","coordinates":[[-7.00708,37.22565],[-7.00708,37.22458],[-7.00625,37.22458],[-7.00387,37.22708],[-7.00625,37.22875],[-7.00792,37.22708],[-7.00708,37.22565]]},"properties":{"source":"emodnet_dtm_2024","level":2}},{"type":"Feature","geometry":{"type":"LineString","coordinates":[[-6.99625,37.22625],[-6.99542,37.22542],[-6.98958,37.22542],[-6.99292,37.22542],[-6.99375,37.22625],[-6.99375,37.22708],[-6.99625,37.22708],[-6.99708,37.22792],[-6.99792,37.22792],[-6.99708,37.22708],[-6.99708,37.22625],[-6.99625,37.22625]]},"properties":{"source":"emodnet_dtm_2024","level":2}},{"type":"Feature","geometry":{"type":"LineString","coordinates":[[-6.97208,37.22625],[-6.97125,37.22542],[-6.97125,37.22458],[-6.97125,37.22708],[-6.97292,37.22875],[-6.97375,37.22875],[-6.97375,37.23125],[-6.97458,37.23208],[-6.97458,37.23292],[-6.97375,37.23208],[-6.97292,37.23208],[-6.97292,37.23042],[-6.97208,37.22958],[-6.97208,37.22625]]},"properties":{"source":"emodnet_dtm_2024","level":2}},{"type":"Feature","geometry":{"type":"LineString","coordinates":[[-7.00042,37.22958],[-6.99958,37.22875],[-6.99958,37.23208],[-6.99958,37.23042],[-7.00042,37.22958]]},"properties":{"source":"emodnet_dtm_2024","level":2}},{"type":"Feature","geometry":{"type":"LineString","coordinates":[[-6.97292,37.24292],[-6.97208,37.24208],[-6.97208,37.24125],[-6.97292,37.24042],[-6.97375,37.24042],[-6.97375,37.23792],[-6.97458,37.23708],[-6.97458,37.23375],[-6.97375,37.23458],[-6.97292,37.23458],[-6.97292,37.23625],[-6.97125,37.23875],[-6.97125,37.24375],[-6.97208,37.24458],[-6.97458,37.24458],[-6.97375,37.24375],[-6.97375,37.24292],[-6.97292,37.24292]]},"properties":{"source":"emodnet_dtm_2024","level":2}},{"type":"Feature","geometry":{"type":"LineString","coordinates":[[-6.97875,37.24625],[-6.97792,37.24542],[-6.97542,37.24542],[-6.97792,37.24625],[-6.97875,37.24708],[-6.97875,37.24792],[-6.98125,37.24875],[-6.98042,37.24792],[-6.98042,37.24708],[-6.97958,37.24625],[-6.97875,37.24625]]},"properties":{"source":"emodnet_dtm_2024","level":2}},{"type":"Feature","geometry":{"type":"LineString","coordinates":[[-6.96125,37.24736],[-6.9606,37.24458],[-6.95958,37.24441],[-6.95816,37.24542],[-6.95885,37.24708],[-6.95875,37.24875],[-6.96105,37.25042],[-6.96041,37.25125],[-6.96178,37.25292],[-6.96237,37.25708],[-6.96393,37.26042],[-6.96375,37.26208],[-6.96625,37.26269],[-6.96798,37.26042],[-6.96771,37.25958],[-6.96614,37.25708],[-6.96419,37.25542],[-6.96373,37.25292],[-6.96135,37.25042],[-6.96195,37.24875],[-6.96125,37.24736]]},"properties":{"source":"emodnet_dtm_2024","level":2}},{"type":"Feature","geometry":{"type":"LineString","coordinates":[[-6.98542,37.25375],[-6.98458,37.25292],[-6.98458,37.25375],[-6.98625,37.25375],[-6.98542,37.25375]]},"properties":{"source":"emodnet_dtm_2024","level":2}},{"type":"Feature","geometry":{"type":"LineString","coordinates":[[-6.96875,37.26528],[-6.96792,37.26363],[-6.96708,37.26365],[-6.96701,37.26542],[-6.96784,37.26625],[-6.96708,37.26708],[-6.96875,37.26875],[-6.96942,37.26542],[-6.96875,37.26528]]},"properties":{"source":"emodnet_dtm_2024","level":2}},{"type":"Feature","geometry":{"type":"LineString","coordinates":[[-6.96542,37.26813],[-6.96458,37.2676],[-6.96474,37.26958],[-6.96256,37.27125],[-6.9627,37.27375],[-6.96375,37.27327],[-6.96468,37.27375],[-6.96458,37.27458],[-6.96542,37.27458],[-6.96698,37.27292],[-6.96594,37.27125],[-6.96542,37.26813]]},"properties":{"source":"emodnet_dtm_2024","level":2}},{"type":"Feature","geometry":{"type":"LineString","coordinates":[[-6.96792,37.27625],[-6.96708,37.27542],[-6.96625,37.27542],[-6.96542,37.27625],[-6.96458,37.27625],[-6.96458,37.27708],[-6.96542,37.27708],[-6.96625,37.27792],[-6.96708,37.27708],[-6.96792,37.27708],[-6.96792,37.27625]]},"properties":{"source":"emodnet_dtm_2024","level":2}},{"type":"Feature","geometry":{"type":"LineString","coordinates":[[-6.97125,37.28042],[-6.97042,37.27958],[-6.97042,37.28958],[-6.97125,37.29042],[-6.97125,37.28292],[-6.97208,37.28208],[-6.97208,37.27958],[-6.97125,37.28042]]},"properties":{"source":"emodnet_dtm_2024","level":2}},{"type":"Feature","geometry":{"type":"LineString","coordinates":[[-8.85208,37.92971],[-8.85306,37.92958],[-8.85208,37.92971]]},"properties":{"source":"emodnet_dtm_2024","level":2}},{"type":"Feature","geometry":{"type":"LineString","coordinates":[[-8.85542,37.93407],[-8.855,37.93375],[-8.85542,37.93341],[-8.85723,37.93375],[-8.85542,37.93407]]},"properties":{"source":"emodnet_dtm_2024","level":2}},{"type":"Feature","geometry":{"type":"LineString","coordinates":[[-8.85875,37.93474],[-8.85875,37.93474]]},"properties":{"source":"emodnet_dtm_2024","level":2}},{"type":"Feature","geometry":{"type":"LineString","coordinates":[[-8.86375,37.93811],[-8.86375,37.93811]]},"properties":{"source":"emodnet_dtm_2024","level":2}},{"type":"Feature","geometry":{"type":"LineString","coordinates":[[-8.86625,37.93897],[-8.86625,37.93862],[-8.86625,37.93897]]},"properties":{"source":"emodnet_dtm_2024","level":2}},{"type":"Feature","geometry":{"type":"LineString","coordinates":[[-8.88958,37.94817],[-8.88958,37.94588],[-8.89054,37.94792],[-8.88958,37.94817]]},"properties":{"source":"emodnet_dtm_2024","level":2}},{"type":"Feature","geometry":{"type":"LineString","coordinates":[[-8.86625,37.9505],[-8.8655,37.95042],[-8.86708,37.95],[-8.86708,37.95061],[-8.86625,37.9505]]},"properties":{"source":"emodnet_dtm_2024","level":2}},{"type":"Feature","geometry":{"type":"LineString","coordinates":[[-8.87875,37.96829],[-8.87875,37.96742],[-8.87875,37.96829]]},"properties":{"source":"emodnet_dtm_2024","level":2}},{"type":"Feature","geometry":{"type":"LineString","coordinates":[[-8.86458,37.9789],[-8.86458,37.9789]]},"properties":{"source":"emodnet_dtm_2024","level":2}},{"type":"Feature","geometry":{"type":"LineString","coordinates":[[-8.85792,37.98939],[-8.85792,37.98838],[-8.85792,37.98939]]},"properties":{"source":"emodnet_dtm_2024","level":2}},{"type":"Feature","geometry":{"type":"LineString","coordinates":[[-8.85625,37.99121],[-8.85556,37.99042],[-8.85625,37.99],[-8.85731,37.99042],[-8.85625,37.99121]]},"properties":{"source":"emodnet_dtm_2024","level":2}},{"type":"Feature","geometry":{"type":"LineString","coordinates":[[-8.79958,38.11483],[-8.79913,38.11375],[-8.79958,38.11343],[-8.80001,38.11375],[-8.79958,38.11483]]},"properties":{"source":"emodnet_dtm_2024","level":2}},{"type":"Feature","geometry":{"type":"LineString","coordinates":[[-8.78708,38.33303],[-8.78708,38.33247],[-8.78708,38.33303]]},"properties":{"source":"emodnet_dtm_2024","level":2}},{"type":"Feature","geometry":{"type":"LineString","coordinates":[[-8.79625,38.38625],[-8.79542,38.38542],[-8.79542,38.38375],[-8.79375,38.38375],[-8.79375,38.38542],[-8.79458,38.38542],[-8.79708,38.38792],[-8.79708,38.38708],[-8.79625,38.38625]]},"properties":{"source":"emodnet_dtm_2024","level":2}},{"type":"Feature","geometry":{"type":"LineString","coordinates":[[-8.71375,38.41804],[-8.71208,38.41733],[-8.71176,38.41875],[-8.71208,38.4191],[-8.71375,38.41899],[-8.71375,38.41804]]},"properties":{"source":"emodnet_dtm_2024","level":2}},{"type":"Feature","geometry":{"type":"LineString","coordinates":[[-8.69542,38.4221],[-8.69542,38.4221]]},"properties":{"source":"emodnet_dtm_2024","level":2}},{"type":"Feature","geometry":{"type":"LineString","coordinates":[[-8.76792,38.42399],[-8.76792,38.4233],[-8.76875,38.42348],[-8.76792,38.42399]]},"properties":{"source":"emodnet_dtm_2024","level":2}},{"type":"Feature","geometry":{"type":"LineString","coordinates":[[-8.74458,38.43073],[-8.74292,38.43031],[-8.74292,38.4323],[-8.74375,38.43141],[-8.74467,38.43125],[-8.74458,38.43073]]},"properties":{"source":"emodnet_dtm_2024","level":2}},{"type":"Feature","geometry":{"type":"LineString","coordinates":[[-8.74875,38.43292],[-8.74825,38.43208],[-8.74841,38.42958],[-8.74875,38.42928],[-8.75042,38.42966],[-8.75125,38.42863],[-8.75292,38.42807],[-8.75458,38.42914],[-8.75542,38.43157],[-8.75708,38.4311],[-8.75792,38.43164],[-8.76125,38.4304],[-8.76208,38.43142],[-8.76222,38.43208],[-8.76073,38.43375],[-8.76103,38.43542],[-8.76024,38.43708],[-8.76137,38.43792],[-8.76068,38.43875],[-8.76156,38.44042],[-8.76053,38.44292],[-8.761,38.44375],[-8.76073,38.44458],[-8.75929,38.44542],[-8.75972,38.44625],[-8.75792,38.44776],[-8.75625,38.44718],[-8.75375,38.4487],[-8.75292,38.44819],[-8.75227,38.44625],[-8.75088,38.44458],[-8.75074,38.44292],[-8.75042,38.44254],[-8.74958,38.44274],[-8.74906,38.44208],[-8.74916,38.44125],[-8.74806,38.44042],[-8.7475,38.43792],[-8.74841,38.43708],[-8.74765,38.43375],[-8.74875,38.43292]]},"properties":{"source":"emodnet_dtm_2024","level":2}},{"type":"Feature","geometry":{"type":"LineString","coordinates":[[-8.78125,38.43402],[-8.78125,38.43357],[-8.78164,38.43375],[-8.78125,38.43402]]},"properties":{"source":"emodnet_dtm_2024","level":2}},{"type":"Feature","geometry":{"type":"LineString","coordinates":[[-8.74042,38.43404],[-8.73875,38.43384],[-8.73899,38.43125],[-8.73958,38.43045],[-8.74292,38.42787],[-8.74525,38.42792],[-8.74609,38.43042],[-8.74297,38.43625],[-8.74405,38.43708],[-8.74375,38.43733],[-8.74042,38.43725],[-8.74042,38.43404]]},"properties":{"source":"emodnet_dtm_2024","level":2}},{"type":"Feature","geometry":{"type":"LineString","coordinates":[[-8.78375,38.43725],[-8.78335,38.43708],[-8.78375,38.43665],[-8.78375,38.43725]]},"properties":{"source":"emodnet_dtm_2024","level":2}},{"type":"Feature","geometry":{"type":"LineString","coordinates":[[-8.78042,38.43899],[-8.78042,38.43863],[-8.78042,38.43899]]},"properties":{"source":"emodnet_dtm_2024","level":2}},{"type":"Feature","geometry":{"type":"LineString","coordinates":[[-8.78792,38.44213],[-8.78792,38.44213]]},"properties":{"source":"emodnet_dtm_2024","level":2}},{"type":"Feature","geometry":{"type":"LineString","coordinates":[[-8.82042,38.44833],[-8.81958,38.44792],[-8.81958,38.44708],[-8.81792,38.44702],[-8.81708,38.44796],[-8.81636,38.44708],[-8.81704,38.44625],[-8.81716,38.44458],[-8.81875,38.44362],[-8.81975,38.44375],[-8.82258,38.44625],[-8.82191,38.44708],[-8.82208,38.44875],[-8.82042,38.44833]]},"properties":{"source":"emodnet_dtm_2024","level":2}},{"type":"Feature","geometry":{"type":"LineString","coordinates":[[-8.72958,38.4497],[-8.72958,38.4497]]},"properties":{"source":"emodnet_dtm_2024","level":2}},{"type":"Feature","geometry":{"type":"LineString","coordinates":[[-8.82542,38.45074],[-8.82542,38.45021],[-8.82542,38.45074]]},"properties":{"source":"emodnet_dtm_2024","level":2}},{"type":"Feature","geometry":{"type":"LineString","coordinates":[[-8.82208,38.45052],[-8.82292,38.44998],[-8.82419,38.45042],[-8.82292,38.45113],[-8.82208,38.45052]]},"properties":{"source":"emodnet_dtm_2024","level":2}},{"type":"Feature","geometry":{"type":"LineString","coordinates":[[-8.84792,38.45577],[-8.84723,38.45542],[-8.84875,38.45496],[-8.84875,38.4565],[-8.84792,38.45577]]},"properties":{"source":"emodnet_dtm_2024","level":2}},{"type":"Feature","geometry":{"type":"LineString","coordinates":[[-8.85042,38.45716],[-8.85042,38.45716]]},"properties":{"source":"emodnet_dtm_2024","level":2}},{"type":"Feature","geometry":{"type":"LineString","coordinates":[[-8.73125,38.46903],[-8.73061,38.46875],[-8.73079,38.46792],[-8.73211,38.46708],[-8.73208,38.46569],[-8.72958,38.46587],[-8.72708,38.46722],[-8.7256,38.47042],[-8.72625,38.47143],[-8.72875,38.47225],[-8.73042,38.47169],[-8.73125,38.47083],[-8.73213,38.46958],[-8.73125,38.46903]]},"properties":{"source":"emodnet_dtm_2024","level":2}},{"type":"Feature","geometry":{"type":"LineString","coordinates":[[-8.90875,38.4723],[-8.90875,38.47156],[-8.90958,38.47105],[-8.91034,38.47292],[-8.90958,38.47356],[-8.90875,38.4723]]},"properties":{"source":"emodnet_dtm_2024","level":2}},{"type":"Feature","geometry":{"type":"LineString","coordinates":[[-8.92875,38.47435],[-8.92835,38.47208],[-8.92875,38.46987],[-8.92919,38.47208],[-8.92875,38.47435]]},"properties":{"source":"emodnet_dtm_2024","level":2}},{"type":"Feature","geometry":{"type":"LineString","coordinates":[[-8.76625,38.47404],[-8.76564,38.47375],[-8.76792,38.47162],[-8.76882,38.47292],[-8.76841,38.47375],[-8.76792,38.47416],[-8.76625,38.47404]]},"properties":{"source":"emodnet_dtm_2024","level":2}},{"type":"Feature","geometry":{"type":"LineString","coordinates":[[-8.75458,38.47486],[-8.75458,38.47424],[-8.75524,38.47458],[-8.75458,38.47486]]},"properties":{"source":"emodnet_dtm_2024","level":2}},{"type":"Feature","geometry":{"type":"LineString","coordinates":[[-8.92292,38.4758],[-8.92275,38.47292],[-8.92292,38.47247],[-8.92375,38.4725],[-8.92649,38.47542],[-8.92375,38.47706],[-8.92292,38.4758]]},"properties":{"source":"emodnet_dtm_2024","level":2}},{"type":"Feature","geometry":{"type":"LineString","coordinates":[[-8.89875,38.47552],[-8.89892,38.47458],[-8.89958,38.4744],[-8.90074,38.47625],[-8.90042,38.47778],[-8.89875,38.47552]]},"properties":{"source":"emodnet_dtm_2024","level":2}},{"type":"Feature","geometry":{"type":"LineString","coordinates":[[-8.91125,38.47639],[-8.91108,38.47458],[-8.91208,38.47335],[-8.91259,38.47375],[-8.91262,38.47708],[-8.91208,38.4774],[-8.91125,38.47639]]},"properties":{"source":"emodnet_dtm_2024","level":2}},{"type":"Feature","geometry":{"type":"LineString","coordinates":[[-8.81625,38.47729],[-8.81576,38.47625],[-8.81608,38.47542],[-8.81708,38.47539],[-8.81888,38.47792],[-8.81625,38.47729]]},"properties":{"source":"emodnet_dtm_2024","level":2}},{"type":"Feature","geometry":{"type":"LineString","coordinates":[[-8.92958,38.47796],[-8.92958,38.47707],[-8.92958,38.47796]]},"properties":{"source":"emodnet_dtm_2024","level":2}},{"type":"Feature","geometry":{"type":"LineString","coordinates":[[-8.88625,38.47855],[-8.88542,38.47667],[-8.88497,38.47875],[-8.88542,38.47921],[-8.88625,38.47855]]},"properties":{"source":"emodnet_dtm_2024","level":2}},{"type":"Feature","geometry":{"type":"LineString","coordinates":[[-8.82125,38.47891],[-8.82074,38.47875],[-8.82125,38.47891]]},"properties":{"source":"emodnet_dtm_2024","level":2}},{"type":"Feature","geometry":{"type":"LineString","coordinates":[[-8.78042,38.47958],[-8.77958,38.47875],[-8.77875,38.47875],[-8.77875,38.49042],[-8.77958,38.48958],[-8.78042,38.48958],[-8.78042,38.48792],[-8.78125,38.48708],[-8.78375,38.48625],[-8.78292,38.48542],[-8.78292,38.48375],[-8.78208,38.48292],[-8.78208,38.47958],[-8.78042,38.47958]]},"properties":{"source":"emodnet_dtm_2024","level":2}},{"type":"Feature","geometry":{"type":"LineString","coordinates":[[-9.18708,38.47999],[-9.18708,38.47841],[-9.1875,38.47875],[-9.18708,38.47999]]},"properties":{"source":"emodnet_dtm_2024","level":2}},{"type":"Feature","geometry":{"type":"LineString","coordinates":[[-8.87625,38.47985],[-8.87625,38.47915],[-8.87625,38.47985]]},"properties":{"source":"emodnet_dtm_2024","level":2}},{"type":"Feature","geometry":{"type":"LineString","coordinates":[[-8.75292,38.48127],[-8.75292,38.48127]]},"properties":{"source":"emodnet_dtm_2024","level":2}},{"type":"Feature","geometry":{"type":"LineString","coordinates":[[-8.87792,38.48213],[-8.87792,38.48213]]},"properties":{"source":"emodnet_dtm_2024","level":2}},{"type":"Feature","geometry":{"type":"LineString","coordinates":[[-8.76792,38.48249],[-8.76708,38.48105],[-8.76625,38.48158],[-8.76575,38.48292],[-8.76708,38.48401],[-8.76792,38.48249]]},"properties":{"source":"emodnet_dtm_2024","level":2}},{"type":"Feature","geometry":{"type":"LineString","coordinates":[[-8.78625,38.48542],[-8.78542,38.48458],[-8.78542,38.48375],[-8.78542,38.48542],[-8.78708,38.48542],[-8.78625,38.48542]]},"properties":{"source":"emodnet_dtm_2024","level":2}},{"type":"Feature","geometry":{"type":"LineString","coordinates":[[-8.85625,38.48542],[-8.85598,38.48458],[-8.85708,38.48459],[-8.85913,38.48708],[-8.8573,38.48708],[-8.85625,38.48542]]},"properties":{"source":"emodnet_dtm_2024","level":2}},{"type":"Feature","geometry":{"type":"LineString","coordinates":[[-8.92208,38.48718],[-8.92208,38.48672],[-8.92295,38.48708],[-8.92208,38.48718]]},"properties":{"source":"emodnet_dtm_2024","level":2}},{"type":"Feature","geometry":{"type":"LineString","coordinates":[[-8.88375,38.48723],[-8.88375,38.48692],[-8.88375,38.48723]]},"properties":{"source":"emodnet_dtm_2024","level":2}},{"type":"Feature","geometry":{"type":"LineString","coordinates":[[-8.88542,38.48813],[-8.88495,38.48792],[-8.88542,38.4875],[-8.88625,38.48769],[-8.88708,38.48666],[-8.88792,38.48689],[-8.88792,38.48964],[-8.88708,38.48967],[-8.88542,38.48813]]},"properties":{"source":"emodnet_dtm_2024","level":2}},{"type":"Feature","geometry":{"type":"LineString","coordinates":[[-8.89375,38.48971],[-8.8936,38.48875],[-8.89458,38.48855],[-8.89471,38.48958],[-8.89375,38.48971]]},"properties":{"source":"emodnet_dtm_2024","level":2}},{"type":"Feature","geometry":{"type":"LineString","coordinates":[[-8.84792,38.49394],[-8.84726,38.49375],[-8.84792,38.49305],[-8.84847,38.49375],[-8.84792,38.49394]]},"properties":{"source":"emodnet_dtm_2024","level":2}},{"type":"Feature","geometry":{"type":"LineString","coordinates":[[-8.76208,38.49561],[-8.76125,38.49401],[-8.76045,38.49458],[-8.76009,38.49625],[-8.76208,38.49763],[-8.76271,38.49708],[-8.76208,38.49561]]},"properties":{"source":"emodnet_dtm_2024","level":2}},{"type":"Feature","geometry":{"type":"LineString","coordinates":[[-8.75125,38.49978],[-8.75125,38.49942],[-8.75125,38.49978]]},"properties":{"source":"emodnet_dtm_2024","level":2}},{"type":"Feature","geometry":{"type":"LineString","coordinates":[[-8.78708,38.51458],[-8.78625,38.51341],[-8.78458,38.51261],[-8.7842,38.51292],[-8.78501,38.51375],[-8.78458,38.51625],[-8.78625,38.51563],[-8.78708,38.51458]]},"properties":{"source":"emodnet_dtm_2024","level":2}},{"type":"Feature","geometry":{"type":"LineString","coordinates":[[-8.77375,38.51986],[-8.77336,38.51958],[-8.77375,38.51927],[-8.77375,38.51986]]},"properties":{"source":"emodnet_dtm_2024","level":2}},{"type":"Feature","geometry":{"type":"LineString","coordinates":[[-8.78292,38.52301],[-8.78042,38.52333],[-8.77997,38.52208],[-8.77875,38.5213],[-8.77696,38.52375],[-8.77875,38.52707],[-8.77958,38.52637],[-8.78125,38.52739],[-8.78292,38.52738],[-8.78388,38.52458],[-8.78292,38.52301]]},"properties":{"source":"emodnet_dtm_2024","level":2}},{"type":"Feature","geometry":{"type":"LineString","coordinates":[[-9.06958,38.62847],[-9.06875,38.62569],[-9.06458,38.62708],[-9.06542,38.6272],[-9.06597,38.62792],[-9.06575,38.62875],[-9.06811,38.63042],[-9.06708,38.63292],[-9.06747,38.63375],[-9.06875,38.63426],[-9.06938,38.63375],[-9.06909,38.63208],[-9.06958,38.6319],[-9.07184,38.63375],[-9.07208,38.63606],[-9.07292,38.63542],[-9.07292,38.63125],[-9.07119,38.63042],[-9.06958,38.62847]]},"properties":{"source":"emodnet_dtm_2024","level":2}},{"type":"Feature","geometry":{"type":"LineString","coordinates":[[-9.09875,38.65048],[-9.09792,38.64959],[-9.09708,38.64974],[-9.09542,38.65135],[-9.093,38.65208],[-9.09303,38.65375],[-9.09625,38.65673],[-9.09875,38.65628],[-9.10014,38.65458],[-9.09958,38.65042],[-9.09875,38.65048]]},"properties":{"source":"emodnet_dtm_2024","level":2}},{"type":"Feature","geometry":{"type":"LineString","coordinates":[[-9.08875,38.65301],[-9.08792,38.65259],[-9.08709,38.65375],[-9.08875,38.65384],[-9.08875,38.65301]]},"properties":{"source":"emodnet_dtm_2024","level":2}},{"type":"Feature","geometry":{"type":"LineString","coordinates":[[-9.11375,38.66181],[-9.11292,38.66106],[-9.11068,38.66292],[-9.11208,38.66336],[-9.11375,38.66236],[-9.11542,38.66216],[-9.11554,38.66125],[-9.11375,38.66181]]},"properties":{"source":"emodnet_dtm_2024","level":2}},{"type":"Feature","geometry":{"type":"LineString","coordinates":[[-9.28708,38.66557],[-9.28702,38.66375],[-9.28792,38.66247],[-9.28875,38.66359],[-9.28875,38.66477],[-9.28708,38.66557]]},"properties":{"source":"emodnet_dtm_2024","level":2}},{"type":"Feature","geometry":{"type":"LineString","coordinates":[[-9.14708,38.66975],[-9.14708,38.66939],[-9.14708,38.66975]]},"properties":{"source":"emodnet_dtm_2024","level":2}},{"type":"Feature","geometry":{"type":"LineString","coordinates":[[-9.13958,38.68007],[-9.13958,38.67897],[-9.14042,38.67875],[-9.14292,38.67583],[-9.14319,38.67708],[-9.14208,38.67817],[-9.14125,38.67792],[-9.14125,38.679],[-9.14042,38.67875],[-9.14042,38.68042],[-9.14125,38.68085],[-9.14375,38.68054],[-9.14464,38.68125],[-9.14458,38.68035],[-9.13958,38.68007]]},"properties":{"source":"emodnet_dtm_2024","level":2}},{"type":"Feature","geometry":{"type":"LineString","coordinates":[[-9.05375,38.68262],[-9.05292,38.68139],[-9.05208,38.68137],[-9.05063,38.68375],[-9.04893,38.68458],[-9.04871,38.68542],[-9.04958,38.68796],[-9.05292,38.68976],[-9.05679,38.68708],[-9.05665,38.68542],[-9.05463,38.68292],[-9.05375,38.68262]]},"properties":{"source":"emodnet_dtm_2024","level":2}},{"type":"Feature","geometry":{"type":"LineString","coordinates":[[-9.03875,38.68882],[-9.03708,38.6881],[-9.03375,38.68869],[-9.03259,38.69042],[-9.03458,38.69163],[-9.03542,38.69286],[-9.03625,38.69288],[-9.0397,38.69042],[-9.03875,38.68882]]},"properties":{"source":"emodnet_dtm_2024","level":2}},{"type":"Feature","geometry":{"type":"LineString","coordinates":[[-9.09292,38.7625],[-9.09271,38.76042],[-9.09375,38.75903],[-9.09471,38.75208],[-9.09458,38.75108],[-9.09375,38.75058],[-9.09292,38.7522],[-9.09074,38.75375],[-9.09078,38.75625],[-9.08906,38.75708],[-9.08925,38.76208],[-9.09109,38.76292],[-9.09125,38.76615],[-9.09375,38.76458],[-9.09292,38.7625]]},"properties":{"source":"emodnet_dtm_2024","level":2}},{"type":"Feature","geometry":{"type":"LineString","coordinates":[[-8.93208,38.77153],[-8.93125,38.77083],[-8.93059,38.77208],[-8.93042,38.77708],[-8.93125,38.77813],[-8.93449,38.77958],[-8.93542,38.78125],[-8.93681,38.77958],[-8.93958,38.77847],[-8.94042,38.77708],[-8.93958,38.77625],[-8.93698,38.77542],[-8.93542,38.77292],[-8.93208,38.77153]]},"properties":{"source":"emodnet_dtm_2024","level":2}},{"type":"Feature","geometry":{"type":"LineString","coordinates":[[-9.02125,38.78103],[-9.02042,38.78032],[-9.01875,38.78058],[-9.01458,38.78316],[-9.01208,38.7855],[-9.01125,38.78355],[-9.00875,38.78403],[-9.00792,38.78518],[-9.00708,38.78496],[-9.00625,38.78537],[-9.00375,38.7918],[-8.99958,38.79716],[-8.99875,38.79675],[-8.99595,38.79792],[-8.99597,38.79875],[-8.99759,38.79958],[-8.99641,38.80042],[-8.99602,38.80292],[-8.99625,38.80329],[-8.99875,38.80337],[-8.99958,38.80515],[-9.0009,38.80542],[-9.00275,38.81208],[-9.00375,38.81295],[-9.00736,38.81292],[-9.00875,38.81585],[-9.01208,38.81739],[-9.01292,38.81706],[-9.01375,38.81762],[-9.01458,38.8177],[-9.01792,38.81621],[-9.01875,38.81708],[-9.02208,38.81533],[-9.02375,38.81602],[-9.02458,38.81509],[-9.02542,38.81759],[-9.02958,38.8137],[-9.03065,38.81125],[-9.03335,38.80792],[-9.03408,38.80542],[-9.03309,38.80125],[-9.03383,38.79958],[-9.03353,38.79625],[-9.03458,38.79375],[-9.03365,38.79125],[-9.03125,38.78901],[-9.02958,38.78597],[-9.02763,38.78542],[-9.02542,38.78325],[-9.02208,38.78229],[-9.02125,38.78103]]},"properties":{"source":"emodnet_dtm_2024","level":2}},{"type":"Feature","geometry":{"type":"LineString","coordinates":[[-9.07542,38.83419],[-9.07458,38.83347],[-9.07375,38.83404],[-9.07292,38.83389],[-9.07224,38.83458],[-9.07227,38.83625],[-9.07073,38.83708],[-9.0715,38.83792],[-9.07134,38.84125],[-9.06967,38.84292],[-9.06966,38.84375],[-9.06875,38.84382],[-9.06817,38.84458],[-9.06827,38.84542],[-9.06755,38.84625],[-9.06792,38.84836],[-9.06875,38.84875],[-9.07292,38.84479],[-9.07466,38.84208],[-9.07561,38.83958],[-9.07542,38.83419]]},"properties":{"source":"emodnet_dtm_2024","level":2}},{"type":"Feature","geometry":{"type":"LineString","coordinates":[[-9.02792,38.85481],[-9.02625,38.85458],[-9.0249,38.85625],[-9.02281,38.86042],[-9.02294,38.86208],[-9.02208,38.86289],[-9.02125,38.86292],[-9.01996,38.86625],[-9.01792,38.86708],[-9.01832,38.86792],[-9.01792,38.86889],[-9.01625,38.87042],[-9.016,38.87208],[-9.01375,38.87519],[-9.01292,38.87542],[-9.01342,38.87625],[-9.01305,38.87708],[-9.01124,38.87875],[-9.01154,38.88208],[-9.01125,38.88291],[-9.01042,38.88292],[-9.01208,38.88323],[-9.01375,38.88594],[-9.01458,38.88595],[-9.01625,38.88463],[-9.01875,38.88527],[-9.02376,38.88042],[-9.02318,38.87625],[-9.02334,38.87125],[-9.02511,38.86792],[-9.02628,38.86708],[-9.02603,38.86625],[-9.02725,38.86375],[-9.03037,38.86042],[-9.03153,38.85708],[-9.03042,38.85519],[-9.02875,38.85528],[-9.02792,38.85481]]},"properties":{"source":"emodnet_dtm_2024","level":2}},{"type":"Feature","geometry":{"type":"LineString","coordinates":[[-8.98625,38.86736],[-8.98542,38.86458],[-8.98375,38.86696],[-8.98125,38.86875],[-8.98542,38.86979],[-8.98646,38.86875],[-8.98625,38.86736]]},"properties":{"source":"emodnet_dtm_2024","level":2}},{"type":"Feature","geometry":{"type":"LineString","coordinates":[[-8.99125,38.87762],[-8.99042,38.87595],[-8.98792,38.87604],[-8.9875,38.87708],[-8.98798,38.87875],[-8.99292,38.88493],[-8.99458,38.88408],[-8.99489,38.88208],[-8.9934,38.88125],[-8.99321,38.87958],[-8.99125,38.87762]]},"properties":{"source":"emodnet_dtm_2024","level":2}},{"type":"Feature","geometry":{"type":"LineString","coordinates":[[-8.99792,38.8848],[-8.99625,38.88387],[-8.99551,38.88458],[-8.99483,38.88792],[-8.99375,38.88875],[-8.99418,38.88958],[-8.99375,38.89042],[-8.99458,38.89045],[-8.99491,38.89125],[-8.99434,38.89208],[-8.99489,38.89375],[-8.99625,38.89472],[-8.99792,38.89399],[-8.9995,38.89208],[-9.00125,38.88811],[-9.00164,38.89042],[-9.00076,38.89125],[-8.99992,38.89292],[-8.9999,38.89458],[-8.99905,38.89542],[-8.99903,38.89875],[-8.99728,38.89958],[-8.99732,38.90208],[-8.99625,38.90371],[-8.99542,38.90292],[-8.99633,38.90125],[-8.9962,38.89958],[-8.99542,38.89901],[-8.99292,38.90042],[-8.99285,38.90208],[-8.98993,38.90625],[-8.98965,38.90875],[-8.99026,38.91208],[-8.98875,38.91292],[-8.98916,38.91458],[-8.98875,38.91875],[-8.98958,38.91858],[-8.99005,38.91958],[-8.98958,38.92042],[-8.99042,38.92057],[-8.99184,38.92208],[-8.99208,38.92375],[-8.99301,38.92458],[-8.9932,38.92625],[-8.99405,38.92708],[-8.994,38.92958],[-8.99542,38.93248],[-8.99792,38.934],[-9.00012,38.93292],[-9.00141,38.92958],[-9.00208,38.92882],[-9.00292,38.92875],[-9.00243,38.92792],[-9.00279,38.92458],[-9.00375,38.92375],[-9.00579,38.91958],[-9.00542,38.91921],[-9.00414,38.91958],[-9.00336,38.92042],[-9.00375,38.92144],[-9.00042,38.92217],[-8.99875,38.92342],[-8.99708,38.92323],[-8.99533,38.92125],[-8.99466,38.91708],[-8.99281,38.91292],[-8.99375,38.91196],[-8.99458,38.91208],[-8.99424,38.91125],[-8.99542,38.91042],[-8.99647,38.90625],[-8.99628,38.90375],[-8.99708,38.90355],[-8.99729,38.90708],[-8.99643,38.90792],[-8.99646,38.91042],[-8.99542,38.91042],[-8.9957,38.91208],[-8.99487,38.91292],[-8.99542,38.91584],[-8.99625,38.9162],[-8.99734,38.91375],[-9.00044,38.91208],[-9.00176,38.90625],[-9.00139,38.90208],[-9.00375,38.9003],[-9.00463,38.89875],[-9.00625,38.88792],[-9.00958,38.88721],[-9.00996,38.88542],[-9.00976,38.88375],[-9.00903,38.88375],[-9.00625,38.88542],[-9.00625,38.88625],[-9.00458,38.88619],[-9.00446,38.88708],[-9.00292,38.88842],[-9.00146,38.88792],[-9.00344,38.88458],[-8.99792,38.8848]]},"properties":{"source":"emodnet_dtm_2024","level":2}},{"type":"Feature","geometry":{"type":"LineString","coordinates":[[-9.01208,38.89877],[-9.01117,38.89875],[-9.0098,38.90042],[-9.01042,38.90224],[-9.01292,38.90491],[-9.01406,38.90375],[-9.01461,38.90042],[-9.01375,38.89863],[-9.01208,38.89877]]},"properties":{"source":"emodnet_dtm_2024","level":2}},{"type":"Feature","geometry":{"type":"LineString","coordinates":[[-9.35792,39.3198],[-9.35792,39.31943],[-9.35792,39.3198]]},"properties":{"source":"emodnet_dtm_2024","level":2}},{"type":"Feature","geometry":{"type":"LineString","coordinates":[[-9.35875,39.32164],[-9.35825,39.32125],[-9.35875,39.32036],[-9.35875,39.32164]]},"properties":{"source":"emodnet_dtm_2024","level":2}},{"type":"Feature","geometry":{"type":"LineString","coordinates":[[-9.37125,39.35044],[-9.37125,39.35044]]},"properties":{"source":"emodnet_dtm_2024","level":2}},{"type":"Feature","geometry":{"type":"LineString","coordinates":[[-9.34208,39.37578],[-9.34208,39.37416],[-9.34208,39.37578]]},"properties":{"source":"emodnet_dtm_2024","level":2}},{"type":"Feature","geometry":{"type":"LineString","coordinates":[[-9.34208,39.38302],[-9.34208,39.38256],[-9.34208,39.38302]]},"properties":{"source":"emodnet_dtm_2024","level":2}},{"type":"Feature","geometry":{"type":"LineString","coordinates":[[-9.51375,39.40797],[-9.51375,39.40797]]},"properties":{"source":"emodnet_dtm_2024","level":2}},{"type":"Feature","geometry":{"type":"LineString","coordinates":[[-9.51708,39.41564],[-9.51708,39.40869],[-9.51708,39.41564]]},"properties":{"source":"emodnet_dtm_2024","level":2}},{"type":"Feature","geometry":{"type":"LineString","coordinates":[[-9.50125,39.41919],[-9.50075,39.41875],[-9.50125,39.41655],[-9.50625,39.41485],[-9.50875,39.41158],[-9.51042,39.41087],[-9.51231,39.41125],[-9.51353,39.41208],[-9.51431,39.41458],[-9.51396,39.41625],[-9.51557,39.41708],[-9.51458,39.41893],[-9.51042,39.42044],[-9.50958,39.42129],[-9.50708,39.42146],[-9.50542,39.42131],[-9.50375,39.42004],[-9.50125,39.41919]]},"properties":{"source":"emodnet_dtm_2024","level":2}},{"type":"Feature","geometry":{"type":"LineString","coordinates":[[-9.49792,39.42059],[-9.49792,39.4179],[-9.49895,39.41958],[-9.49885,39.42042],[-9.49792,39.42059]]},"properties":{"source":"emodnet_dtm_2024","level":2}},{"type":"Feature","geometry":{"type":"LineString","coordinates":[[-9.14542,39.52181],[-9.14542,39.5196],[-9.14607,39.52125],[-9.14542,39.52181]]},"properties":{"source":"emodnet_dtm_2024","level":2}},{"type":"Feature","geometry":{"type":"LineString","coordinates":[[-9.08875,39.57487],[-9.08875,39.57428],[-9.08919,39.57458],[-9.08875,39.57487]]},"properties":{"source":"emodnet_dtm_2024","level":2}},{"type":"Feature","geometry":{"type":"LineString","coordinates":[[-8.97292,39.89355],[-8.9727,39.89292],[-8.97375,39.89252],[-8.97384,39.89375],[-8.97292,39.89355]]},"properties":{"source":"emodnet_dtm_2024","level":2}},{"type":"Feature","geometry":{"type":"LineString","coordinates":[[-8.93792,39.9563],[-8.93792,39.9563]]},"properties":{"source":"emodnet_dtm_2024","level":2}},{"type":"Feature","geometry":{"type":"LineString","coordinates":[[-8.79542,40.11648],[-8.79375,40.11572],[-8.79292,40.116],[-8.79148,40.11708],[-8.79072,40.11875],[-8.79208,40.12102],[-8.79542,40.12232],[-8.79792,40.125],[-8.7997,40.12292],[-8.79732,40.12042],[-8.79542,40.11648]]},"properties":{"source":"emodnet_dtm_2024","level":2}},{"type":"Feature","geometry":{"type":"LineString","coordinates":[[-8.83292,40.12054],[-8.83125,40.12014],[-8.83042,40.12049],[-8.82708,40.12411],[-8.82535,40.12125],[-8.82292,40.11979],[-8.81875,40.12031],[-8.81654,40.12208],[-8.81642,40.12542],[-8.81771,40.13125],[-8.82292,40.13681],[-8.83542,40.13819],[-8.83653,40.13708],[-8.83708,40.13542],[-8.83661,40.13458],[-8.83292,40.12958],[-8.83006,40.12708],[-8.83125,40.12569],[-8.83958,40.12396],[-8.84097,40.12292],[-8.83958,40.12188],[-8.83292,40.12054]]},"properties":{"source":"emodnet_dtm_2024","level":2}},{"type":"Feature","geometry":{"type":"LineString","coordinates":[[-8.87625,40.14577],[-8.87601,40.14542],[-8.87708,40.1442],[-8.87787,40.14458],[-8.87625,40.14577]]},"properties":{"source":"emodnet_dtm_2024","level":2}},{"type":"Feature","geometry":{"type":"LineString","coordinates":[[-8.87458,40.14668],[-8.87458,40.14609],[-8.87458,40.14668]]},"properties":{"source":"emodnet_dtm_2024","level":2}},{"type":"Feature","geometry":{"type":"LineString","coordinates":[[-8.87875,40.2573],[-8.87875,40.25559],[-8.87875,40.2573]]},"properties":{"source":"emodnet_dtm_2024","level":2}},{"type":"Feature","geometry":{"type":"LineString","coordinates":[[-8.87792,40.25878],[-8.87792,40.25878]]},"properties":{"source":"emodnet_dtm_2024","level":2}},{"type":"Feature","geometry":{"type":"LineString","coordinates":[[-8.88042,40.26134],[-8.88028,40.26042],[-8.88208,40.25768],[-8.88219,40.25875],[-8.88042,40.26134]]},"properties":{"source":"emodnet_dtm_2024","level":2}},{"type":"Feature","geometry":{"type":"LineString","coordinates":[[-8.87125,40.28558],[-8.87081,40.28542],[-8.87125,40.28486],[-8.87125,40.28558]]},"properties":{"source":"emodnet_dtm_2024","level":2}},{"type":"Feature","geometry":{"type":"LineString","coordinates":[[-8.86292,40.29883],[-8.86244,40.29708],[-8.86292,40.29617],[-8.86375,40.29618],[-8.86458,40.29537],[-8.86542,40.2961],[-8.86708,40.29615],[-8.86625,40.29639],[-8.86458,40.29851],[-8.86292,40.29883]]},"properties":{"source":"emodnet_dtm_2024","level":2}},{"type":"Feature","geometry":{"type":"LineString","coordinates":[[-8.86208,40.30048],[-8.86208,40.30048]]},"properties":{"source":"emodnet_dtm_2024","level":2}},{"type":"Feature","geometry":{"type":"LineString","coordinates":[[-8.81792,40.41804],[-8.81779,40.41708],[-8.81708,40.41677],[-8.81501,40.42292],[-8.81542,40.42431],[-8.81625,40.4244],[-8.81784,40.42292],[-8.81792,40.41804]]},"properties":{"source":"emodnet_dtm_2024","level":2}},{"type":"Feature","geometry":{"type":"LineString","coordinates":[[-8.79542,40.48908],[-8.79458,40.48805],[-8.79282,40.48958],[-8.79292,40.4905],[-8.79375,40.48988],[-8.79535,40.49042],[-8.79442,40.49208],[-8.79458,40.49299],[-8.79558,40.49125],[-8.79542,40.48908]]},"properties":{"source":"emodnet_dtm_2024","level":2}},{"type":"Feature","geometry":{"type":"LineString","coordinates":[[-8.75958,40.64601],[-8.75958,40.64513],[-8.7613,40.64542],[-8.75958,40.64601]]},"properties":{"source":"emodnet_dtm_2024","level":2}},{"type":"Feature","geometry":{"type":"LineString","coordinates":[[-8.69542,40.65375],[-8.69375,40.65375],[-8.69375,40.65542],[-8.69292,40.65625],[-8.68958,40.65625],[-8.69375,40.65625],[-8.69514,40.66042],[-8.69458,40.66134],[-8.69097,40.66292],[-8.68958,40.66458],[-8.67375,40.66458],[-8.67292,40.66375],[-8.67292,40.66125],[-8.67208,40.66042],[-8.67292,40.65958],[-8.67292,40.65542],[-8.67375,40.65625],[-8.68125,40.65625],[-8.67375,40.65625],[-8.67292,40.65708],[-8.67292,40.66875],[-8.67708,40.66875],[-8.67708,40.66542],[-8.67792,40.66458],[-8.68958,40.66458],[-8.69125,40.66644],[-8.69375,40.66736],[-8.6956,40.66625],[-8.69708,40.66366],[-8.70347,40.66208],[-8.70625,40.66042],[-8.70473,40.65958],[-8.70387,40.65625],[-8.70208,40.65469],[-8.69792,40.65375],[-8.69542,40.65375]]},"properties":{"source":"emodnet_dtm_2024","level":2}},{"type":"Feature","geometry":{"type":"LineString","coordinates":[[-8.66542,40.66042],[-8.66458,40.65958],[-8.66375,40.66042],[-8.66042,40.66042],[-8.65958,40.66125],[-8.65625,40.66125],[-8.65625,40.66375],[-8.65542,40.66458],[-8.64792,40.66458],[-8.64792,40.67042],[-8.64792,40.66958],[-8.64875,40.66875],[-8.65208,40.66875],[-8.65208,40.66542],[-8.65292,40.66458],[-8.66042,40.66458],[-8.66042,40.66125],[-8.66125,40.66042],[-8.67208,40.66042],[-8.66542,40.66042]]},"properties":{"source":"emodnet_dtm_2024","level":2}},{"type":"Feature","geometry":{"type":"LineString","coordinates":[[-8.71625,40.67062],[-8.71458,40.66958],[-8.7125,40.67042],[-8.71125,40.67292],[-8.71208,40.67422],[-8.71458,40.675],[-8.71887,40.67375],[-8.71968,40.67292],[-8.71917,40.67208],[-8.71625,40.67062]]},"properties":{"source":"emodnet_dtm_2024","level":2}},{"type":"Feature","geometry":{"type":"LineString","coordinates":[[-8.70292,40.70625],[-8.70208,40.70542],[-8.70208,40.70208],[-8.70208,40.70625],[-8.70542,40.70625],[-8.70292,40.70625]]},"properties":{"source":"emodnet_dtm_2024","level":2}},{"type":"Feature","geometry":{"type":"LineString","coordinates":[[-8.67125,40.72049],[-8.66458,40.72014],[-8.66292,40.72106],[-8.66181,40.72292],[-8.66292,40.72477],[-8.66458,40.72569],[-8.66875,40.725],[-8.67125,40.72847],[-8.67292,40.72958],[-8.67625,40.72804],[-8.68125,40.72292],[-8.67708,40.72083],[-8.67125,40.72049]]},"properties":{"source":"emodnet_dtm_2024","level":2}},{"type":"Feature","geometry":{"type":"LineString","coordinates":[[-8.68958,40.74792],[-8.68875,40.74792],[-8.68875,40.74375],[-8.68542,40.74375],[-8.68542,40.75458],[-8.68125,40.75486],[-8.67917,40.75625],[-8.68125,40.76042],[-8.68125,40.76458],[-8.68542,40.76667],[-8.68958,40.76563],[-8.69062,40.76458],[-8.68958,40.76042],[-8.68875,40.76042],[-8.68875,40.75875],[-8.68958,40.75792],[-8.68958,40.75625],[-8.69167,40.75208],[-8.68958,40.74792]]},"properties":{"source":"emodnet_dtm_2024","level":2}},{"type":"Feature","geometry":{"type":"LineString","coordinates":[[-8.67375,40.77708],[-8.67292,40.77625],[-8.67292,40.76958],[-8.67292,40.78125],[-8.67792,40.78125],[-8.67708,40.78042],[-8.67708,40.77792],[-8.67542,40.77792],[-8.67458,40.77708],[-8.67375,40.77708]]},"properties":{"source":"emodnet_dtm_2024","level":2}},{"type":"Feature","geometry":{"type":"LineString","coordinates":[[-8.65708,40.78958],[-8.65625,40.78875],[-8.65625,40.78625],[-8.65208,40.78625],[-8.65208,40.79292],[-8.64958,40.79458],[-8.64792,40.79458],[-8.64792,40.80125],[-8.64708,40.80208],[-8.64625,40.80208],[-8.65625,40.80208],[-8.65625,40.79458],[-8.65708,40.79375],[-8.66542,40.79375],[-8.66458,40.79292],[-8.66458,40.79042],[-8.65875,40.79042],[-8.65792,40.78958],[-8.65708,40.78958]]},"properties":{"source":"emodnet_dtm_2024","level":2}},{"type":"Feature","geometry":{"type":"LineString","coordinates":[[-8.63625,40.82292],[-8.63542,40.82208],[-8.63542,40.81958],[-8.63542,40.82708],[-8.63542,40.82375],[-8.63625,40.82292],[-8.63708,40.82292],[-8.63625,40.82292]]},"properties":{"source":"emodnet_dtm_2024","level":2}},{"type":"Feature","geometry":{"type":"LineString","coordinates":[[-8.67208,41.14431],[-8.67153,41.14375],[-8.67292,41.14236],[-8.67431,41.14375],[-8.67292,41.14479],[-8.67208,41.14431]]},"properties":{"source":"emodnet_dtm_2024","level":2}},{"type":"Feature","geometry":{"type":"LineString","coordinates":[[-8.71042,41.17814],[-8.71042,41.17769],[-8.71125,41.1776],[-8.71125,41.17813],[-8.71042,41.17814]]},"properties":{"source":"emodnet_dtm_2024","level":2}},{"type":"Feature","geometry":{"type":"LineString","coordinates":[[-8.77125,41.37177],[-8.77125,41.37103],[-8.77125,41.37177]]},"properties":{"source":"emodnet_dtm_2024","level":2}},{"type":"Feature","geometry":{"type":"LineString","coordinates":[[-8.76625,41.3713],[-8.76625,41.3713]]},"properties":{"source":"emodnet_dtm_2024","level":2}},{"type":"Feature","geometry":{"type":"LineString","coordinates":[[-8.78708,41.41158],[-8.78708,41.41095],[-8.78708,41.41158]]},"properties":{"source":"emodnet_dtm_2024","level":2}},{"type":"Feature","geometry":{"type":"LineString","coordinates":[[-8.82458,41.62797],[-8.82458,41.62797]]},"properties":{"source":"emodnet_dtm_2024","level":2}},{"type":"Feature","geometry":{"type":"LineString","coordinates":[[-8.87625,41.82825],[-8.87578,41.82792],[-8.87625,41.82772],[-8.87625,41.82825]]},"properties":{"source":"emodnet_dtm_2024","level":2}},{"type":"Feature","geometry":{"type":"LineString","coordinates":[[-8.87292,41.86105],[-8.8725,41.86042],[-8.87292,41.85958],[-8.87458,41.85942],[-8.87559,41.85875],[-8.87625,41.85674],[-8.87708,41.85682],[-8.87755,41.85875],[-8.87887,41.86042],[-8.87875,41.86274],[-8.87792,41.8628],[-8.87708,41.86187],[-8.87375,41.86159],[-8.87292,41.86105]]},"properties":{"source":"emodnet_dtm_2024","level":2}},{"type":"Feature","geometry":{"type":"LineString","coordinates":[[-8.87625,41.8733],[-8.87625,41.87168],[-8.8768,41.87208],[-8.87625,41.8733]]},"properties":{"source":"emodnet_dtm_2024","level":2}},{"type":"Feature","geometry":{"type":"LineString","coordinates":[[-8.87875,41.8758],[-8.87875,41.87523],[-8.87979,41.87542],[-8.87875,41.8758]]},"properties":{"source":"emodnet_dtm_2024","level":2}},{"type":"Feature","geometry":{"type":"LineString","coordinates":[[-8.87958,41.9003],[-8.87875,41.89945],[-8.87624,41.89958],[-8.87792,41.89963],[-8.87875,41.90062],[-8.88,41.90042],[-8.87958,41.9003]]},"properties":{"source":"emodnet_dtm_2024","level":2}},{"type":"Feature","geometry":{"type":"LineString","coordinates":[[-8.81875,42.11542],[-8.81792,42.11458],[-8.81542,42.11623],[-8.81456,42.11625],[-8.81542,42.11629],[-8.81612,42.11708],[-8.81587,42.11875],[-8.81792,42.12057],[-8.81958,42.1206],[-8.81958,42.11917],[-8.81792,42.11922],[-8.81734,42.11792],[-8.81875,42.11625],[-8.82125,42.11667],[-8.82218,42.11458],[-8.82208,42.11292],[-8.82042,42.11529],[-8.81875,42.11542]]},"properties":{"source":"emodnet_dtm_2024","level":2}},{"type":"Feature","geometry":{"type":"LineString","coordinates":[[-8.84708,42.12548],[-8.84792,42.12431],[-8.84911,42.12542],[-8.84708,42.12548]]},"properties":{"source":"emodnet_dtm_2024","level":2}},{"type":"Feature","geometry":{"type":"LineString","coordinates":[[-8.88958,42.19438],[-8.8888,42.19375],[-8.88958,42.19125],[-8.89125,42.19023],[-8.89292,42.19013],[-8.89348,42.19125],[-8.89625,42.19228],[-8.89708,42.19388],[-8.89875,42.19387],[-8.89958,42.19223],[-8.90125,42.19222],[-8.90375,42.19075],[-8.90708,42.19092],[-8.90755,42.19208],[-8.90908,42.19292],[-8.9098,42.19458],[-8.91005,42.19875],[-8.91125,42.19927],[-8.91255,42.20125],[-8.91261,42.20292],[-8.91325,42.20375],[-8.91251,42.20625],[-8.91042,42.20683],[-8.90958,42.20761],[-8.90792,42.20752],[-8.90605,42.20625],[-8.90548,42.20375],[-8.90292,42.20035],[-8.90208,42.20035],[-8.90125,42.20113],[-8.90042,42.20033],[-8.89625,42.20027],[-8.89336,42.19708],[-8.89125,42.19637],[-8.88958,42.19438]]},"properties":{"source":"emodnet_dtm_2024","level":2}},{"type":"Feature","geometry":{"type":"LineString","coordinates":[[-8.89958,42.21732],[-8.89894,42.21708],[-8.89958,42.21622],[-8.90292,42.21495],[-8.9033,42.21375],[-8.90458,42.21313],[-8.90542,42.21161],[-8.90875,42.21153],[-8.90958,42.21094],[-8.91292,42.21098],[-8.91651,42.21208],[-8.91641,42.21708],[-8.91208,42.21764],[-8.91042,42.2184],[-8.90855,42.22042],[-8.90909,42.22125],[-8.90796,42.22375],[-8.90604,42.22458],[-8.90668,42.22542],[-8.90577,42.22708],[-8.90792,42.22808],[-8.90933,42.23125],[-8.90916,42.23292],[-8.90768,42.23375],[-8.90708,42.23495],[-8.90588,42.23542],[-8.90724,42.23625],[-8.90602,42.23708],[-8.90792,42.23743],[-8.90919,42.23875],[-8.90928,42.23958],[-8.91173,42.24125],[-8.91292,42.24393],[-8.91542,42.24447],[-8.91756,42.24708],[-8.91708,42.25048],[-8.91625,42.2507],[-8.91458,42.25025],[-8.91375,42.25089],[-8.91208,42.25086],[-8.91125,42.25016],[-8.91042,42.25016],[-8.90813,42.24792],[-8.90792,42.24686],[-8.90625,42.2467],[-8.90014,42.24125],[-8.90063,42.23875],[-8.89906,42.23708],[-8.89895,42.23208],[-8.89965,42.23042],[-8.89792,42.22989],[-8.89625,42.22819],[-8.89542,42.228],[-8.89526,42.22708],[-8.89542,42.22617],[-8.89708,42.2251],[-8.89792,42.22575],[-8.89958,42.22552],[-8.90049,42.22458],[-8.90061,42.22042],[-8.89987,42.21958],[-8.89958,42.21732]]},"properties":{"source":"emodnet_dtm_2024","level":2}},{"type":"Feature","geometry":{"type":"LineString","coordinates":[[-8.75958,42.22457],[-8.75875,42.22375],[-8.75792,42.22458],[-8.75624,42.22458],[-8.75958,42.22457]]},"properties":{"source":"emodnet_dtm_2024","level":2}},{"type":"Feature","geometry":{"type":"LineString","coordinates":[[-8.75136,42.26625],[-8.75058,42.26542],[-8.75143,42.26375],[-8.75458,42.26136],[-8.7588,42.26125],[-8.75883,42.25875],[-8.75811,42.25792],[-8.75958,42.25648],[-8.76042,42.25796],[-8.76132,42.25792],[-8.76208,42.25636],[-8.76375,42.25642],[-8.76426,42.25708],[-8.76542,42.2573],[-8.76594,42.25875],[-8.76708,42.25923],[-8.76748,42.26042],[-8.76875,42.26138],[-8.77375,42.26198],[-8.77458,42.2626],[-8.77792,42.26251],[-8.77875,42.26181],[-8.78208,42.2616],[-8.7824,42.26125],[-8.78144,42.26042],[-8.78208,42.25903],[-8.78398,42.25875],[-8.78282,42.25792],[-8.78426,42.25708],[-8.78548,42.25375],[-8.7873,42.25208],[-8.78698,42.24708],[-8.78792,42.24674],[-8.78875,42.24815],[-8.78958,42.24654],[-8.79125,42.24605],[-8.79375,42.24857],[-8.79542,42.24908],[-8.79708,42.24868],[-8.79958,42.2492],[-8.80042,42.24989],[-8.80375,42.25029],[-8.80625,42.25265],[-8.80708,42.25278],[-8.80792,42.25409],[-8.80911,42.25458],[-8.81042,42.25744],[-8.81208,42.2575],[-8.81292,42.2582],[-8.81427,42.25792],[-8.81625,42.25504],[-8.81958,42.25396],[-8.82042,42.25251],[-8.82199,42.25208],[-8.82351,42.25042],[-8.82708,42.2499],[-8.82958,42.25042],[-8.83021,42.25208],[-8.83375,42.25429],[-8.8344,42.25625],[-8.83542,42.25697],[-8.83792,42.25743],[-8.83875,42.25821],[-8.84458,42.25828],[-8.84542,42.25901],[-8.84625,42.25834],[-8.84708,42.25837],[-8.84792,42.25911],[-8.84958,42.2593],[-8.85042,42.26077],[-8.85208,42.26114],[-8.85542,42.26055],[-8.85557,42.25958],[-8.85625,42.25892],[-8.85708,42.25888],[-8.85725,42.25792],[-8.85884,42.25625],[-8.85958,42.25277],[-8.86163,42.25208],[-8.86305,42.24958],[-8.86458,42.24842],[-8.86542,42.24848],[-8.86625,42.24989],[-8.87042,42.24994],[-8.87218,42.25208],[-8.86875,42.25573],[-8.86858,42.25708],[-8.86703,42.25958],[-8.86688,42.26292],[-8.86458,42.26458],[-8.86373,42.26625]]},"properties":{"source":"emodnet_dtm_2024","level":2}},{"type":"Feature","geometry":{"type":"LineString","coordinates":[[-6.21175,36.38625],[-6.21028,36.38708],[-6.21042,36.38746],[-6.21246,36.38708],[-6.21261,36.38625],[-6.21175,36.38625]]},"properties":{"source":"emodnet_dtm_2024","level":2}},{"type":"Feature","geometry":{"type":"LineString","coordinates":[[-6.21032,36.42875],[-6.20875,36.42958],[-6.20958,36.43048],[-6.21088,36.42958],[-6.21032,36.42875]]},"properties":{"source":"emodnet_dtm_2024","level":2}},{"type":"Feature","geometry":{"type":"LineString","coordinates":[[-6.18375,36.43542],[-6.18292,36.43625],[-6.18292,36.43792],[-6.18375,36.43875],[-6.18375,36.44125],[-6.18375,36.43458],[-6.18375,36.43542]]},"properties":{"source":"emodnet_dtm_2024","level":2}},{"type":"Feature","geometry":{"type":"LineString","coordinates":[[-6.25996,36.50125],[-6.25958,36.50188],[-6.25875,36.50156],[-6.25792,36.50263],[-6.25741,36.50042],[-6.25792,36.49987],[-6.25875,36.49989],[-6.25996,36.50125]]},"properties":{"source":"emodnet_dtm_2024","level":2}},{"type":"Feature","geometry":{"type":"LineString","coordinates":[[-6.29068,36.53292],[-6.28958,36.53317],[-6.28792,36.53271],[-6.28708,36.53365],[-6.28685,36.53208],[-6.29042,36.53182],[-6.29068,36.53292]]},"properties":{"source":"emodnet_dtm_2024","level":2}},{"type":"Feature","geometry":{"type":"LineString","coordinates":[[-6.21458,36.53292],[-6.21375,36.53375],[-6.21375,36.53542],[-6.21208,36.53792],[-6.21208,36.53958],[-6.21125,36.54042],[-6.21042,36.54042],[-6.21042,36.54125],[-6.20958,36.54208],[-6.20958,36.54375],[-6.20875,36.54458],[-6.20875,36.54875],[-6.20875,36.54625],[-6.21042,36.54375],[-6.21125,36.54375],[-6.21125,36.54125],[-6.21208,36.54042],[-6.21208,36.53875],[-6.21375,36.53625],[-6.21375,36.53458],[-6.21458,36.53375],[-6.21542,36.53375],[-6.21542,36.53292],[-6.21458,36.53292]]},"properties":{"source":"emodnet_dtm_2024","level":2}},{"type":"Feature","geometry":{"type":"LineString","coordinates":[[-6.28877,36.53375],[-6.28875,36.53324],[-6.28877,36.53375]]},"properties":{"source":"emodnet_dtm_2024","level":2}},{"type":"Feature","geometry":{"type":"LineString","coordinates":[[-6.28419,36.53542],[-6.28375,36.53572],[-6.28351,36.53542],[-6.28375,36.53434],[-6.28458,36.53458],[-6.28701,36.53375],[-6.28458,36.53351],[-6.28419,36.53542]]},"properties":{"source":"emodnet_dtm_2024","level":2}},{"type":"Feature","geometry":{"type":"LineString","coordinates":[[-6.28308,36.53625],[-6.28292,36.53671],[-6.28308,36.53625]]},"properties":{"source":"emodnet_dtm_2024","level":2}},{"type":"Feature","geometry":{"type":"LineString","coordinates":[[-6.28482,36.53708],[-6.28427,36.53708],[-6.28458,36.53674],[-6.28482,36.53708]]},"properties":{"source":"emodnet_dtm_2024","level":2}},{"type":"Feature","geometry":{"type":"LineString","coordinates":[[-6.28388,36.53792],[-6.28388,36.53792]]},"properties":{"source":"emodnet_dtm_2024","level":2}},{"type":"Feature","geometry":{"type":"LineString","coordinates":[[-6.28315,36.53958],[-6.28263,36.53958],[-6.28292,36.53841],[-6.28315,36.53958]]},"properties":{"source":"emodnet_dtm_2024","level":2}},{"type":"Feature","geometry":{"type":"LineString","coordinates":[[-6.28232,36.54042],[-6.28058,36.54042],[-6.28125,36.53993],[-6.28232,36.54042]]},"properties":{"source":"emodnet_dtm_2024","level":2}},{"type":"Feature","geometry":{"type":"LineString","coordinates":[[-6.24723,36.57125],[-6.24723,36.57125]]},"properties":{"source":"emodnet_dtm_2024","level":2}},{"type":"Feature","geometry":{"type":"LineString","coordinates":[[-6.23783,36.57375],[-6.23625,36.5754],[-6.23542,36.57542],[-6.23458,36.57625],[-6.23458,36.57792],[-6.23542,36.57708],[-6.23625,36.57708],[-6.23626,36.57625],[-6.23886,36.57375],[-6.23783,36.57375]]},"properties":{"source":"emodnet_dtm_2024","level":2}},{"type":"Feature","geometry":{"type":"LineString","coordinates":[[-6.32233,36.61125],[-6.32208,36.6116],[-6.31875,36.6116],[-6.31625,36.61333],[-6.31438,36.61292],[-6.31958,36.61055],[-6.32208,36.6108],[-6.32233,36.61125]]},"properties":{"source":"emodnet_dtm_2024","level":2}},{"type":"Feature","geometry":{"type":"LineString","coordinates":[[-6.35112,36.61292],[-6.35042,36.61362],[-6.34958,36.61352],[-6.34958,36.61472],[-6.35042,36.615],[-6.35144,36.61375],[-6.35112,36.61292]]},"properties":{"source":"emodnet_dtm_2024","level":2}},{"type":"Feature","geometry":{"type":"LineString","coordinates":[[-6.40266,36.80375],[-6.40208,36.80409],[-6.4017,36.80375],[-6.40266,36.80375]]},"properties":{"source":"emodnet_dtm_2024","level":2}},{"type":"Feature","geometry":{"type":"LineString","coordinates":[[-6.4046,36.80708],[-6.4046,36.80708]]},"properties":{"source":"emodnet_dtm_2024","level":2}},{"type":"Feature","geometry":{"type":"LineString","coordinates":[[-7.88889,36.98792],[-7.8875,36.98958],[-7.88758,36.99042],[-7.88792,36.99125],[-7.88958,36.99167],[-7.89144,36.99042],[-7.89186,36.98875],[-7.89125,36.9878],[-7.88958,36.9875],[-7.88889,36.98792]]},"properties":{"source":"emodnet_dtm_2024","level":2}},{"type":"Feature","geometry":{"type":"LineString","coordinates":[[-7.96043,37.00542],[-7.95892,37.00625],[-7.96125,37.00639],[-7.96125,37.00505],[-7.96043,37.00542]]},"properties":{"source":"emodnet_dtm_2024","level":2}},{"type":"Feature","geometry":{"type":"LineString","coordinates":[[-7.80255,37.02625],[-7.80208,37.02786],[-7.80292,37.02753],[-7.80458,37.02503],[-7.80562,37.02458],[-7.80361,37.02458],[-7.80255,37.02625]]},"properties":{"source":"emodnet_dtm_2024","level":2}},{"type":"Feature","geometry":{"type":"LineString","coordinates":[[-7.63253,37.10958],[-7.63123,37.11125],[-7.63208,37.11195],[-7.63331,37.11042],[-7.63292,37.10923],[-7.63253,37.10958]]},"properties":{"source":"emodnet_dtm_2024","level":2}},{"type":"Feature","geometry":{"type":"LineString","coordinates":[[-7.63017,37.11208],[-7.62875,37.11468],[-7.62995,37.11458],[-7.63112,37.11208],[-7.63042,37.11171],[-7.63017,37.11208]]},"properties":{"source":"emodnet_dtm_2024","level":2}},{"type":"Feature","geometry":{"type":"LineString","coordinates":[[-7.62625,37.11542],[-7.62458,37.11609],[-7.61875,37.11586],[-7.61792,37.11792],[-7.61875,37.11721],[-7.62208,37.11729],[-7.62292,37.1164],[-7.62625,37.11641],[-7.62708,37.11556],[-7.62809,37.11542],[-7.62625,37.11542]]},"properties":{"source":"emodnet_dtm_2024","level":2}},{"type":"Feature","geometry":{"type":"LineString","coordinates":[[-6.94557,37.15875],[-6.94542,37.15914],[-6.94557,37.15875]]},"properties":{"source":"emodnet_dtm_2024","level":2}},{"type":"Feature","geometry":{"type":"LineString","coordinates":[[-7.34977,37.17375],[-7.34906,37.17458],[-7.35042,37.17491],[-7.35174,37.17292],[-7.35042,37.17219],[-7.34977,37.17375]]},"properties":{"source":"emodnet_dtm_2024","level":2}},{"type":"Feature","geometry":{"type":"LineString","coordinates":[[-6.97292,37.21292],[-6.97208,37.21375],[-6.97208,37.21625],[-6.97208,37.21542],[-6.97292,37.21458],[-6.97375,37.21458],[-6.97375,37.21292],[-6.97292,37.21292]]},"properties":{"source":"emodnet_dtm_2024","level":2}},{"type":"Feature","geometry":{"type":"LineString","coordinates":[[-6.89954,37.24708],[-6.89824,37.24792],[-6.89808,37.24875],[-6.89875,37.24958],[-6.89998,37.24792],[-6.89954,37.24708]]},"properties":{"source":"emodnet_dtm_2024","level":2}},{"type":"Feature","geometry":{"type":"LineString","coordinates":[[-6.89257,37.24958],[-6.89103,37.25125],[-6.89125,37.25244],[-6.89208,37.25275],[-6.89375,37.25191],[-6.89458,37.25208],[-6.89458,37.24947],[-6.89375,37.24905],[-6.89257,37.24958]]},"properties":{"source":"emodnet_dtm_2024","level":2}},{"type":"Feature","geometry":{"type":"LineString","coordinates":[[-6.88459,37.26208],[-6.88375,37.26292],[-6.88458,37.26349],[-6.88585,37.26292],[-6.88542,37.26174],[-6.88459,37.26208]]},"properties":{"source":"emodnet_dtm_2024","level":2}},{"type":"Feature","geometry":{"type":"LineString","coordinates":[[-6.95625,37.27792],[-6.95542,37.27875],[-6.95542,37.27958],[-6.95625,37.27875],[-6.95708,37.27875],[-6.95708,37.27792],[-6.95625,37.27792]]},"properties":{"source":"emodnet_dtm_2024","level":2}},{"type":"Feature","geometry":{"type":"LineString","coordinates":[[-6.85208,37.30292],[-6.85125,37.30375],[-6.84708,37.30375],[-6.85292,37.30375],[-6.85375,37.30292],[-6.85208,37.30292]]},"properties":{"source":"emodnet_dtm_2024","level":2}},{"type":"Feature","geometry":{"type":"LineString","coordinates":[[-8.80316,38.09958],[-8.80215,38.10292],[-8.80292,38.10319],[-8.80343,38.10292],[-8.80301,38.10125],[-8.80441,38.10042],[-8.80375,38.09792],[-8.80458,38.09676],[-8.805,38.09792],[-8.80375,38.09792],[-8.80316,38.09958]]},"properties":{"source":"emodnet_dtm_2024","level":2}},{"type":"Feature","geometry":{"type":"LineString","coordinates":[[-8.78799,38.33708],[-8.78792,38.33678],[-8.78799,38.33708]]},"properties":{"source":"emodnet_dtm_2024","level":2}},{"type":"Feature","geometry":{"type":"LineString","coordinates":[[-8.73333,38.47458],[-8.73208,38.47608],[-8.73125,38.47596],[-8.73042,38.47769],[-8.72939,38.47792],[-8.72958,38.4789],[-8.73042,38.47815],[-8.73208,38.47824],[-8.73292,38.47739],[-8.73384,38.47542],[-8.73375,38.47443],[-8.73333,38.47458]]},"properties":{"source":"emodnet_dtm_2024","level":2}},{"type":"Feature","geometry":{"type":"LineString","coordinates":[[-8.95644,38.47792],[-8.95523,38.47792],[-8.95644,38.47792]]},"properties":{"source":"emodnet_dtm_2024","level":2}},{"type":"Feature","geometry":{"type":"LineString","coordinates":[[-8.77086,38.47875],[-8.77022,38.47958],[-8.77042,38.48052],[-8.77125,38.48037],[-8.77169,38.47958],[-8.77185,38.47708],[-8.77125,38.47587],[-8.77086,38.47875]]},"properties":{"source":"emodnet_dtm_2024","level":2}},{"type":"Feature","geometry":{"type":"LineString","coordinates":[[-8.73475,38.48708],[-8.73372,38.48708],[-8.73375,38.48575],[-8.73475,38.48708]]},"properties":{"source":"emodnet_dtm_2024","level":2}},{"type":"Feature","geometry":{"type":"LineString","coordinates":[[-8.78286,38.51208],[-8.78154,38.51292],[-8.78208,38.51341],[-8.78292,38.51342],[-8.78286,38.51208]]},"properties":{"source":"emodnet_dtm_2024","level":2}},{"type":"Feature","geometry":{"type":"LineString","coordinates":[[-8.78726,38.52875],[-8.78675,38.52958],[-8.78708,38.53087],[-8.78792,38.53079],[-8.78901,38.52875],[-8.78726,38.52875]]},"properties":{"source":"emodnet_dtm_2024","level":2}},{"type":"Feature","geometry":{"type":"LineString","coordinates":[[-9.10569,38.64708],[-9.10486,38.64792],[-9.10625,38.64931],[-9.11042,38.64931],[-9.11181,38.64792],[-9.11042,38.64625],[-9.10625,38.64625],[-9.10569,38.64708]]},"properties":{"source":"emodnet_dtm_2024","level":2}},{"type":"Feature","geometry":{"type":"LineString","coordinates":[[-9.04694,38.68958],[-9.04542,38.69077],[-9.04875,38.69008],[-9.04893,38.68875],[-9.04708,38.68858],[-9.04694,38.68958]]},"properties":{"source":"emodnet_dtm_2024","level":2}},{"type":"Feature","geometry":{"type":"LineString","coordinates":[[-9.04203,38.69125],[-9.0412,38.69208],[-9.04125,38.69431],[-9.04375,38.69444],[-9.04458,38.69375],[-9.04494,38.69125],[-9.04203,38.69125]]},"properties":{"source":"emodnet_dtm_2024","level":2}},{"type":"Feature","geometry":{"type":"LineString","coordinates":[[-9.01808,38.69208],[-9.01729,38.69292],[-9.01747,38.69375],[-9.01875,38.69437],[-9.02042,38.69426],[-9.02119,38.69292],[-9.02042,38.69079],[-9.01875,38.69095],[-9.01808,38.69208]]},"properties":{"source":"emodnet_dtm_2024","level":2}},{"type":"Feature","geometry":{"type":"LineString","coordinates":[[-9.0934,38.74875],[-9.09208,38.74916],[-9.09166,38.74958],[-9.09208,38.75001],[-9.09375,38.7502],[-9.09446,38.74958],[-9.09435,38.74875],[-9.09375,38.7484],[-9.0934,38.74875]]},"properties":{"source":"emodnet_dtm_2024","level":2}},{"type":"Feature","geometry":{"type":"LineString","coordinates":[[-9.08552,38.79875],[-9.08507,38.80042],[-9.08625,38.80147],[-9.08708,38.8015],[-9.08774,38.80042],[-9.08759,38.79875],[-9.08708,38.79793],[-9.08552,38.79875]]},"properties":{"source":"emodnet_dtm_2024","level":2}},{"type":"Feature","geometry":{"type":"LineString","coordinates":[[-9.08056,38.82625],[-9.08042,38.82722],[-9.08125,38.82768],[-9.08177,38.82708],[-9.08125,38.825],[-9.08056,38.82625]]},"properties":{"source":"emodnet_dtm_2024","level":2}},{"type":"Feature","geometry":{"type":"LineString","coordinates":[[-9.06157,38.82708],[-9.05958,38.82727],[-9.05875,38.82909],[-9.05625,38.82903],[-9.05569,38.82958],[-9.05568,38.83208],[-9.05507,38.83292],[-9.05625,38.83417],[-9.05792,38.83333],[-9.05958,38.83113],[-9.06185,38.82958],[-9.06276,38.82708],[-9.06208,38.82586],[-9.06157,38.82708]]},"properties":{"source":"emodnet_dtm_2024","level":2}},{"type":"Feature","geometry":{"type":"LineString","coordinates":[[-9.03958,38.85125],[-9.03701,38.85458],[-9.03697,38.85625],[-9.03625,38.85693],[-9.03542,38.85689],[-9.03375,38.85849],[-9.03347,38.86042],[-9.02934,38.86375],[-9.02945,38.86542],[-9.02864,38.86625],[-9.02875,38.86715],[-9.03208,38.86478],[-9.03368,38.86292],[-9.0375,38.86042],[-9.03807,38.85792],[-9.03958,38.85625],[-9.03958,38.85042],[-9.03958,38.85125]]},"properties":{"source":"emodnet_dtm_2024","level":2}},{"type":"Feature","geometry":{"type":"LineString","coordinates":[[-9.02694,38.86958],[-9.02615,38.87042],[-9.02625,38.87292],[-9.02708,38.87292],[-9.02827,38.86792],[-9.02708,38.8676],[-9.02694,38.86958]]},"properties":{"source":"emodnet_dtm_2024","level":2}},{"type":"Feature","geometry":{"type":"LineString","coordinates":[[-9.01875,38.89292],[-9.01792,38.89292],[-9.01792,38.89427],[-9.01875,38.89375],[-9.01875,38.88875],[-9.01875,38.89292]]},"properties":{"source":"emodnet_dtm_2024","level":2}},{"type":"Feature","geometry":{"type":"LineString","coordinates":[[-9.42054,39.03625],[-9.42042,39.03533],[-9.42054,39.03625]]},"properties":{"source":"emodnet_dtm_2024","level":2}},{"type":"Feature","geometry":{"type":"LineString","coordinates":[[-9.39792,39.10625],[-9.39958,39.10595],[-9.39998,39.10625],[-9.39875,39.10748],[-9.39767,39.10708],[-9.39792,39.10625]]},"properties":{"source":"emodnet_dtm_2024","level":2}},{"type":"Feature","geometry":{"type":"LineString","coordinates":[[-9.34792,39.19792],[-9.34899,39.19792],[-9.34924,39.19875],[-9.34875,39.1991],[-9.34792,39.19886],[-9.34792,39.19792]]},"properties":{"source":"emodnet_dtm_2024","level":2}},{"type":"Feature","geometry":{"type":"LineString","coordinates":[[-9.10479,39.55708],[-9.1042,39.55708],[-9.10479,39.55708]]},"properties":{"source":"emodnet_dtm_2024","level":2}},{"type":"Feature","geometry":{"type":"LineString","coordinates":[[-9.1039,39.55792],[-9.10337,39.55792],[-9.10375,39.55761],[-9.1039,39.55792]]},"properties":{"source":"emodnet_dtm_2024","level":2}},{"type":"Feature","geometry":{"type":"LineString","coordinates":[[-8.87875,40.09042],[-8.87875,40.09042]]},"properties":{"source":"emodnet_dtm_2024","level":2}},{"type":"Feature","geometry":{"type":"LineString","coordinates":[[-8.79375,40.49542],[-8.79292,40.49617],[-8.79292,40.49753],[-8.79375,40.49542]]},"properties":{"source":"emodnet_dtm_2024","level":2}},{"type":"Feature","geometry":{"type":"LineString","coordinates":[[-8.66393,40.63375],[-8.66319,40.63542],[-8.66458,40.6375],[-8.66875,40.63542],[-8.66875,40.63125],[-8.66458,40.63125],[-8.66393,40.63375]]},"properties":{"source":"emodnet_dtm_2024","level":2}},{"type":"Feature","geometry":{"type":"LineString","coordinates":[[-8.76332,40.64458],[-8.76292,40.64489],[-8.76198,40.64458],[-8.76332,40.64458]]},"properties":{"source":"emodnet_dtm_2024","level":2}},{"type":"Feature","geometry":{"type":"LineString","coordinates":[[-8.67292,40.65125],[-8.67208,40.65208],[-8.66875,40.65208],[-8.67208,40.65208],[-8.67292,40.65292],[-8.67292,40.65542],[-8.67292,40.64458],[-8.67708,40.64458],[-8.67708,40.64792],[-8.67375,40.64792],[-8.67292,40.64875],[-8.67292,40.65125]]},"properties":{"source":"emodnet_dtm_2024","level":2}},{"type":"Feature","geometry":{"type":"LineString","coordinates":[[-8.63958,40.80958],[-8.63875,40.81042],[-8.63792,40.81042],[-8.63875,40.81042],[-8.63958,40.81125],[-8.63958,40.81458],[-8.63958,40.80292],[-8.63958,40.80958]]},"properties":{"source":"emodnet_dtm_2024","level":2}},{"type":"Feature","geometry":{"type":"LineString","coordinates":[[-8.87626,41.86625],[-8.87542,41.86705],[-8.87458,41.86685],[-8.87375,41.86739],[-8.87299,41.86708],[-8.87458,41.86609],[-8.87626,41.86625]]},"properties":{"source":"emodnet_dtm_2024","level":2}},{"type":"Feature","geometry":{"type":"LineString","coordinates":[[-8.87542,41.86875],[-8.87542,41.86843],[-8.87542,41.86875]]},"properties":{"source":"emodnet_dtm_2024","level":2}},{"type":"Feature","geometry":{"type":"LineString","coordinates":[[-6.21958,36.38243],[-6.21821,36.38292],[-6.21824,36.38542],[-6.21875,36.38591],[-6.22003,36.38542],[-6.22007,36.38292],[-6.21958,36.38243]]},"properties":{"source":"emodnet_dtm_2024","level":2}},{"type":"Feature","geometry":{"type":"LineString","coordinates":[[-6.21125,36.4002],[-6.20982,36.40042],[-6.21042,36.40077],[-6.21199,36.40042],[-6.21125,36.4002]]},"properties":{"source":"emodnet_dtm_2024","level":2}},{"type":"Feature","geometry":{"type":"LineString","coordinates":[[-6.20042,36.40556],[-6.19792,36.40625],[-6.20042,36.40668],[-6.20042,36.40556]]},"properties":{"source":"emodnet_dtm_2024","level":2}},{"type":"Feature","geometry":{"type":"LineString","coordinates":[[-6.21542,36.41768],[-6.21458,36.41736],[-6.21412,36.41792],[-6.21458,36.4247],[-6.21615,36.42292],[-6.21612,36.41792],[-6.21542,36.41768]]},"properties":{"source":"emodnet_dtm_2024","level":2}},{"type":"Feature","geometry":{"type":"LineString","coordinates":[[-6.18708,36.43375],[-6.18458,36.43375],[-6.18708,36.43375]]},"properties":{"source":"emodnet_dtm_2024","level":2}},{"type":"Feature","geometry":{"type":"LineString","coordinates":[[-6.18208,36.44292],[-6.18125,36.44292],[-6.18125,36.44375],[-6.18208,36.44375],[-6.18208,36.44292]]},"properties":{"source":"emodnet_dtm_2024","level":2}},{"type":"Feature","geometry":{"type":"LineString","coordinates":[[-6.24958,36.44845],[-6.24856,36.44875],[-6.24958,36.45274],[-6.24958,36.44845]]},"properties":{"source":"emodnet_dtm_2024","level":2}},{"type":"Feature","geometry":{"type":"LineString","coordinates":[[-6.17792,36.49958],[-6.17625,36.49958],[-6.17792,36.49958]]},"properties":{"source":"emodnet_dtm_2024","level":2}},{"type":"Feature","geometry":{"type":"LineString","coordinates":[[-6.24208,36.50502],[-6.24098,36.50542],[-6.24125,36.50645],[-6.2424,36.50625],[-6.24208,36.50502]]},"properties":{"source":"emodnet_dtm_2024","level":2}},{"type":"Feature","geometry":{"type":"LineString","coordinates":[[-6.20958,36.50771],[-6.20792,36.50771],[-6.20792,36.50856],[-6.20958,36.50856],[-6.20958,36.50771]]},"properties":{"source":"emodnet_dtm_2024","level":2}},{"type":"Feature","geometry":{"type":"LineString","coordinates":[[-6.18042,36.50972],[-6.17917,36.51042],[-6.18042,36.51053],[-6.18042,36.50972]]},"properties":{"source":"emodnet_dtm_2024","level":2}},{"type":"Feature","geometry":{"type":"LineString","coordinates":[[-6.20292,36.51289],[-6.20185,36.51292],[-6.20208,36.51458],[-6.20292,36.51289]]},"properties":{"source":"emodnet_dtm_2024","level":2}},{"type":"Feature","geometry":{"type":"LineString","coordinates":[[-6.24708,36.51708],[-6.24375,36.51708],[-6.24708,36.51708]]},"properties":{"source":"emodnet_dtm_2024","level":2}},{"type":"Feature","geometry":{"type":"LineString","coordinates":[[-6.22375,36.52542],[-6.22292,36.52542],[-6.22375,36.52542]]},"properties":{"source":"emodnet_dtm_2024","level":2}},{"type":"Feature","geometry":{"type":"LineString","coordinates":[[-6.23958,36.52708],[-6.23708,36.52708],[-6.23958,36.52708]]},"properties":{"source":"emodnet_dtm_2024","level":2}},{"type":"Feature","geometry":{"type":"LineString","coordinates":[[-6.22708,36.5267],[-6.22292,36.52633],[-6.22199,36.52708],[-6.22292,36.52827],[-6.22708,36.52778],[-6.22778,36.52708],[-6.22708,36.5267]]},"properties":{"source":"emodnet_dtm_2024","level":2}},{"type":"Feature","geometry":{"type":"LineString","coordinates":[[-6.27542,36.54109],[-6.27458,36.54109],[-6.27458,36.5402],[-6.27561,36.54042],[-6.27542,36.54109]]},"properties":{"source":"emodnet_dtm_2024","level":2}},{"type":"Feature","geometry":{"type":"LineString","coordinates":[[-6.30375,36.54831],[-6.30156,36.54875],[-6.30208,36.54931],[-6.30375,36.54923],[-6.30419,36.54875],[-6.30375,36.54831]]},"properties":{"source":"emodnet_dtm_2024","level":2}},{"type":"Feature","geometry":{"type":"LineString","coordinates":[[-6.20708,36.55292],[-6.20625,36.55292],[-6.20625,36.55375],[-6.20708,36.55375],[-6.20708,36.55292]]},"properties":{"source":"emodnet_dtm_2024","level":2}},{"type":"Feature","geometry":{"type":"LineString","coordinates":[[-6.20708,36.56292],[-6.20625,36.56292],[-6.20708,36.56292]]},"properties":{"source":"emodnet_dtm_2024","level":2}},{"type":"Feature","geometry":{"type":"LineString","coordinates":[[-6.21125,36.56708],[-6.21042,36.56708],[-6.21125,36.56708]]},"properties":{"source":"emodnet_dtm_2024","level":2}},{"type":"Feature","geometry":{"type":"LineString","coordinates":[[-6.24875,36.57089],[-6.24792,36.57089],[-6.24753,36.57042],[-6.24792,36.57],[-6.24875,36.56997],[-6.24914,36.57042],[-6.24875,36.57089]]},"properties":{"source":"emodnet_dtm_2024","level":2}},{"type":"Feature","geometry":{"type":"LineString","coordinates":[[-6.19042,36.57375],[-6.18958,36.57375],[-6.19042,36.57375]]},"properties":{"source":"emodnet_dtm_2024","level":2}},{"type":"Feature","geometry":{"type":"LineString","coordinates":[[-6.22792,36.57605],[-6.22674,36.57625],[-6.22708,36.57755],[-6.22792,36.57755],[-6.22792,36.57605]]},"properties":{"source":"emodnet_dtm_2024","level":2}},{"type":"Feature","geometry":{"type":"LineString","coordinates":[[-6.24042,36.5803],[-6.23942,36.58042],[-6.23958,36.58142],[-6.24067,36.58125],[-6.24042,36.5803]]},"properties":{"source":"emodnet_dtm_2024","level":2}},{"type":"Feature","geometry":{"type":"LineString","coordinates":[[-6.24208,36.5815],[-6.24124,36.58208],[-6.24208,36.58268],[-6.24261,36.58208],[-6.24208,36.5815]]},"properties":{"source":"emodnet_dtm_2024","level":2}},{"type":"Feature","geometry":{"type":"LineString","coordinates":[[-6.42958,36.74792],[-6.42708,36.74792],[-6.42689,36.74875],[-6.42875,36.74887],[-6.42958,36.74792]]},"properties":{"source":"emodnet_dtm_2024","level":2}},{"type":"Feature","geometry":{"type":"LineString","coordinates":[[-7.85125,36.98896],[-7.84931,36.98958],[-7.85125,36.99003],[-7.85125,36.98896]]},"properties":{"source":"emodnet_dtm_2024","level":2}},{"type":"Feature","geometry":{"type":"LineString","coordinates":[[-7.80708,36.9987],[-7.8062,36.99875],[-7.80708,36.9987]]},"properties":{"source":"emodnet_dtm_2024","level":2}},{"type":"Feature","geometry":{"type":"LineString","coordinates":[[-7.98208,37.00114],[-7.98104,37.00125],[-7.98125,37.00168],[-7.98208,37.00172],[-7.98208,37.00114]]},"properties":{"source":"emodnet_dtm_2024","level":2}},{"type":"Feature","geometry":{"type":"LineString","coordinates":[[-7.97542,37.00441],[-7.97439,37.00458],[-7.97542,37.00441]]},"properties":{"source":"emodnet_dtm_2024","level":2}},{"type":"Feature","geometry":{"type":"LineString","coordinates":[[-7.96958,37.0045],[-7.9687,37.00458],[-7.96958,37.0045]]},"properties":{"source":"emodnet_dtm_2024","level":2}},{"type":"Feature","geometry":{"type":"LineString","coordinates":[[-7.96375,37.00442],[-7.96246,37.00458],[-7.96375,37.00442]]},"properties":{"source":"emodnet_dtm_2024","level":2}},{"type":"Feature","geometry":{"type":"LineString","coordinates":[[-7.98875,37.00539],[-7.98772,37.00542],[-7.98875,37.0058],[-7.98875,37.00539]]},"properties":{"source":"emodnet_dtm_2024","level":2}},{"type":"Feature","geometry":{"type":"LineString","coordinates":[[-7.95792,37.00691],[-7.95708,37.00665],[-7.95669,37.00708],[-7.95792,37.00691]]},"properties":{"source":"emodnet_dtm_2024","level":2}},{"type":"Feature","geometry":{"type":"LineString","coordinates":[[-7.95375,37.00674],[-7.95073,37.00708],[-7.95431,37.00708],[-7.95375,37.00674]]},"properties":{"source":"emodnet_dtm_2024","level":2}},{"type":"Feature","geometry":{"type":"LineString","coordinates":[[-7.94292,37.00724],[-7.94208,37.00769],[-7.93885,37.00792],[-7.94125,37.00925],[-7.94314,37.00792],[-7.94292,37.00724]]},"properties":{"source":"emodnet_dtm_2024","level":2}},{"type":"Feature","geometry":{"type":"LineString","coordinates":[[-7.78375,37.01707],[-7.78287,37.01708],[-7.78209,37.01792],[-7.78231,37.01875],[-7.78296,37.01875],[-7.78375,37.01707]]},"properties":{"source":"emodnet_dtm_2024","level":2}},{"type":"Feature","geometry":{"type":"LineString","coordinates":[[-7.82958,37.02383],[-7.82819,37.02458],[-7.82958,37.02483],[-7.82958,37.02383]]},"properties":{"source":"emodnet_dtm_2024","level":2}},{"type":"Feature","geometry":{"type":"LineString","coordinates":[[-7.82542,37.0259],[-7.82394,37.02625],[-7.82375,37.02708],[-7.82542,37.02725],[-7.82542,37.0259]]},"properties":{"source":"emodnet_dtm_2024","level":2}},{"type":"Feature","geometry":{"type":"LineString","coordinates":[[-8.98625,37.03475],[-8.98495,37.03542],[-8.98625,37.03576],[-8.98625,37.03475]]},"properties":{"source":"emodnet_dtm_2024","level":2}},{"type":"Feature","geometry":{"type":"LineString","coordinates":[[-7.73208,37.0502],[-7.73125,37.05019],[-7.73125,37.05095],[-7.73208,37.05116],[-7.73208,37.0502]]},"properties":{"source":"emodnet_dtm_2024","level":2}},{"type":"Feature","geometry":{"type":"LineString","coordinates":[[-7.73542,37.05371],[-7.73428,37.05375],[-7.73542,37.05371]]},"properties":{"source":"emodnet_dtm_2024","level":2}},{"type":"Feature","geometry":{"type":"LineString","coordinates":[[-7.73292,37.05448],[-7.73043,37.05458],[-7.73125,37.0551],[-7.73292,37.05448]]},"properties":{"source":"emodnet_dtm_2024","level":2}},{"type":"Feature","geometry":{"type":"LineString","coordinates":[[-8.12125,37.07541],[-8.12018,37.07542],[-8.12042,37.07732],[-8.12125,37.07541]]},"properties":{"source":"emodnet_dtm_2024","level":2}},{"type":"Feature","geometry":{"type":"LineString","coordinates":[[-8.11958,37.07769],[-8.11854,37.07792],[-8.11958,37.07809],[-8.11958,37.07769]]},"properties":{"source":"emodnet_dtm_2024","level":2}},{"type":"Feature","geometry":{"type":"LineString","coordinates":[[-8.25958,37.08036],[-8.25875,37.08033],[-8.25871,37.08125],[-8.25961,37.08125],[-8.25958,37.08036]]},"properties":{"source":"emodnet_dtm_2024","level":2}},{"type":"Feature","geometry":{"type":"LineString","coordinates":[[-8.94042,37.10621],[-8.93958,37.10625],[-8.94042,37.10621]]},"properties":{"source":"emodnet_dtm_2024","level":2}},{"type":"Feature","geometry":{"type":"LineString","coordinates":[[-7.61125,37.12542],[-7.61042,37.12542],[-7.61125,37.12542]]},"properties":{"source":"emodnet_dtm_2024","level":2}},{"type":"Feature","geometry":{"type":"LineString","coordinates":[[-8.59875,37.12941],[-8.59715,37.12958],[-8.59875,37.12976],[-8.59875,37.12941]]},"properties":{"source":"emodnet_dtm_2024","level":2}},{"type":"Feature","geometry":{"type":"LineString","coordinates":[[-6.89125,37.15692],[-6.88919,37.15708],[-6.89125,37.15748],[-6.89125,37.15692]]},"properties":{"source":"emodnet_dtm_2024","level":2}},{"type":"Feature","geometry":{"type":"LineString","coordinates":[[-7.37958,37.16859],[-7.37821,37.16875],[-7.37958,37.16859]]},"properties":{"source":"emodnet_dtm_2024","level":2}},{"type":"Feature","geometry":{"type":"LineString","coordinates":[[-6.94792,37.17427],[-6.94708,37.17404],[-6.94657,37.17458],[-6.94792,37.17473],[-6.94792,37.17427]]},"properties":{"source":"emodnet_dtm_2024","level":2}},{"type":"Feature","geometry":{"type":"LineString","coordinates":[[-6.96042,37.18601],[-6.95952,37.18625],[-6.96042,37.1872],[-6.96111,37.18625],[-6.96042,37.18601]]},"properties":{"source":"emodnet_dtm_2024","level":2}},{"type":"Feature","geometry":{"type":"LineString","coordinates":[[-6.93208,37.18675],[-6.93083,37.18708],[-6.93208,37.18794],[-6.93248,37.18708],[-6.93208,37.18675]]},"properties":{"source":"emodnet_dtm_2024","level":2}},{"type":"Feature","geometry":{"type":"LineString","coordinates":[[-6.93625,37.19958],[-6.93542,37.19958],[-6.93625,37.19958]]},"properties":{"source":"emodnet_dtm_2024","level":2}},{"type":"Feature","geometry":{"type":"LineString","coordinates":[[-6.93125,37.20139],[-6.93032,37.20208],[-6.93125,37.20312],[-6.93194,37.20208],[-6.93125,37.20139]]},"properties":{"source":"emodnet_dtm_2024","level":2}},{"type":"Feature","geometry":{"type":"LineString","coordinates":[[-7.33958,37.20542],[-7.3375,37.20625],[-7.33958,37.20708],[-7.34042,37.20625],[-7.33958,37.20542]]},"properties":{"source":"emodnet_dtm_2024","level":2}},{"type":"Feature","geometry":{"type":"LineString","coordinates":[[-6.99208,37.20792],[-6.98042,37.20792],[-6.99208,37.20792]]},"properties":{"source":"emodnet_dtm_2024","level":2}},{"type":"Feature","geometry":{"type":"LineString","coordinates":[[-6.99458,37.20875],[-6.99375,37.20875],[-6.99458,37.20875]]},"properties":{"source":"emodnet_dtm_2024","level":2}},{"type":"Feature","geometry":{"type":"LineString","coordinates":[[-6.99625,37.20958],[-6.99542,37.20958],[-6.99542,37.21042],[-6.99625,37.21125],[-6.99625,37.20958]]},"properties":{"source":"emodnet_dtm_2024","level":2}},{"type":"Feature","geometry":{"type":"LineString","coordinates":[[-6.94042,37.21101],[-6.93933,37.21125],[-6.93958,37.21193],[-6.94042,37.21188],[-6.94042,37.21101]]},"properties":{"source":"emodnet_dtm_2024","level":2}},{"type":"Feature","geometry":{"type":"LineString","coordinates":[[-8.89042,37.21439],[-8.88958,37.21458],[-8.89042,37.21492],[-8.89042,37.21439]]},"properties":{"source":"emodnet_dtm_2024","level":2}},{"type":"Feature","geometry":{"type":"LineString","coordinates":[[-6.96375,37.21401],[-6.96292,37.21414],[-6.96292,37.21469],[-6.96375,37.21472],[-6.96375,37.21401]]},"properties":{"source":"emodnet_dtm_2024","level":2}},{"type":"Feature","geometry":{"type":"LineString","coordinates":[[-7.14208,37.21625],[-7.14125,37.21625],[-7.14208,37.21625]]},"properties":{"source":"emodnet_dtm_2024","level":2}},{"type":"Feature","geometry":{"type":"LineString","coordinates":[[-7.01125,37.21708],[-7.01042,37.21708],[-7.01125,37.21708]]},"properties":{"source":"emodnet_dtm_2024","level":2}},{"type":"Feature","geometry":{"type":"LineString","coordinates":[[-7.00292,37.21792],[-7.00125,37.21792],[-7.00125,37.21875],[-7.00292,37.21875],[-7.00292,37.21792]]},"properties":{"source":"emodnet_dtm_2024","level":2}},{"type":"Feature","geometry":{"type":"LineString","coordinates":[[-7.00542,37.22375],[-7.00458,37.22375],[-7.00542,37.22375]]},"properties":{"source":"emodnet_dtm_2024","level":2}},{"type":"Feature","geometry":{"type":"LineString","coordinates":[[-8.88208,37.22699],[-8.88125,37.22708],[-8.88208,37.22699]]},"properties":{"source":"emodnet_dtm_2024","level":2}},{"type":"Feature","geometry":{"type":"LineString","coordinates":[[-6.99875,37.22792],[-6.99792,37.22792],[-6.99875,37.22792]]},"properties":{"source":"emodnet_dtm_2024","level":2}},{"type":"Feature","geometry":{"type":"LineString","coordinates":[[-6.99875,37.23292],[-6.99708,37.23292],[-6.99875,37.23292]]},"properties":{"source":"emodnet_dtm_2024","level":2}},{"type":"Feature","geometry":{"type":"LineString","coordinates":[[-6.99458,37.23458],[-6.99375,37.23458],[-6.99375,37.23542],[-6.99458,37.23542],[-6.99458,37.23458]]},"properties":{"source":"emodnet_dtm_2024","level":2}},{"type":"Feature","geometry":{"type":"LineString","coordinates":[[-6.98208,37.24875],[-6.98125,37.24875],[-6.98208,37.24875]]},"properties":{"source":"emodnet_dtm_2024","level":2}},{"type":"Feature","geometry":{"type":"LineString","coordinates":[[-6.96542,37.25099],[-6.96458,37.25042],[-6.96409,37.25208],[-6.96458,37.25248],[-6.96625,37.25208],[-6.96542,37.25099]]},"properties":{"source":"emodnet_dtm_2024","level":2}},{"type":"Feature","geometry":{"type":"LineString","coordinates":[[-6.99042,37.25708],[-6.98875,37.25708],[-6.99042,37.25708]]},"properties":{"source":"emodnet_dtm_2024","level":2}},{"type":"Feature","geometry":{"type":"LineString","coordinates":[[-6.99875,37.25792],[-6.99708,37.25792],[-6.99875,37.25792]]},"properties":{"source":"emodnet_dtm_2024","level":2}},{"type":"Feature","geometry":{"type":"LineString","coordinates":[[-6.99208,37.25792],[-6.99125,37.25792],[-6.99208,37.25792]]},"properties":{"source":"emodnet_dtm_2024","level":2}},{"type":"Feature","geometry":{"type":"LineString","coordinates":[[-6.99542,37.25875],[-6.99375,37.25875],[-6.99542,37.25875]]},"properties":{"source":"emodnet_dtm_2024","level":2}},{"type":"Feature","geometry":{"type":"LineString","coordinates":[[-6.97042,37.26218],[-6.96958,37.26224],[-6.96958,37.26304],[-6.97115,37.26292],[-6.97042,37.26218]]},"properties":{"source":"emodnet_dtm_2024","level":2}},{"type":"Feature","geometry":{"type":"LineString","coordinates":[[-6.88208,37.26458],[-6.88125,37.26458],[-6.88208,37.26458]]},"properties":{"source":"emodnet_dtm_2024","level":2}},{"type":"Feature","geometry":{"type":"LineString","coordinates":[[-6.97792,37.26792],[-6.97708,37.26792],[-6.97708,37.26875],[-6.97792,37.26875],[-6.97792,37.26792]]},"properties":{"source":"emodnet_dtm_2024","level":2}},{"type":"Feature","geometry":{"type":"LineString","coordinates":[[-6.95708,37.28875],[-6.95625,37.28875],[-6.95625,37.29125],[-6.95708,37.29125],[-6.95708,37.28875]]},"properties":{"source":"emodnet_dtm_2024","level":2}},{"type":"Feature","geometry":{"type":"LineString","coordinates":[[-6.86542,37.29125],[-6.86458,37.29125],[-6.86542,37.29125]]},"properties":{"source":"emodnet_dtm_2024","level":2}},{"type":"Feature","geometry":{"type":"LineString","coordinates":[[-6.96125,37.29208],[-6.96042,37.29208],[-6.96042,37.29542],[-6.96125,37.29542],[-6.96125,37.29208]]},"properties":{"source":"emodnet_dtm_2024","level":2}},{"type":"Feature","geometry":{"type":"LineString","coordinates":[[-6.86125,37.29208],[-6.86042,37.29208],[-6.86125,37.29208]]},"properties":{"source":"emodnet_dtm_2024","level":2}},{"type":"Feature","geometry":{"type":"LineString","coordinates":[[-6.97625,37.29542],[-6.97542,37.29542],[-6.97625,37.29625],[-6.97625,37.29875],[-6.97625,37.29542]]},"properties":{"source":"emodnet_dtm_2024","level":2}},{"type":"Feature","geometry":{"type":"LineString","coordinates":[[-6.85708,37.29625],[-6.85625,37.29625],[-6.85625,37.29792],[-6.85708,37.29792],[-6.85708,37.29625]]},"properties":{"source":"emodnet_dtm_2024","level":2}},{"type":"Feature","geometry":{"type":"LineString","coordinates":[[-6.84458,37.29958],[-6.84375,37.29958],[-6.84458,37.29958]]},"properties":{"source":"emodnet_dtm_2024","level":2}},{"type":"Feature","geometry":{"type":"LineString","coordinates":[[-6.97792,37.30375],[-6.97708,37.30375],[-6.97708,37.30458],[-6.97792,37.30458],[-6.97792,37.30375]]},"properties":{"source":"emodnet_dtm_2024","level":2}},{"type":"Feature","geometry":{"type":"LineString","coordinates":[[-6.95708,37.30708],[-6.95625,37.30708],[-6.95625,37.30792],[-6.95708,37.30792],[-6.95708,37.30708]]},"properties":{"source":"emodnet_dtm_2024","level":2}},{"type":"Feature","geometry":{"type":"LineString","coordinates":[[-8.87042,37.32285],[-8.86958,37.32292],[-8.86891,37.32375],[-8.86958,37.32414],[-8.87042,37.32285]]},"properties":{"source":"emodnet_dtm_2024","level":2}},{"type":"Feature","geometry":{"type":"LineString","coordinates":[[-8.81958,38.05974],[-8.81875,38.06023],[-8.81845,38.06125],[-8.81958,38.06168],[-8.82019,38.06125],[-8.81958,38.05974]]},"properties":{"source":"emodnet_dtm_2024","level":2}},{"type":"Feature","geometry":{"type":"LineString","coordinates":[[-8.79125,38.38208],[-8.78875,38.38208],[-8.79042,38.38208],[-8.79125,38.38292],[-8.79125,38.38208]]},"properties":{"source":"emodnet_dtm_2024","level":2}},{"type":"Feature","geometry":{"type":"LineString","coordinates":[[-8.79875,38.39042],[-8.79792,38.39042],[-8.79875,38.39042]]},"properties":{"source":"emodnet_dtm_2024","level":2}},{"type":"Feature","geometry":{"type":"LineString","coordinates":[[-8.80208,38.39311],[-8.80103,38.39375],[-8.80208,38.39648],[-8.80278,38.39375],[-8.80208,38.39311]]},"properties":{"source":"emodnet_dtm_2024","level":2}},{"type":"Feature","geometry":{"type":"LineString","coordinates":[[-8.66208,38.40857],[-8.66042,38.40875],[-8.66208,38.41056],[-8.66282,38.40958],[-8.66275,38.40875],[-8.66208,38.40857]]},"properties":{"source":"emodnet_dtm_2024","level":2}},{"type":"Feature","geometry":{"type":"LineString","coordinates":[[-8.81042,38.40979],[-8.80848,38.41042],[-8.81042,38.41235],[-8.8112,38.41042],[-8.81042,38.40979]]},"properties":{"source":"emodnet_dtm_2024","level":2}},{"type":"Feature","geometry":{"type":"LineString","coordinates":[[-8.81458,38.4138],[-8.81266,38.41458],[-8.81458,38.41637],[-8.81542,38.41458],[-8.81458,38.4138]]},"properties":{"source":"emodnet_dtm_2024","level":2}},{"type":"Feature","geometry":{"type":"LineString","coordinates":[[-8.71125,38.41689],[-8.71042,38.41637],[-8.70885,38.41708],[-8.71161,38.41708],[-8.71125,38.41689]]},"properties":{"source":"emodnet_dtm_2024","level":2}},{"type":"Feature","geometry":{"type":"LineString","coordinates":[[-8.75042,38.42111],[-8.74958,38.42091],[-8.74958,38.42188],[-8.75042,38.42111]]},"properties":{"source":"emodnet_dtm_2024","level":2}},{"type":"Feature","geometry":{"type":"LineString","coordinates":[[-8.75375,38.43456],[-8.75125,38.43423],[-8.75096,38.43542],[-8.75375,38.43559],[-8.75375,38.43456]]},"properties":{"source":"emodnet_dtm_2024","level":2}},{"type":"Feature","geometry":{"type":"LineString","coordinates":[[-9.11292,38.43579],[-9.11161,38.43625],[-9.11292,38.43659],[-9.11292,38.43579]]},"properties":{"source":"emodnet_dtm_2024","level":2}},{"type":"Feature","geometry":{"type":"LineString","coordinates":[[-8.75792,38.44614],[-8.75697,38.44625],[-8.75708,38.44661],[-8.75792,38.44614]]},"properties":{"source":"emodnet_dtm_2024","level":2}},{"type":"Feature","geometry":{"type":"LineString","coordinates":[[-8.73458,38.45784],[-8.73366,38.45792],[-8.73458,38.45784]]},"properties":{"source":"emodnet_dtm_2024","level":2}},{"type":"Feature","geometry":{"type":"LineString","coordinates":[[-8.73625,38.46197],[-8.73542,38.46148],[-8.73414,38.46375],[-8.73458,38.4641],[-8.73625,38.46197]]},"properties":{"source":"emodnet_dtm_2024","level":2}},{"type":"Feature","geometry":{"type":"LineString","coordinates":[[-8.88625,38.48175],[-8.88458,38.48162],[-8.88407,38.48208],[-8.88542,38.48256],[-8.88692,38.48208],[-8.88625,38.48175]]},"properties":{"source":"emodnet_dtm_2024","level":2}},{"type":"Feature","geometry":{"type":"LineString","coordinates":[[-8.81542,38.48792],[-8.81375,38.48792],[-8.81542,38.48792]]},"properties":{"source":"emodnet_dtm_2024","level":2}},{"type":"Feature","geometry":{"type":"LineString","coordinates":[[-8.76792,38.4919],[-8.76708,38.49161],[-8.76708,38.49255],[-8.76792,38.4919]]},"properties":{"source":"emodnet_dtm_2024","level":2}},{"type":"Feature","geometry":{"type":"LineString","coordinates":[[-8.76958,38.49958],[-8.76875,38.49958],[-8.76875,38.50042],[-8.76958,38.50042],[-8.76958,38.49958]]},"properties":{"source":"emodnet_dtm_2024","level":2}},{"type":"Feature","geometry":{"type":"LineString","coordinates":[[-8.80875,38.50792],[-8.80792,38.50792],[-8.80875,38.50792]]},"properties":{"source":"emodnet_dtm_2024","level":2}},{"type":"Feature","geometry":{"type":"LineString","coordinates":[[-8.81625,38.50875],[-8.80958,38.50875],[-8.81625,38.50875]]},"properties":{"source":"emodnet_dtm_2024","level":2}},{"type":"Feature","geometry":{"type":"LineString","coordinates":[[-8.79542,38.51542],[-8.79292,38.51542],[-8.79542,38.51542]]},"properties":{"source":"emodnet_dtm_2024","level":2}},{"type":"Feature","geometry":{"type":"LineString","coordinates":[[-8.78542,38.53767],[-8.78449,38.53792],[-8.78622,38.53792],[-8.78542,38.53767]]},"properties":{"source":"emodnet_dtm_2024","level":2}},{"type":"Feature","geometry":{"type":"LineString","coordinates":[[-8.78042,38.53875],[-8.77958,38.53875],[-8.77958,38.53958],[-8.78042,38.54042],[-8.78042,38.53875]]},"properties":{"source":"emodnet_dtm_2024","level":2}},{"type":"Feature","geometry":{"type":"LineString","coordinates":[[-9.06625,38.63352],[-9.06542,38.63329],[-9.06417,38.63375],[-9.06458,38.63625],[-9.06639,38.63625],[-9.06676,38.63375],[-9.06625,38.63352]]},"properties":{"source":"emodnet_dtm_2024","level":2}},{"type":"Feature","geometry":{"type":"LineString","coordinates":[[-9.11125,38.64375],[-9.11042,38.64375],[-9.11125,38.64375]]},"properties":{"source":"emodnet_dtm_2024","level":2}},{"type":"Feature","geometry":{"type":"LineString","coordinates":[[-9.10875,38.64458],[-9.10792,38.64458],[-9.10875,38.64458]]},"properties":{"source":"emodnet_dtm_2024","level":2}},{"type":"Feature","geometry":{"type":"LineString","coordinates":[[-9.10458,38.64625],[-9.10208,38.64625],[-9.10458,38.64625]]},"properties":{"source":"emodnet_dtm_2024","level":2}},{"type":"Feature","geometry":{"type":"LineString","coordinates":[[-9.09958,38.64625],[-9.09792,38.64625],[-9.09875,38.64625],[-9.09958,38.64708],[-9.09958,38.64792],[-9.09958,38.64625]]},"properties":{"source":"emodnet_dtm_2024","level":2}},{"type":"Feature","geometry":{"type":"LineString","coordinates":[[-9.07875,38.64691],[-9.07708,38.64651],[-9.07645,38.64708],[-9.07708,38.64911],[-9.0792,38.64792],[-9.07875,38.64691]]},"properties":{"source":"emodnet_dtm_2024","level":2}},{"type":"Feature","geometry":{"type":"LineString","coordinates":[[-9.11708,38.65924],[-9.11593,38.65958],[-9.11625,38.66088],[-9.11785,38.65958],[-9.11708,38.65924]]},"properties":{"source":"emodnet_dtm_2024","level":2}},{"type":"Feature","geometry":{"type":"LineString","coordinates":[[-9.06125,38.68016],[-9.05625,38.67986],[-9.05542,38.68026],[-9.05519,38.68208],[-9.05792,38.68401],[-9.06176,38.68208],[-9.06125,38.68016]]},"properties":{"source":"emodnet_dtm_2024","level":2}},{"type":"Feature","geometry":{"type":"LineString","coordinates":[[-9.07125,38.76582],[-9.07042,38.76639],[-9.07125,38.76666],[-9.07125,38.76582]]},"properties":{"source":"emodnet_dtm_2024","level":2}},{"type":"Feature","geometry":{"type":"LineString","coordinates":[[-8.93375,38.78792],[-8.93292,38.78792],[-8.93375,38.78792]]},"properties":{"source":"emodnet_dtm_2024","level":2}},{"type":"Feature","geometry":{"type":"LineString","coordinates":[[-9.07792,38.81525],[-9.07708,38.81502],[-9.07668,38.81542],[-9.07708,38.81667],[-9.07792,38.81525]]},"properties":{"source":"emodnet_dtm_2024","level":2}},{"type":"Feature","geometry":{"type":"LineString","coordinates":[[-9.04292,38.8685],[-9.03958,38.86792],[-9.03875,38.86875],[-9.03958,38.86958],[-9.04375,38.86875],[-9.04292,38.8685]]},"properties":{"source":"emodnet_dtm_2024","level":2}},{"type":"Feature","geometry":{"type":"LineString","coordinates":[[-8.99708,38.87792],[-8.99625,38.87708],[-8.99542,38.87708],[-8.99625,38.8797],[-8.99708,38.87958],[-8.99708,38.87792]]},"properties":{"source":"emodnet_dtm_2024","level":2}},{"type":"Feature","geometry":{"type":"LineString","coordinates":[[-8.91958,38.87792],[-8.91875,38.87792],[-8.91958,38.87792]]},"properties":{"source":"emodnet_dtm_2024","level":2}},{"type":"Feature","geometry":{"type":"LineString","coordinates":[[-9.00542,38.88332],[-9.00378,38.88375],[-9.00542,38.88386],[-9.00542,38.88332]]},"properties":{"source":"emodnet_dtm_2024","level":2}},{"type":"Feature","geometry":{"type":"LineString","coordinates":[[-8.96708,38.95958],[-8.96625,38.95958],[-8.96625,38.96042],[-8.96708,38.96042],[-8.96708,38.95958]]},"properties":{"source":"emodnet_dtm_2024","level":2}},{"type":"Feature","geometry":{"type":"LineString","coordinates":[[-9.41958,39.03107],[-9.4186,39.03125],[-9.41958,39.03162],[-9.41958,39.03107]]},"properties":{"source":"emodnet_dtm_2024","level":2}},{"type":"Feature","geometry":{"type":"LineString","coordinates":[[-9.35292,39.18931],[-9.35208,39.18972],[-9.35356,39.18958],[-9.35292,39.18931]]},"properties":{"source":"emodnet_dtm_2024","level":2}},{"type":"Feature","geometry":{"type":"LineString","coordinates":[[-9.36708,39.35402],[-9.36582,39.35458],[-9.36625,39.35503],[-9.36766,39.35458],[-9.36708,39.35402]]},"properties":{"source":"emodnet_dtm_2024","level":2}},{"type":"Feature","geometry":{"type":"LineString","coordinates":[[-9.34542,39.36417],[-9.34375,39.36458],[-9.34542,39.36501],[-9.34542,39.36417]]},"properties":{"source":"emodnet_dtm_2024","level":2}},{"type":"Feature","geometry":{"type":"LineString","coordinates":[[-9.07375,39.58443],[-9.07292,39.58444],[-9.07292,39.58562],[-9.07392,39.58542],[-9.07375,39.58443]]},"properties":{"source":"emodnet_dtm_2024","level":2}},{"type":"Feature","geometry":{"type":"LineString","coordinates":[[-8.85292,40.30969],[-8.85139,40.31042],[-8.85151,40.31125],[-8.85335,40.31125],[-8.85292,40.30969]]},"properties":{"source":"emodnet_dtm_2024","level":2}},{"type":"Feature","geometry":{"type":"LineString","coordinates":[[-8.64708,40.67292],[-8.64375,40.67292],[-8.64708,40.67292]]},"properties":{"source":"emodnet_dtm_2024","level":2}},{"type":"Feature","geometry":{"type":"LineString","coordinates":[[-8.67625,40.69375],[-8.67292,40.69375],[-8.67292,40.70208],[-8.67292,40.69458],[-8.67375,40.69375],[-8.67625,40.69375]]},"properties":{"source":"emodnet_dtm_2024","level":2}},{"type":"Feature","geometry":{"type":"LineString","coordinates":[[-8.67875,40.78125],[-8.67792,40.78125],[-8.67875,40.78125]]},"properties":{"source":"emodnet_dtm_2024","level":2}},{"type":"Feature","geometry":{"type":"LineString","coordinates":[[-8.66625,40.79375],[-8.66542,40.79375],[-8.66625,40.79375]]},"properties":{"source":"emodnet_dtm_2024","level":2}},{"type":"Feature","geometry":{"type":"LineString","coordinates":[[-8.65125,41.1476],[-8.63495,41.14792],[-8.65208,41.14792],[-8.65125,41.1476]]},"properties":{"source":"emodnet_dtm_2024","level":2}},{"type":"Feature","geometry":{"type":"LineString","coordinates":[[-8.78625,41.41056],[-8.78518,41.41042],[-8.78542,41.40921],[-8.78625,41.41056]]},"properties":{"source":"emodnet_dtm_2024","level":2}},{"type":"Feature","geometry":{"type":"LineString","coordinates":[[-8.78625,41.41752],[-8.7849,41.41875],[-8.78662,41.41875],[-8.78625,41.41752]]},"properties":{"source":"emodnet_dtm_2024","level":2}},{"type":"Feature","geometry":{"type":"LineString","coordinates":[[-8.86458,41.86792],[-8.86354,41.86875],[-8.8649,41.86875],[-8.86458,41.86792]]},"properties":{"source":"emodnet_dtm_2024","level":2}},{"type":"Feature","geometry":{"type":"LineString","coordinates":[[-8.81125,42.11375],[-8.81042,42.11375],[-8.81042,42.11458],[-8.81125,42.11458],[-8.81125,42.11375]]},"properties":{"source":"emodnet_dtm_2024","level":2}},{"type":"Feature","geometry":{"type":"LineString","coordinates":[[-6.12236,36.29375],[-6.12292,36.2942],[-6.12792,36.29415],[-6.12958,36.29508],[-6.13208,36.29508],[-6.13358,36.29375]]},"properties":{"source":"emodnet_dtm_2024","level":2}},{"type":"Feature","geometry":{"type":"LineString","coordinates":[[-6.21206,36.40125],[-6.21208,36.40219],[-6.21208,36.40089],[-6.21206,36.40125]]},"properties":{"source":"emodnet_dtm_2024","level":2}},{"type":"Feature","geometry":{"type":"LineString","coordinates":[[-6.22106,36.40958],[-6.22125,36.41075],[-6.22106,36.40958]]},"properties":{"source":"emodnet_dtm_2024","level":2}},{"type":"Feature","geometry":{"type":"LineString","coordinates":[[-6.24967,36.45292],[-6.25042,36.45401],[-6.25063,36.45292],[-6.24967,36.45292]]},"properties":{"source":"emodnet_dtm_2024","level":2}},{"type":"Feature","geometry":{"type":"LineString","coordinates":[[-6.23458,36.50958],[-6.23458,36.51042],[-6.23458,36.50958]]},"properties":{"source":"emodnet_dtm_2024","level":2}},{"type":"Feature","geometry":{"type":"LineString","coordinates":[[-6.22042,36.52625],[-6.22042,36.52708],[-6.22042,36.52625]]},"properties":{"source":"emodnet_dtm_2024","level":2}},{"type":"Feature","geometry":{"type":"LineString","coordinates":[[-6.21625,36.52958],[-6.21625,36.53125],[-6.21625,36.52958]]},"properties":{"source":"emodnet_dtm_2024","level":2}},{"type":"Feature","geometry":{"type":"LineString","coordinates":[[-6.20792,36.54958],[-6.20792,36.55208],[-6.20792,36.54958]]},"properties":{"source":"emodnet_dtm_2024","level":2}},{"type":"Feature","geometry":{"type":"LineString","coordinates":[[-6.20542,36.55542],[-6.20542,36.56208],[-6.20542,36.55542]]},"properties":{"source":"emodnet_dtm_2024","level":2}},{"type":"Feature","geometry":{"type":"LineString","coordinates":[[-6.20792,36.56375],[-6.20792,36.56458],[-6.20792,36.56375]]},"properties":{"source":"emodnet_dtm_2024","level":2}},{"type":"Feature","geometry":{"type":"LineString","coordinates":[[-6.21292,36.56792],[-6.21292,36.56875],[-6.21292,36.56792]]},"properties":{"source":"emodnet_dtm_2024","level":2}},{"type":"Feature","geometry":{"type":"LineString","coordinates":[[-6.19125,36.57208],[-6.19125,36.57292],[-6.19125,36.57208]]},"properties":{"source":"emodnet_dtm_2024","level":2}},{"type":"Feature","geometry":{"type":"LineString","coordinates":[[-6.23792,36.58042],[-6.23792,36.58125],[-6.23792,36.58042]]},"properties":{"source":"emodnet_dtm_2024","level":2}},{"type":"Feature","geometry":{"type":"LineString","coordinates":[[-7.82113,37.00125],[-7.82125,37.00229],[-7.82189,37.00208],[-7.82168,37.00125],[-7.82113,37.00125]]},"properties":{"source":"emodnet_dtm_2024","level":2}},{"type":"Feature","geometry":{"type":"LineString","coordinates":[[-7.99506,37.00958],[-7.99542,37.01064],[-7.99547,37.00958],[-7.99506,37.00958]]},"properties":{"source":"emodnet_dtm_2024","level":2}},{"type":"Feature","geometry":{"type":"LineString","coordinates":[[-7.86208,37.01792],[-7.86208,37.01931],[-7.86208,37.01792]]},"properties":{"source":"emodnet_dtm_2024","level":2}},{"type":"Feature","geometry":{"type":"LineString","coordinates":[[-7.98889,37.01875],[-7.98958,37.02014],[-7.99028,37.01875],[-7.98958,37.01806],[-7.98889,37.01875]]},"properties":{"source":"emodnet_dtm_2024","level":2}},{"type":"Feature","geometry":{"type":"LineString","coordinates":[[-7.74589,37.04542],[-7.74625,37.04708],[-7.74671,37.04542],[-7.74625,37.04506],[-7.74589,37.04542]]},"properties":{"source":"emodnet_dtm_2024","level":2}},{"type":"Feature","geometry":{"type":"LineString","coordinates":[[-8.61667,37.12708],[-8.61708,37.12804],[-8.61708,37.12649],[-8.61667,37.12708]]},"properties":{"source":"emodnet_dtm_2024","level":2}},{"type":"Feature","geometry":{"type":"LineString","coordinates":[[-6.83561,37.13042],[-6.83625,37.13125],[-6.83647,37.13042],[-6.83561,37.13042]]},"properties":{"source":"emodnet_dtm_2024","level":2}},{"type":"Feature","geometry":{"type":"LineString","coordinates":[[-6.88802,37.15542],[-6.88875,37.15669],[-6.88896,37.15542],[-6.88802,37.15542]]},"properties":{"source":"emodnet_dtm_2024","level":2}},{"type":"Feature","geometry":{"type":"LineString","coordinates":[[-6.92875,37.20125],[-6.92875,37.20208],[-6.92875,37.20125]]},"properties":{"source":"emodnet_dtm_2024","level":2}},{"type":"Feature","geometry":{"type":"LineString","coordinates":[[-7.01208,37.21542],[-7.01208,37.21625],[-7.01208,37.21542]]},"properties":{"source":"emodnet_dtm_2024","level":2}},{"type":"Feature","geometry":{"type":"LineString","coordinates":[[-6.94671,37.21625],[-6.94708,37.21914],[-6.94724,37.21625],[-6.94671,37.21625]]},"properties":{"source":"emodnet_dtm_2024","level":2}},{"type":"Feature","geometry":{"type":"LineString","coordinates":[[-7.00958,37.21792],[-7.00958,37.21875],[-7.00958,37.21792]]},"properties":{"source":"emodnet_dtm_2024","level":2}},{"type":"Feature","geometry":{"type":"LineString","coordinates":[[-6.99958,37.22208],[-6.99958,37.22292],[-6.99958,37.22208]]},"properties":{"source":"emodnet_dtm_2024","level":2}},{"type":"Feature","geometry":{"type":"LineString","coordinates":[[-7.00125,37.23042],[-7.00125,37.23125],[-7.00125,37.23042]]},"properties":{"source":"emodnet_dtm_2024","level":2}},{"type":"Feature","geometry":{"type":"LineString","coordinates":[[-6.97458,37.23292],[-6.97458,37.23375],[-6.97458,37.23292]]},"properties":{"source":"emodnet_dtm_2024","level":2}},{"type":"Feature","geometry":{"type":"LineString","coordinates":[[-6.91769,37.23458],[-6.91792,37.23585],[-6.91792,37.23432],[-6.91769,37.23458]]},"properties":{"source":"emodnet_dtm_2024","level":2}},{"type":"Feature","geometry":{"type":"LineString","coordinates":[[-6.96204,37.24208],[-6.96208,37.24386],[-6.9625,37.24375],[-6.96208,37.24125],[-6.96204,37.24208]]},"properties":{"source":"emodnet_dtm_2024","level":2}},{"type":"Feature","geometry":{"type":"LineString","coordinates":[[-6.92542,37.24208],[-6.92542,37.24458],[-6.92542,37.24208]]},"properties":{"source":"emodnet_dtm_2024","level":2}},{"type":"Feature","geometry":{"type":"LineString","coordinates":[[-6.92625,37.24542],[-6.92625,37.24792],[-6.92625,37.24542]]},"properties":{"source":"emodnet_dtm_2024","level":2}},{"type":"Feature","geometry":{"type":"LineString","coordinates":[[-6.98375,37.25125],[-6.98375,37.25208],[-6.98375,37.25125]]},"properties":{"source":"emodnet_dtm_2024","level":2}},{"type":"Feature","geometry":{"type":"LineString","coordinates":[[-6.98708,37.25542],[-6.98708,37.25625],[-6.98708,37.25542]]},"properties":{"source":"emodnet_dtm_2024","level":2}},{"type":"Feature","geometry":{"type":"LineString","coordinates":[[-6.95542,37.29208],[-6.95542,37.29375],[-6.95542,37.29208]]},"properties":{"source":"emodnet_dtm_2024","level":2}},{"type":"Feature","geometry":{"type":"LineString","coordinates":[[-6.85542,37.29875],[-6.85542,37.30042],[-6.85542,37.29875]]},"properties":{"source":"emodnet_dtm_2024","level":2}},{"type":"Feature","geometry":{"type":"LineString","coordinates":[[-6.85458,37.30125],[-6.85458,37.30208],[-6.85458,37.30125]]},"properties":{"source":"emodnet_dtm_2024","level":2}},{"type":"Feature","geometry":{"type":"LineString","coordinates":[[-8.81125,37.41042],[-8.81058,37.41125],[-8.81125,37.41153],[-8.81164,37.41125],[-8.81125,37.41042]]},"properties":{"source":"emodnet_dtm_2024","level":2}},{"type":"Feature","geometry":{"type":"LineString","coordinates":[[-8.79125,38.38458],[-8.79125,38.38542],[-8.79125,38.38458]]},"properties":{"source":"emodnet_dtm_2024","level":2}},{"type":"Feature","geometry":{"type":"LineString","coordinates":[[-8.77458,38.40958],[-8.77458,38.41042],[-8.77458,38.40958]]},"properties":{"source":"emodnet_dtm_2024","level":2}},{"type":"Feature","geometry":{"type":"LineString","coordinates":[[-8.69577,38.41708],[-8.69625,38.418],[-8.69633,38.41708],[-8.69577,38.41708]]},"properties":{"source":"emodnet_dtm_2024","level":2}},{"type":"Feature","geometry":{"type":"LineString","coordinates":[[-8.76185,38.41792],[-8.76208,38.41889],[-8.76185,38.41792]]},"properties":{"source":"emodnet_dtm_2024","level":2}},{"type":"Feature","geometry":{"type":"LineString","coordinates":[[-8.79875,38.53042],[-8.79875,38.53125],[-8.79875,38.53042]]},"properties":{"source":"emodnet_dtm_2024","level":2}},{"type":"Feature","geometry":{"type":"LineString","coordinates":[[-9.18569,38.54292],[-9.18642,38.54375],[-9.18696,38.54292],[-9.18569,38.54292]]},"properties":{"source":"emodnet_dtm_2024","level":2}},{"type":"Feature","geometry":{"type":"LineString","coordinates":[[-8.73458,38.56792],[-8.73458,38.56875],[-8.73458,38.56792]]},"properties":{"source":"emodnet_dtm_2024","level":2}},{"type":"Feature","geometry":{"type":"LineString","coordinates":[[-9.10542,38.64458],[-9.10542,38.64542],[-9.10542,38.64458]]},"properties":{"source":"emodnet_dtm_2024","level":2}},{"type":"Feature","geometry":{"type":"LineString","coordinates":[[-9.13953,38.66542],[-9.13958,38.66633],[-9.13958,38.66458],[-9.13953,38.66542]]},"properties":{"source":"emodnet_dtm_2024","level":2}},{"type":"Feature","geometry":{"type":"LineString","coordinates":[[-9.14458,38.66792],[-9.14458,38.66875],[-9.14458,38.66792]]},"properties":{"source":"emodnet_dtm_2024","level":2}},{"type":"Feature","geometry":{"type":"LineString","coordinates":[[-9.14123,38.66958],[-9.14125,38.67061],[-9.14123,38.66958]]},"properties":{"source":"emodnet_dtm_2024","level":2}},{"type":"Feature","geometry":{"type":"LineString","coordinates":[[-9.04375,38.67375],[-9.04375,38.67708],[-9.04375,38.67375]]},"properties":{"source":"emodnet_dtm_2024","level":2}},{"type":"Feature","geometry":{"type":"LineString","coordinates":[[-8.95125,38.68875],[-8.95125,38.68958],[-8.95125,38.68875]]},"properties":{"source":"emodnet_dtm_2024","level":2}},{"type":"Feature","geometry":{"type":"LineString","coordinates":[[-9.08949,38.79208],[-9.08958,38.79792],[-9.08958,38.79167],[-9.08949,38.79208]]},"properties":{"source":"emodnet_dtm_2024","level":2}},{"type":"Feature","geometry":{"type":"LineString","coordinates":[[-8.93792,38.80542],[-8.93792,38.80625],[-8.93792,38.80542]]},"properties":{"source":"emodnet_dtm_2024","level":2}},{"type":"Feature","geometry":{"type":"LineString","coordinates":[[-8.98125,38.87125],[-8.98125,38.87292],[-8.98125,38.87125]]},"properties":{"source":"emodnet_dtm_2024","level":2}},{"type":"Feature","geometry":{"type":"LineString","coordinates":[[-8.92625,38.87208],[-8.92625,38.87292],[-8.92625,38.87208]]},"properties":{"source":"emodnet_dtm_2024","level":2}},{"type":"Feature","geometry":{"type":"LineString","coordinates":[[-9.01299,38.89042],[-9.01375,38.89186],[-9.01437,38.89125],[-9.01417,38.89042],[-9.01375,38.88988],[-9.01299,38.89042]]},"properties":{"source":"emodnet_dtm_2024","level":2}},{"type":"Feature","geometry":{"type":"LineString","coordinates":[[-9.00594,38.92125],[-9.00625,38.92292],[-9.00661,38.92125],[-9.00594,38.92125]]},"properties":{"source":"emodnet_dtm_2024","level":2}},{"type":"Feature","geometry":{"type":"LineString","coordinates":[[-9.0929,39.56792],[-9.0916,39.56958],[-9.09208,39.56981],[-9.0933,39.56875],[-9.0929,39.56792]]},"properties":{"source":"emodnet_dtm_2024","level":2}},{"type":"Feature","geometry":{"type":"LineString","coordinates":[[-9.06207,39.67542],[-9.06208,39.67664],[-9.0626,39.67542],[-9.06207,39.67542]]},"properties":{"source":"emodnet_dtm_2024","level":2}},{"type":"Feature","geometry":{"type":"LineString","coordinates":[[-8.85529,40.30208],[-8.85542,40.30292],[-8.85529,40.30208]]},"properties":{"source":"emodnet_dtm_2024","level":2}},{"type":"Feature","geometry":{"type":"LineString","coordinates":[[-8.79206,40.49792],[-8.79208,40.49881],[-8.7927,40.49792],[-8.79206,40.49792]]},"properties":{"source":"emodnet_dtm_2024","level":2}},{"type":"Feature","geometry":{"type":"LineString","coordinates":[[-8.66458,40.65625],[-8.66458,40.65958],[-8.66458,40.65625]]},"properties":{"source":"emodnet_dtm_2024","level":2}},{"type":"Feature","geometry":{"type":"LineString","coordinates":[[-8.64375,40.83792],[-8.64375,40.84375],[-8.64375,40.83792]]},"properties":{"source":"emodnet_dtm_2024","level":2}},{"type":"Feature","geometry":{"type":"LineString","coordinates":[[-8.81792,42.11375],[-8.81792,42.11458],[-8.81792,42.11375]]},"properties":{"source":"emodnet_dtm_2024","level":2}},{"type":"Feature","geometry":{"type":"LineString","coordinates":[[-8.90448,42.22208],[-8.90458,42.22305],[-8.90448,42.22208]]},"properties":{"source":"emodnet_dtm_2024","level":2}},{"type":"Feature","geometry":{"type":"LineString","coordinates":[[-6.13958,36.29458],[-6.13958,36.29458]]},"properties":{"source":"emodnet_dtm_2024","level":2}},{"type":"Feature","geometry":{"type":"LineString","coordinates":[[-6.15042,36.30526],[-6.15042,36.30573],[-6.15042,36.30526]]},"properties":{"source":"emodnet_dtm_2024","level":2}},{"type":"Feature","geometry":{"type":"LineString","coordinates":[[-6.15542,36.31458],[-6.15542,36.31458]]},"properties":{"source":"emodnet_dtm_2024","level":2}},{"type":"Feature","geometry":{"type":"LineString","coordinates":[[-6.15625,36.31625],[-6.15625,36.31625]]},"properties":{"source":"emodnet_dtm_2024","level":2}},{"type":"Feature","geometry":{"type":"LineString","coordinates":[[-6.15958,36.32375],[-6.15958,36.32375]]},"properties":{"source":"emodnet_dtm_2024","level":2}},{"type":"Feature","geometry":{"type":"LineString","coordinates":[[-6.16375,36.33125],[-6.16375,36.33125]]},"properties":{"source":"emodnet_dtm_2024","level":2}},{"type":"Feature","geometry":{"type":"LineString","coordinates":[[-6.17208,36.35208],[-6.17208,36.35208]]},"properties":{"source":"emodnet_dtm_2024","level":2}},{"type":"Feature","geometry":{"type":"LineString","coordinates":[[-6.19292,36.37375],[-6.19292,36.37375]]},"properties":{"source":"emodnet_dtm_2024","level":2}},{"type":"Feature","geometry":{"type":"LineString","coordinates":[[-6.19708,36.37458],[-6.19708,36.37458]]},"properties":{"source":"emodnet_dtm_2024","level":2}},{"type":"Feature","geometry":{"type":"LineString","coordinates":[[-6.20042,36.37708],[-6.20042,36.37708]]},"properties":{"source":"emodnet_dtm_2024","level":2}},{"type":"Feature","geometry":{"type":"LineString","coordinates":[[-6.20542,36.38125],[-6.20542,36.38125]]},"properties":{"source":"emodnet_dtm_2024","level":2}},{"type":"Feature","geometry":{"type":"LineString","coordinates":[[-6.20958,36.38542],[-6.20958,36.38542]]},"properties":{"source":"emodnet_dtm_2024","level":2}},{"type":"Feature","geometry":{"type":"LineString","coordinates":[[-6.21458,36.38958],[-6.21458,36.38958]]},"properties":{"source":"emodnet_dtm_2024","level":2}},{"type":"Feature","geometry":{"type":"LineString","coordinates":[[-6.20958,36.38958],[-6.20958,36.38958]]},"properties":{"source":"emodnet_dtm_2024","level":2}},{"type":"Feature","geometry":{"type":"LineString","coordinates":[[-6.20875,36.39625],[-6.20875,36.39625]]},"properties":{"source":"emodnet_dtm_2024","level":2}},{"type":"Feature","geometry":{"type":"LineString","coordinates":[[-6.20542,36.40125],[-6.20542,36.40125]]},"properties":{"source":"emodnet_dtm_2024","level":2}},{"type":"Feature","geometry":{"type":"LineString","coordinates":[[-6.19708,36.40458],[-6.19708,36.40458]]},"properties":{"source":"emodnet_dtm_2024","level":2}},{"type":"Feature","geometry":{"type":"LineString","coordinates":[[-6.20625,36.40625],[-6.20625,36.40625]]},"properties":{"source":"emodnet_dtm_2024","level":2}},{"type":"Feature","geometry":{"type":"LineString","coordinates":[[-6.21042,36.41042],[-6.21042,36.41042]]},"properties":{"source":"emodnet_dtm_2024","level":2}},{"type":"Feature","geometry":{"type":"LineString","coordinates":[[-6.21292,36.41542],[-6.21292,36.41542]]},"properties":{"source":"emodnet_dtm_2024","level":2}},{"type":"Feature","geometry":{"type":"LineString","coordinates":[[-6.21042,36.42625],[-6.21042,36.42625]]},"properties":{"source":"emodnet_dtm_2024","level":2}},{"type":"Feature","geometry":{"type":"LineString","coordinates":[[-6.23125,36.42708],[-6.23125,36.42708]]},"properties":{"source":"emodnet_dtm_2024","level":2}},{"type":"Feature","geometry":{"type":"LineString","coordinates":[[-6.21208,36.42875],[-6.21208,36.42875]]},"properties":{"source":"emodnet_dtm_2024","level":2}},{"type":"Feature","geometry":{"type":"LineString","coordinates":[[-6.20875,36.42958],[-6.20875,36.42958]]},"properties":{"source":"emodnet_dtm_2024","level":2}},{"type":"Feature","geometry":{"type":"LineString","coordinates":[[-6.20625,36.43375],[-6.20625,36.43375]]},"properties":{"source":"emodnet_dtm_2024","level":2}},{"type":"Feature","geometry":{"type":"LineString","coordinates":[[-6.20542,36.43458],[-6.20542,36.43458]]},"properties":{"source":"emodnet_dtm_2024","level":2}},{"type":"Feature","geometry":{"type":"LineString","coordinates":[[-6.20708,36.43542],[-6.20708,36.43542]]},"properties":{"source":"emodnet_dtm_2024","level":2}},{"type":"Feature","geometry":{"type":"LineString","coordinates":[[-6.18292,36.43625],[-6.18292,36.43625]]},"properties":{"source":"emodnet_dtm_2024","level":2}},{"type":"Feature","geometry":{"type":"LineString","coordinates":[[-6.20542,36.43708],[-6.20542,36.43708]]},"properties":{"source":"emodnet_dtm_2024","level":2}},{"type":"Feature","geometry":{"type":"LineString","coordinates":[[-6.19208,36.43708],[-6.19208,36.43708]]},"properties":{"source":"emodnet_dtm_2024","level":2}},{"type":"Feature","geometry":{"type":"LineString","coordinates":[[-6.19458,36.43792],[-6.19458,36.43792]]},"properties":{"source":"emodnet_dtm_2024","level":2}},{"type":"Feature","geometry":{"type":"LineString","coordinates":[[-6.19625,36.44042],[-6.19625,36.44042]]},"properties":{"source":"emodnet_dtm_2024","level":2}},{"type":"Feature","geometry":{"type":"LineString","coordinates":[[-6.19792,36.44125],[-6.19792,36.44125]]},"properties":{"source":"emodnet_dtm_2024","level":2}},{"type":"Feature","geometry":{"type":"LineString","coordinates":[[-6.18292,36.44208],[-6.18292,36.44208]]},"properties":{"source":"emodnet_dtm_2024","level":2}},{"type":"Feature","geometry":{"type":"LineString","coordinates":[[-6.18125,36.44292],[-6.18125,36.44292]]},"properties":{"source":"emodnet_dtm_2024","level":2}},{"type":"Feature","geometry":{"type":"LineString","coordinates":[[-6.24292,36.44375],[-6.24292,36.44375]]},"properties":{"source":"emodnet_dtm_2024","level":2}},{"type":"Feature","geometry":{"type":"LineString","coordinates":[[-6.17875,36.44458],[-6.17875,36.44458]]},"properties":{"source":"emodnet_dtm_2024","level":2}},{"type":"Feature","geometry":{"type":"LineString","coordinates":[[-6.17458,36.44542],[-6.17458,36.44542]]},"properties":{"source":"emodnet_dtm_2024","level":2}},{"type":"Feature","geometry":{"type":"LineString","coordinates":[[-6.25542,36.46125],[-6.25542,36.46125]]},"properties":{"source":"emodnet_dtm_2024","level":2}},{"type":"Feature","geometry":{"type":"LineString","coordinates":[[-6.23292,36.46375],[-6.23292,36.46375]]},"properties":{"source":"emodnet_dtm_2024","level":2}},{"type":"Feature","geometry":{"type":"LineString","coordinates":[[-6.25625,36.46458],[-6.25625,36.46458]]},"properties":{"source":"emodnet_dtm_2024","level":2}},{"type":"Feature","geometry":{"type":"LineString","coordinates":[[-6.22708,36.46708],[-6.22708,36.46708]]},"properties":{"source":"emodnet_dtm_2024","level":2}},{"type":"Feature","geometry":{"type":"LineString","coordinates":[[-6.22458,36.46708],[-6.22458,36.46708]]},"properties":{"source":"emodnet_dtm_2024","level":2}},{"type":"Feature","geometry":{"type":"LineString","coordinates":[[-6.22292,36.46708],[-6.22292,36.46708]]},"properties":{"source":"emodnet_dtm_2024","level":2}},{"type":"Feature","geometry":{"type":"LineString","coordinates":[[-6.21708,36.46792],[-6.21708,36.46792]]},"properties":{"source":"emodnet_dtm_2024","level":2}},{"type":"Feature","geometry":{"type":"LineString","coordinates":[[-6.25958,36.46958],[-6.25958,36.46958]]},"properties":{"source":"emodnet_dtm_2024","level":2}},{"type":"Feature","geometry":{"type":"LineString","coordinates":[[-6.25375,36.47125],[-6.25375,36.47125]]},"properties":{"source":"emodnet_dtm_2024","level":2}},{"type":"Feature","geometry":{"type":"LineString","coordinates":[[-6.25708,36.47542],[-6.25708,36.47542]]},"properties":{"source":"emodnet_dtm_2024","level":2}},{"type":"Feature","geometry":{"type":"LineString","coordinates":[[-6.24875,36.47477],[-6.24875,36.47556],[-6.24875,36.47477]]},"properties":{"source":"emodnet_dtm_2024","level":2}},{"type":"Feature","geometry":{"type":"LineString","coordinates":[[-6.17875,36.47542],[-6.17875,36.47542]]},"properties":{"source":"emodnet_dtm_2024","level":2}},{"type":"Feature","geometry":{"type":"LineString","coordinates":[[-6.26375,36.47792],[-6.26375,36.47792]]},"properties":{"source":"emodnet_dtm_2024","level":2}},{"type":"Feature","geometry":{"type":"LineString","coordinates":[[-6.21375,36.47875],[-6.21375,36.47875]]},"properties":{"source":"emodnet_dtm_2024","level":2}},{"type":"Feature","geometry":{"type":"LineString","coordinates":[[-6.26208,36.48375],[-6.26208,36.48375]]},"properties":{"source":"emodnet_dtm_2024","level":2}},{"type":"Feature","geometry":{"type":"LineString","coordinates":[[-6.20208,36.48458],[-6.20208,36.48458]]},"properties":{"source":"emodnet_dtm_2024","level":2}},{"type":"Feature","geometry":{"type":"LineString","coordinates":[[-6.26125,36.49042],[-6.26125,36.49042]]},"properties":{"source":"emodnet_dtm_2024","level":2}},{"type":"Feature","geometry":{"type":"LineString","coordinates":[[-6.19292,36.49375],[-6.19292,36.49375]]},"properties":{"source":"emodnet_dtm_2024","level":2}},{"type":"Feature","geometry":{"type":"LineString","coordinates":[[-6.27292,36.49458],[-6.27292,36.49458]]},"properties":{"source":"emodnet_dtm_2024","level":2}},{"type":"Feature","geometry":{"type":"LineString","coordinates":[[-6.16625,36.49458],[-6.16625,36.49458]]},"properties":{"source":"emodnet_dtm_2024","level":2}},{"type":"Feature","geometry":{"type":"LineString","coordinates":[[-6.19375,36.49542],[-6.19375,36.49542]]},"properties":{"source":"emodnet_dtm_2024","level":2}},{"type":"Feature","geometry":{"type":"LineString","coordinates":[[-6.27625,36.49792],[-6.27625,36.49792]]},"properties":{"source":"emodnet_dtm_2024","level":2}},{"type":"Feature","geometry":{"type":"LineString","coordinates":[[-6.25292,36.49875],[-6.25292,36.49875]]},"properties":{"source":"emodnet_dtm_2024","level":2}},{"type":"Feature","geometry":{"type":"LineString","coordinates":[[-6.25292,36.50125],[-6.25292,36.50125]]},"properties":{"source":"emodnet_dtm_2024","level":2}},{"type":"Feature","geometry":{"type":"LineString","coordinates":[[-6.23458,36.50292],[-6.23458,36.50292]]},"properties":{"source":"emodnet_dtm_2024","level":2}},{"type":"Feature","geometry":{"type":"LineString","coordinates":[[-6.22875,36.50292],[-6.22875,36.50292]]},"properties":{"source":"emodnet_dtm_2024","level":2}},{"type":"Feature","geometry":{"type":"LineString","coordinates":[[-6.27958,36.50375],[-6.27958,36.50375]]},"properties":{"source":"emodnet_dtm_2024","level":2}},{"type":"Feature","geometry":{"type":"LineString","coordinates":[[-6.23792,36.50375],[-6.23792,36.50375]]},"properties":{"source":"emodnet_dtm_2024","level":2}},{"type":"Feature","geometry":{"type":"LineString","coordinates":[[-6.28042,36.50625],[-6.28042,36.50625]]},"properties":{"source":"emodnet_dtm_2024","level":2}},{"type":"Feature","geometry":{"type":"LineString","coordinates":[[-6.22375,36.50625],[-6.22375,36.50625]]},"properties":{"source":"emodnet_dtm_2024","level":2}},{"type":"Feature","geometry":{"type":"LineString","coordinates":[[-6.18375,36.50625],[-6.18375,36.50625]]},"properties":{"source":"emodnet_dtm_2024","level":2}},{"type":"Feature","geometry":{"type":"LineString","coordinates":[[-6.21042,36.50708],[-6.21042,36.50708]]},"properties":{"source":"emodnet_dtm_2024","level":2}},{"type":"Feature","geometry":{"type":"LineString","coordinates":[[-6.20708,36.50708],[-6.20708,36.50708]]},"properties":{"source":"emodnet_dtm_2024","level":2}},{"type":"Feature","geometry":{"type":"LineString","coordinates":[[-6.21958,36.50792],[-6.21958,36.50792]]},"properties":{"source":"emodnet_dtm_2024","level":2}},{"type":"Feature","geometry":{"type":"LineString","coordinates":[[-6.18375,36.50875],[-6.18375,36.50875]]},"properties":{"source":"emodnet_dtm_2024","level":2}},{"type":"Feature","geometry":{"type":"LineString","coordinates":[[-6.20458,36.50957],[-6.20458,36.50957]]},"properties":{"source":"emodnet_dtm_2024","level":2}},{"type":"Feature","geometry":{"type":"LineString","coordinates":[[-6.28375,36.51042],[-6.28375,36.51042]]},"properties":{"source":"emodnet_dtm_2024","level":2}},{"type":"Feature","geometry":{"type":"LineString","coordinates":[[-6.28458,36.51208],[-6.28458,36.51208]]},"properties":{"source":"emodnet_dtm_2024","level":2}},{"type":"Feature","geometry":{"type":"LineString","coordinates":[[-6.17708,36.51292],[-6.17708,36.51292]]},"properties":{"source":"emodnet_dtm_2024","level":2}},{"type":"Feature","geometry":{"type":"LineString","coordinates":[[-6.26958,36.51375],[-6.26958,36.51375]]},"properties":{"source":"emodnet_dtm_2024","level":2}},{"type":"Feature","geometry":{"type":"LineString","coordinates":[[-6.17542,36.51375],[-6.17542,36.51375]]},"properties":{"source":"emodnet_dtm_2024","level":2}},{"type":"Feature","geometry":{"type":"LineString","coordinates":[[-6.28542,36.51458],[-6.28542,36.51458]]},"properties":{"source":"emodnet_dtm_2024","level":2}},{"type":"Feature","geometry":{"type":"LineString","coordinates":[[-6.19875,36.51542],[-6.19875,36.51542]]},"properties":{"source":"emodnet_dtm_2024","level":2}},{"type":"Feature","geometry":{"type":"LineString","coordinates":[[-6.28875,36.51625],[-6.28875,36.51625]]},"properties":{"source":"emodnet_dtm_2024","level":2}},{"type":"Feature","geometry":{"type":"LineString","coordinates":[[-6.28875,36.51792],[-6.28875,36.51792]]},"properties":{"source":"emodnet_dtm_2024","level":2}},{"type":"Feature","geometry":{"type":"LineString","coordinates":[[-6.19542,36.51875],[-6.19542,36.51875]]},"properties":{"source":"emodnet_dtm_2024","level":2}},{"type":"Feature","geometry":{"type":"LineString","coordinates":[[-6.17542,36.51875],[-6.17542,36.51875]]},"properties":{"source":"emodnet_dtm_2024","level":2}},{"type":"Feature","geometry":{"type":"LineString","coordinates":[[-6.28792,36.51958],[-6.28792,36.51958]]},"properties":{"source":"emodnet_dtm_2024","level":2}},{"type":"Feature","geometry":{"type":"LineString","coordinates":[[-6.19458,36.51958],[-6.19458,36.51958]]},"properties":{"source":"emodnet_dtm_2024","level":2}},{"type":"Feature","geometry":{"type":"LineString","coordinates":[[-6.28958,36.52042],[-6.28958,36.52042]]},"properties":{"source":"emodnet_dtm_2024","level":2}},{"type":"Feature","geometry":{"type":"LineString","coordinates":[[-6.19458,36.52125],[-6.19458,36.52125]]},"properties":{"source":"emodnet_dtm_2024","level":2}},{"type":"Feature","geometry":{"type":"LineString","coordinates":[[-6.20292,36.52208],[-6.20292,36.52208]]},"properties":{"source":"emodnet_dtm_2024","level":2}},{"type":"Feature","geometry":{"type":"LineString","coordinates":[[-6.24792,36.52292],[-6.24792,36.52292]]},"properties":{"source":"emodnet_dtm_2024","level":2}},{"type":"Feature","geometry":{"type":"LineString","coordinates":[[-6.18375,36.52292],[-6.18375,36.52292]]},"properties":{"source":"emodnet_dtm_2024","level":2}},{"type":"Feature","geometry":{"type":"LineString","coordinates":[[-6.20292,36.52375],[-6.20292,36.52375]]},"properties":{"source":"emodnet_dtm_2024","level":2}},{"type":"Feature","geometry":{"type":"LineString","coordinates":[[-6.19208,36.52375],[-6.19208,36.52375]]},"properties":{"source":"emodnet_dtm_2024","level":2}},{"type":"Feature","geometry":{"type":"LineString","coordinates":[[-6.24708,36.52458],[-6.24708,36.52458]]},"properties":{"source":"emodnet_dtm_2024","level":2}},{"type":"Feature","geometry":{"type":"LineString","coordinates":[[-6.19625,36.52458],[-6.19625,36.52458]]},"properties":{"source":"emodnet_dtm_2024","level":2}},{"type":"Feature","geometry":{"type":"LineString","coordinates":[[-6.27375,36.52542],[-6.27375,36.52542]]},"properties":{"source":"emodnet_dtm_2024","level":2}},{"type":"Feature","geometry":{"type":"LineString","coordinates":[[-6.24625,36.52625],[-6.24625,36.52625]]},"properties":{"source":"emodnet_dtm_2024","level":2}},{"type":"Feature","geometry":{"type":"LineString","coordinates":[[-6.31792,36.52958],[-6.31792,36.52958]]},"properties":{"source":"emodnet_dtm_2024","level":2}},{"type":"Feature","geometry":{"type":"LineString","coordinates":[[-6.30958,36.52958],[-6.30958,36.52958]]},"properties":{"source":"emodnet_dtm_2024","level":2}},{"type":"Feature","geometry":{"type":"LineString","coordinates":[[-6.23542,36.52947],[-6.23542,36.52947]]},"properties":{"source":"emodnet_dtm_2024","level":2}},{"type":"Feature","geometry":{"type":"LineString","coordinates":[[-6.21375,36.53375],[-6.21375,36.53375]]},"properties":{"source":"emodnet_dtm_2024","level":2}},{"type":"Feature","geometry":{"type":"LineString","coordinates":[[-6.21292,36.53625],[-6.21292,36.53625]]},"properties":{"source":"emodnet_dtm_2024","level":2}},{"type":"Feature","geometry":{"type":"LineString","coordinates":[[-6.27708,36.53708],[-6.27708,36.53708]]},"properties":{"source":"emodnet_dtm_2024","level":2}},{"type":"Feature","geometry":{"type":"LineString","coordinates":[[-6.30458,36.53792],[-6.30458,36.53792]]},"properties":{"source":"emodnet_dtm_2024","level":2}},{"type":"Feature","geometry":{"type":"LineString","coordinates":[[-6.29542,36.53792],[-6.29542,36.53792]]},"properties":{"source":"emodnet_dtm_2024","level":2}},{"type":"Feature","geometry":{"type":"LineString","coordinates":[[-6.21208,36.53792],[-6.21208,36.53792]]},"properties":{"source":"emodnet_dtm_2024","level":2}},{"type":"Feature","geometry":{"type":"LineString","coordinates":[[-6.21042,36.54042],[-6.21042,36.54042]]},"properties":{"source":"emodnet_dtm_2024","level":2}},{"type":"Feature","geometry":{"type":"LineString","coordinates":[[-6.27792,36.54125],[-6.27792,36.54125]]},"properties":{"source":"emodnet_dtm_2024","level":2}},{"type":"Feature","geometry":{"type":"LineString","coordinates":[[-6.23708,36.54089],[-6.23708,36.54138],[-6.23708,36.54089]]},"properties":{"source":"emodnet_dtm_2024","level":2}},{"type":"Feature","geometry":{"type":"LineString","coordinates":[[-6.20958,36.54208],[-6.20958,36.54208]]},"properties":{"source":"emodnet_dtm_2024","level":2}},{"type":"Feature","geometry":{"type":"LineString","coordinates":[[-6.23042,36.54292],[-6.23042,36.54292]]},"properties":{"source":"emodnet_dtm_2024","level":2}},{"type":"Feature","geometry":{"type":"LineString","coordinates":[[-6.20875,36.54458],[-6.20875,36.54458]]},"properties":{"source":"emodnet_dtm_2024","level":2}},{"type":"Feature","geometry":{"type":"LineString","coordinates":[[-6.22708,36.55042],[-6.22708,36.55042]]},"properties":{"source":"emodnet_dtm_2024","level":2}},{"type":"Feature","geometry":{"type":"LineString","coordinates":[[-6.20625,36.55292],[-6.20625,36.55292]]},"properties":{"source":"emodnet_dtm_2024","level":2}},{"type":"Feature","geometry":{"type":"LineString","coordinates":[[-6.22542,36.56375],[-6.22542,36.56375]]},"properties":{"source":"emodnet_dtm_2024","level":2}},{"type":"Feature","geometry":{"type":"LineString","coordinates":[[-6.22542,36.56625],[-6.22542,36.56625]]},"properties":{"source":"emodnet_dtm_2024","level":2}},{"type":"Feature","geometry":{"type":"LineString","coordinates":[[-6.21292,36.57125],[-6.21292,36.57125]]},"properties":{"source":"emodnet_dtm_2024","level":2}},{"type":"Feature","geometry":{"type":"LineString","coordinates":[[-6.19208,36.57125],[-6.19208,36.57125]]},"properties":{"source":"emodnet_dtm_2024","level":2}},{"type":"Feature","geometry":{"type":"LineString","coordinates":[[-6.23958,36.57292],[-6.23958,36.57292]]},"properties":{"source":"emodnet_dtm_2024","level":2}},{"type":"Feature","geometry":{"type":"LineString","coordinates":[[-6.23708,36.57292],[-6.23708,36.57292]]},"properties":{"source":"emodnet_dtm_2024","level":2}},{"type":"Feature","geometry":{"type":"LineString","coordinates":[[-6.22625,36.57292],[-6.22625,36.57292]]},"properties":{"source":"emodnet_dtm_2024","level":2}},{"type":"Feature","geometry":{"type":"LineString","coordinates":[[-6.23625,36.57375],[-6.23625,36.57375]]},"properties":{"source":"emodnet_dtm_2024","level":2}},{"type":"Feature","geometry":{"type":"LineString","coordinates":[[-6.22875,36.57455],[-6.22875,36.57455]]},"properties":{"source":"emodnet_dtm_2024","level":2}},{"type":"Feature","geometry":{"type":"LineString","coordinates":[[-6.22708,36.57458],[-6.22708,36.57458]]},"properties":{"source":"emodnet_dtm_2024","level":2}},{"type":"Feature","geometry":{"type":"LineString","coordinates":[[-6.18875,36.57458],[-6.18875,36.57458]]},"properties":{"source":"emodnet_dtm_2024","level":2}},{"type":"Feature","geometry":{"type":"LineString","coordinates":[[-6.23542,36.57542],[-6.23542,36.57542]]},"properties":{"source":"emodnet_dtm_2024","level":2}},{"type":"Feature","geometry":{"type":"LineString","coordinates":[[-6.18792,36.57542],[-6.18792,36.57542]]},"properties":{"source":"emodnet_dtm_2024","level":2}},{"type":"Feature","geometry":{"type":"LineString","coordinates":[[-6.23042,36.57708],[-6.23042,36.57708]]},"properties":{"source":"emodnet_dtm_2024","level":2}},{"type":"Feature","geometry":{"type":"LineString","coordinates":[[-6.24208,36.57872],[-6.24208,36.57872]]},"properties":{"source":"emodnet_dtm_2024","level":2}},{"type":"Feature","geometry":{"type":"LineString","coordinates":[[-6.24125,36.57951],[-6.24125,36.57951]]},"properties":{"source":"emodnet_dtm_2024","level":2}},{"type":"Feature","geometry":{"type":"LineString","coordinates":[[-6.23125,36.57958],[-6.23125,36.57958]]},"properties":{"source":"emodnet_dtm_2024","level":2}},{"type":"Feature","geometry":{"type":"LineString","coordinates":[[-6.19125,36.57958],[-6.19125,36.57958]]},"properties":{"source":"emodnet_dtm_2024","level":2}},{"type":"Feature","geometry":{"type":"LineString","coordinates":[[-6.27208,36.58958],[-6.27208,36.58958]]},"properties":{"source":"emodnet_dtm_2024","level":2}},{"type":"Feature","geometry":{"type":"LineString","coordinates":[[-6.27708,36.59792],[-6.27708,36.59792]]},"properties":{"source":"emodnet_dtm_2024","level":2}},{"type":"Feature","geometry":{"type":"LineString","coordinates":[[-6.28542,36.60625],[-6.28542,36.60625]]},"properties":{"source":"emodnet_dtm_2024","level":2}},{"type":"Feature","geometry":{"type":"LineString","coordinates":[[-6.28958,36.61042],[-6.28958,36.61042]]},"properties":{"source":"emodnet_dtm_2024","level":2}},{"type":"Feature","geometry":{"type":"LineString","coordinates":[[-6.29375,36.61208],[-6.29375,36.61208]]},"properties":{"source":"emodnet_dtm_2024","level":2}},{"type":"Feature","geometry":{"type":"LineString","coordinates":[[-6.36042,36.61542],[-6.36042,36.61542]]},"properties":{"source":"emodnet_dtm_2024","level":2}},{"type":"Feature","geometry":{"type":"LineString","coordinates":[[-6.35458,36.61542],[-6.35458,36.61542]]},"properties":{"source":"emodnet_dtm_2024","level":2}},{"type":"Feature","geometry":{"type":"LineString","coordinates":[[-6.29792,36.61542],[-6.29792,36.61542]]},"properties":{"source":"emodnet_dtm_2024","level":2}},{"type":"Feature","geometry":{"type":"LineString","coordinates":[[-6.36292,36.61625],[-6.36292,36.61625]]},"properties":{"source":"emodnet_dtm_2024","level":2}},{"type":"Feature","geometry":{"type":"LineString","coordinates":[[-6.30125,36.61625],[-6.30125,36.61625]]},"properties":{"source":"emodnet_dtm_2024","level":2}},{"type":"Feature","geometry":{"type":"LineString","coordinates":[[-6.34958,36.61708],[-6.34958,36.61708]]},"properties":{"source":"emodnet_dtm_2024","level":2}},{"type":"Feature","geometry":{"type":"LineString","coordinates":[[-6.36708,36.61875],[-6.36708,36.61875]]},"properties":{"source":"emodnet_dtm_2024","level":2}},{"type":"Feature","geometry":{"type":"LineString","coordinates":[[-6.37292,36.62042],[-6.37292,36.62042]]},"properties":{"source":"emodnet_dtm_2024","level":2}},{"type":"Feature","geometry":{"type":"LineString","coordinates":[[-6.34875,36.62032],[-6.3482,36.62042],[-6.34875,36.62032]]},"properties":{"source":"emodnet_dtm_2024","level":2}},{"type":"Feature","geometry":{"type":"LineString","coordinates":[[-6.37708,36.62292],[-6.37708,36.62292]]},"properties":{"source":"emodnet_dtm_2024","level":2}},{"type":"Feature","geometry":{"type":"LineString","coordinates":[[-6.34875,36.62292],[-6.34875,36.62292]]},"properties":{"source":"emodnet_dtm_2024","level":2}},{"type":"Feature","geometry":{"type":"LineString","coordinates":[[-6.37958,36.62375],[-6.37958,36.62375]]},"properties":{"source":"emodnet_dtm_2024","level":2}},{"type":"Feature","geometry":{"type":"LineString","coordinates":[[-6.33792,36.62375],[-6.33792,36.62375]]},"properties":{"source":"emodnet_dtm_2024","level":2}},{"type":"Feature","geometry":{"type":"LineString","coordinates":[[-6.38792,36.62708],[-6.38792,36.62708]]},"properties":{"source":"emodnet_dtm_2024","level":2}},{"type":"Feature","geometry":{"type":"LineString","coordinates":[[-6.39292,36.63125],[-6.39292,36.63125]]},"properties":{"source":"emodnet_dtm_2024","level":2}},{"type":"Feature","geometry":{"type":"LineString","coordinates":[[-6.39375,36.63792],[-6.39375,36.63792]]},"properties":{"source":"emodnet_dtm_2024","level":2}},{"type":"Feature","geometry":{"type":"LineString","coordinates":[[-6.39375,36.64458],[-6.39375,36.64458]]},"properties":{"source":"emodnet_dtm_2024","level":2}},{"type":"Feature","geometry":{"type":"LineString","coordinates":[[-6.39792,36.65208],[-6.39792,36.65208]]},"properties":{"source":"emodnet_dtm_2024","level":2}},{"type":"Feature","geometry":{"type":"LineString","coordinates":[[-6.40958,36.66875],[-6.40958,36.66875]]},"properties":{"source":"emodnet_dtm_2024","level":2}},{"type":"Feature","geometry":{"type":"LineString","coordinates":[[-6.41292,36.67375],[-6.41292,36.67375]]},"properties":{"source":"emodnet_dtm_2024","level":2}},{"type":"Feature","geometry":{"type":"LineString","coordinates":[[-6.42208,36.68958],[-6.42208,36.68958]]},"properties":{"source":"emodnet_dtm_2024","level":2}},{"type":"Feature","geometry":{"type":"LineString","coordinates":[[-6.43375,36.70625],[-6.43375,36.70625]]},"properties":{"source":"emodnet_dtm_2024","level":2}},{"type":"Feature","geometry":{"type":"LineString","coordinates":[[-6.43958,36.71875],[-6.43958,36.71875]]},"properties":{"source":"emodnet_dtm_2024","level":2}},{"type":"Feature","geometry":{"type":"LineString","coordinates":[[-6.44208,36.73292],[-6.44208,36.73292]]},"properties":{"source":"emodnet_dtm_2024","level":2}},{"type":"Feature","geometry":{"type":"LineString","coordinates":[[-6.44375,36.73542],[-6.44375,36.73542]]},"properties":{"source":"emodnet_dtm_2024","level":2}},{"type":"Feature","geometry":{"type":"LineString","coordinates":[[-6.44292,36.73875],[-6.44292,36.73875]]},"properties":{"source":"emodnet_dtm_2024","level":2}},{"type":"Feature","geometry":{"type":"LineString","coordinates":[[-6.43792,36.74208],[-6.43792,36.74208]]},"properties":{"source":"emodnet_dtm_2024","level":2}},{"type":"Feature","geometry":{"type":"LineString","coordinates":[[-6.43542,36.74292],[-6.43542,36.74292]]},"properties":{"source":"emodnet_dtm_2024","level":2}},{"type":"Feature","geometry":{"type":"LineString","coordinates":[[-6.42875,36.74458],[-6.42875,36.74458]]},"properties":{"source":"emodnet_dtm_2024","level":2}},{"type":"Feature","geometry":{"type":"LineString","coordinates":[[-6.43375,36.74625],[-6.43375,36.74625]]},"properties":{"source":"emodnet_dtm_2024","level":2}},{"type":"Feature","geometry":{"type":"LineString","coordinates":[[-6.43125,36.74708],[-6.43125,36.74708]]},"properties":{"source":"emodnet_dtm_2024","level":2}},{"type":"Feature","geometry":{"type":"LineString","coordinates":[[-6.42458,36.74708],[-6.42458,36.74708]]},"properties":{"source":"emodnet_dtm_2024","level":2}},{"type":"Feature","geometry":{"type":"LineString","coordinates":[[-6.41875,36.74708],[-6.41875,36.74708]]},"properties":{"source":"emodnet_dtm_2024","level":2}},{"type":"Feature","geometry":{"type":"LineString","coordinates":[[-6.42708,36.74792],[-6.42708,36.74792]]},"properties":{"source":"emodnet_dtm_2024","level":2}},{"type":"Feature","geometry":{"type":"LineString","coordinates":[[-6.41458,36.75125],[-6.41458,36.75125]]},"properties":{"source":"emodnet_dtm_2024","level":2}},{"type":"Feature","geometry":{"type":"LineString","coordinates":[[-6.41292,36.75458],[-6.41292,36.75458]]},"properties":{"source":"emodnet_dtm_2024","level":2}},{"type":"Feature","geometry":{"type":"LineString","coordinates":[[-6.41042,36.75875],[-6.41042,36.75875]]},"properties":{"source":"emodnet_dtm_2024","level":2}},{"type":"Feature","geometry":{"type":"LineString","coordinates":[[-6.39708,36.76292],[-6.39708,36.76292]]},"properties":{"source":"emodnet_dtm_2024","level":2}},{"type":"Feature","geometry":{"type":"LineString","coordinates":[[-6.38875,36.76708],[-6.38875,36.76708]]},"properties":{"source":"emodnet_dtm_2024","level":2}},{"type":"Feature","geometry":{"type":"LineString","coordinates":[[-6.38792,36.76792],[-6.38792,36.76792]]},"properties":{"source":"emodnet_dtm_2024","level":2}},{"type":"Feature","geometry":{"type":"LineString","coordinates":[[-6.38375,36.77125],[-6.38375,36.77125]]},"properties":{"source":"emodnet_dtm_2024","level":2}},{"type":"Feature","geometry":{"type":"LineString","coordinates":[[-6.38125,36.77208],[-6.38125,36.77208]]},"properties":{"source":"emodnet_dtm_2024","level":2}},{"type":"Feature","geometry":{"type":"LineString","coordinates":[[-6.37708,36.77542],[-6.37708,36.77542]]},"properties":{"source":"emodnet_dtm_2024","level":2}},{"type":"Feature","geometry":{"type":"LineString","coordinates":[[-6.37625,36.77625],[-6.37625,36.77625]]},"properties":{"source":"emodnet_dtm_2024","level":2}},{"type":"Feature","geometry":{"type":"LineString","coordinates":[[-6.37125,36.77875],[-6.37125,36.77875]]},"properties":{"source":"emodnet_dtm_2024","level":2}},{"type":"Feature","geometry":{"type":"LineString","coordinates":[[-6.36792,36.77958],[-6.36792,36.77958]]},"properties":{"source":"emodnet_dtm_2024","level":2}},{"type":"Feature","geometry":{"type":"LineString","coordinates":[[-6.36458,36.78208],[-6.36458,36.78208]]},"properties":{"source":"emodnet_dtm_2024","level":2}},{"type":"Feature","geometry":{"type":"LineString","coordinates":[[-6.36375,36.78292],[-6.36375,36.78292]]},"properties":{"source":"emodnet_dtm_2024","level":2}},{"type":"Feature","geometry":{"type":"LineString","coordinates":[[-6.36292,36.78375],[-6.36292,36.78375]]},"properties":{"source":"emodnet_dtm_2024","level":2}},{"type":"Feature","geometry":{"type":"LineString","coordinates":[[-6.36042,36.78458],[-6.36042,36.78458]]},"properties":{"source":"emodnet_dtm_2024","level":2}},{"type":"Feature","geometry":{"type":"LineString","coordinates":[[-6.35875,36.78542],[-6.35875,36.78542]]},"properties":{"source":"emodnet_dtm_2024","level":2}},{"type":"Feature","geometry":{"type":"LineString","coordinates":[[-6.35542,36.78792],[-6.35542,36.78792]]},"properties":{"source":"emodnet_dtm_2024","level":2}},{"type":"Feature","geometry":{"type":"LineString","coordinates":[[-6.34292,36.79292],[-6.34292,36.79292]]},"properties":{"source":"emodnet_dtm_2024","level":2}},{"type":"Feature","geometry":{"type":"LineString","coordinates":[[-6.34208,36.79458],[-6.34208,36.79458]]},"properties":{"source":"emodnet_dtm_2024","level":2}},{"type":"Feature","geometry":{"type":"LineString","coordinates":[[-6.38542,36.79542],[-6.38542,36.79542]]},"properties":{"source":"emodnet_dtm_2024","level":2}},{"type":"Feature","geometry":{"type":"LineString","coordinates":[[-6.38958,36.79792],[-6.38958,36.79792]]},"properties":{"source":"emodnet_dtm_2024","level":2}},{"type":"Feature","geometry":{"type":"LineString","coordinates":[[-6.39208,36.79958],[-6.39208,36.79958]]},"properties":{"source":"emodnet_dtm_2024","level":2}},{"type":"Feature","geometry":{"type":"LineString","coordinates":[[-6.33958,36.80125],[-6.33958,36.80125]]},"properties":{"source":"emodnet_dtm_2024","level":2}},{"type":"Feature","geometry":{"type":"LineString","coordinates":[[-6.39375,36.80208],[-6.39375,36.80208]]},"properties":{"source":"emodnet_dtm_2024","level":2}},{"type":"Feature","geometry":{"type":"LineString","coordinates":[[-6.39708,36.80625],[-6.39708,36.80625]]},"properties":{"source":"emodnet_dtm_2024","level":2}},{"type":"Feature","geometry":{"type":"LineString","coordinates":[[-6.33875,36.80625],[-6.33875,36.80625]]},"properties":{"source":"emodnet_dtm_2024","level":2}},{"type":"Feature","geometry":{"type":"LineString","coordinates":[[-6.39958,36.80785],[-6.39958,36.80871],[-6.39958,36.80785]]},"properties":{"source":"emodnet_dtm_2024","level":2}},{"type":"Feature","geometry":{"type":"LineString","coordinates":[[-6.39792,36.80792],[-6.39792,36.80792]]},"properties":{"source":"emodnet_dtm_2024","level":2}},{"type":"Feature","geometry":{"type":"LineString","coordinates":[[-6.40125,36.80845],[-6.40125,36.80888],[-6.40125,36.80845]]},"properties":{"source":"emodnet_dtm_2024","level":2}},{"type":"Feature","geometry":{"type":"LineString","coordinates":[[-6.40042,36.81125],[-6.40042,36.81125]]},"properties":{"source":"emodnet_dtm_2024","level":2}},{"type":"Feature","geometry":{"type":"LineString","coordinates":[[-6.40125,36.81458],[-6.40125,36.81458]]},"properties":{"source":"emodnet_dtm_2024","level":2}},{"type":"Feature","geometry":{"type":"LineString","coordinates":[[-6.40458,36.82042],[-6.40458,36.82042]]},"properties":{"source":"emodnet_dtm_2024","level":2}},{"type":"Feature","geometry":{"type":"LineString","coordinates":[[-6.40542,36.82292],[-6.40542,36.82292]]},"properties":{"source":"emodnet_dtm_2024","level":2}},{"type":"Feature","geometry":{"type":"LineString","coordinates":[[-6.40625,36.82458],[-6.40625,36.82458]]},"properties":{"source":"emodnet_dtm_2024","level":2}},{"type":"Feature","geometry":{"type":"LineString","coordinates":[[-6.35125,36.82708],[-6.35125,36.82708]]},"properties":{"source":"emodnet_dtm_2024","level":2}},{"type":"Feature","geometry":{"type":"LineString","coordinates":[[-6.35042,36.83125],[-6.35042,36.83125]]},"properties":{"source":"emodnet_dtm_2024","level":2}},{"type":"Feature","geometry":{"type":"LineString","coordinates":[[-6.40958,36.83208],[-6.40958,36.83208]]},"properties":{"source":"emodnet_dtm_2024","level":2}},{"type":"Feature","geometry":{"type":"LineString","coordinates":[[-6.41375,36.83958],[-6.41375,36.83958]]},"properties":{"source":"emodnet_dtm_2024","level":2}},{"type":"Feature","geometry":{"type":"LineString","coordinates":[[-6.41458,36.84125],[-6.41458,36.84125]]},"properties":{"source":"emodnet_dtm_2024","level":2}},{"type":"Feature","geometry":{"type":"LineString","coordinates":[[-6.41792,36.84875],[-6.41792,36.84875]]},"properties":{"source":"emodnet_dtm_2024","level":2}},{"type":"Feature","geometry":{"type":"LineString","coordinates":[[-6.34958,36.84958],[-6.34958,36.84958]]},"properties":{"source":"emodnet_dtm_2024","level":2}},{"type":"Feature","geometry":{"type":"LineString","coordinates":[[-6.42125,36.85375],[-6.42125,36.85375]]},"properties":{"source":"emodnet_dtm_2024","level":2}},{"type":"Feature","geometry":{"type":"LineString","coordinates":[[-6.42208,36.85708],[-6.42208,36.85708]]},"properties":{"source":"emodnet_dtm_2024","level":2}},{"type":"Feature","geometry":{"type":"LineString","coordinates":[[-6.42542,36.86208],[-6.42542,36.86208]]},"properties":{"source":"emodnet_dtm_2024","level":2}},{"type":"Feature","geometry":{"type":"LineString","coordinates":[[-6.42625,36.86458],[-6.42625,36.86458]]},"properties":{"source":"emodnet_dtm_2024","level":2}},{"type":"Feature","geometry":{"type":"LineString","coordinates":[[-6.42708,36.86625],[-6.42708,36.86625]]},"properties":{"source":"emodnet_dtm_2024","level":2}},{"type":"Feature","geometry":{"type":"LineString","coordinates":[[-6.42958,36.86958],[-6.42958,36.86958]]},"properties":{"source":"emodnet_dtm_2024","level":2}},{"type":"Feature","geometry":{"type":"LineString","coordinates":[[-6.43125,36.87292],[-6.43125,36.87292]]},"properties":{"source":"emodnet_dtm_2024","level":2}},{"type":"Feature","geometry":{"type":"LineString","coordinates":[[-6.43375,36.87792],[-6.43375,36.87792]]},"properties":{"source":"emodnet_dtm_2024","level":2}},{"type":"Feature","geometry":{"type":"LineString","coordinates":[[-6.43542,36.88125],[-6.43542,36.88125]]},"properties":{"source":"emodnet_dtm_2024","level":2}},{"type":"Feature","geometry":{"type":"LineString","coordinates":[[-6.43792,36.88542],[-6.43792,36.88542]]},"properties":{"source":"emodnet_dtm_2024","level":2}},{"type":"Feature","geometry":{"type":"LineString","coordinates":[[-6.44708,36.90208],[-6.44708,36.90208]]},"properties":{"source":"emodnet_dtm_2024","level":2}},{"type":"Feature","geometry":{"type":"LineString","coordinates":[[-6.45042,36.90708],[-6.45042,36.90708]]},"properties":{"source":"emodnet_dtm_2024","level":2}},{"type":"Feature","geometry":{"type":"LineString","coordinates":[[-6.45625,36.91458],[-6.45625,36.91458]]},"properties":{"source":"emodnet_dtm_2024","level":2}},{"type":"Feature","geometry":{"type":"LineString","coordinates":[[-6.46375,36.92292],[-6.46375,36.92292]]},"properties":{"source":"emodnet_dtm_2024","level":2}},{"type":"Feature","geometry":{"type":"LineString","coordinates":[[-6.46792,36.92708],[-6.46792,36.92708]]},"properties":{"source":"emodnet_dtm_2024","level":2}},{"type":"Feature","geometry":{"type":"LineString","coordinates":[[-6.47208,36.93125],[-6.47208,36.93125]]},"properties":{"source":"emodnet_dtm_2024","level":2}},{"type":"Feature","geometry":{"type":"LineString","coordinates":[[-6.47625,36.93542],[-6.47625,36.93542]]},"properties":{"source":"emodnet_dtm_2024","level":2}},{"type":"Feature","geometry":{"type":"LineString","coordinates":[[-6.48042,36.93958],[-6.48042,36.93958]]},"properties":{"source":"emodnet_dtm_2024","level":2}},{"type":"Feature","geometry":{"type":"LineString","coordinates":[[-6.48458,36.94375],[-6.48458,36.94375]]},"properties":{"source":"emodnet_dtm_2024","level":2}},{"type":"Feature","geometry":{"type":"LineString","coordinates":[[-6.48875,36.94792],[-6.48875,36.94792]]},"properties":{"source":"emodnet_dtm_2024","level":2}},{"type":"Feature","geometry":{"type":"LineString","coordinates":[[-6.49292,36.95208],[-6.49292,36.95208]]},"properties":{"source":"emodnet_dtm_2024","level":2}},{"type":"Feature","geometry":{"type":"LineString","coordinates":[[-6.49792,36.95625],[-6.49792,36.95625]]},"properties":{"source":"emodnet_dtm_2024","level":2}},{"type":"Feature","geometry":{"type":"LineString","coordinates":[[-6.50208,36.96042],[-6.50208,36.96042]]},"properties":{"source":"emodnet_dtm_2024","level":2}},{"type":"Feature","geometry":{"type":"LineString","coordinates":[[-6.51292,36.96958],[-6.51292,36.96958]]},"properties":{"source":"emodnet_dtm_2024","level":2}},{"type":"Feature","geometry":{"type":"LineString","coordinates":[[-6.51458,36.97042],[-6.51458,36.97042]]},"properties":{"source":"emodnet_dtm_2024","level":2}},{"type":"Feature","geometry":{"type":"LineString","coordinates":[[-6.51792,36.97292],[-6.51792,36.97292]]},"properties":{"source":"emodnet_dtm_2024","level":2}},{"type":"Feature","geometry":{"type":"LineString","coordinates":[[-6.52542,36.97792],[-6.52542,36.97792]]},"properties":{"source":"emodnet_dtm_2024","level":2}},{"type":"Feature","geometry":{"type":"LineString","coordinates":[[-7.85958,36.98105],[-7.85923,36.98125],[-7.85958,36.98105]]},"properties":{"source":"emodnet_dtm_2024","level":2}},{"type":"Feature","geometry":{"type":"LineString","coordinates":[[-6.52958,36.98125],[-6.52958,36.98125]]},"properties":{"source":"emodnet_dtm_2024","level":2}},{"type":"Feature","geometry":{"type":"LineString","coordinates":[[-6.53375,36.98292],[-6.53375,36.98292]]},"properties":{"source":"emodnet_dtm_2024","level":2}},{"type":"Feature","geometry":{"type":"LineString","coordinates":[[-7.85542,36.98542],[-7.85542,36.98542]]},"properties":{"source":"emodnet_dtm_2024","level":2}},{"type":"Feature","geometry":{"type":"LineString","coordinates":[[-6.53875,36.98542],[-6.53875,36.98542]]},"properties":{"source":"emodnet_dtm_2024","level":2}},{"type":"Feature","geometry":{"type":"LineString","coordinates":[[-7.93292,36.98941],[-7.93292,36.98976],[-7.93292,36.98941]]},"properties":{"source":"emodnet_dtm_2024","level":2}},{"type":"Feature","geometry":{"type":"LineString","coordinates":[[-6.54792,36.99125],[-6.54792,36.99125]]},"properties":{"source":"emodnet_dtm_2024","level":2}},{"type":"Feature","geometry":{"type":"LineString","coordinates":[[-7.84292,36.99356],[-7.84292,36.99356]]},"properties":{"source":"emodnet_dtm_2024","level":2}},{"type":"Feature","geometry":{"type":"LineString","coordinates":[[-6.55125,36.99375],[-6.55125,36.99375]]},"properties":{"source":"emodnet_dtm_2024","level":2}},{"type":"Feature","geometry":{"type":"LineString","coordinates":[[-7.84208,36.99489],[-7.84167,36.99542],[-7.84208,36.99575],[-7.84208,36.99489]]},"properties":{"source":"emodnet_dtm_2024","level":2}},{"type":"Feature","geometry":{"type":"LineString","coordinates":[[-6.55625,36.99792],[-6.55625,36.99792]]},"properties":{"source":"emodnet_dtm_2024","level":2}},{"type":"Feature","geometry":{"type":"LineString","coordinates":[[-6.55875,36.99875],[-6.55875,36.99875]]},"properties":{"source":"emodnet_dtm_2024","level":2}},{"type":"Feature","geometry":{"type":"LineString","coordinates":[[-6.56042,36.99958],[-6.56042,36.99958]]},"properties":{"source":"emodnet_dtm_2024","level":2}},{"type":"Feature","geometry":{"type":"LineString","coordinates":[[-6.56375,37.00208],[-6.56375,37.00208]]},"properties":{"source":"emodnet_dtm_2024","level":2}},{"type":"Feature","geometry":{"type":"LineString","coordinates":[[-7.97708,37.00372],[-7.97708,37.00372]]},"properties":{"source":"emodnet_dtm_2024","level":2}},{"type":"Feature","geometry":{"type":"LineString","coordinates":[[-7.98708,37.00456],[-7.98708,37.00456]]},"properties":{"source":"emodnet_dtm_2024","level":2}},{"type":"Feature","geometry":{"type":"LineString","coordinates":[[-6.57125,37.00625],[-6.57125,37.00625]]},"properties":{"source":"emodnet_dtm_2024","level":2}},{"type":"Feature","geometry":{"type":"LineString","coordinates":[[-7.99042,37.00691],[-7.98969,37.00708],[-7.99042,37.00758],[-7.99042,37.00691]]},"properties":{"source":"emodnet_dtm_2024","level":2}},{"type":"Feature","geometry":{"type":"LineString","coordinates":[[-7.93375,37.01035],[-7.93375,37.01035]]},"properties":{"source":"emodnet_dtm_2024","level":2}},{"type":"Feature","geometry":{"type":"LineString","coordinates":[[-6.57625,37.01042],[-6.57625,37.01042]]},"properties":{"source":"emodnet_dtm_2024","level":2}},{"type":"Feature","geometry":{"type":"LineString","coordinates":[[-6.58042,37.01208],[-6.58042,37.01208]]},"properties":{"source":"emodnet_dtm_2024","level":2}},{"type":"Feature","geometry":{"type":"LineString","coordinates":[[-6.58375,37.01458],[-6.58375,37.01458]]},"properties":{"source":"emodnet_dtm_2024","level":2}},{"type":"Feature","geometry":{"type":"LineString","coordinates":[[-6.58542,37.01542],[-6.58542,37.01542]]},"properties":{"source":"emodnet_dtm_2024","level":2}},{"type":"Feature","geometry":{"type":"LineString","coordinates":[[-7.85875,37.01792],[-7.85875,37.01792]]},"properties":{"source":"emodnet_dtm_2024","level":2}},{"type":"Feature","geometry":{"type":"LineString","coordinates":[[-7.86875,37.01792],[-7.86806,37.01875],[-7.86875,37.01944],[-7.86944,37.01875],[-7.86875,37.01792]]},"properties":{"source":"emodnet_dtm_2024","level":2}},{"type":"Feature","geometry":{"type":"LineString","coordinates":[[-6.59375,37.01958],[-6.59375,37.01958]]},"properties":{"source":"emodnet_dtm_2024","level":2}},{"type":"Feature","geometry":{"type":"LineString","coordinates":[[-6.59708,37.02042],[-6.59708,37.02042]]},"properties":{"source":"emodnet_dtm_2024","level":2}},{"type":"Feature","geometry":{"type":"LineString","coordinates":[[-8.01458,37.0225],[-8.01399,37.02292],[-8.01458,37.02321],[-8.01505,37.02292],[-8.01458,37.0225]]},"properties":{"source":"emodnet_dtm_2024","level":2}},{"type":"Feature","geometry":{"type":"LineString","coordinates":[[-7.86458,37.02222],[-7.86389,37.02292],[-7.86458,37.02351],[-7.86528,37.02292],[-7.86458,37.02222]]},"properties":{"source":"emodnet_dtm_2024","level":2}},{"type":"Feature","geometry":{"type":"LineString","coordinates":[[-6.60042,37.02292],[-6.60042,37.02292]]},"properties":{"source":"emodnet_dtm_2024","level":2}},{"type":"Feature","geometry":{"type":"LineString","coordinates":[[-7.83042,37.0236],[-7.82999,37.02375],[-7.83042,37.0236]]},"properties":{"source":"emodnet_dtm_2024","level":2}},{"type":"Feature","geometry":{"type":"LineString","coordinates":[[-6.60958,37.02792],[-6.60958,37.02792]]},"properties":{"source":"emodnet_dtm_2024","level":2}},{"type":"Feature","geometry":{"type":"LineString","coordinates":[[-6.61458,37.03125],[-6.61458,37.03125]]},"properties":{"source":"emodnet_dtm_2024","level":2}},{"type":"Feature","geometry":{"type":"LineString","coordinates":[[-6.63042,37.03958],[-6.63042,37.03958]]},"properties":{"source":"emodnet_dtm_2024","level":2}},{"type":"Feature","geometry":{"type":"LineString","coordinates":[[-6.63958,37.04375],[-6.63958,37.04375]]},"properties":{"source":"emodnet_dtm_2024","level":2}},{"type":"Feature","geometry":{"type":"LineString","coordinates":[[-7.74625,37.04709],[-7.74625,37.04794],[-7.74625,37.04709]]},"properties":{"source":"emodnet_dtm_2024","level":2}},{"type":"Feature","geometry":{"type":"LineString","coordinates":[[-6.65542,37.05208],[-6.65542,37.05208]]},"properties":{"source":"emodnet_dtm_2024","level":2}},{"type":"Feature","geometry":{"type":"LineString","coordinates":[[-6.66458,37.05708],[-6.66458,37.05708]]},"properties":{"source":"emodnet_dtm_2024","level":2}},{"type":"Feature","geometry":{"type":"LineString","coordinates":[[-6.67208,37.06042],[-6.67208,37.06042]]},"properties":{"source":"emodnet_dtm_2024","level":2}},{"type":"Feature","geometry":{"type":"LineString","coordinates":[[-6.67625,37.06208],[-6.67625,37.06208]]},"properties":{"source":"emodnet_dtm_2024","level":2}},{"type":"Feature","geometry":{"type":"LineString","coordinates":[[-6.68042,37.06458],[-6.68042,37.06458]]},"properties":{"source":"emodnet_dtm_2024","level":2}},{"type":"Feature","geometry":{"type":"LineString","coordinates":[[-6.68958,37.06875],[-6.68958,37.06875]]},"properties":{"source":"emodnet_dtm_2024","level":2}},{"type":"Feature","geometry":{"type":"LineString","coordinates":[[-6.69208,37.07042],[-6.69208,37.07042]]},"properties":{"source":"emodnet_dtm_2024","level":2}},{"type":"Feature","geometry":{"type":"LineString","coordinates":[[-6.69625,37.07292],[-6.69625,37.07292]]},"properties":{"source":"emodnet_dtm_2024","level":2}},{"type":"Feature","geometry":{"type":"LineString","coordinates":[[-6.69792,37.07375],[-6.69792,37.07375]]},"properties":{"source":"emodnet_dtm_2024","level":2}},{"type":"Feature","geometry":{"type":"LineString","coordinates":[[-8.96042,37.08125],[-8.96042,37.08125]]},"properties":{"source":"emodnet_dtm_2024","level":2}},{"type":"Feature","geometry":{"type":"LineString","coordinates":[[-6.72208,37.08542],[-6.72208,37.08542]]},"properties":{"source":"emodnet_dtm_2024","level":2}},{"type":"Feature","geometry":{"type":"LineString","coordinates":[[-6.72625,37.08708],[-6.72625,37.08708]]},"properties":{"source":"emodnet_dtm_2024","level":2}},{"type":"Feature","geometry":{"type":"LineString","coordinates":[[-8.95875,37.08958],[-8.95875,37.08958]]},"properties":{"source":"emodnet_dtm_2024","level":2}},{"type":"Feature","geometry":{"type":"LineString","coordinates":[[-6.73125,37.08958],[-6.73125,37.08958]]},"properties":{"source":"emodnet_dtm_2024","level":2}},{"type":"Feature","geometry":{"type":"LineString","coordinates":[[-6.73958,37.09375],[-6.73958,37.09375]]},"properties":{"source":"emodnet_dtm_2024","level":2}},{"type":"Feature","geometry":{"type":"LineString","coordinates":[[-6.74792,37.09792],[-6.74792,37.09792]]},"properties":{"source":"emodnet_dtm_2024","level":2}},{"type":"Feature","geometry":{"type":"LineString","coordinates":[[-6.76458,37.10625],[-6.76458,37.10625]]},"properties":{"source":"emodnet_dtm_2024","level":2}},{"type":"Feature","geometry":{"type":"LineString","coordinates":[[-6.83458,37.11042],[-6.83458,37.11042]]},"properties":{"source":"emodnet_dtm_2024","level":2}},{"type":"Feature","geometry":{"type":"LineString","coordinates":[[-6.78375,37.11458],[-6.78375,37.11458]]},"properties":{"source":"emodnet_dtm_2024","level":2}},{"type":"Feature","geometry":{"type":"LineString","coordinates":[[-6.79292,37.11875],[-6.79292,37.11875]]},"properties":{"source":"emodnet_dtm_2024","level":2}},{"type":"Feature","geometry":{"type":"LineString","coordinates":[[-6.79792,37.12042],[-6.79792,37.12042]]},"properties":{"source":"emodnet_dtm_2024","level":2}},{"type":"Feature","geometry":{"type":"LineString","coordinates":[[-6.80625,37.12375],[-6.80625,37.12375]]},"properties":{"source":"emodnet_dtm_2024","level":2}},{"type":"Feature","geometry":{"type":"LineString","coordinates":[[-7.61292,37.12456],[-7.61292,37.12456]]},"properties":{"source":"emodnet_dtm_2024","level":2}},{"type":"Feature","geometry":{"type":"LineString","coordinates":[[-6.81458,37.12458],[-6.81458,37.12458]]},"properties":{"source":"emodnet_dtm_2024","level":2}},{"type":"Feature","geometry":{"type":"LineString","coordinates":[[-7.60958,37.12621],[-7.60958,37.12621]]},"properties":{"source":"emodnet_dtm_2024","level":2}},{"type":"Feature","geometry":{"type":"LineString","coordinates":[[-6.82958,37.12958],[-6.82958,37.12958]]},"properties":{"source":"emodnet_dtm_2024","level":2}},{"type":"Feature","geometry":{"type":"LineString","coordinates":[[-6.85958,37.13125],[-6.85958,37.13125]]},"properties":{"source":"emodnet_dtm_2024","level":2}},{"type":"Feature","geometry":{"type":"LineString","coordinates":[[-6.87208,37.13625],[-6.87208,37.13625]]},"properties":{"source":"emodnet_dtm_2024","level":2}},{"type":"Feature","geometry":{"type":"LineString","coordinates":[[-6.87958,37.13958],[-6.87958,37.13958]]},"properties":{"source":"emodnet_dtm_2024","level":2}},{"type":"Feature","geometry":{"type":"LineString","coordinates":[[-6.88125,37.14042],[-6.88125,37.14042]]},"properties":{"source":"emodnet_dtm_2024","level":2}},{"type":"Feature","geometry":{"type":"LineString","coordinates":[[-6.88458,37.14125],[-6.88458,37.14125]]},"properties":{"source":"emodnet_dtm_2024","level":2}},{"type":"Feature","geometry":{"type":"LineString","coordinates":[[-6.87792,37.14208],[-6.87792,37.14208]]},"properties":{"source":"emodnet_dtm_2024","level":2}},{"type":"Feature","geometry":{"type":"LineString","coordinates":[[-6.89208,37.14375],[-6.89208,37.14375]]},"properties":{"source":"emodnet_dtm_2024","level":2}},{"type":"Feature","geometry":{"type":"LineString","coordinates":[[-6.89375,37.14458],[-6.89375,37.14458]]},"properties":{"source":"emodnet_dtm_2024","level":2}},{"type":"Feature","geometry":{"type":"LineString","coordinates":[[-6.89625,37.14542],[-6.89625,37.14542]]},"properties":{"source":"emodnet_dtm_2024","level":2}},{"type":"Feature","geometry":{"type":"LineString","coordinates":[[-6.88708,37.14625],[-6.88708,37.14625]]},"properties":{"source":"emodnet_dtm_2024","level":2}},{"type":"Feature","geometry":{"type":"LineString","coordinates":[[-6.90125,37.14792],[-6.90125,37.14792]]},"properties":{"source":"emodnet_dtm_2024","level":2}},{"type":"Feature","geometry":{"type":"LineString","coordinates":[[-6.90542,37.14958],[-6.90542,37.14958]]},"properties":{"source":"emodnet_dtm_2024","level":2}},{"type":"Feature","geometry":{"type":"LineString","coordinates":[[-6.91042,37.15208],[-6.91042,37.15208]]},"properties":{"source":"emodnet_dtm_2024","level":2}},{"type":"Feature","geometry":{"type":"LineString","coordinates":[[-6.91375,37.15292],[-6.91375,37.15292]]},"properties":{"source":"emodnet_dtm_2024","level":2}},{"type":"Feature","geometry":{"type":"LineString","coordinates":[[-6.92125,37.15625],[-6.92125,37.15625]]},"properties":{"source":"emodnet_dtm_2024","level":2}},{"type":"Feature","geometry":{"type":"LineString","coordinates":[[-6.92625,37.15792],[-6.92625,37.15792]]},"properties":{"source":"emodnet_dtm_2024","level":2}},{"type":"Feature","geometry":{"type":"LineString","coordinates":[[-6.90792,37.15875],[-6.90792,37.15875]]},"properties":{"source":"emodnet_dtm_2024","level":2}},{"type":"Feature","geometry":{"type":"LineString","coordinates":[[-8.90625,37.16042],[-8.90625,37.16042]]},"properties":{"source":"emodnet_dtm_2024","level":2}},{"type":"Feature","geometry":{"type":"LineString","coordinates":[[-6.93042,37.16042],[-6.93042,37.16042]]},"properties":{"source":"emodnet_dtm_2024","level":2}},{"type":"Feature","geometry":{"type":"LineString","coordinates":[[-6.89708,37.16125],[-6.89708,37.16125]]},"properties":{"source":"emodnet_dtm_2024","level":2}},{"type":"Feature","geometry":{"type":"LineString","coordinates":[[-6.94625,37.16199],[-6.94625,37.16266],[-6.94625,37.16199]]},"properties":{"source":"emodnet_dtm_2024","level":2}},{"type":"Feature","geometry":{"type":"LineString","coordinates":[[-6.93375,37.16208],[-6.93375,37.16208]]},"properties":{"source":"emodnet_dtm_2024","level":2}},{"type":"Feature","geometry":{"type":"LineString","coordinates":[[-6.93792,37.16542],[-6.93792,37.16542]]},"properties":{"source":"emodnet_dtm_2024","level":2}},{"type":"Feature","geometry":{"type":"LineString","coordinates":[[-6.95125,37.16625],[-6.95125,37.16625]]},"properties":{"source":"emodnet_dtm_2024","level":2}},{"type":"Feature","geometry":{"type":"LineString","coordinates":[[-6.93958,37.16625],[-6.93958,37.16625]]},"properties":{"source":"emodnet_dtm_2024","level":2}},{"type":"Feature","geometry":{"type":"LineString","coordinates":[[-6.95458,37.16875],[-6.95458,37.16875]]},"properties":{"source":"emodnet_dtm_2024","level":2}},{"type":"Feature","geometry":{"type":"LineString","coordinates":[[-6.94375,37.16875],[-6.94375,37.16875]]},"properties":{"source":"emodnet_dtm_2024","level":2}},{"type":"Feature","geometry":{"type":"LineString","coordinates":[[-6.95625,37.16958],[-6.95625,37.16958]]},"properties":{"source":"emodnet_dtm_2024","level":2}},{"type":"Feature","geometry":{"type":"LineString","coordinates":[[-6.95875,37.17042],[-6.95875,37.17042]]},"properties":{"source":"emodnet_dtm_2024","level":2}},{"type":"Feature","geometry":{"type":"LineString","coordinates":[[-6.96375,37.17292],[-6.96375,37.17292]]},"properties":{"source":"emodnet_dtm_2024","level":2}},{"type":"Feature","geometry":{"type":"LineString","coordinates":[[-6.96792,37.17458],[-6.96792,37.17458]]},"properties":{"source":"emodnet_dtm_2024","level":2}},{"type":"Feature","geometry":{"type":"LineString","coordinates":[[-6.94958,37.17542],[-6.94958,37.17542]]},"properties":{"source":"emodnet_dtm_2024","level":2}},{"type":"Feature","geometry":{"type":"LineString","coordinates":[[-6.97208,37.17708],[-6.97208,37.17708]]},"properties":{"source":"emodnet_dtm_2024","level":2}},{"type":"Feature","geometry":{"type":"LineString","coordinates":[[-6.95042,37.17708],[-6.95042,37.17708]]},"properties":{"source":"emodnet_dtm_2024","level":2}},{"type":"Feature","geometry":{"type":"LineString","coordinates":[[-6.95208,37.17792],[-6.95208,37.17792]]},"properties":{"source":"emodnet_dtm_2024","level":2}},{"type":"Feature","geometry":{"type":"LineString","coordinates":[[-6.97625,37.17875],[-6.97625,37.17875]]},"properties":{"source":"emodnet_dtm_2024","level":2}},{"type":"Feature","geometry":{"type":"LineString","coordinates":[[-6.97958,37.18125],[-6.97958,37.18125]]},"properties":{"source":"emodnet_dtm_2024","level":2}},{"type":"Feature","geometry":{"type":"LineString","coordinates":[[-6.98458,37.18292],[-6.98458,37.18292]]},"properties":{"source":"emodnet_dtm_2024","level":2}},{"type":"Feature","geometry":{"type":"LineString","coordinates":[[-6.98792,37.18542],[-6.98792,37.18542]]},"properties":{"source":"emodnet_dtm_2024","level":2}},{"type":"Feature","geometry":{"type":"LineString","coordinates":[[-6.98958,37.18625],[-6.98958,37.18625]]},"properties":{"source":"emodnet_dtm_2024","level":2}},{"type":"Feature","geometry":{"type":"LineString","coordinates":[[-6.96208,37.18625],[-6.96208,37.18625]]},"properties":{"source":"emodnet_dtm_2024","level":2}},{"type":"Feature","geometry":{"type":"LineString","coordinates":[[-6.99292,37.18708],[-6.99292,37.18708]]},"properties":{"source":"emodnet_dtm_2024","level":2}},{"type":"Feature","geometry":{"type":"LineString","coordinates":[[-6.99792,37.18958],[-6.99792,37.18958]]},"properties":{"source":"emodnet_dtm_2024","level":2}},{"type":"Feature","geometry":{"type":"LineString","coordinates":[[-7.00042,37.19042],[-7.00042,37.19042]]},"properties":{"source":"emodnet_dtm_2024","level":2}},{"type":"Feature","geometry":{"type":"LineString","coordinates":[[-6.93458,37.19042],[-6.93458,37.19042]]},"properties":{"source":"emodnet_dtm_2024","level":2}},{"type":"Feature","geometry":{"type":"LineString","coordinates":[[-7.00208,37.19125],[-7.00208,37.19125]]},"properties":{"source":"emodnet_dtm_2024","level":2}},{"type":"Feature","geometry":{"type":"LineString","coordinates":[[-7.00542,37.19375],[-7.00542,37.19375]]},"properties":{"source":"emodnet_dtm_2024","level":2}},{"type":"Feature","geometry":{"type":"LineString","coordinates":[[-7.00958,37.19458],[-7.00958,37.19458]]},"properties":{"source":"emodnet_dtm_2024","level":2}},{"type":"Feature","geometry":{"type":"LineString","coordinates":[[-7.01708,37.19792],[-7.01708,37.19792]]},"properties":{"source":"emodnet_dtm_2024","level":2}},{"type":"Feature","geometry":{"type":"LineString","coordinates":[[-6.93875,37.19792],[-6.93875,37.19792]]},"properties":{"source":"emodnet_dtm_2024","level":2}},{"type":"Feature","geometry":{"type":"LineString","coordinates":[[-7.02125,37.19875],[-7.02125,37.19875]]},"properties":{"source":"emodnet_dtm_2024","level":2}},{"type":"Feature","geometry":{"type":"LineString","coordinates":[[-7.02542,37.19958],[-7.02542,37.19958]]},"properties":{"source":"emodnet_dtm_2024","level":2}},{"type":"Feature","geometry":{"type":"LineString","coordinates":[[-6.93875,37.20042],[-6.93875,37.20042]]},"properties":{"source":"emodnet_dtm_2024","level":2}},{"type":"Feature","geometry":{"type":"LineString","coordinates":[[-6.92625,37.20042],[-6.92625,37.20042]]},"properties":{"source":"emodnet_dtm_2024","level":2}},{"type":"Feature","geometry":{"type":"LineString","coordinates":[[-7.03542,37.20292],[-7.03542,37.20292]]},"properties":{"source":"emodnet_dtm_2024","level":2}},{"type":"Feature","geometry":{"type":"LineString","coordinates":[[-7.03792,37.20375],[-7.03792,37.20375]]},"properties":{"source":"emodnet_dtm_2024","level":2}},{"type":"Feature","geometry":{"type":"LineString","coordinates":[[-7.04625,37.20625],[-7.04625,37.20625]]},"properties":{"source":"emodnet_dtm_2024","level":2}},{"type":"Feature","geometry":{"type":"LineString","coordinates":[[-7.05042,37.20708],[-7.05042,37.20708]]},"properties":{"source":"emodnet_dtm_2024","level":2}},{"type":"Feature","geometry":{"type":"LineString","coordinates":[[-6.93375,37.20686],[-6.93313,37.20708],[-6.93375,37.20731],[-6.93375,37.20686]]},"properties":{"source":"emodnet_dtm_2024","level":2}},{"type":"Feature","geometry":{"type":"LineString","coordinates":[[-7.05542,37.20792],[-7.05542,37.20792]]},"properties":{"source":"emodnet_dtm_2024","level":2}},{"type":"Feature","geometry":{"type":"LineString","coordinates":[[-6.93292,37.20772],[-6.93292,37.20772]]},"properties":{"source":"emodnet_dtm_2024","level":2}},{"type":"Feature","geometry":{"type":"LineString","coordinates":[[-7.07292,37.20958],[-7.07292,37.20958]]},"properties":{"source":"emodnet_dtm_2024","level":2}},{"type":"Feature","geometry":{"type":"LineString","coordinates":[[-6.95375,37.21026],[-6.95375,37.21026]]},"properties":{"source":"emodnet_dtm_2024","level":2}},{"type":"Feature","geometry":{"type":"LineString","coordinates":[[-6.97458,37.21125],[-6.97458,37.21125]]},"properties":{"source":"emodnet_dtm_2024","level":2}},{"type":"Feature","geometry":{"type":"LineString","coordinates":[[-7.08125,37.21208],[-7.08125,37.21208]]},"properties":{"source":"emodnet_dtm_2024","level":2}},{"type":"Feature","geometry":{"type":"LineString","coordinates":[[-7.13875,37.21292],[-7.13875,37.21292]]},"properties":{"source":"emodnet_dtm_2024","level":2}},{"type":"Feature","geometry":{"type":"LineString","coordinates":[[-6.95792,37.21292],[-6.95792,37.21292]]},"properties":{"source":"emodnet_dtm_2024","level":2}},{"type":"Feature","geometry":{"type":"LineString","coordinates":[[-7.13125,37.21375],[-7.13125,37.21375]]},"properties":{"source":"emodnet_dtm_2024","level":2}},{"type":"Feature","geometry":{"type":"LineString","coordinates":[[-6.97208,37.21375],[-6.97208,37.21375]]},"properties":{"source":"emodnet_dtm_2024","level":2}},{"type":"Feature","geometry":{"type":"LineString","coordinates":[[-6.92708,37.21375],[-6.92708,37.21375]]},"properties":{"source":"emodnet_dtm_2024","level":2}},{"type":"Feature","geometry":{"type":"LineString","coordinates":[[-7.11708,37.21458],[-7.11708,37.21458]]},"properties":{"source":"emodnet_dtm_2024","level":2}},{"type":"Feature","geometry":{"type":"LineString","coordinates":[[-6.95792,37.21458],[-6.95792,37.21458]]},"properties":{"source":"emodnet_dtm_2024","level":2}},{"type":"Feature","geometry":{"type":"LineString","coordinates":[[-7.13708,37.21542],[-7.13708,37.21542]]},"properties":{"source":"emodnet_dtm_2024","level":2}},{"type":"Feature","geometry":{"type":"LineString","coordinates":[[-7.12708,37.21542],[-7.12708,37.21542]]},"properties":{"source":"emodnet_dtm_2024","level":2}},{"type":"Feature","geometry":{"type":"LineString","coordinates":[[-7.13625,37.21625],[-7.13625,37.21625]]},"properties":{"source":"emodnet_dtm_2024","level":2}},{"type":"Feature","geometry":{"type":"LineString","coordinates":[[-7.12958,37.21625],[-7.12958,37.21625]]},"properties":{"source":"emodnet_dtm_2024","level":2}},{"type":"Feature","geometry":{"type":"LineString","coordinates":[[-6.97125,37.21708],[-6.97125,37.21708]]},"properties":{"source":"emodnet_dtm_2024","level":2}},{"type":"Feature","geometry":{"type":"LineString","coordinates":[[-6.92292,37.21792],[-6.92292,37.21792]]},"properties":{"source":"emodnet_dtm_2024","level":2}},{"type":"Feature","geometry":{"type":"LineString","coordinates":[[-8.88708,37.21872],[-8.88708,37.21872]]},"properties":{"source":"emodnet_dtm_2024","level":2}},{"type":"Feature","geometry":{"type":"LineString","coordinates":[[-8.88625,37.21935],[-8.88625,37.21966],[-8.88625,37.21935]]},"properties":{"source":"emodnet_dtm_2024","level":2}},{"type":"Feature","geometry":{"type":"LineString","coordinates":[[-6.96792,37.21958],[-6.96792,37.21958]]},"properties":{"source":"emodnet_dtm_2024","level":2}},{"type":"Feature","geometry":{"type":"LineString","coordinates":[[-6.96958,37.22125],[-6.96958,37.22125]]},"properties":{"source":"emodnet_dtm_2024","level":2}},{"type":"Feature","geometry":{"type":"LineString","coordinates":[[-6.92125,37.22125],[-6.92125,37.22125]]},"properties":{"source":"emodnet_dtm_2024","level":2}},{"type":"Feature","geometry":{"type":"LineString","coordinates":[[-6.95042,37.22201],[-6.95042,37.2225],[-6.95042,37.22201]]},"properties":{"source":"emodnet_dtm_2024","level":2}},{"type":"Feature","geometry":{"type":"LineString","coordinates":[[-6.91875,37.22208],[-6.91875,37.22208]]},"properties":{"source":"emodnet_dtm_2024","level":2}},{"type":"Feature","geometry":{"type":"LineString","coordinates":[[-6.91458,37.22542],[-6.91458,37.22542]]},"properties":{"source":"emodnet_dtm_2024","level":2}},{"type":"Feature","geometry":{"type":"LineString","coordinates":[[-6.91042,37.22958],[-6.91042,37.22958]]},"properties":{"source":"emodnet_dtm_2024","level":2}},{"type":"Feature","geometry":{"type":"LineString","coordinates":[[-6.90958,37.23042],[-6.90958,37.23042]]},"properties":{"source":"emodnet_dtm_2024","level":2}},{"type":"Feature","geometry":{"type":"LineString","coordinates":[[-6.99625,37.23375],[-6.99625,37.23375]]},"properties":{"source":"emodnet_dtm_2024","level":2}},{"type":"Feature","geometry":{"type":"LineString","coordinates":[[-6.99375,37.23458],[-6.99375,37.23458]]},"properties":{"source":"emodnet_dtm_2024","level":2}},{"type":"Feature","geometry":{"type":"LineString","coordinates":[[-6.97292,37.23458],[-6.97292,37.23458]]},"properties":{"source":"emodnet_dtm_2024","level":2}},{"type":"Feature","geometry":{"type":"LineString","coordinates":[[-6.90625,37.23458],[-6.90625,37.23458]]},"properties":{"source":"emodnet_dtm_2024","level":2}},{"type":"Feature","geometry":{"type":"LineString","coordinates":[[-6.91625,37.23542],[-6.91625,37.23542]]},"properties":{"source":"emodnet_dtm_2024","level":2}},{"type":"Feature","geometry":{"type":"LineString","coordinates":[[-6.99292,37.23625],[-6.99292,37.23625]]},"properties":{"source":"emodnet_dtm_2024","level":2}},{"type":"Feature","geometry":{"type":"LineString","coordinates":[[-6.95542,37.23625],[-6.95542,37.23625]]},"properties":{"source":"emodnet_dtm_2024","level":2}},{"type":"Feature","geometry":{"type":"LineString","coordinates":[[-6.97208,37.23708],[-6.97208,37.23708]]},"properties":{"source":"emodnet_dtm_2024","level":2}},{"type":"Feature","geometry":{"type":"LineString","coordinates":[[-6.92208,37.23792],[-6.92208,37.23792]]},"properties":{"source":"emodnet_dtm_2024","level":2}},{"type":"Feature","geometry":{"type":"LineString","coordinates":[[-6.90458,37.23792],[-6.90458,37.23792]]},"properties":{"source":"emodnet_dtm_2024","level":2}},{"type":"Feature","geometry":{"type":"LineString","coordinates":[[-6.97125,37.23875],[-6.97125,37.23875]]},"properties":{"source":"emodnet_dtm_2024","level":2}},{"type":"Feature","geometry":{"type":"LineString","coordinates":[[-8.87375,37.23958],[-8.87375,37.23958]]},"properties":{"source":"emodnet_dtm_2024","level":2}},{"type":"Feature","geometry":{"type":"LineString","coordinates":[[-6.95625,37.24125],[-6.95625,37.24125]]},"properties":{"source":"emodnet_dtm_2024","level":2}},{"type":"Feature","geometry":{"type":"LineString","coordinates":[[-6.90042,37.24292],[-6.90042,37.24292]]},"properties":{"source":"emodnet_dtm_2024","level":2}},{"type":"Feature","geometry":{"type":"LineString","coordinates":[[-6.89625,37.24625],[-6.89625,37.24625]]},"properties":{"source":"emodnet_dtm_2024","level":2}},{"type":"Feature","geometry":{"type":"LineString","coordinates":[[-6.88958,37.25125],[-6.88958,37.25125]]},"properties":{"source":"emodnet_dtm_2024","level":2}},{"type":"Feature","geometry":{"type":"LineString","coordinates":[[-6.95958,37.25208],[-6.95958,37.25208]]},"properties":{"source":"emodnet_dtm_2024","level":2}},{"type":"Feature","geometry":{"type":"LineString","coordinates":[[-6.96042,37.25375],[-6.96042,37.25375]]},"properties":{"source":"emodnet_dtm_2024","level":2}},{"type":"Feature","geometry":{"type":"LineString","coordinates":[[-6.88708,37.25375],[-6.88708,37.25375]]},"properties":{"source":"emodnet_dtm_2024","level":2}},{"type":"Feature","geometry":{"type":"LineString","coordinates":[[-6.88542,37.25458],[-6.88542,37.25458]]},"properties":{"source":"emodnet_dtm_2024","level":2}},{"type":"Feature","geometry":{"type":"LineString","coordinates":[[-6.96542,37.25542],[-6.96542,37.25542]]},"properties":{"source":"emodnet_dtm_2024","level":2}},{"type":"Feature","geometry":{"type":"LineString","coordinates":[[-6.88458,37.25542],[-6.88458,37.25542]]},"properties":{"source":"emodnet_dtm_2024","level":2}},{"type":"Feature","geometry":{"type":"LineString","coordinates":[[-6.88875,37.25875],[-6.88875,37.25875]]},"properties":{"source":"emodnet_dtm_2024","level":2}},{"type":"Feature","geometry":{"type":"LineString","coordinates":[[-6.88792,37.25958],[-6.88792,37.25958]]},"properties":{"source":"emodnet_dtm_2024","level":2}},{"type":"Feature","geometry":{"type":"LineString","coordinates":[[-6.96625,37.26625],[-6.96625,37.26625]]},"properties":{"source":"emodnet_dtm_2024","level":2}},{"type":"Feature","geometry":{"type":"LineString","coordinates":[[-6.88792,37.26625],[-6.88792,37.26625]]},"properties":{"source":"emodnet_dtm_2024","level":2}},{"type":"Feature","geometry":{"type":"LineString","coordinates":[[-6.97542,37.26708],[-6.97542,37.26708]]},"properties":{"source":"emodnet_dtm_2024","level":2}},{"type":"Feature","geometry":{"type":"LineString","coordinates":[[-6.96375,37.26708],[-6.96375,37.26708]]},"properties":{"source":"emodnet_dtm_2024","level":2}},{"type":"Feature","geometry":{"type":"LineString","coordinates":[[-6.97708,37.26792],[-6.97708,37.26792]]},"properties":{"source":"emodnet_dtm_2024","level":2}},{"type":"Feature","geometry":{"type":"LineString","coordinates":[[-6.88708,37.27042],[-6.88708,37.27042]]},"properties":{"source":"emodnet_dtm_2024","level":2}},{"type":"Feature","geometry":{"type":"LineString","coordinates":[[-6.87042,37.27042],[-6.87042,37.27042]]},"properties":{"source":"emodnet_dtm_2024","level":2}},{"type":"Feature","geometry":{"type":"LineString","coordinates":[[-6.86792,37.27125],[-6.86792,37.27125]]},"properties":{"source":"emodnet_dtm_2024","level":2}},{"type":"Feature","geometry":{"type":"LineString","coordinates":[[-6.87625,37.27208],[-6.87625,37.27208]]},"properties":{"source":"emodnet_dtm_2024","level":2}},{"type":"Feature","geometry":{"type":"LineString","coordinates":[[-6.96042,37.27458],[-6.96042,37.27458]]},"properties":{"source":"emodnet_dtm_2024","level":2}},{"type":"Feature","geometry":{"type":"LineString","coordinates":[[-6.95875,37.27542],[-6.95875,37.27542]]},"properties":{"source":"emodnet_dtm_2024","level":2}},{"type":"Feature","geometry":{"type":"LineString","coordinates":[[-6.96458,37.27625],[-6.96458,37.27625]]},"properties":{"source":"emodnet_dtm_2024","level":2}},{"type":"Feature","geometry":{"type":"LineString","coordinates":[[-6.96208,37.27708],[-6.96208,37.27708]]},"properties":{"source":"emodnet_dtm_2024","level":2}},{"type":"Feature","geometry":{"type":"LineString","coordinates":[[-6.87458,37.27708],[-6.87458,37.27708]]},"properties":{"source":"emodnet_dtm_2024","level":2}},{"type":"Feature","geometry":{"type":"LineString","coordinates":[[-6.86292,37.27792],[-6.86292,37.27792]]},"properties":{"source":"emodnet_dtm_2024","level":2}},{"type":"Feature","geometry":{"type":"LineString","coordinates":[[-6.95542,37.27875],[-6.95542,37.27875]]},"properties":{"source":"emodnet_dtm_2024","level":2}},{"type":"Feature","geometry":{"type":"LineString","coordinates":[[-6.97208,37.27958],[-6.97208,37.27958]]},"properties":{"source":"emodnet_dtm_2024","level":2}},{"type":"Feature","geometry":{"type":"LineString","coordinates":[[-6.97042,37.27958],[-6.97042,37.27958]]},"properties":{"source":"emodnet_dtm_2024","level":2}},{"type":"Feature","geometry":{"type":"LineString","coordinates":[[-6.87208,37.27958],[-6.87208,37.27958]]},"properties":{"source":"emodnet_dtm_2024","level":2}},{"type":"Feature","geometry":{"type":"LineString","coordinates":[[-6.86875,37.28458],[-6.86875,37.28458]]},"properties":{"source":"emodnet_dtm_2024","level":2}},{"type":"Feature","geometry":{"type":"LineString","coordinates":[[-8.86625,37.28542],[-8.86625,37.28542]]},"properties":{"source":"emodnet_dtm_2024","level":2}},{"type":"Feature","geometry":{"type":"LineString","coordinates":[[-6.86958,37.28625],[-6.86958,37.28625]]},"properties":{"source":"emodnet_dtm_2024","level":2}},{"type":"Feature","geometry":{"type":"LineString","coordinates":[[-6.96625,37.28708],[-6.96625,37.28708]]},"properties":{"source":"emodnet_dtm_2024","level":2}},{"type":"Feature","geometry":{"type":"LineString","coordinates":[[-6.86708,37.28792],[-6.86708,37.28792]]},"properties":{"source":"emodnet_dtm_2024","level":2}},{"type":"Feature","geometry":{"type":"LineString","coordinates":[[-6.95625,37.28875],[-6.95625,37.28875]]},"properties":{"source":"emodnet_dtm_2024","level":2}},{"type":"Feature","geometry":{"type":"LineString","coordinates":[[-6.95958,37.29125],[-6.95958,37.29125]]},"properties":{"source":"emodnet_dtm_2024","level":2}},{"type":"Feature","geometry":{"type":"LineString","coordinates":[[-6.95458,37.29458],[-6.95458,37.29458]]},"properties":{"source":"emodnet_dtm_2024","level":2}},{"type":"Feature","geometry":{"type":"LineString","coordinates":[[-6.97542,37.29542],[-6.97542,37.29542]]},"properties":{"source":"emodnet_dtm_2024","level":2}},{"type":"Feature","geometry":{"type":"LineString","coordinates":[[-6.85625,37.29625],[-6.85625,37.29625]]},"properties":{"source":"emodnet_dtm_2024","level":2}},{"type":"Feature","geometry":{"type":"LineString","coordinates":[[-6.97708,37.30375],[-6.97708,37.30375]]},"properties":{"source":"emodnet_dtm_2024","level":2}},{"type":"Feature","geometry":{"type":"LineString","coordinates":[[-6.95625,37.30708],[-6.95625,37.30708]]},"properties":{"source":"emodnet_dtm_2024","level":2}},{"type":"Feature","geometry":{"type":"LineString","coordinates":[[-8.86958,37.32292],[-8.86958,37.32292]]},"properties":{"source":"emodnet_dtm_2024","level":2}},{"type":"Feature","geometry":{"type":"LineString","coordinates":[[-8.84042,37.36064],[-8.83993,37.36125],[-8.84042,37.36147],[-8.84042,37.36064]]},"properties":{"source":"emodnet_dtm_2024","level":2}},{"type":"Feature","geometry":{"type":"LineString","coordinates":[[-8.82375,37.38542],[-8.82375,37.38542]]},"properties":{"source":"emodnet_dtm_2024","level":2}},{"type":"Feature","geometry":{"type":"LineString","coordinates":[[-8.81958,37.39373],[-8.81958,37.39373]]},"properties":{"source":"emodnet_dtm_2024","level":2}},{"type":"Feature","geometry":{"type":"LineString","coordinates":[[-8.81542,37.40333],[-8.81542,37.40379],[-8.81542,37.40333]]},"properties":{"source":"emodnet_dtm_2024","level":2}},{"type":"Feature","geometry":{"type":"LineString","coordinates":[[-8.78625,37.53125],[-8.78625,37.53125]]},"properties":{"source":"emodnet_dtm_2024","level":2}},{"type":"Feature","geometry":{"type":"LineString","coordinates":[[-8.79292,37.55872],[-8.79292,37.55872]]},"properties":{"source":"emodnet_dtm_2024","level":2}},{"type":"Feature","geometry":{"type":"LineString","coordinates":[[-8.85375,37.99542],[-8.85375,37.99542]]},"properties":{"source":"emodnet_dtm_2024","level":2}},{"type":"Feature","geometry":{"type":"LineString","coordinates":[[-8.83042,38.03646],[-8.83042,38.03715],[-8.83124,38.03708],[-8.83042,38.03646]]},"properties":{"source":"emodnet_dtm_2024","level":2}},{"type":"Feature","geometry":{"type":"LineString","coordinates":[[-8.81792,38.06414],[-8.81792,38.06467],[-8.81792,38.06414]]},"properties":{"source":"emodnet_dtm_2024","level":2}},{"type":"Feature","geometry":{"type":"LineString","coordinates":[[-8.81042,38.08125],[-8.81042,38.08125]]},"properties":{"source":"emodnet_dtm_2024","level":2}},{"type":"Feature","geometry":{"type":"LineString","coordinates":[[-8.79792,38.11458],[-8.79792,38.11458]]},"properties":{"source":"emodnet_dtm_2024","level":2}},{"type":"Feature","geometry":{"type":"LineString","coordinates":[[-8.79208,38.13542],[-8.79208,38.13542]]},"properties":{"source":"emodnet_dtm_2024","level":2}},{"type":"Feature","geometry":{"type":"LineString","coordinates":[[-8.79375,38.38375],[-8.79375,38.38375]]},"properties":{"source":"emodnet_dtm_2024","level":2}},{"type":"Feature","geometry":{"type":"LineString","coordinates":[[-8.79375,38.39958],[-8.79375,38.39958]]},"properties":{"source":"emodnet_dtm_2024","level":2}},{"type":"Feature","geometry":{"type":"LineString","coordinates":[[-8.76375,38.40875],[-8.76375,38.40875]]},"properties":{"source":"emodnet_dtm_2024","level":2}},{"type":"Feature","geometry":{"type":"LineString","coordinates":[[-8.66042,38.40875],[-8.66042,38.40875]]},"properties":{"source":"emodnet_dtm_2024","level":2}},{"type":"Feature","geometry":{"type":"LineString","coordinates":[[-8.77292,38.40958],[-8.77292,38.40958]]},"properties":{"source":"emodnet_dtm_2024","level":2}},{"type":"Feature","geometry":{"type":"LineString","coordinates":[[-8.66042,38.41042],[-8.66042,38.41042]]},"properties":{"source":"emodnet_dtm_2024","level":2}},{"type":"Feature","geometry":{"type":"LineString","coordinates":[[-8.66292,38.41208],[-8.66292,38.41208]]},"properties":{"source":"emodnet_dtm_2024","level":2}},{"type":"Feature","geometry":{"type":"LineString","coordinates":[[-8.78792,38.41292],[-8.78792,38.41292]]},"properties":{"source":"emodnet_dtm_2024","level":2}},{"type":"Feature","geometry":{"type":"LineString","coordinates":[[-8.75875,38.41292],[-8.75875,38.41292]]},"properties":{"source":"emodnet_dtm_2024","level":2}},{"type":"Feature","geometry":{"type":"LineString","coordinates":[[-8.66708,38.41255],[-8.66708,38.41297],[-8.66708,38.41255]]},"properties":{"source":"emodnet_dtm_2024","level":2}},{"type":"Feature","geometry":{"type":"LineString","coordinates":[[-8.76708,38.41373],[-8.76708,38.41373]]},"properties":{"source":"emodnet_dtm_2024","level":2}},{"type":"Feature","geometry":{"type":"LineString","coordinates":[[-8.75542,38.41375],[-8.75542,38.41375]]},"properties":{"source":"emodnet_dtm_2024","level":2}},{"type":"Feature","geometry":{"type":"LineString","coordinates":[[-8.78875,38.41458],[-8.78875,38.41458]]},"properties":{"source":"emodnet_dtm_2024","level":2}},{"type":"Feature","geometry":{"type":"LineString","coordinates":[[-8.77375,38.41458],[-8.77375,38.41458]]},"properties":{"source":"emodnet_dtm_2024","level":2}},{"type":"Feature","geometry":{"type":"LineString","coordinates":[[-8.66708,38.41542],[-8.66708,38.41542]]},"properties":{"source":"emodnet_dtm_2024","level":2}},{"type":"Feature","geometry":{"type":"LineString","coordinates":[[-8.79792,38.41625],[-8.79792,38.41625]]},"properties":{"source":"emodnet_dtm_2024","level":2}},{"type":"Feature","geometry":{"type":"LineString","coordinates":[[-8.79542,38.41625],[-8.79542,38.41625]]},"properties":{"source":"emodnet_dtm_2024","level":2}},{"type":"Feature","geometry":{"type":"LineString","coordinates":[[-8.79208,38.41625],[-8.79208,38.41625]]},"properties":{"source":"emodnet_dtm_2024","level":2}},{"type":"Feature","geometry":{"type":"LineString","coordinates":[[-8.66875,38.41625],[-8.66875,38.41625]]},"properties":{"source":"emodnet_dtm_2024","level":2}},{"type":"Feature","geometry":{"type":"LineString","coordinates":[[-8.77375,38.41708],[-8.77375,38.41708]]},"properties":{"source":"emodnet_dtm_2024","level":2}},{"type":"Feature","geometry":{"type":"LineString","coordinates":[[-8.75375,38.41694],[-8.75375,38.41741],[-8.75375,38.41694]]},"properties":{"source":"emodnet_dtm_2024","level":2}},{"type":"Feature","geometry":{"type":"LineString","coordinates":[[-8.75042,38.41708],[-8.75042,38.41708]]},"properties":{"source":"emodnet_dtm_2024","level":2}},{"type":"Feature","geometry":{"type":"LineString","coordinates":[[-8.74708,38.41792],[-8.74708,38.41792]]},"properties":{"source":"emodnet_dtm_2024","level":2}},{"type":"Feature","geometry":{"type":"LineString","coordinates":[[-8.67208,38.41875],[-8.67208,38.41875]]},"properties":{"source":"emodnet_dtm_2024","level":2}},{"type":"Feature","geometry":{"type":"LineString","coordinates":[[-8.75042,38.41958],[-8.75042,38.41958]]},"properties":{"source":"emodnet_dtm_2024","level":2}},{"type":"Feature","geometry":{"type":"LineString","coordinates":[[-8.77292,38.42041],[-8.77292,38.42041]]},"properties":{"source":"emodnet_dtm_2024","level":2}},{"type":"Feature","geometry":{"type":"LineString","coordinates":[[-8.67625,38.42042],[-8.67625,38.42042]]},"properties":{"source":"emodnet_dtm_2024","level":2}},{"type":"Feature","geometry":{"type":"LineString","coordinates":[[-8.79708,38.42125],[-8.79708,38.42125]]},"properties":{"source":"emodnet_dtm_2024","level":2}},{"type":"Feature","geometry":{"type":"LineString","coordinates":[[-9.21542,38.42286],[-9.21458,38.42292],[-9.21542,38.42286]]},"properties":{"source":"emodnet_dtm_2024","level":2}},{"type":"Feature","geometry":{"type":"LineString","coordinates":[[-8.79625,38.42292],[-8.79625,38.42292]]},"properties":{"source":"emodnet_dtm_2024","level":2}},{"type":"Feature","geometry":{"type":"LineString","coordinates":[[-8.68042,38.42375],[-8.68042,38.42375]]},"properties":{"source":"emodnet_dtm_2024","level":2}},{"type":"Feature","geometry":{"type":"LineString","coordinates":[[-8.80875,38.42708],[-8.80875,38.42708]]},"properties":{"source":"emodnet_dtm_2024","level":2}},{"type":"Feature","geometry":{"type":"LineString","coordinates":[[-8.68375,38.42792],[-8.68375,38.42792]]},"properties":{"source":"emodnet_dtm_2024","level":2}},{"type":"Feature","geometry":{"type":"LineString","coordinates":[[-8.79042,38.42958],[-8.79042,38.42958]]},"properties":{"source":"emodnet_dtm_2024","level":2}},{"type":"Feature","geometry":{"type":"LineString","coordinates":[[-8.68792,38.43208],[-8.68792,38.43208]]},"properties":{"source":"emodnet_dtm_2024","level":2}},{"type":"Feature","geometry":{"type":"LineString","coordinates":[[-8.75542,38.43281],[-8.75542,38.43281]]},"properties":{"source":"emodnet_dtm_2024","level":2}},{"type":"Feature","geometry":{"type":"LineString","coordinates":[[-8.80875,38.43375],[-8.80875,38.43375]]},"properties":{"source":"emodnet_dtm_2024","level":2}},{"type":"Feature","geometry":{"type":"LineString","coordinates":[[-8.79458,38.43375],[-8.79458,38.43375]]},"properties":{"source":"emodnet_dtm_2024","level":2}},{"type":"Feature","geometry":{"type":"LineString","coordinates":[[-8.74875,38.43458],[-8.74875,38.43458]]},"properties":{"source":"emodnet_dtm_2024","level":2}},{"type":"Feature","geometry":{"type":"LineString","coordinates":[[-9.21125,38.43539],[-9.21125,38.43539]]},"properties":{"source":"emodnet_dtm_2024","level":2}},{"type":"Feature","geometry":{"type":"LineString","coordinates":[[-8.69292,38.43625],[-8.69292,38.43625]]},"properties":{"source":"emodnet_dtm_2024","level":2}},{"type":"Feature","geometry":{"type":"LineString","coordinates":[[-8.71708,38.43708],[-8.71708,38.43708]]},"properties":{"source":"emodnet_dtm_2024","level":2}},{"type":"Feature","geometry":{"type":"LineString","coordinates":[[-8.71542,38.43708],[-8.71542,38.43708]]},"properties":{"source":"emodnet_dtm_2024","level":2}},{"type":"Feature","geometry":{"type":"LineString","coordinates":[[-8.75792,38.43956],[-8.75792,38.43956]]},"properties":{"source":"emodnet_dtm_2024","level":2}},{"type":"Feature","geometry":{"type":"LineString","coordinates":[[-8.72125,38.43958],[-8.72125,38.43958]]},"properties":{"source":"emodnet_dtm_2024","level":2}},{"type":"Feature","geometry":{"type":"LineString","coordinates":[[-8.71208,38.43958],[-8.71208,38.43958]]},"properties":{"source":"emodnet_dtm_2024","level":2}},{"type":"Feature","geometry":{"type":"LineString","coordinates":[[-8.69792,38.43958],[-8.69792,38.43958]]},"properties":{"source":"emodnet_dtm_2024","level":2}},{"type":"Feature","geometry":{"type":"LineString","coordinates":[[-8.71125,38.44042],[-8.71125,38.44042]]},"properties":{"source":"emodnet_dtm_2024","level":2}},{"type":"Feature","geometry":{"type":"LineString","coordinates":[[-8.75708,38.44112],[-8.75708,38.44157],[-8.75708,38.44112]]},"properties":{"source":"emodnet_dtm_2024","level":2}},{"type":"Feature","geometry":{"type":"LineString","coordinates":[[-8.70792,38.44125],[-8.70792,38.44125]]},"properties":{"source":"emodnet_dtm_2024","level":2}},{"type":"Feature","geometry":{"type":"LineString","coordinates":[[-8.70625,38.44125],[-8.70625,38.44125]]},"properties":{"source":"emodnet_dtm_2024","level":2}},{"type":"Feature","geometry":{"type":"LineString","coordinates":[[-8.80458,38.44208],[-8.80458,38.44208]]},"properties":{"source":"emodnet_dtm_2024","level":2}},{"type":"Feature","geometry":{"type":"LineString","coordinates":[[-8.72292,38.44292],[-8.72292,38.44292]]},"properties":{"source":"emodnet_dtm_2024","level":2}},{"type":"Feature","geometry":{"type":"LineString","coordinates":[[-8.75875,38.44448],[-8.75875,38.44448]]},"properties":{"source":"emodnet_dtm_2024","level":2}},{"type":"Feature","geometry":{"type":"LineString","coordinates":[[-8.72125,38.44458],[-8.72125,38.44458]]},"properties":{"source":"emodnet_dtm_2024","level":2}},{"type":"Feature","geometry":{"type":"LineString","coordinates":[[-8.75542,38.44538],[-8.75542,38.44538]]},"properties":{"source":"emodnet_dtm_2024","level":2}},{"type":"Feature","geometry":{"type":"LineString","coordinates":[[-8.72208,38.45042],[-8.72208,38.45042]]},"properties":{"source":"emodnet_dtm_2024","level":2}},{"type":"Feature","geometry":{"type":"LineString","coordinates":[[-8.73458,38.46094],[-8.73458,38.46144],[-8.73527,38.46125],[-8.73458,38.46094]]},"properties":{"source":"emodnet_dtm_2024","level":2}},{"type":"Feature","geometry":{"type":"LineString","coordinates":[[-8.73292,38.46152],[-8.73253,38.46208],[-8.73292,38.46241],[-8.73333,38.46208],[-8.73292,38.46152]]},"properties":{"source":"emodnet_dtm_2024","level":2}},{"type":"Feature","geometry":{"type":"LineString","coordinates":[[-8.73375,38.46448],[-8.73375,38.46448]]},"properties":{"source":"emodnet_dtm_2024","level":2}},{"type":"Feature","geometry":{"type":"LineString","coordinates":[[-8.73292,38.46502],[-8.73232,38.46542],[-8.73292,38.46572],[-8.73339,38.46542],[-8.73292,38.46502]]},"properties":{"source":"emodnet_dtm_2024","level":2}},{"type":"Feature","geometry":{"type":"LineString","coordinates":[[-8.73458,38.47292],[-8.73458,38.47292]]},"properties":{"source":"emodnet_dtm_2024","level":2}},{"type":"Feature","geometry":{"type":"LineString","coordinates":[[-8.73208,38.47292],[-8.73208,38.47292]]},"properties":{"source":"emodnet_dtm_2024","level":2}},{"type":"Feature","geometry":{"type":"LineString","coordinates":[[-8.80375,38.47599],[-8.80375,38.47639],[-8.80375,38.47599]]},"properties":{"source":"emodnet_dtm_2024","level":2}},{"type":"Feature","geometry":{"type":"LineString","coordinates":[[-8.72875,38.47708],[-8.72875,38.47708]]},"properties":{"source":"emodnet_dtm_2024","level":2}},{"type":"Feature","geometry":{"type":"LineString","coordinates":[[-8.80375,38.47875],[-8.80375,38.47875]]},"properties":{"source":"emodnet_dtm_2024","level":2}},{"type":"Feature","geometry":{"type":"LineString","coordinates":[[-8.77875,38.47875],[-8.77875,38.47875]]},"properties":{"source":"emodnet_dtm_2024","level":2}},{"type":"Feature","geometry":{"type":"LineString","coordinates":[[-8.73375,38.47907],[-8.73375,38.47975],[-8.73375,38.47907]]},"properties":{"source":"emodnet_dtm_2024","level":2}},{"type":"Feature","geometry":{"type":"LineString","coordinates":[[-8.72875,38.47958],[-8.72875,38.47958]]},"properties":{"source":"emodnet_dtm_2024","level":2}},{"type":"Feature","geometry":{"type":"LineString","coordinates":[[-8.80375,38.48042],[-8.80375,38.48042]]},"properties":{"source":"emodnet_dtm_2024","level":2}},{"type":"Feature","geometry":{"type":"LineString","coordinates":[[-8.72292,38.48042],[-8.72292,38.48042]]},"properties":{"source":"emodnet_dtm_2024","level":2}},{"type":"Feature","geometry":{"type":"LineString","coordinates":[[-8.78542,38.48208],[-8.78542,38.48208]]},"properties":{"source":"emodnet_dtm_2024","level":2}},{"type":"Feature","geometry":{"type":"LineString","coordinates":[[-8.72292,38.48208],[-8.72292,38.48208]]},"properties":{"source":"emodnet_dtm_2024","level":2}},{"type":"Feature","geometry":{"type":"LineString","coordinates":[[-8.75875,38.48292],[-8.75875,38.48292]]},"properties":{"source":"emodnet_dtm_2024","level":2}},{"type":"Feature","geometry":{"type":"LineString","coordinates":[[-8.75708,38.48292],[-8.75708,38.48292]]},"properties":{"source":"emodnet_dtm_2024","level":2}},{"type":"Feature","geometry":{"type":"LineString","coordinates":[[-8.75875,38.48458],[-8.75875,38.48458]]},"properties":{"source":"emodnet_dtm_2024","level":2}},{"type":"Feature","geometry":{"type":"LineString","coordinates":[[-8.75625,38.48451],[-8.75625,38.48542],[-8.75625,38.48451]]},"properties":{"source":"emodnet_dtm_2024","level":2}},{"type":"Feature","geometry":{"type":"LineString","coordinates":[[-8.79792,38.48542],[-8.79792,38.48542]]},"properties":{"source":"emodnet_dtm_2024","level":2}},{"type":"Feature","geometry":{"type":"LineString","coordinates":[[-8.75375,38.48625],[-8.75375,38.48625]]},"properties":{"source":"emodnet_dtm_2024","level":2}},{"type":"Feature","geometry":{"type":"LineString","coordinates":[[-8.77542,38.49042],[-8.77542,38.49042]]},"properties":{"source":"emodnet_dtm_2024","level":2}},{"type":"Feature","geometry":{"type":"LineString","coordinates":[[-8.72542,38.49042],[-8.72542,38.49042]]},"properties":{"source":"emodnet_dtm_2024","level":2}},{"type":"Feature","geometry":{"type":"LineString","coordinates":[[-8.76958,38.49125],[-8.76958,38.49125]]},"properties":{"source":"emodnet_dtm_2024","level":2}},{"type":"Feature","geometry":{"type":"LineString","coordinates":[[-8.76292,38.49238],[-8.76292,38.49314],[-8.76292,38.49238]]},"properties":{"source":"emodnet_dtm_2024","level":2}},{"type":"Feature","geometry":{"type":"LineString","coordinates":[[-8.76625,38.49458],[-8.76625,38.49458]]},"properties":{"source":"emodnet_dtm_2024","level":2}},{"type":"Feature","geometry":{"type":"LineString","coordinates":[[-8.77125,38.49625],[-8.77125,38.49625]]},"properties":{"source":"emodnet_dtm_2024","level":2}},{"type":"Feature","geometry":{"type":"LineString","coordinates":[[-8.76042,38.49792],[-8.76042,38.49792]]},"properties":{"source":"emodnet_dtm_2024","level":2}},{"type":"Feature","geometry":{"type":"LineString","coordinates":[[-8.76875,38.49958],[-8.76875,38.49958]]},"properties":{"source":"emodnet_dtm_2024","level":2}},{"type":"Feature","geometry":{"type":"LineString","coordinates":[[-8.75708,38.50042],[-8.75708,38.50042]]},"properties":{"source":"emodnet_dtm_2024","level":2}},{"type":"Feature","geometry":{"type":"LineString","coordinates":[[-8.73375,38.50197],[-8.73375,38.50242],[-8.73375,38.50197]]},"properties":{"source":"emodnet_dtm_2024","level":2}},{"type":"Feature","geometry":{"type":"LineString","coordinates":[[-8.72708,38.50292],[-8.72708,38.50292]]},"properties":{"source":"emodnet_dtm_2024","level":2}},{"type":"Feature","geometry":{"type":"LineString","coordinates":[[-8.79958,38.50542],[-8.79958,38.50542]]},"properties":{"source":"emodnet_dtm_2024","level":2}},{"type":"Feature","geometry":{"type":"LineString","coordinates":[[-8.79625,38.50542],[-8.79625,38.50542]]},"properties":{"source":"emodnet_dtm_2024","level":2}},{"type":"Feature","geometry":{"type":"LineString","coordinates":[[-8.76625,38.50542],[-8.76625,38.50542]]},"properties":{"source":"emodnet_dtm_2024","level":2}},{"type":"Feature","geometry":{"type":"LineString","coordinates":[[-8.80292,38.50708],[-8.80292,38.50708]]},"properties":{"source":"emodnet_dtm_2024","level":2}},{"type":"Feature","geometry":{"type":"LineString","coordinates":[[-8.79875,38.50792],[-8.79875,38.50792]]},"properties":{"source":"emodnet_dtm_2024","level":2}},{"type":"Feature","geometry":{"type":"LineString","coordinates":[[-8.78458,38.50792],[-8.78458,38.50792]]},"properties":{"source":"emodnet_dtm_2024","level":2}},{"type":"Feature","geometry":{"type":"LineString","coordinates":[[-8.78875,38.50875],[-8.78875,38.50875]]},"properties":{"source":"emodnet_dtm_2024","level":2}},{"type":"Feature","geometry":{"type":"LineString","coordinates":[[-8.78208,38.50875],[-8.78208,38.50875]]},"properties":{"source":"emodnet_dtm_2024","level":2}},{"type":"Feature","geometry":{"type":"LineString","coordinates":[[-8.78542,38.50958],[-8.78542,38.50958]]},"properties":{"source":"emodnet_dtm_2024","level":2}},{"type":"Feature","geometry":{"type":"LineString","coordinates":[[-8.79125,38.51042],[-8.79125,38.51042]]},"properties":{"source":"emodnet_dtm_2024","level":2}},{"type":"Feature","geometry":{"type":"LineString","coordinates":[[-8.80042,38.51208],[-8.80042,38.51208]]},"properties":{"source":"emodnet_dtm_2024","level":2}},{"type":"Feature","geometry":{"type":"LineString","coordinates":[[-8.79125,38.51292],[-8.79125,38.51292]]},"properties":{"source":"emodnet_dtm_2024","level":2}},{"type":"Feature","geometry":{"type":"LineString","coordinates":[[-8.78208,38.51625],[-8.78208,38.51625]]},"properties":{"source":"emodnet_dtm_2024","level":2}},{"type":"Feature","geometry":{"type":"LineString","coordinates":[[-8.72542,38.51625],[-8.72542,38.51625]]},"properties":{"source":"emodnet_dtm_2024","level":2}},{"type":"Feature","geometry":{"type":"LineString","coordinates":[[-8.71208,38.51625],[-8.71208,38.51625]]},"properties":{"source":"emodnet_dtm_2024","level":2}},{"type":"Feature","geometry":{"type":"LineString","coordinates":[[-8.77542,38.51786],[-8.77542,38.51821],[-8.77542,38.51786]]},"properties":{"source":"emodnet_dtm_2024","level":2}},{"type":"Feature","geometry":{"type":"LineString","coordinates":[[-8.73542,38.51875],[-8.73542,38.51875]]},"properties":{"source":"emodnet_dtm_2024","level":2}},{"type":"Feature","geometry":{"type":"LineString","coordinates":[[-8.73792,38.52042],[-8.73792,38.52042]]},"properties":{"source":"emodnet_dtm_2024","level":2}},{"type":"Feature","geometry":{"type":"LineString","coordinates":[[-8.78708,38.52125],[-8.78708,38.52125]]},"properties":{"source":"emodnet_dtm_2024","level":2}},{"type":"Feature","geometry":{"type":"LineString","coordinates":[[-8.78042,38.52118],[-8.78042,38.52118]]},"properties":{"source":"emodnet_dtm_2024","level":2}},{"type":"Feature","geometry":{"type":"LineString","coordinates":[[-8.79125,38.52208],[-8.79125,38.52208]]},"properties":{"source":"emodnet_dtm_2024","level":2}},{"type":"Feature","geometry":{"type":"LineString","coordinates":[[-8.73958,38.52375],[-8.73958,38.52375]]},"properties":{"source":"emodnet_dtm_2024","level":2}},{"type":"Feature","geometry":{"type":"LineString","coordinates":[[-8.79458,38.52542],[-8.79458,38.52542]]},"properties":{"source":"emodnet_dtm_2024","level":2}},{"type":"Feature","geometry":{"type":"LineString","coordinates":[[-8.79875,38.52875],[-8.79875,38.52875]]},"properties":{"source":"emodnet_dtm_2024","level":2}},{"type":"Feature","geometry":{"type":"LineString","coordinates":[[-8.78042,38.53125],[-8.78042,38.53125]]},"properties":{"source":"emodnet_dtm_2024","level":2}},{"type":"Feature","geometry":{"type":"LineString","coordinates":[[-8.77875,38.53125],[-8.77875,38.53125]]},"properties":{"source":"emodnet_dtm_2024","level":2}},{"type":"Feature","geometry":{"type":"LineString","coordinates":[[-8.74208,38.53125],[-8.74208,38.53125]]},"properties":{"source":"emodnet_dtm_2024","level":2}},{"type":"Feature","geometry":{"type":"LineString","coordinates":[[-8.78625,38.53188],[-8.78625,38.53266],[-8.78625,38.53188]]},"properties":{"source":"emodnet_dtm_2024","level":2}},{"type":"Feature","geometry":{"type":"LineString","coordinates":[[-8.79458,38.53292],[-8.79458,38.53292]]},"properties":{"source":"emodnet_dtm_2024","level":2}},{"type":"Feature","geometry":{"type":"LineString","coordinates":[[-8.76958,38.53292],[-8.76958,38.53292]]},"properties":{"source":"emodnet_dtm_2024","level":2}},{"type":"Feature","geometry":{"type":"LineString","coordinates":[[-8.79125,38.53315],[-8.79061,38.53375],[-8.79125,38.53403],[-8.79176,38.53375],[-8.79125,38.53315]]},"properties":{"source":"emodnet_dtm_2024","level":2}},{"type":"Feature","geometry":{"type":"LineString","coordinates":[[-8.76125,38.53625],[-8.76125,38.53625]]},"properties":{"source":"emodnet_dtm_2024","level":2}},{"type":"Feature","geometry":{"type":"LineString","coordinates":[[-8.78708,38.53787],[-8.78645,38.53792],[-8.78708,38.53787]]},"properties":{"source":"emodnet_dtm_2024","level":2}},{"type":"Feature","geometry":{"type":"LineString","coordinates":[[-8.77958,38.53875],[-8.77958,38.53875]]},"properties":{"source":"emodnet_dtm_2024","level":2}},{"type":"Feature","geometry":{"type":"LineString","coordinates":[[-8.74208,38.53875],[-8.74208,38.53875]]},"properties":{"source":"emodnet_dtm_2024","level":2}},{"type":"Feature","geometry":{"type":"LineString","coordinates":[[-8.78542,38.53958],[-8.78542,38.53958]]},"properties":{"source":"emodnet_dtm_2024","level":2}},{"type":"Feature","geometry":{"type":"LineString","coordinates":[[-8.75708,38.53958],[-8.75708,38.53958]]},"properties":{"source":"emodnet_dtm_2024","level":2}},{"type":"Feature","geometry":{"type":"LineString","coordinates":[[-8.79958,38.54458],[-8.79958,38.54458]]},"properties":{"source":"emodnet_dtm_2024","level":2}},{"type":"Feature","geometry":{"type":"LineString","coordinates":[[-8.75375,38.54458],[-8.75375,38.54458]]},"properties":{"source":"emodnet_dtm_2024","level":2}},{"type":"Feature","geometry":{"type":"LineString","coordinates":[[-8.75292,38.54542],[-8.75292,38.54542]]},"properties":{"source":"emodnet_dtm_2024","level":2}},{"type":"Feature","geometry":{"type":"LineString","coordinates":[[-8.73792,38.54625],[-8.73792,38.54625]]},"properties":{"source":"emodnet_dtm_2024","level":2}},{"type":"Feature","geometry":{"type":"LineString","coordinates":[[-8.73875,38.54792],[-8.73875,38.54792]]},"properties":{"source":"emodnet_dtm_2024","level":2}},{"type":"Feature","geometry":{"type":"LineString","coordinates":[[-8.73958,38.54958],[-8.73958,38.54958]]},"properties":{"source":"emodnet_dtm_2024","level":2}},{"type":"Feature","geometry":{"type":"LineString","coordinates":[[-8.74458,38.55875],[-8.74458,38.55875]]},"properties":{"source":"emodnet_dtm_2024","level":2}},{"type":"Feature","geometry":{"type":"LineString","coordinates":[[-9.06625,38.63042],[-9.06625,38.63042]]},"properties":{"source":"emodnet_dtm_2024","level":2}},{"type":"Feature","geometry":{"type":"LineString","coordinates":[[-9.06708,38.63292],[-9.06708,38.63292]]},"properties":{"source":"emodnet_dtm_2024","level":2}},{"type":"Feature","geometry":{"type":"LineString","coordinates":[[-9.07042,38.63375],[-9.07042,38.63375]]},"properties":{"source":"emodnet_dtm_2024","level":2}},{"type":"Feature","geometry":{"type":"LineString","coordinates":[[-9.10625,38.63792],[-9.10625,38.63792]]},"properties":{"source":"emodnet_dtm_2024","level":2}},{"type":"Feature","geometry":{"type":"LineString","coordinates":[[-9.11625,38.64125],[-9.11625,38.64125]]},"properties":{"source":"emodnet_dtm_2024","level":2}},{"type":"Feature","geometry":{"type":"LineString","coordinates":[[-9.07958,38.64958],[-9.07958,38.64958]]},"properties":{"source":"emodnet_dtm_2024","level":2}},{"type":"Feature","geometry":{"type":"LineString","coordinates":[[-9.12542,38.65833],[-9.12461,38.65875],[-9.12542,38.65915],[-9.12542,38.65833]]},"properties":{"source":"emodnet_dtm_2024","level":2}},{"type":"Feature","geometry":{"type":"LineString","coordinates":[[-9.11792,38.65866],[-9.11792,38.65929],[-9.11792,38.65866]]},"properties":{"source":"emodnet_dtm_2024","level":2}},{"type":"Feature","geometry":{"type":"LineString","coordinates":[[-9.13708,38.66375],[-9.13708,38.66375]]},"properties":{"source":"emodnet_dtm_2024","level":2}},{"type":"Feature","geometry":{"type":"LineString","coordinates":[[-9.01542,38.66375],[-9.01542,38.66375]]},"properties":{"source":"emodnet_dtm_2024","level":2}},{"type":"Feature","geometry":{"type":"LineString","coordinates":[[-9.07542,38.66958],[-9.07542,38.66958]]},"properties":{"source":"emodnet_dtm_2024","level":2}},{"type":"Feature","geometry":{"type":"LineString","coordinates":[[-9.14042,38.67125],[-9.14042,38.67125]]},"properties":{"source":"emodnet_dtm_2024","level":2}},{"type":"Feature","geometry":{"type":"LineString","coordinates":[[-9.07125,38.67208],[-9.07125,38.67208]]},"properties":{"source":"emodnet_dtm_2024","level":2}},{"type":"Feature","geometry":{"type":"LineString","coordinates":[[-9.24208,38.67272],[-9.24208,38.67302],[-9.24208,38.67272]]},"properties":{"source":"emodnet_dtm_2024","level":2}},{"type":"Feature","geometry":{"type":"LineString","coordinates":[[-9.14542,38.67458],[-9.14542,38.67458]]},"properties":{"source":"emodnet_dtm_2024","level":2}},{"type":"Feature","geometry":{"type":"LineString","coordinates":[[-9.05375,38.68042],[-9.05375,38.68042]]},"properties":{"source":"emodnet_dtm_2024","level":2}},{"type":"Feature","geometry":{"type":"LineString","coordinates":[[-9.06292,38.68292],[-9.06292,38.68292]]},"properties":{"source":"emodnet_dtm_2024","level":2}},{"type":"Feature","geometry":{"type":"LineString","coordinates":[[-9.05708,38.68458],[-9.05708,38.68458]]},"properties":{"source":"emodnet_dtm_2024","level":2}},{"type":"Feature","geometry":{"type":"LineString","coordinates":[[-9.05042,38.68958],[-9.05042,38.68958]]},"properties":{"source":"emodnet_dtm_2024","level":2}},{"type":"Feature","geometry":{"type":"LineString","coordinates":[[-9.04458,38.68958],[-9.04458,38.68958]]},"properties":{"source":"emodnet_dtm_2024","level":2}},{"type":"Feature","geometry":{"type":"LineString","coordinates":[[-9.04125,38.69042],[-9.04125,38.69042]]},"properties":{"source":"emodnet_dtm_2024","level":2}},{"type":"Feature","geometry":{"type":"LineString","coordinates":[[-8.97875,38.69375],[-8.97875,38.69375]]},"properties":{"source":"emodnet_dtm_2024","level":2}},{"type":"Feature","geometry":{"type":"LineString","coordinates":[[-9.00625,38.69875],[-9.00625,38.69875]]},"properties":{"source":"emodnet_dtm_2024","level":2}},{"type":"Feature","geometry":{"type":"LineString","coordinates":[[-9.00375,38.69875],[-9.00375,38.69875]]},"properties":{"source":"emodnet_dtm_2024","level":2}},{"type":"Feature","geometry":{"type":"LineString","coordinates":[[-9.09875,38.73708],[-9.09875,38.73708]]},"properties":{"source":"emodnet_dtm_2024","level":2}},{"type":"Feature","geometry":{"type":"LineString","coordinates":[[-9.47375,38.73958],[-9.47375,38.73958]]},"properties":{"source":"emodnet_dtm_2024","level":2}},{"type":"Feature","geometry":{"type":"LineString","coordinates":[[-9.09458,38.74375],[-9.09458,38.74375]]},"properties":{"source":"emodnet_dtm_2024","level":2}},{"type":"Feature","geometry":{"type":"LineString","coordinates":[[-9.09458,38.74542],[-9.09458,38.74542]]},"properties":{"source":"emodnet_dtm_2024","level":2}},{"type":"Feature","geometry":{"type":"LineString","coordinates":[[-9.09125,38.74875],[-9.09125,38.74875]]},"properties":{"source":"emodnet_dtm_2024","level":2}},{"type":"Feature","geometry":{"type":"LineString","coordinates":[[-9.09125,38.75042],[-9.09125,38.75042]]},"properties":{"source":"emodnet_dtm_2024","level":2}},{"type":"Feature","geometry":{"type":"LineString","coordinates":[[-9.09125,38.75208],[-9.09125,38.75208]]},"properties":{"source":"emodnet_dtm_2024","level":2}},{"type":"Feature","geometry":{"type":"LineString","coordinates":[[-9.09042,38.75292],[-9.09042,38.75292]]},"properties":{"source":"emodnet_dtm_2024","level":2}},{"type":"Feature","geometry":{"type":"LineString","coordinates":[[-9.07542,38.76365],[-9.07542,38.76395],[-9.07542,38.76365]]},"properties":{"source":"emodnet_dtm_2024","level":2}},{"type":"Feature","geometry":{"type":"LineString","coordinates":[[-8.92708,38.76875],[-8.92708,38.76875]]},"properties":{"source":"emodnet_dtm_2024","level":2}},{"type":"Feature","geometry":{"type":"LineString","coordinates":[[-8.93042,38.77292],[-8.93042,38.77292]]},"properties":{"source":"emodnet_dtm_2024","level":2}},{"type":"Feature","geometry":{"type":"LineString","coordinates":[[-9.07875,38.77421],[-9.07875,38.77463],[-9.07875,38.77421]]},"properties":{"source":"emodnet_dtm_2024","level":2}},{"type":"Feature","geometry":{"type":"LineString","coordinates":[[-8.93458,38.78542],[-8.93458,38.78542]]},"properties":{"source":"emodnet_dtm_2024","level":2}},{"type":"Feature","geometry":{"type":"LineString","coordinates":[[-8.93458,38.79042],[-8.93458,38.79042]]},"properties":{"source":"emodnet_dtm_2024","level":2}},{"type":"Feature","geometry":{"type":"LineString","coordinates":[[-8.93375,38.79875],[-8.93375,38.79875]]},"properties":{"source":"emodnet_dtm_2024","level":2}},{"type":"Feature","geometry":{"type":"LineString","coordinates":[[-8.94375,38.80958],[-8.94375,38.80958]]},"properties":{"source":"emodnet_dtm_2024","level":2}},{"type":"Feature","geometry":{"type":"LineString","coordinates":[[-8.94208,38.81125],[-8.94208,38.81125]]},"properties":{"source":"emodnet_dtm_2024","level":2}},{"type":"Feature","geometry":{"type":"LineString","coordinates":[[-8.94708,38.81458],[-8.94708,38.81458]]},"properties":{"source":"emodnet_dtm_2024","level":2}},{"type":"Feature","geometry":{"type":"LineString","coordinates":[[-9.01708,38.81866],[-9.01708,38.81866]]},"properties":{"source":"emodnet_dtm_2024","level":2}},{"type":"Feature","geometry":{"type":"LineString","coordinates":[[-9.46958,38.82847],[-9.46958,38.82881],[-9.46958,38.82847]]},"properties":{"source":"emodnet_dtm_2024","level":2}},{"type":"Feature","geometry":{"type":"LineString","coordinates":[[-9.07375,38.83292],[-9.07375,38.83292]]},"properties":{"source":"emodnet_dtm_2024","level":2}},{"type":"Feature","geometry":{"type":"LineString","coordinates":[[-9.07125,38.8324],[-9.07003,38.83375],[-9.07042,38.83404],[-9.0716,38.83292],[-9.07125,38.8324]]},"properties":{"source":"emodnet_dtm_2024","level":2}},{"type":"Feature","geometry":{"type":"LineString","coordinates":[[-9.07042,38.83792],[-9.07042,38.83792]]},"properties":{"source":"emodnet_dtm_2024","level":2}},{"type":"Feature","geometry":{"type":"LineString","coordinates":[[-9.06792,38.83875],[-9.06792,38.83875]]},"properties":{"source":"emodnet_dtm_2024","level":2}},{"type":"Feature","geometry":{"type":"LineString","coordinates":[[-9.04125,38.84458],[-9.04125,38.84458]]},"properties":{"source":"emodnet_dtm_2024","level":2}},{"type":"Feature","geometry":{"type":"LineString","coordinates":[[-9.06625,38.84792],[-9.06625,38.84792]]},"properties":{"source":"emodnet_dtm_2024","level":2}},{"type":"Feature","geometry":{"type":"LineString","coordinates":[[-9.06542,38.84958],[-9.06542,38.84958]]},"properties":{"source":"emodnet_dtm_2024","level":2}},{"type":"Feature","geometry":{"type":"LineString","coordinates":[[-9.03875,38.85208],[-9.03875,38.85208]]},"properties":{"source":"emodnet_dtm_2024","level":2}},{"type":"Feature","geometry":{"type":"LineString","coordinates":[[-9.03708,38.85292],[-9.03708,38.85292]]},"properties":{"source":"emodnet_dtm_2024","level":2}},{"type":"Feature","geometry":{"type":"LineString","coordinates":[[-9.03625,38.85375],[-9.03625,38.85375]]},"properties":{"source":"emodnet_dtm_2024","level":2}},{"type":"Feature","geometry":{"type":"LineString","coordinates":[[-8.99542,38.85625],[-8.99542,38.85625]]},"properties":{"source":"emodnet_dtm_2024","level":2}},{"type":"Feature","geometry":{"type":"LineString","coordinates":[[-9.45292,38.85625],[-9.45243,38.85708],[-9.45292,38.8572],[-9.45292,38.85625]]},"properties":{"source":"emodnet_dtm_2024","level":2}},{"type":"Feature","geometry":{"type":"LineString","coordinates":[[-9.03292,38.85792],[-9.03292,38.85792]]},"properties":{"source":"emodnet_dtm_2024","level":2}},{"type":"Feature","geometry":{"type":"LineString","coordinates":[[-8.99042,38.85792],[-8.99042,38.85792]]},"properties":{"source":"emodnet_dtm_2024","level":2}},{"type":"Feature","geometry":{"type":"LineString","coordinates":[[-8.93792,38.85792],[-8.93792,38.85792]]},"properties":{"source":"emodnet_dtm_2024","level":2}},{"type":"Feature","geometry":{"type":"LineString","coordinates":[[-9.02208,38.85958],[-9.02208,38.85958]]},"properties":{"source":"emodnet_dtm_2024","level":2}},{"type":"Feature","geometry":{"type":"LineString","coordinates":[[-8.93708,38.85958],[-8.93708,38.85958]]},"properties":{"source":"emodnet_dtm_2024","level":2}},{"type":"Feature","geometry":{"type":"LineString","coordinates":[[-9.03208,38.86042],[-9.03208,38.86042]]},"properties":{"source":"emodnet_dtm_2024","level":2}},{"type":"Feature","geometry":{"type":"LineString","coordinates":[[-9.02125,38.86292],[-9.02125,38.86292]]},"properties":{"source":"emodnet_dtm_2024","level":2}},{"type":"Feature","geometry":{"type":"LineString","coordinates":[[-9.02792,38.86542],[-9.02792,38.86542]]},"properties":{"source":"emodnet_dtm_2024","level":2}},{"type":"Feature","geometry":{"type":"LineString","coordinates":[[-9.01792,38.86708],[-9.01792,38.86708]]},"properties":{"source":"emodnet_dtm_2024","level":2}},{"type":"Feature","geometry":{"type":"LineString","coordinates":[[-8.98042,38.86958],[-8.98042,38.86958]]},"properties":{"source":"emodnet_dtm_2024","level":2}},{"type":"Feature","geometry":{"type":"LineString","coordinates":[[-9.01292,38.87542],[-9.01292,38.87542]]},"properties":{"source":"emodnet_dtm_2024","level":2}},{"type":"Feature","geometry":{"type":"LineString","coordinates":[[-8.99208,38.87523],[-8.99208,38.87523]]},"properties":{"source":"emodnet_dtm_2024","level":2}},{"type":"Feature","geometry":{"type":"LineString","coordinates":[[-8.99792,38.87708],[-8.99792,38.87708]]},"properties":{"source":"emodnet_dtm_2024","level":2}},{"type":"Feature","geometry":{"type":"LineString","coordinates":[[-8.99292,38.87792],[-8.99292,38.87792]]},"properties":{"source":"emodnet_dtm_2024","level":2}},{"type":"Feature","geometry":{"type":"LineString","coordinates":[[-8.99542,38.88042],[-8.99542,38.88042]]},"properties":{"source":"emodnet_dtm_2024","level":2}},{"type":"Feature","geometry":{"type":"LineString","coordinates":[[-9.00708,38.88292],[-9.00708,38.88292]]},"properties":{"source":"emodnet_dtm_2024","level":2}},{"type":"Feature","geometry":{"type":"LineString","coordinates":[[-9.00125,38.88458],[-9.00125,38.88458]]},"properties":{"source":"emodnet_dtm_2024","level":2}},{"type":"Feature","geometry":{"type":"LineString","coordinates":[[-9.02042,38.88542],[-9.02042,38.88542]]},"properties":{"source":"emodnet_dtm_2024","level":2}},{"type":"Feature","geometry":{"type":"LineString","coordinates":[[-9.01958,38.88625],[-9.01958,38.88625]]},"properties":{"source":"emodnet_dtm_2024","level":2}},{"type":"Feature","geometry":{"type":"LineString","coordinates":[[-8.99375,38.88875],[-8.99375,38.88875]]},"properties":{"source":"emodnet_dtm_2024","level":2}},{"type":"Feature","geometry":{"type":"LineString","coordinates":[[-9.00958,38.89292],[-9.00958,38.89292]]},"properties":{"source":"emodnet_dtm_2024","level":2}},{"type":"Feature","geometry":{"type":"LineString","coordinates":[[-9.00875,38.89708],[-9.00875,38.89708]]},"properties":{"source":"emodnet_dtm_2024","level":2}},{"type":"Feature","geometry":{"type":"LineString","coordinates":[[-8.99292,38.90042],[-8.99292,38.90042]]},"properties":{"source":"emodnet_dtm_2024","level":2}},{"type":"Feature","geometry":{"type":"LineString","coordinates":[[-9.01625,38.90375],[-9.01625,38.90375]]},"properties":{"source":"emodnet_dtm_2024","level":2}},{"type":"Feature","geometry":{"type":"LineString","coordinates":[[-8.99042,38.90347],[-8.99042,38.90382],[-8.99042,38.90347]]},"properties":{"source":"emodnet_dtm_2024","level":2}},{"type":"Feature","geometry":{"type":"LineString","coordinates":[[-9.01542,38.90625],[-9.01542,38.90625]]},"properties":{"source":"emodnet_dtm_2024","level":2}},{"type":"Feature","geometry":{"type":"LineString","coordinates":[[-9.00875,38.91042],[-9.00875,38.91042]]},"properties":{"source":"emodnet_dtm_2024","level":2}},{"type":"Feature","geometry":{"type":"LineString","coordinates":[[-9.00875,38.91292],[-9.00875,38.91292]]},"properties":{"source":"emodnet_dtm_2024","level":2}},{"type":"Feature","geometry":{"type":"LineString","coordinates":[[-8.98875,38.91292],[-8.98875,38.91292]]},"properties":{"source":"emodnet_dtm_2024","level":2}},{"type":"Feature","geometry":{"type":"LineString","coordinates":[[-9.01125,38.91542],[-9.01125,38.91542]]},"properties":{"source":"emodnet_dtm_2024","level":2}},{"type":"Feature","geometry":{"type":"LineString","coordinates":[[-9.00542,38.91708],[-9.00542,38.91708]]},"properties":{"source":"emodnet_dtm_2024","level":2}},{"type":"Feature","geometry":{"type":"LineString","coordinates":[[-9.00792,38.91875],[-9.00792,38.91875]]},"properties":{"source":"emodnet_dtm_2024","level":2}},{"type":"Feature","geometry":{"type":"LineString","coordinates":[[-9.00708,38.91958],[-9.00708,38.91958]]},"properties":{"source":"emodnet_dtm_2024","level":2}},{"type":"Feature","geometry":{"type":"LineString","coordinates":[[-8.99292,38.92708],[-8.99292,38.92708]]},"properties":{"source":"emodnet_dtm_2024","level":2}},{"type":"Feature","geometry":{"type":"LineString","coordinates":[[-9.42042,38.93123],[-9.42042,38.93123]]},"properties":{"source":"emodnet_dtm_2024","level":2}},{"type":"Feature","geometry":{"type":"LineString","coordinates":[[-8.99292,38.93458],[-8.99292,38.93458]]},"properties":{"source":"emodnet_dtm_2024","level":2}},{"type":"Feature","geometry":{"type":"LineString","coordinates":[[-9.41875,38.93542],[-9.41875,38.93542]]},"properties":{"source":"emodnet_dtm_2024","level":2}},{"type":"Feature","geometry":{"type":"LineString","coordinates":[[-8.99875,38.93542],[-8.99875,38.93542]]},"properties":{"source":"emodnet_dtm_2024","level":2}},{"type":"Feature","geometry":{"type":"LineString","coordinates":[[-8.98958,38.93875],[-8.98958,38.93875]]},"properties":{"source":"emodnet_dtm_2024","level":2}},{"type":"Feature","geometry":{"type":"LineString","coordinates":[[-8.99458,38.93958],[-8.99458,38.93958]]},"properties":{"source":"emodnet_dtm_2024","level":2}},{"type":"Feature","geometry":{"type":"LineString","coordinates":[[-8.99125,38.94375],[-8.99125,38.94375]]},"properties":{"source":"emodnet_dtm_2024","level":2}},{"type":"Feature","geometry":{"type":"LineString","coordinates":[[-8.99042,38.94542],[-8.99042,38.94542]]},"properties":{"source":"emodnet_dtm_2024","level":2}},{"type":"Feature","geometry":{"type":"LineString","coordinates":[[-8.98458,38.94625],[-8.98458,38.94625]]},"properties":{"source":"emodnet_dtm_2024","level":2}},{"type":"Feature","geometry":{"type":"LineString","coordinates":[[-8.98375,38.94708],[-8.98375,38.94708]]},"properties":{"source":"emodnet_dtm_2024","level":2}},{"type":"Feature","geometry":{"type":"LineString","coordinates":[[-8.98708,38.94958],[-8.98708,38.94958]]},"properties":{"source":"emodnet_dtm_2024","level":2}},{"type":"Feature","geometry":{"type":"LineString","coordinates":[[-8.98125,38.95125],[-8.98125,38.95125]]},"properties":{"source":"emodnet_dtm_2024","level":2}},{"type":"Feature","geometry":{"type":"LineString","coordinates":[[-8.98292,38.95375],[-8.98292,38.95375]]},"properties":{"source":"emodnet_dtm_2024","level":2}},{"type":"Feature","geometry":{"type":"LineString","coordinates":[[-8.97625,38.95542],[-8.97625,38.95542]]},"properties":{"source":"emodnet_dtm_2024","level":2}},{"type":"Feature","geometry":{"type":"LineString","coordinates":[[-8.97875,38.95625],[-8.97875,38.95625]]},"properties":{"source":"emodnet_dtm_2024","level":2}},{"type":"Feature","geometry":{"type":"LineString","coordinates":[[-8.97375,38.95792],[-8.97375,38.95792]]},"properties":{"source":"emodnet_dtm_2024","level":2}},{"type":"Feature","geometry":{"type":"LineString","coordinates":[[-8.96625,38.95958],[-8.96625,38.95958]]},"properties":{"source":"emodnet_dtm_2024","level":2}},{"type":"Feature","geometry":{"type":"LineString","coordinates":[[-9.40625,39.09708],[-9.40625,39.09708]]},"properties":{"source":"emodnet_dtm_2024","level":2}},{"type":"Feature","geometry":{"type":"LineString","coordinates":[[-9.28042,39.39784],[-9.28042,39.3982],[-9.28042,39.39784]]},"properties":{"source":"emodnet_dtm_2024","level":2}},{"type":"Feature","geometry":{"type":"LineString","coordinates":[[-9.19458,39.47707],[-9.19458,39.47707]]},"properties":{"source":"emodnet_dtm_2024","level":2}},{"type":"Feature","geometry":{"type":"LineString","coordinates":[[-9.10042,39.56037],[-9.10042,39.56037]]},"properties":{"source":"emodnet_dtm_2024","level":2}},{"type":"Feature","geometry":{"type":"LineString","coordinates":[[-9.09125,39.57005],[-9.09125,39.57055],[-9.09125,39.57005]]},"properties":{"source":"emodnet_dtm_2024","level":2}},{"type":"Feature","geometry":{"type":"LineString","coordinates":[[-9.09042,39.571],[-9.09042,39.57134],[-9.09042,39.571]]},"properties":{"source":"emodnet_dtm_2024","level":2}},{"type":"Feature","geometry":{"type":"LineString","coordinates":[[-8.75125,40.62767],[-8.75052,40.62792],[-8.75168,40.62792],[-8.75125,40.62767]]},"properties":{"source":"emodnet_dtm_2024","level":2}},{"type":"Feature","geometry":{"type":"LineString","coordinates":[[-8.66458,40.63125],[-8.66458,40.63125]]},"properties":{"source":"emodnet_dtm_2024","level":2}},{"type":"Feature","geometry":{"type":"LineString","coordinates":[[-8.73542,40.64375],[-8.73542,40.64375]]},"properties":{"source":"emodnet_dtm_2024","level":2}},{"type":"Feature","geometry":{"type":"LineString","coordinates":[[-8.67292,40.64458],[-8.67292,40.64458]]},"properties":{"source":"emodnet_dtm_2024","level":2}},{"type":"Feature","geometry":{"type":"LineString","coordinates":[[-8.69375,40.65375],[-8.69375,40.65375]]},"properties":{"source":"emodnet_dtm_2024","level":2}},{"type":"Feature","geometry":{"type":"LineString","coordinates":[[-8.66042,40.66042],[-8.66042,40.66042]]},"properties":{"source":"emodnet_dtm_2024","level":2}},{"type":"Feature","geometry":{"type":"LineString","coordinates":[[-8.65625,40.66125],[-8.65625,40.66125]]},"properties":{"source":"emodnet_dtm_2024","level":2}},{"type":"Feature","geometry":{"type":"LineString","coordinates":[[-8.64792,40.66458],[-8.64792,40.66458]]},"properties":{"source":"emodnet_dtm_2024","level":2}},{"type":"Feature","geometry":{"type":"LineString","coordinates":[[-8.71125,40.67292],[-8.71125,40.67292]]},"properties":{"source":"emodnet_dtm_2024","level":2}},{"type":"Feature","geometry":{"type":"LineString","coordinates":[[-8.74458,40.67901],[-8.74405,40.67958],[-8.74458,40.67975],[-8.74458,40.67901]]},"properties":{"source":"emodnet_dtm_2024","level":2}},{"type":"Feature","geometry":{"type":"LineString","coordinates":[[-8.67292,40.69375],[-8.67292,40.69375]]},"properties":{"source":"emodnet_dtm_2024","level":2}},{"type":"Feature","geometry":{"type":"LineString","coordinates":[[-8.68542,40.74375],[-8.68542,40.74375]]},"properties":{"source":"emodnet_dtm_2024","level":2}},{"type":"Feature","geometry":{"type":"LineString","coordinates":[[-8.65208,40.78625],[-8.65208,40.78625]]},"properties":{"source":"emodnet_dtm_2024","level":2}},{"type":"Feature","geometry":{"type":"LineString","coordinates":[[-8.65042,40.79375],[-8.65042,40.79375]]},"properties":{"source":"emodnet_dtm_2024","level":2}},{"type":"Feature","geometry":{"type":"LineString","coordinates":[[-8.64792,40.79458],[-8.64792,40.79458]]},"properties":{"source":"emodnet_dtm_2024","level":2}},{"type":"Feature","geometry":{"type":"LineString","coordinates":[[-8.66042,40.93958],[-8.66042,40.93958]]},"properties":{"source":"emodnet_dtm_2024","level":2}},{"type":"Feature","geometry":{"type":"LineString","coordinates":[[-8.62708,41.14342],[-8.62625,41.14375],[-8.62708,41.14407],[-8.62783,41.14375],[-8.62708,41.14342]]},"properties":{"source":"emodnet_dtm_2024","level":2}},{"type":"Feature","geometry":{"type":"LineString","coordinates":[[-8.77708,41.48042],[-8.77708,41.48042]]},"properties":{"source":"emodnet_dtm_2024","level":2}},{"type":"Feature","geometry":{"type":"LineString","coordinates":[[-8.87458,41.82396],[-8.87458,41.82462],[-8.87458,41.82396]]},"properties":{"source":"emodnet_dtm_2024","level":2}},{"type":"Feature","geometry":{"type":"LineString","coordinates":[[-8.87542,41.84013],[-8.87542,41.84056],[-8.87542,41.84013]]},"properties":{"source":"emodnet_dtm_2024","level":2}},{"type":"Feature","geometry":{"type":"LineString","coordinates":[[-8.88042,42.00208],[-8.88042,42.00208]]},"properties":{"source":"emodnet_dtm_2024","level":2}},{"type":"Feature","geometry":{"type":"LineString","coordinates":[[-8.80375,42.11208],[-8.80375,42.11208]]},"properties":{"source":"emodnet_dtm_2024","level":2}},{"type":"Feature","geometry":{"type":"LineString","coordinates":[[-8.82208,42.11292],[-8.82208,42.11292]]},"properties":{"source":"emodnet_dtm_2024","level":2}},{"type":"Feature","geometry":{"type":"LineString","coordinates":[[-8.80875,42.11292],[-8.80875,42.11292]]},"properties":{"source":"emodnet_dtm_2024","level":2}},{"type":"Feature","geometry":{"type":"LineString","coordinates":[[-8.82125,42.11375],[-8.82125,42.11375]]},"properties":{"source":"emodnet_dtm_2024","level":2}},{"type":"Feature","geometry":{"type":"LineString","coordinates":[[-8.81042,42.11375],[-8.81042,42.11375]]},"properties":{"source":"emodnet_dtm_2024","level":2}},{"type":"Feature","geometry":{"type":"LineString","coordinates":[[-8.75875,42.22375],[-8.75875,42.22375]]},"properties":{"source":"emodnet_dtm_2024","level":2}},{"type":"Feature","geometry":{"type":"LineString","coordinates":[[-8.75458,42.22536],[-8.75458,42.22536]]},"properties":{"source":"emodnet_dtm_2024","level":2}},{"type":"Feature","geometry":{"type":"LineString","coordinates":[[-6.20125,36.37792],[-6.20125,36.37792]]},"properties":{"source":"emodnet_dtm_2024","level":2}},{"type":"Feature","geometry":{"type":"LineString","coordinates":[[-6.21542,36.40958],[-6.21542,36.40958]]},"properties":{"source":"emodnet_dtm_2024","level":2}},{"type":"Feature","geometry":{"type":"LineString","coordinates":[[-6.21292,36.41792],[-6.21292,36.41792]]},"properties":{"source":"emodnet_dtm_2024","level":2}},{"type":"Feature","geometry":{"type":"LineString","coordinates":[[-6.19542,36.43875],[-6.19542,36.43875]]},"properties":{"source":"emodnet_dtm_2024","level":2}},{"type":"Feature","geometry":{"type":"LineString","coordinates":[[-6.17958,36.48292],[-6.17958,36.48292]]},"properties":{"source":"emodnet_dtm_2024","level":2}},{"type":"Feature","geometry":{"type":"LineString","coordinates":[[-6.18208,36.49208],[-6.18208,36.49208]]},"properties":{"source":"emodnet_dtm_2024","level":2}},{"type":"Feature","geometry":{"type":"LineString","coordinates":[[-6.18292,36.49292],[-6.18292,36.49292]]},"properties":{"source":"emodnet_dtm_2024","level":2}},{"type":"Feature","geometry":{"type":"LineString","coordinates":[[-6.25065,36.49875],[-6.25042,36.49838],[-6.24981,36.49875],[-6.25042,36.4995],[-6.25065,36.49875]]},"properties":{"source":"emodnet_dtm_2024","level":2}},{"type":"Feature","geometry":{"type":"LineString","coordinates":[[-6.26625,36.50958],[-6.26625,36.50958]]},"properties":{"source":"emodnet_dtm_2024","level":2}},{"type":"Feature","geometry":{"type":"LineString","coordinates":[[-6.20292,36.51042],[-6.20292,36.51042]]},"properties":{"source":"emodnet_dtm_2024","level":2}},{"type":"Feature","geometry":{"type":"LineString","coordinates":[[-6.17625,36.51958],[-6.17625,36.51958]]},"properties":{"source":"emodnet_dtm_2024","level":2}},{"type":"Feature","geometry":{"type":"LineString","coordinates":[[-6.25625,36.52625],[-6.25625,36.52625]]},"properties":{"source":"emodnet_dtm_2024","level":2}},{"type":"Feature","geometry":{"type":"LineString","coordinates":[[-6.25708,36.52708],[-6.25708,36.52708]]},"properties":{"source":"emodnet_dtm_2024","level":2}},{"type":"Feature","geometry":{"type":"LineString","coordinates":[[-6.25625,36.53042],[-6.25625,36.53042]]},"properties":{"source":"emodnet_dtm_2024","level":2}},{"type":"Feature","geometry":{"type":"LineString","coordinates":[[-6.27875,36.53292],[-6.27875,36.53292]]},"properties":{"source":"emodnet_dtm_2024","level":2}},{"type":"Feature","geometry":{"type":"LineString","coordinates":[[-6.21542,36.53292],[-6.21542,36.53292]]},"properties":{"source":"emodnet_dtm_2024","level":2}},{"type":"Feature","geometry":{"type":"LineString","coordinates":[[-6.30042,36.53875],[-6.30042,36.53875]]},"properties":{"source":"emodnet_dtm_2024","level":2}},{"type":"Feature","geometry":{"type":"LineString","coordinates":[[-6.20875,36.56542],[-6.20875,36.56542]]},"properties":{"source":"emodnet_dtm_2024","level":2}},{"type":"Feature","geometry":{"type":"LineString","coordinates":[[-6.20958,36.56625],[-6.20958,36.56625]]},"properties":{"source":"emodnet_dtm_2024","level":2}},{"type":"Feature","geometry":{"type":"LineString","coordinates":[[-6.24708,36.57542],[-6.24708,36.57542]]},"properties":{"source":"emodnet_dtm_2024","level":2}},{"type":"Feature","geometry":{"type":"LineString","coordinates":[[-6.24875,36.57792],[-6.24875,36.57792]]},"properties":{"source":"emodnet_dtm_2024","level":2}},{"type":"Feature","geometry":{"type":"LineString","coordinates":[[-6.41875,36.84958],[-6.41875,36.84958]]},"properties":{"source":"emodnet_dtm_2024","level":2}},{"type":"Feature","geometry":{"type":"LineString","coordinates":[[-6.49375,36.95292],[-6.49375,36.95292]]},"properties":{"source":"emodnet_dtm_2024","level":2}},{"type":"Feature","geometry":{"type":"LineString","coordinates":[[-6.87625,37.14208],[-6.87625,37.14208]]},"properties":{"source":"emodnet_dtm_2024","level":2}},{"type":"Feature","geometry":{"type":"LineString","coordinates":[[-6.93125,37.16125],[-6.93125,37.16125]]},"properties":{"source":"emodnet_dtm_2024","level":2}},{"type":"Feature","geometry":{"type":"LineString","coordinates":[[-6.94542,37.16542],[-6.94542,37.16542]]},"properties":{"source":"emodnet_dtm_2024","level":2}},{"type":"Feature","geometry":{"type":"LineString","coordinates":[[-6.95625,37.18292],[-6.95625,37.18292]]},"properties":{"source":"emodnet_dtm_2024","level":2}},{"type":"Feature","geometry":{"type":"LineString","coordinates":[[-6.96292,37.18625],[-6.96292,37.18625]]},"properties":{"source":"emodnet_dtm_2024","level":2}},{"type":"Feature","geometry":{"type":"LineString","coordinates":[[-6.93755,37.18625],[-6.93682,37.18625],[-6.93755,37.18625]]},"properties":{"source":"emodnet_dtm_2024","level":2}},{"type":"Feature","geometry":{"type":"LineString","coordinates":[[-6.96542,37.18875],[-6.96542,37.18875]]},"properties":{"source":"emodnet_dtm_2024","level":2}},{"type":"Feature","geometry":{"type":"LineString","coordinates":[[-6.96625,37.19458],[-6.96625,37.19458]]},"properties":{"source":"emodnet_dtm_2024","level":2}},{"type":"Feature","geometry":{"type":"LineString","coordinates":[[-7.01042,37.19542],[-7.01042,37.19542]]},"properties":{"source":"emodnet_dtm_2024","level":2}},{"type":"Feature","geometry":{"type":"LineString","coordinates":[[-6.97042,37.19958],[-6.97042,37.19958]]},"properties":{"source":"emodnet_dtm_2024","level":2}},{"type":"Feature","geometry":{"type":"LineString","coordinates":[[-6.97125,37.20042],[-6.97125,37.20042]]},"properties":{"source":"emodnet_dtm_2024","level":2}},{"type":"Feature","geometry":{"type":"LineString","coordinates":[[-6.97375,37.20292],[-6.97375,37.20292]]},"properties":{"source":"emodnet_dtm_2024","level":2}},{"type":"Feature","geometry":{"type":"LineString","coordinates":[[-6.97542,37.20458],[-6.97542,37.20458]]},"properties":{"source":"emodnet_dtm_2024","level":2}},{"type":"Feature","geometry":{"type":"LineString","coordinates":[[-6.97625,37.20542],[-6.97625,37.20542]]},"properties":{"source":"emodnet_dtm_2024","level":2}},{"type":"Feature","geometry":{"type":"LineString","coordinates":[[-6.9519,37.20875],[-6.95125,37.20817],[-6.95125,37.20888],[-6.9519,37.20875]]},"properties":{"source":"emodnet_dtm_2024","level":2}},{"type":"Feature","geometry":{"type":"LineString","coordinates":[[-6.97875,37.20958],[-6.97875,37.20958]]},"properties":{"source":"emodnet_dtm_2024","level":2}},{"type":"Feature","geometry":{"type":"LineString","coordinates":[[-6.99708,37.21208],[-6.99708,37.21208]]},"properties":{"source":"emodnet_dtm_2024","level":2}},{"type":"Feature","geometry":{"type":"LineString","coordinates":[[-6.97958,37.21208],[-6.97958,37.21208]]},"properties":{"source":"emodnet_dtm_2024","level":2}},{"type":"Feature","geometry":{"type":"LineString","coordinates":[[-6.99875,37.21292],[-6.99875,37.21292]]},"properties":{"source":"emodnet_dtm_2024","level":2}},{"type":"Feature","geometry":{"type":"LineString","coordinates":[[-6.98042,37.21375],[-6.98042,37.21375]]},"properties":{"source":"emodnet_dtm_2024","level":2}},{"type":"Feature","geometry":{"type":"LineString","coordinates":[[-6.99958,37.21542],[-6.99958,37.21542]]},"properties":{"source":"emodnet_dtm_2024","level":2}},{"type":"Feature","geometry":{"type":"LineString","coordinates":[[-6.98208,37.21542],[-6.98208,37.21542]]},"properties":{"source":"emodnet_dtm_2024","level":2}},{"type":"Feature","geometry":{"type":"LineString","coordinates":[[-6.95822,37.21625],[-6.95822,37.21625]]},"properties":{"source":"emodnet_dtm_2024","level":2}},{"type":"Feature","geometry":{"type":"LineString","coordinates":[[-7.00042,37.21708],[-7.00042,37.21708]]},"properties":{"source":"emodnet_dtm_2024","level":2}},{"type":"Feature","geometry":{"type":"LineString","coordinates":[[-6.98292,37.21708],[-6.98292,37.21708]]},"properties":{"source":"emodnet_dtm_2024","level":2}},{"type":"Feature","geometry":{"type":"LineString","coordinates":[[-6.95792,37.21792],[-6.95792,37.21792]]},"properties":{"source":"emodnet_dtm_2024","level":2}},{"type":"Feature","geometry":{"type":"LineString","coordinates":[[-6.98375,37.21958],[-6.98375,37.21958]]},"properties":{"source":"emodnet_dtm_2024","level":2}},{"type":"Feature","geometry":{"type":"LineString","coordinates":[[-6.98458,37.22125],[-6.98458,37.22125]]},"properties":{"source":"emodnet_dtm_2024","level":2}},{"type":"Feature","geometry":{"type":"LineString","coordinates":[[-6.98625,37.22375],[-6.98625,37.22375]]},"properties":{"source":"emodnet_dtm_2024","level":2}},{"type":"Feature","geometry":{"type":"LineString","coordinates":[[-7.00708,37.22458],[-7.00708,37.22458]]},"properties":{"source":"emodnet_dtm_2024","level":2}},{"type":"Feature","geometry":{"type":"LineString","coordinates":[[-6.98875,37.22458],[-6.98875,37.22458]]},"properties":{"source":"emodnet_dtm_2024","level":2}},{"type":"Feature","geometry":{"type":"LineString","coordinates":[[-6.97125,37.22458],[-6.97125,37.22458]]},"properties":{"source":"emodnet_dtm_2024","level":2}},{"type":"Feature","geometry":{"type":"LineString","coordinates":[[-7.00792,37.22542],[-7.00792,37.22542]]},"properties":{"source":"emodnet_dtm_2024","level":2}},{"type":"Feature","geometry":{"type":"LineString","coordinates":[[-6.99542,37.22542],[-6.99542,37.22542]]},"properties":{"source":"emodnet_dtm_2024","level":2}},{"type":"Feature","geometry":{"type":"LineString","coordinates":[[-6.99708,37.22625],[-6.99708,37.22625]]},"properties":{"source":"emodnet_dtm_2024","level":2}},{"type":"Feature","geometry":{"type":"LineString","coordinates":[[-6.99958,37.22875],[-6.99958,37.22875]]},"properties":{"source":"emodnet_dtm_2024","level":2}},{"type":"Feature","geometry":{"type":"LineString","coordinates":[[-6.97375,37.22875],[-6.97375,37.22875]]},"properties":{"source":"emodnet_dtm_2024","level":2}},{"type":"Feature","geometry":{"type":"LineString","coordinates":[[-6.92042,37.23125],[-6.92042,37.23125]]},"properties":{"source":"emodnet_dtm_2024","level":2}},{"type":"Feature","geometry":{"type":"LineString","coordinates":[[-6.97458,37.23208],[-6.97458,37.23208]]},"properties":{"source":"emodnet_dtm_2024","level":2}},{"type":"Feature","geometry":{"type":"LineString","coordinates":[[-6.97375,37.24292],[-6.97375,37.24292]]},"properties":{"source":"emodnet_dtm_2024","level":2}},{"type":"Feature","geometry":{"type":"LineString","coordinates":[[-6.97458,37.24458],[-6.97458,37.24458]]},"properties":{"source":"emodnet_dtm_2024","level":2}},{"type":"Feature","geometry":{"type":"LineString","coordinates":[[-6.97792,37.24542],[-6.97792,37.24542]]},"properties":{"source":"emodnet_dtm_2024","level":2}},{"type":"Feature","geometry":{"type":"LineString","coordinates":[[-6.97958,37.24625],[-6.97958,37.24625]]},"properties":{"source":"emodnet_dtm_2024","level":2}},{"type":"Feature","geometry":{"type":"LineString","coordinates":[[-6.98042,37.24708],[-6.98042,37.24708]]},"properties":{"source":"emodnet_dtm_2024","level":2}},{"type":"Feature","geometry":{"type":"LineString","coordinates":[[-6.98292,37.24958],[-6.98292,37.24958]]},"properties":{"source":"emodnet_dtm_2024","level":2}},{"type":"Feature","geometry":{"type":"LineString","coordinates":[[-6.98458,37.25292],[-6.98458,37.25292]]},"properties":{"source":"emodnet_dtm_2024","level":2}},{"type":"Feature","geometry":{"type":"LineString","coordinates":[[-6.88292,37.26542],[-6.88292,37.26542]]},"properties":{"source":"emodnet_dtm_2024","level":2}},{"type":"Feature","geometry":{"type":"LineString","coordinates":[[-6.96708,37.27542],[-6.96708,37.27542]]},"properties":{"source":"emodnet_dtm_2024","level":2}},{"type":"Feature","geometry":{"type":"LineString","coordinates":[[-6.95708,37.27792],[-6.95708,37.27792]]},"properties":{"source":"emodnet_dtm_2024","level":2}},{"type":"Feature","geometry":{"type":"LineString","coordinates":[[-8.79542,38.38375],[-8.79542,38.38375]]},"properties":{"source":"emodnet_dtm_2024","level":2}},{"type":"Feature","geometry":{"type":"LineString","coordinates":[[-8.79208,38.38375],[-8.79208,38.38375]]},"properties":{"source":"emodnet_dtm_2024","level":2}},{"type":"Feature","geometry":{"type":"LineString","coordinates":[[-8.79708,38.38708],[-8.79708,38.38708]]},"properties":{"source":"emodnet_dtm_2024","level":2}},{"type":"Feature","geometry":{"type":"LineString","coordinates":[[-8.78958,38.41542],[-8.78958,38.41542]]},"properties":{"source":"emodnet_dtm_2024","level":2}},{"type":"Feature","geometry":{"type":"LineString","coordinates":[[-8.79708,38.42375],[-8.79708,38.42375]]},"properties":{"source":"emodnet_dtm_2024","level":2}},{"type":"Feature","geometry":{"type":"LineString","coordinates":[[-8.68125,38.42458],[-8.68125,38.42458]]},"properties":{"source":"emodnet_dtm_2024","level":2}},{"type":"Feature","geometry":{"type":"LineString","coordinates":[[-8.68458,38.42875],[-8.68458,38.42875]]},"properties":{"source":"emodnet_dtm_2024","level":2}},{"type":"Feature","geometry":{"type":"LineString","coordinates":[[-8.68875,38.43292],[-8.68875,38.43292]]},"properties":{"source":"emodnet_dtm_2024","level":2}},{"type":"Feature","geometry":{"type":"LineString","coordinates":[[-8.69375,38.43708],[-8.69375,38.43708]]},"properties":{"source":"emodnet_dtm_2024","level":2}},{"type":"Feature","geometry":{"type":"LineString","coordinates":[[-8.72208,38.44042],[-8.72208,38.44042]]},"properties":{"source":"emodnet_dtm_2024","level":2}},{"type":"Feature","geometry":{"type":"LineString","coordinates":[[-8.72292,38.44125],[-8.72292,38.44125]]},"properties":{"source":"emodnet_dtm_2024","level":2}},{"type":"Feature","geometry":{"type":"LineString","coordinates":[[-8.81958,38.44708],[-8.81958,38.44708]]},"properties":{"source":"emodnet_dtm_2024","level":2}},{"type":"Feature","geometry":{"type":"LineString","coordinates":[[-8.73458,38.47625],[-8.73458,38.47625]]},"properties":{"source":"emodnet_dtm_2024","level":2}},{"type":"Feature","geometry":{"type":"LineString","coordinates":[[-8.77958,38.47875],[-8.77958,38.47875]]},"properties":{"source":"emodnet_dtm_2024","level":2}},{"type":"Feature","geometry":{"type":"LineString","coordinates":[[-8.78208,38.47958],[-8.78208,38.47958]]},"properties":{"source":"emodnet_dtm_2024","level":2}},{"type":"Feature","geometry":{"type":"LineString","coordinates":[[-8.73042,38.47958],[-8.73042,38.47958]]},"properties":{"source":"emodnet_dtm_2024","level":2}},{"type":"Feature","geometry":{"type":"LineString","coordinates":[[-8.78542,38.48375],[-8.78542,38.48375]]},"properties":{"source":"emodnet_dtm_2024","level":2}},{"type":"Feature","geometry":{"type":"LineString","coordinates":[[-8.78292,38.48375],[-8.78292,38.48375]]},"properties":{"source":"emodnet_dtm_2024","level":2}},{"type":"Feature","geometry":{"type":"LineString","coordinates":[[-8.78375,38.48625],[-8.78375,38.48625]]},"properties":{"source":"emodnet_dtm_2024","level":2}},{"type":"Feature","geometry":{"type":"LineString","coordinates":[[-8.72625,38.49125],[-8.72625,38.49125]]},"properties":{"source":"emodnet_dtm_2024","level":2}},{"type":"Feature","geometry":{"type":"LineString","coordinates":[[-8.80125,38.51292],[-8.80125,38.51292]]},"properties":{"source":"emodnet_dtm_2024","level":2}},{"type":"Feature","geometry":{"type":"LineString","coordinates":[[-8.77055,38.52708],[-8.77042,38.52672],[-8.77042,38.5277],[-8.77055,38.52708]]},"properties":{"source":"emodnet_dtm_2024","level":2}},{"type":"Feature","geometry":{"type":"LineString","coordinates":[[-8.78708,38.53958],[-8.78708,38.53958]]},"properties":{"source":"emodnet_dtm_2024","level":2}},{"type":"Feature","geometry":{"type":"LineString","coordinates":[[-9.07292,38.63208],[-9.07292,38.63208]]},"properties":{"source":"emodnet_dtm_2024","level":2}},{"type":"Feature","geometry":{"type":"LineString","coordinates":[[-9.06042,38.68375],[-9.06042,38.68375]]},"properties":{"source":"emodnet_dtm_2024","level":2}},{"type":"Feature","geometry":{"type":"LineString","coordinates":[[-9.05875,38.68458],[-9.05875,38.68458]]},"properties":{"source":"emodnet_dtm_2024","level":2}},{"type":"Feature","geometry":{"type":"LineString","coordinates":[[-9.09375,38.76458],[-9.09375,38.76458]]},"properties":{"source":"emodnet_dtm_2024","level":2}},{"type":"Feature","geometry":{"type":"LineString","coordinates":[[-8.94292,38.81208],[-8.94292,38.81208]]},"properties":{"source":"emodnet_dtm_2024","level":2}},{"type":"Feature","geometry":{"type":"LineString","coordinates":[[-9.03958,38.85042],[-9.03958,38.85042]]},"properties":{"source":"emodnet_dtm_2024","level":2}},{"type":"Feature","geometry":{"type":"LineString","coordinates":[[-8.99375,38.87875],[-8.99375,38.87875]]},"properties":{"source":"emodnet_dtm_2024","level":2}},{"type":"Feature","geometry":{"type":"LineString","coordinates":[[-9.02458,38.88125],[-9.02458,38.88125]]},"properties":{"source":"emodnet_dtm_2024","level":2}},{"type":"Feature","geometry":{"type":"LineString","coordinates":[[-9.00375,38.88542],[-9.00375,38.88542]]},"properties":{"source":"emodnet_dtm_2024","level":2}},{"type":"Feature","geometry":{"type":"LineString","coordinates":[[-9.00292,38.88708],[-9.00292,38.88708]]},"properties":{"source":"emodnet_dtm_2024","level":2}},{"type":"Feature","geometry":{"type":"LineString","coordinates":[[-9.01042,38.88792],[-9.01042,38.88792]]},"properties":{"source":"emodnet_dtm_2024","level":2}},{"type":"Feature","geometry":{"type":"LineString","coordinates":[[-9.01875,38.88875],[-9.01875,38.88875]]},"properties":{"source":"emodnet_dtm_2024","level":2}},{"type":"Feature","geometry":{"type":"LineString","coordinates":[[-8.99875,38.89458],[-8.99875,38.89458]]},"properties":{"source":"emodnet_dtm_2024","level":2}},{"type":"Feature","geometry":{"type":"LineString","coordinates":[[-9.00292,38.92875],[-9.00292,38.92875]]},"properties":{"source":"emodnet_dtm_2024","level":2}},{"type":"Feature","geometry":{"type":"LineString","coordinates":[[-8.66875,40.63125],[-8.66875,40.63125]]},"properties":{"source":"emodnet_dtm_2024","level":2}},{"type":"Feature","geometry":{"type":"LineString","coordinates":[[-8.67708,40.64458],[-8.67708,40.64458]]},"properties":{"source":"emodnet_dtm_2024","level":2}},{"type":"Feature","geometry":{"type":"LineString","coordinates":[[-8.69458,40.65375],[-8.69458,40.65375]]},"properties":{"source":"emodnet_dtm_2024","level":2}},{"type":"Feature","geometry":{"type":"LineString","coordinates":[[-8.70208,40.70208],[-8.70208,40.70208]]},"properties":{"source":"emodnet_dtm_2024","level":2}},{"type":"Feature","geometry":{"type":"LineString","coordinates":[[-8.68125,40.72292],[-8.68125,40.72292]]},"properties":{"source":"emodnet_dtm_2024","level":2}},{"type":"Feature","geometry":{"type":"LineString","coordinates":[[-8.68875,40.74375],[-8.68875,40.74375]]},"properties":{"source":"emodnet_dtm_2024","level":2}},{"type":"Feature","geometry":{"type":"LineString","coordinates":[[-8.67292,40.76958],[-8.67292,40.76958]]},"properties":{"source":"emodnet_dtm_2024","level":2}},{"type":"Feature","geometry":{"type":"LineString","coordinates":[[-8.67458,40.77708],[-8.67458,40.77708]]},"properties":{"source":"emodnet_dtm_2024","level":2}},{"type":"Feature","geometry":{"type":"LineString","coordinates":[[-8.67708,40.77792],[-8.67708,40.77792]]},"properties":{"source":"emodnet_dtm_2024","level":2}},{"type":"Feature","geometry":{"type":"LineString","coordinates":[[-8.65625,40.78625],[-8.65625,40.78625]]},"properties":{"source":"emodnet_dtm_2024","level":2}},{"type":"Feature","geometry":{"type":"LineString","coordinates":[[-8.65792,40.78958],[-8.65792,40.78958]]},"properties":{"source":"emodnet_dtm_2024","level":2}},{"type":"Feature","geometry":{"type":"LineString","coordinates":[[-8.66458,40.79042],[-8.66458,40.79042]]},"properties":{"source":"emodnet_dtm_2024","level":2}},{"type":"Feature","geometry":{"type":"LineString","coordinates":[[-8.63958,40.80292],[-8.63958,40.80292]]},"properties":{"source":"emodnet_dtm_2024","level":2}},{"type":"Feature","geometry":{"type":"LineString","coordinates":[[-8.63542,40.81958],[-8.63542,40.81958]]},"properties":{"source":"emodnet_dtm_2024","level":2}},{"type":"Feature","geometry":{"type":"LineString","coordinates":[[-6.13792,36.29375],[-6.13792,36.29375]]},"properties":{"source":"emodnet_dtm_2024","level":2}},{"type":"Feature","geometry":{"type":"LineString","coordinates":[[-6.18542,36.36958],[-6.18542,36.36958]]},"properties":{"source":"emodnet_dtm_2024","level":2}},{"type":"Feature","geometry":{"type":"LineString","coordinates":[[-6.20625,36.38208],[-6.20625,36.38208]]},"properties":{"source":"emodnet_dtm_2024","level":2}},{"type":"Feature","geometry":{"type":"LineString","coordinates":[[-6.21625,36.41542],[-6.21625,36.41542]]},"properties":{"source":"emodnet_dtm_2024","level":2}},{"type":"Feature","geometry":{"type":"LineString","coordinates":[[-6.23792,36.43958],[-6.23792,36.43958]]},"properties":{"source":"emodnet_dtm_2024","level":2}},{"type":"Feature","geometry":{"type":"LineString","coordinates":[[-6.18375,36.44125],[-6.18375,36.44125]]},"properties":{"source":"emodnet_dtm_2024","level":2}},{"type":"Feature","geometry":{"type":"LineString","coordinates":[[-6.18208,36.44375],[-6.18208,36.44375]]},"properties":{"source":"emodnet_dtm_2024","level":2}},{"type":"Feature","geometry":{"type":"LineString","coordinates":[[-6.18292,36.49458],[-6.18292,36.49458]]},"properties":{"source":"emodnet_dtm_2024","level":2}},{"type":"Feature","geometry":{"type":"LineString","coordinates":[[-6.28125,36.50708],[-6.28125,36.50708]]},"properties":{"source":"emodnet_dtm_2024","level":2}},{"type":"Feature","geometry":{"type":"LineString","coordinates":[[-6.23458,36.51042],[-6.23458,36.51042]]},"properties":{"source":"emodnet_dtm_2024","level":2}},{"type":"Feature","geometry":{"type":"LineString","coordinates":[[-6.25625,36.51958],[-6.25625,36.51958]]},"properties":{"source":"emodnet_dtm_2024","level":2}},{"type":"Feature","geometry":{"type":"LineString","coordinates":[[-6.22042,36.52708],[-6.22042,36.52708]]},"properties":{"source":"emodnet_dtm_2024","level":2}},{"type":"Feature","geometry":{"type":"LineString","coordinates":[[-6.21625,36.53125],[-6.21625,36.53125]]},"properties":{"source":"emodnet_dtm_2024","level":2}},{"type":"Feature","geometry":{"type":"LineString","coordinates":[[-6.21542,36.53375],[-6.21542,36.53375]]},"properties":{"source":"emodnet_dtm_2024","level":2}},{"type":"Feature","geometry":{"type":"LineString","coordinates":[[-6.21375,36.53625],[-6.21375,36.53625]]},"properties":{"source":"emodnet_dtm_2024","level":2}},{"type":"Feature","geometry":{"type":"LineString","coordinates":[[-6.21292,36.53792],[-6.21292,36.53792]]},"properties":{"source":"emodnet_dtm_2024","level":2}},{"type":"Feature","geometry":{"type":"LineString","coordinates":[[-6.21208,36.54042],[-6.21208,36.54042]]},"properties":{"source":"emodnet_dtm_2024","level":2}},{"type":"Feature","geometry":{"type":"LineString","coordinates":[[-6.21125,36.54375],[-6.21125,36.54375]]},"properties":{"source":"emodnet_dtm_2024","level":2}},{"type":"Feature","geometry":{"type":"LineString","coordinates":[[-6.20958,36.54542],[-6.20958,36.54542]]},"properties":{"source":"emodnet_dtm_2024","level":2}},{"type":"Feature","geometry":{"type":"LineString","coordinates":[[-6.20875,36.54875],[-6.20875,36.54875]]},"properties":{"source":"emodnet_dtm_2024","level":2}},{"type":"Feature","geometry":{"type":"LineString","coordinates":[[-6.20792,36.55208],[-6.20792,36.55208]]},"properties":{"source":"emodnet_dtm_2024","level":2}},{"type":"Feature","geometry":{"type":"LineString","coordinates":[[-6.20708,36.55375],[-6.20708,36.55375]]},"properties":{"source":"emodnet_dtm_2024","level":2}},{"type":"Feature","geometry":{"type":"LineString","coordinates":[[-6.21292,36.56875],[-6.21292,36.56875]]},"properties":{"source":"emodnet_dtm_2024","level":2}},{"type":"Feature","geometry":{"type":"LineString","coordinates":[[-6.19125,36.57292],[-6.19125,36.57292]]},"properties":{"source":"emodnet_dtm_2024","level":2}},{"type":"Feature","geometry":{"type":"LineString","coordinates":[[-6.23792,36.57625],[-6.23792,36.57625]]},"properties":{"source":"emodnet_dtm_2024","level":2}},{"type":"Feature","geometry":{"type":"LineString","coordinates":[[-6.23625,36.57708],[-6.23625,36.57708]]},"properties":{"source":"emodnet_dtm_2024","level":2}},{"type":"Feature","geometry":{"type":"LineString","coordinates":[[-6.26042,36.57792],[-6.26042,36.57792]]},"properties":{"source":"emodnet_dtm_2024","level":2}},{"type":"Feature","geometry":{"type":"LineString","coordinates":[[-6.25542,36.57958],[-6.25542,36.57958]]},"properties":{"source":"emodnet_dtm_2024","level":2}},{"type":"Feature","geometry":{"type":"LineString","coordinates":[[-6.24208,36.58042],[-6.24208,36.58042]]},"properties":{"source":"emodnet_dtm_2024","level":2}},{"type":"Feature","geometry":{"type":"LineString","coordinates":[[-6.23875,36.58219],[-6.23875,36.58219]]},"properties":{"source":"emodnet_dtm_2024","level":2}},{"type":"Feature","geometry":{"type":"LineString","coordinates":[[-6.24542,36.58292],[-6.24542,36.58292]]},"properties":{"source":"emodnet_dtm_2024","level":2}},{"type":"Feature","geometry":{"type":"LineString","coordinates":[[-6.35208,36.61208],[-6.35208,36.61208]]},"properties":{"source":"emodnet_dtm_2024","level":2}},{"type":"Feature","geometry":{"type":"LineString","coordinates":[[-6.30708,36.61458],[-6.30708,36.61458]]},"properties":{"source":"emodnet_dtm_2024","level":2}},{"type":"Feature","geometry":{"type":"LineString","coordinates":[[-6.30958,36.61542],[-6.30958,36.61542]]},"properties":{"source":"emodnet_dtm_2024","level":2}},{"type":"Feature","geometry":{"type":"LineString","coordinates":[[-6.30375,36.61625],[-6.30375,36.61625]]},"properties":{"source":"emodnet_dtm_2024","level":2}},{"type":"Feature","geometry":{"type":"LineString","coordinates":[[-6.31958,36.62042],[-6.31958,36.62042]]},"properties":{"source":"emodnet_dtm_2024","level":2}},{"type":"Feature","geometry":{"type":"LineString","coordinates":[[-6.38958,36.62875],[-6.38958,36.62875]]},"properties":{"source":"emodnet_dtm_2024","level":2}},{"type":"Feature","geometry":{"type":"LineString","coordinates":[[-6.39375,36.63208],[-6.39375,36.63208]]},"properties":{"source":"emodnet_dtm_2024","level":2}},{"type":"Feature","geometry":{"type":"LineString","coordinates":[[-6.41042,36.66958],[-6.41042,36.66958]]},"properties":{"source":"emodnet_dtm_2024","level":2}},{"type":"Feature","geometry":{"type":"LineString","coordinates":[[-6.42292,36.69042],[-6.42292,36.69042]]},"properties":{"source":"emodnet_dtm_2024","level":2}},{"type":"Feature","geometry":{"type":"LineString","coordinates":[[-6.43125,36.70292],[-6.43125,36.70292]]},"properties":{"source":"emodnet_dtm_2024","level":2}},{"type":"Feature","geometry":{"type":"LineString","coordinates":[[-6.37208,36.79458],[-6.37208,36.79458]]},"properties":{"source":"emodnet_dtm_2024","level":2}},{"type":"Feature","geometry":{"type":"LineString","coordinates":[[-6.36375,36.79542],[-6.36375,36.79542]]},"properties":{"source":"emodnet_dtm_2024","level":2}},{"type":"Feature","geometry":{"type":"LineString","coordinates":[[-6.34792,36.82375],[-6.34792,36.82375]]},"properties":{"source":"emodnet_dtm_2024","level":2}},{"type":"Feature","geometry":{"type":"LineString","coordinates":[[-6.44792,36.90292],[-6.44792,36.90292]]},"properties":{"source":"emodnet_dtm_2024","level":2}},{"type":"Feature","geometry":{"type":"LineString","coordinates":[[-6.46458,36.92375],[-6.46458,36.92375]]},"properties":{"source":"emodnet_dtm_2024","level":2}},{"type":"Feature","geometry":{"type":"LineString","coordinates":[[-6.46875,36.92792],[-6.46875,36.92792]]},"properties":{"source":"emodnet_dtm_2024","level":2}},{"type":"Feature","geometry":{"type":"LineString","coordinates":[[-6.47292,36.93208],[-6.47292,36.93208]]},"properties":{"source":"emodnet_dtm_2024","level":2}},{"type":"Feature","geometry":{"type":"LineString","coordinates":[[-6.47708,36.93625],[-6.47708,36.93625]]},"properties":{"source":"emodnet_dtm_2024","level":2}},{"type":"Feature","geometry":{"type":"LineString","coordinates":[[-6.48125,36.94042],[-6.48125,36.94042]]},"properties":{"source":"emodnet_dtm_2024","level":2}},{"type":"Feature","geometry":{"type":"LineString","coordinates":[[-6.48542,36.94458],[-6.48542,36.94458]]},"properties":{"source":"emodnet_dtm_2024","level":2}},{"type":"Feature","geometry":{"type":"LineString","coordinates":[[-6.48958,36.94875],[-6.48958,36.94875]]},"properties":{"source":"emodnet_dtm_2024","level":2}},{"type":"Feature","geometry":{"type":"LineString","coordinates":[[-6.49625,36.95375],[-6.49625,36.95375]]},"properties":{"source":"emodnet_dtm_2024","level":2}},{"type":"Feature","geometry":{"type":"LineString","coordinates":[[-6.51875,36.97375],[-6.51875,36.97375]]},"properties":{"source":"emodnet_dtm_2024","level":2}},{"type":"Feature","geometry":{"type":"LineString","coordinates":[[-6.52625,36.97875],[-6.52625,36.97875]]},"properties":{"source":"emodnet_dtm_2024","level":2}},{"type":"Feature","geometry":{"type":"LineString","coordinates":[[-7.88542,36.98375],[-7.88542,36.98375]]},"properties":{"source":"emodnet_dtm_2024","level":2}},{"type":"Feature","geometry":{"type":"LineString","coordinates":[[-6.54625,36.99042],[-6.54625,36.99042]]},"properties":{"source":"emodnet_dtm_2024","level":2}},{"type":"Feature","geometry":{"type":"LineString","coordinates":[[-6.55208,36.99458],[-6.55208,36.99458]]},"properties":{"source":"emodnet_dtm_2024","level":2}},{"type":"Feature","geometry":{"type":"LineString","coordinates":[[-6.55458,36.99542],[-6.55458,36.99542]]},"properties":{"source":"emodnet_dtm_2024","level":2}},{"type":"Feature","geometry":{"type":"LineString","coordinates":[[-6.57292,37.00792],[-6.57292,37.00792]]},"properties":{"source":"emodnet_dtm_2024","level":2}},{"type":"Feature","geometry":{"type":"LineString","coordinates":[[-8.92708,37.01875],[-8.92708,37.01875]]},"properties":{"source":"emodnet_dtm_2024","level":2}},{"type":"Feature","geometry":{"type":"LineString","coordinates":[[-8.90625,37.02292],[-8.90625,37.02292]]},"properties":{"source":"emodnet_dtm_2024","level":2}},{"type":"Feature","geometry":{"type":"LineString","coordinates":[[-6.60125,37.02375],[-6.60125,37.02375]]},"properties":{"source":"emodnet_dtm_2024","level":2}},{"type":"Feature","geometry":{"type":"LineString","coordinates":[[-6.61708,37.03208],[-6.61708,37.03208]]},"properties":{"source":"emodnet_dtm_2024","level":2}},{"type":"Feature","geometry":{"type":"LineString","coordinates":[[-6.65125,37.04958],[-6.65125,37.04958]]},"properties":{"source":"emodnet_dtm_2024","level":2}},{"type":"Feature","geometry":{"type":"LineString","coordinates":[[-6.66708,37.05792],[-6.66708,37.05792]]},"properties":{"source":"emodnet_dtm_2024","level":2}},{"type":"Feature","geometry":{"type":"LineString","coordinates":[[-6.68542,37.06625],[-6.68542,37.06625]]},"properties":{"source":"emodnet_dtm_2024","level":2}},{"type":"Feature","geometry":{"type":"LineString","coordinates":[[-6.70458,37.07708],[-6.70458,37.07708]]},"properties":{"source":"emodnet_dtm_2024","level":2}},{"type":"Feature","geometry":{"type":"LineString","coordinates":[[-6.70625,37.07792],[-6.70625,37.07792]]},"properties":{"source":"emodnet_dtm_2024","level":2}},{"type":"Feature","geometry":{"type":"LineString","coordinates":[[-6.71292,37.08125],[-6.71292,37.08125]]},"properties":{"source":"emodnet_dtm_2024","level":2}},{"type":"Feature","geometry":{"type":"LineString","coordinates":[[-6.74208,37.09458],[-6.74208,37.09458]]},"properties":{"source":"emodnet_dtm_2024","level":2}},{"type":"Feature","geometry":{"type":"LineString","coordinates":[[-6.75208,37.09958],[-6.75208,37.09958]]},"properties":{"source":"emodnet_dtm_2024","level":2}},{"type":"Feature","geometry":{"type":"LineString","coordinates":[[-6.75875,37.10292],[-6.75875,37.10292]]},"properties":{"source":"emodnet_dtm_2024","level":2}},{"type":"Feature","geometry":{"type":"LineString","coordinates":[[-6.76708,37.10708],[-6.76708,37.10708]]},"properties":{"source":"emodnet_dtm_2024","level":2}},{"type":"Feature","geometry":{"type":"LineString","coordinates":[[-6.77708,37.11208],[-6.77708,37.11208]]},"properties":{"source":"emodnet_dtm_2024","level":2}},{"type":"Feature","geometry":{"type":"LineString","coordinates":[[-6.78875,37.11625],[-6.78875,37.11625]]},"properties":{"source":"emodnet_dtm_2024","level":2}},{"type":"Feature","geometry":{"type":"LineString","coordinates":[[-6.84208,37.11958],[-6.84208,37.11958]]},"properties":{"source":"emodnet_dtm_2024","level":2}},{"type":"Feature","geometry":{"type":"LineString","coordinates":[[-6.84042,37.12208],[-6.84042,37.12208]]},"properties":{"source":"emodnet_dtm_2024","level":2}},{"type":"Feature","geometry":{"type":"LineString","coordinates":[[-6.85542,37.12875],[-6.85542,37.12875]]},"properties":{"source":"emodnet_dtm_2024","level":2}},{"type":"Feature","geometry":{"type":"LineString","coordinates":[[-6.83625,37.13125],[-6.83625,37.13125]]},"properties":{"source":"emodnet_dtm_2024","level":2}},{"type":"Feature","geometry":{"type":"LineString","coordinates":[[-6.86375,37.13208],[-6.86375,37.13208]]},"properties":{"source":"emodnet_dtm_2024","level":2}},{"type":"Feature","geometry":{"type":"LineString","coordinates":[[-6.83042,37.13208],[-6.83042,37.13208]]},"properties":{"source":"emodnet_dtm_2024","level":2}},{"type":"Feature","geometry":{"type":"LineString","coordinates":[[-8.52625,37.14542],[-8.52625,37.14542]]},"properties":{"source":"emodnet_dtm_2024","level":2}},{"type":"Feature","geometry":{"type":"LineString","coordinates":[[-8.52375,37.14625],[-8.52375,37.14625]]},"properties":{"source":"emodnet_dtm_2024","level":2}},{"type":"Feature","geometry":{"type":"LineString","coordinates":[[-6.94875,37.16458],[-6.94875,37.16458]]},"properties":{"source":"emodnet_dtm_2024","level":2}},{"type":"Feature","geometry":{"type":"LineString","coordinates":[[-6.91458,37.17375],[-6.91458,37.17375]]},"properties":{"source":"emodnet_dtm_2024","level":2}},{"type":"Feature","geometry":{"type":"LineString","coordinates":[[-7.32792,37.18125],[-7.32792,37.18125]]},"properties":{"source":"emodnet_dtm_2024","level":2}},{"type":"Feature","geometry":{"type":"LineString","coordinates":[[-6.93292,37.18896],[-6.93292,37.18865],[-6.93292,37.18896]]},"properties":{"source":"emodnet_dtm_2024","level":2}},{"type":"Feature","geometry":{"type":"LineString","coordinates":[[-6.93792,37.19458],[-6.93792,37.19458]]},"properties":{"source":"emodnet_dtm_2024","level":2}},{"type":"Feature","geometry":{"type":"LineString","coordinates":[[-7.29875,37.19542],[-7.29875,37.19542]]},"properties":{"source":"emodnet_dtm_2024","level":2}},{"type":"Feature","geometry":{"type":"LineString","coordinates":[[-7.28708,37.19792],[-7.28708,37.19792]]},"properties":{"source":"emodnet_dtm_2024","level":2}},{"type":"Feature","geometry":{"type":"LineString","coordinates":[[-7.23708,37.20208],[-7.23708,37.20208]]},"properties":{"source":"emodnet_dtm_2024","level":2}},{"type":"Feature","geometry":{"type":"LineString","coordinates":[[-7.21208,37.20292],[-7.21208,37.20292]]},"properties":{"source":"emodnet_dtm_2024","level":2}},{"type":"Feature","geometry":{"type":"LineString","coordinates":[[-6.92958,37.20292],[-6.92958,37.20292]]},"properties":{"source":"emodnet_dtm_2024","level":2}},{"type":"Feature","geometry":{"type":"LineString","coordinates":[[-7.06208,37.20375],[-7.06208,37.20375]]},"properties":{"source":"emodnet_dtm_2024","level":2}},{"type":"Feature","geometry":{"type":"LineString","coordinates":[[-6.97458,37.21208],[-6.97458,37.21208]]},"properties":{"source":"emodnet_dtm_2024","level":2}},{"type":"Feature","geometry":{"type":"LineString","coordinates":[[-6.97375,37.21458],[-6.97375,37.21458]]},"properties":{"source":"emodnet_dtm_2024","level":2}},{"type":"Feature","geometry":{"type":"LineString","coordinates":[[-6.94792,37.21542],[-6.94792,37.21542]]},"properties":{"source":"emodnet_dtm_2024","level":2}},{"type":"Feature","geometry":{"type":"LineString","coordinates":[[-7.01208,37.21625],[-7.01208,37.21625]]},"properties":{"source":"emodnet_dtm_2024","level":2}},{"type":"Feature","geometry":{"type":"LineString","coordinates":[[-6.97208,37.21625],[-6.97208,37.21625]]},"properties":{"source":"emodnet_dtm_2024","level":2}},{"type":"Feature","geometry":{"type":"LineString","coordinates":[[-7.00958,37.21875],[-7.00958,37.21875]]},"properties":{"source":"emodnet_dtm_2024","level":2}},{"type":"Feature","geometry":{"type":"LineString","coordinates":[[-7.00292,37.21875],[-7.00292,37.21875]]},"properties":{"source":"emodnet_dtm_2024","level":2}},{"type":"Feature","geometry":{"type":"LineString","coordinates":[[-6.93208,37.21875],[-6.93208,37.21875]]},"properties":{"source":"emodnet_dtm_2024","level":2}},{"type":"Feature","geometry":{"type":"LineString","coordinates":[[-6.99958,37.21958],[-6.99958,37.21958]]},"properties":{"source":"emodnet_dtm_2024","level":2}},{"type":"Feature","geometry":{"type":"LineString","coordinates":[[-6.99958,37.22292],[-6.99958,37.22292]]},"properties":{"source":"emodnet_dtm_2024","level":2}},{"type":"Feature","geometry":{"type":"LineString","coordinates":[[-6.98792,37.22708],[-6.98792,37.22708]]},"properties":{"source":"emodnet_dtm_2024","level":2}},{"type":"Feature","geometry":{"type":"LineString","coordinates":[[-7.00125,37.23125],[-7.00125,37.23125]]},"properties":{"source":"emodnet_dtm_2024","level":2}},{"type":"Feature","geometry":{"type":"LineString","coordinates":[[-6.99958,37.23208],[-6.99958,37.23208]]},"properties":{"source":"emodnet_dtm_2024","level":2}},{"type":"Feature","geometry":{"type":"LineString","coordinates":[[-6.91958,37.23208],[-6.91958,37.23208]]},"properties":{"source":"emodnet_dtm_2024","level":2}},{"type":"Feature","geometry":{"type":"LineString","coordinates":[[-6.99458,37.23542],[-6.99458,37.23542]]},"properties":{"source":"emodnet_dtm_2024","level":2}},{"type":"Feature","geometry":{"type":"LineString","coordinates":[[-6.97458,37.23708],[-6.97458,37.23708]]},"properties":{"source":"emodnet_dtm_2024","level":2}},{"type":"Feature","geometry":{"type":"LineString","coordinates":[[-6.97375,37.24042],[-6.97375,37.24042]]},"properties":{"source":"emodnet_dtm_2024","level":2}},{"type":"Feature","geometry":{"type":"LineString","coordinates":[[-6.90792,37.24125],[-6.90792,37.24125]]},"properties":{"source":"emodnet_dtm_2024","level":2}},{"type":"Feature","geometry":{"type":"LineString","coordinates":[[-6.90375,37.24542],[-6.90375,37.24542]]},"properties":{"source":"emodnet_dtm_2024","level":2}},{"type":"Feature","geometry":{"type":"LineString","coordinates":[[-6.92625,37.24792],[-6.92625,37.24792]]},"properties":{"source":"emodnet_dtm_2024","level":2}},{"type":"Feature","geometry":{"type":"LineString","coordinates":[[-6.89875,37.24958],[-6.89875,37.24958]]},"properties":{"source":"emodnet_dtm_2024","level":2}},{"type":"Feature","geometry":{"type":"LineString","coordinates":[[-6.98625,37.25375],[-6.98625,37.25375]]},"properties":{"source":"emodnet_dtm_2024","level":2}},{"type":"Feature","geometry":{"type":"LineString","coordinates":[[-6.98708,37.25625],[-6.98708,37.25625]]},"properties":{"source":"emodnet_dtm_2024","level":2}},{"type":"Feature","geometry":{"type":"LineString","coordinates":[[-6.97792,37.26875],[-6.97792,37.26875]]},"properties":{"source":"emodnet_dtm_2024","level":2}},{"type":"Feature","geometry":{"type":"LineString","coordinates":[[-6.96792,37.27708],[-6.96792,37.27708]]},"properties":{"source":"emodnet_dtm_2024","level":2}},{"type":"Feature","geometry":{"type":"LineString","coordinates":[[-6.96625,37.27792],[-6.96625,37.27792]]},"properties":{"source":"emodnet_dtm_2024","level":2}},{"type":"Feature","geometry":{"type":"LineString","coordinates":[[-6.95708,37.27875],[-6.95708,37.27875]]},"properties":{"source":"emodnet_dtm_2024","level":2}},{"type":"Feature","geometry":{"type":"LineString","coordinates":[[-6.95542,37.27958],[-6.95542,37.27958]]},"properties":{"source":"emodnet_dtm_2024","level":2}},{"type":"Feature","geometry":{"type":"LineString","coordinates":[[-6.97208,37.28208],[-6.97208,37.28208]]},"properties":{"source":"emodnet_dtm_2024","level":2}},{"type":"Feature","geometry":{"type":"LineString","coordinates":[[-6.97125,37.29042],[-6.97125,37.29042]]},"properties":{"source":"emodnet_dtm_2024","level":2}},{"type":"Feature","geometry":{"type":"LineString","coordinates":[[-6.95708,37.29125],[-6.95708,37.29125]]},"properties":{"source":"emodnet_dtm_2024","level":2}},{"type":"Feature","geometry":{"type":"LineString","coordinates":[[-6.95542,37.29375],[-6.95542,37.29375]]},"properties":{"source":"emodnet_dtm_2024","level":2}},{"type":"Feature","geometry":{"type":"LineString","coordinates":[[-6.96125,37.29542],[-6.96125,37.29542]]},"properties":{"source":"emodnet_dtm_2024","level":2}},{"type":"Feature","geometry":{"type":"LineString","coordinates":[[-6.85708,37.29792],[-6.85708,37.29792]]},"properties":{"source":"emodnet_dtm_2024","level":2}},{"type":"Feature","geometry":{"type":"LineString","coordinates":[[-6.97625,37.29875],[-6.97625,37.29875]]},"properties":{"source":"emodnet_dtm_2024","level":2}},{"type":"Feature","geometry":{"type":"LineString","coordinates":[[-6.85542,37.30042],[-6.85542,37.30042]]},"properties":{"source":"emodnet_dtm_2024","level":2}},{"type":"Feature","geometry":{"type":"LineString","coordinates":[[-6.85458,37.30208],[-6.85458,37.30208]]},"properties":{"source":"emodnet_dtm_2024","level":2}},{"type":"Feature","geometry":{"type":"LineString","coordinates":[[-6.85375,37.30292],[-6.85375,37.30292]]},"properties":{"source":"emodnet_dtm_2024","level":2}},{"type":"Feature","geometry":{"type":"LineString","coordinates":[[-6.85292,37.30375],[-6.85292,37.30375]]},"properties":{"source":"emodnet_dtm_2024","level":2}},{"type":"Feature","geometry":{"type":"LineString","coordinates":[[-6.97792,37.30458],[-6.97792,37.30458]]},"properties":{"source":"emodnet_dtm_2024","level":2}},{"type":"Feature","geometry":{"type":"LineString","coordinates":[[-6.95708,37.30792],[-6.95708,37.30792]]},"properties":{"source":"emodnet_dtm_2024","level":2}},{"type":"Feature","geometry":{"type":"LineString","coordinates":[[-8.79125,38.38542],[-8.79125,38.38542]]},"properties":{"source":"emodnet_dtm_2024","level":2}},{"type":"Feature","geometry":{"type":"LineString","coordinates":[[-8.79708,38.38792],[-8.79708,38.38792]]},"properties":{"source":"emodnet_dtm_2024","level":2}},{"type":"Feature","geometry":{"type":"LineString","coordinates":[[-8.77458,38.41042],[-8.77458,38.41042]]},"properties":{"source":"emodnet_dtm_2024","level":2}},{"type":"Feature","geometry":{"type":"LineString","coordinates":[[-8.89792,38.48458],[-8.89792,38.48458]]},"properties":{"source":"emodnet_dtm_2024","level":2}},{"type":"Feature","geometry":{"type":"LineString","coordinates":[[-8.78708,38.48542],[-8.78708,38.48542]]},"properties":{"source":"emodnet_dtm_2024","level":2}},{"type":"Feature","geometry":{"type":"LineString","coordinates":[[-8.78208,38.48708],[-8.78208,38.48708]]},"properties":{"source":"emodnet_dtm_2024","level":2}},{"type":"Feature","geometry":{"type":"LineString","coordinates":[[-8.78042,38.48958],[-8.78042,38.48958]]},"properties":{"source":"emodnet_dtm_2024","level":2}},{"type":"Feature","geometry":{"type":"LineString","coordinates":[[-8.77875,38.49042],[-8.77875,38.49042]]},"properties":{"source":"emodnet_dtm_2024","level":2}},{"type":"Feature","geometry":{"type":"LineString","coordinates":[[-8.76958,38.50042],[-8.76958,38.50042]]},"properties":{"source":"emodnet_dtm_2024","level":2}},{"type":"Feature","geometry":{"type":"LineString","coordinates":[[-8.79875,38.53125],[-8.79875,38.53125]]},"properties":{"source":"emodnet_dtm_2024","level":2}},{"type":"Feature","geometry":{"type":"LineString","coordinates":[[-8.78042,38.54042],[-8.78042,38.54042]]},"properties":{"source":"emodnet_dtm_2024","level":2}},{"type":"Feature","geometry":{"type":"LineString","coordinates":[[-8.73458,38.56875],[-8.73458,38.56875]]},"properties":{"source":"emodnet_dtm_2024","level":2}},{"type":"Feature","geometry":{"type":"LineString","coordinates":[[-9.07292,38.63542],[-9.07292,38.63542]]},"properties":{"source":"emodnet_dtm_2024","level":2}},{"type":"Feature","geometry":{"type":"LineString","coordinates":[[-9.10542,38.64542],[-9.10542,38.64542]]},"properties":{"source":"emodnet_dtm_2024","level":2}},{"type":"Feature","geometry":{"type":"LineString","coordinates":[[-9.09958,38.64792],[-9.09958,38.64792]]},"properties":{"source":"emodnet_dtm_2024","level":2}},{"type":"Feature","geometry":{"type":"LineString","coordinates":[[-9.04375,38.67708],[-9.04375,38.67708]]},"properties":{"source":"emodnet_dtm_2024","level":2}},{"type":"Feature","geometry":{"type":"LineString","coordinates":[[-8.95125,38.68958],[-8.95125,38.68958]]},"properties":{"source":"emodnet_dtm_2024","level":2}},{"type":"Feature","geometry":{"type":"LineString","coordinates":[[-9.04792,38.69042],[-9.04792,38.69042]]},"properties":{"source":"emodnet_dtm_2024","level":2}},{"type":"Feature","geometry":{"type":"LineString","coordinates":[[-9.20125,38.69375],[-9.20125,38.69375]]},"properties":{"source":"emodnet_dtm_2024","level":2}},{"type":"Feature","geometry":{"type":"LineString","coordinates":[[-8.93542,38.78125],[-8.93542,38.78125]]},"properties":{"source":"emodnet_dtm_2024","level":2}},{"type":"Feature","geometry":{"type":"LineString","coordinates":[[-9.08958,38.79792],[-9.08958,38.79792]]},"properties":{"source":"emodnet_dtm_2024","level":2}},{"type":"Feature","geometry":{"type":"LineString","coordinates":[[-8.93792,38.80625],[-8.93792,38.80625]]},"properties":{"source":"emodnet_dtm_2024","level":2}},{"type":"Feature","geometry":{"type":"LineString","coordinates":[[-9.06875,38.84875],[-9.06875,38.84875]]},"properties":{"source":"emodnet_dtm_2024","level":2}},{"type":"Feature","geometry":{"type":"LineString","coordinates":[[-9.03958,38.85625],[-9.03958,38.85625]]},"properties":{"source":"emodnet_dtm_2024","level":2}},{"type":"Feature","geometry":{"type":"LineString","coordinates":[[-9.03542,38.86208],[-9.03542,38.86208]]},"properties":{"source":"emodnet_dtm_2024","level":2}},{"type":"Feature","geometry":{"type":"LineString","coordinates":[[-9.03125,38.86542],[-9.03125,38.86542]]},"properties":{"source":"emodnet_dtm_2024","level":2}},{"type":"Feature","geometry":{"type":"LineString","coordinates":[[-9.03958,38.86958],[-9.03958,38.86958]]},"properties":{"source":"emodnet_dtm_2024","level":2}},{"type":"Feature","geometry":{"type":"LineString","coordinates":[[-9.02708,38.87292],[-9.02708,38.87292]]},"properties":{"source":"emodnet_dtm_2024","level":2}},{"type":"Feature","geometry":{"type":"LineString","coordinates":[[-8.98125,38.87292],[-8.98125,38.87292]]},"properties":{"source":"emodnet_dtm_2024","level":2}},{"type":"Feature","geometry":{"type":"LineString","coordinates":[[-8.92625,38.87292],[-8.92625,38.87292]]},"properties":{"source":"emodnet_dtm_2024","level":2}},{"type":"Feature","geometry":{"type":"LineString","coordinates":[[-9.02375,38.88208],[-9.02375,38.88208]]},"properties":{"source":"emodnet_dtm_2024","level":2}},{"type":"Feature","geometry":{"type":"LineString","coordinates":[[-9.00625,38.88958],[-9.00625,38.88958]]},"properties":{"source":"emodnet_dtm_2024","level":2}},{"type":"Feature","geometry":{"type":"LineString","coordinates":[[-9.01875,38.89375],[-9.01875,38.89375]]},"properties":{"source":"emodnet_dtm_2024","level":2}},{"type":"Feature","geometry":{"type":"LineString","coordinates":[[-9.00542,38.89458],[-9.00542,38.89458]]},"properties":{"source":"emodnet_dtm_2024","level":2}},{"type":"Feature","geometry":{"type":"LineString","coordinates":[[-9.00208,38.90125],[-9.00208,38.90125]]},"properties":{"source":"emodnet_dtm_2024","level":2}},{"type":"Feature","geometry":{"type":"LineString","coordinates":[[-9.00625,38.92292],[-9.00625,38.92292]]},"properties":{"source":"emodnet_dtm_2024","level":2}},{"type":"Feature","geometry":{"type":"LineString","coordinates":[[-9.00375,38.92375],[-9.00375,38.92375]]},"properties":{"source":"emodnet_dtm_2024","level":2}},{"type":"Feature","geometry":{"type":"LineString","coordinates":[[-8.96708,38.96042],[-8.96708,38.96042]]},"properties":{"source":"emodnet_dtm_2024","level":2}},{"type":"Feature","geometry":{"type":"LineString","coordinates":[[-9.37708,39.35458],[-9.37708,39.35458]]},"properties":{"source":"emodnet_dtm_2024","level":2}},{"type":"Feature","geometry":{"type":"LineString","coordinates":[[-9.37292,39.35542],[-9.37292,39.35542]]},"properties":{"source":"emodnet_dtm_2024","level":2}},{"type":"Feature","geometry":{"type":"LineString","coordinates":[[-8.83542,40.12458],[-8.83542,40.12458]]},"properties":{"source":"emodnet_dtm_2024","level":2}},{"type":"Feature","geometry":{"type":"LineString","coordinates":[[-8.87292,40.15292],[-8.87292,40.15292]]},"properties":{"source":"emodnet_dtm_2024","level":2}},{"type":"Feature","geometry":{"type":"LineString","coordinates":[[-8.85542,40.30292],[-8.85542,40.30292]]},"properties":{"source":"emodnet_dtm_2024","level":2}},{"type":"Feature","geometry":{"type":"LineString","coordinates":[[-8.66875,40.63292],[-8.66875,40.63292]]},"properties":{"source":"emodnet_dtm_2024","level":2}},{"type":"Feature","geometry":{"type":"LineString","coordinates":[[-8.66708,40.63625],[-8.66708,40.63625]]},"properties":{"source":"emodnet_dtm_2024","level":2}},{"type":"Feature","geometry":{"type":"LineString","coordinates":[[-8.66542,40.63708],[-8.66542,40.63708]]},"properties":{"source":"emodnet_dtm_2024","level":2}},{"type":"Feature","geometry":{"type":"LineString","coordinates":[[-8.67708,40.64792],[-8.67708,40.64792]]},"properties":{"source":"emodnet_dtm_2024","level":2}},{"type":"Feature","geometry":{"type":"LineString","coordinates":[[-8.68125,40.65625],[-8.68125,40.65625]]},"properties":{"source":"emodnet_dtm_2024","level":2}},{"type":"Feature","geometry":{"type":"LineString","coordinates":[[-8.73125,40.66458],[-8.73125,40.66458]]},"properties":{"source":"emodnet_dtm_2024","level":2}},{"type":"Feature","geometry":{"type":"LineString","coordinates":[[-8.66042,40.66458],[-8.66042,40.66458]]},"properties":{"source":"emodnet_dtm_2024","level":2}},{"type":"Feature","geometry":{"type":"LineString","coordinates":[[-8.67708,40.66875],[-8.67708,40.66875]]},"properties":{"source":"emodnet_dtm_2024","level":2}},{"type":"Feature","geometry":{"type":"LineString","coordinates":[[-8.65208,40.66875],[-8.65208,40.66875]]},"properties":{"source":"emodnet_dtm_2024","level":2}},{"type":"Feature","geometry":{"type":"LineString","coordinates":[[-8.64792,40.67042],[-8.64792,40.67042]]},"properties":{"source":"emodnet_dtm_2024","level":2}},{"type":"Feature","geometry":{"type":"LineString","coordinates":[[-8.67292,40.70208],[-8.67292,40.70208]]},"properties":{"source":"emodnet_dtm_2024","level":2}},{"type":"Feature","geometry":{"type":"LineString","coordinates":[[-8.70542,40.70625],[-8.70542,40.70625]]},"properties":{"source":"emodnet_dtm_2024","level":2}},{"type":"Feature","geometry":{"type":"LineString","coordinates":[[-8.67958,40.72458],[-8.67958,40.72458]]},"properties":{"source":"emodnet_dtm_2024","level":2}},{"type":"Feature","geometry":{"type":"LineString","coordinates":[[-8.67875,40.72542],[-8.67875,40.72542]]},"properties":{"source":"emodnet_dtm_2024","level":2}},{"type":"Feature","geometry":{"type":"LineString","coordinates":[[-8.67792,40.72625],[-8.67792,40.72625]]},"properties":{"source":"emodnet_dtm_2024","level":2}},{"type":"Feature","geometry":{"type":"LineString","coordinates":[[-8.67708,40.72708],[-8.67708,40.72708]]},"properties":{"source":"emodnet_dtm_2024","level":2}},{"type":"Feature","geometry":{"type":"LineString","coordinates":[[-8.67292,40.72958],[-8.67292,40.72958]]},"properties":{"source":"emodnet_dtm_2024","level":2}},{"type":"Feature","geometry":{"type":"LineString","coordinates":[[-8.68958,40.75792],[-8.68958,40.75792]]},"properties":{"source":"emodnet_dtm_2024","level":2}},{"type":"Feature","geometry":{"type":"LineString","coordinates":[[-8.65625,40.80208],[-8.65625,40.80208]]},"properties":{"source":"emodnet_dtm_2024","level":2}},{"type":"Feature","geometry":{"type":"LineString","coordinates":[[-8.63958,40.81458],[-8.63958,40.81458]]},"properties":{"source":"emodnet_dtm_2024","level":2}},{"type":"Feature","geometry":{"type":"LineString","coordinates":[[-8.63708,40.82292],[-8.63708,40.82292]]},"properties":{"source":"emodnet_dtm_2024","level":2}},{"type":"Feature","geometry":{"type":"LineString","coordinates":[[-8.63542,40.82708],[-8.63542,40.82708]]},"properties":{"source":"emodnet_dtm_2024","level":2}},{"type":"Feature","geometry":{"type":"LineString","coordinates":[[-8.64375,40.84375],[-8.64375,40.84375]]},"properties":{"source":"emodnet_dtm_2024","level":2}},{"type":"Feature","geometry":{"type":"LineString","coordinates":[[-8.87292,41.85958],[-8.87292,41.85958]]},"properties":{"source":"emodnet_dtm_2024","level":2}},{"type":"Feature","geometry":{"type":"LineString","coordinates":[[-8.86875,41.86042],[-8.86875,41.86042]]},"properties":{"source":"emodnet_dtm_2024","level":2}},{"type":"Feature","geometry":{"type":"LineString","coordinates":[[-8.89375,42.08708],[-8.89375,42.08708]]},"properties":{"source":"emodnet_dtm_2024","level":2}},{"type":"Feature","geometry":{"type":"LineString","coordinates":[[-8.81125,42.11458],[-8.81125,42.11458]]},"properties":{"source":"emodnet_dtm_2024","level":2}},{"type":"Feature","geometry":{"type":"LineString","coordinates":[[-8.88958,42.19125],[-8.88958,42.19125]]},"properties":{"source":"emodnet_dtm_2024","level":2}},{"type":"Feature","geometry":{"type":"LineString","coordinates":[[-6.14292,36.29458],[-6.14292,36.29458]]},"properties":{"source":"emodnet_dtm_2024","level":2}},{"type":"Feature","geometry":{"type":"LineString","coordinates":[[-6.16708,36.34042],[-6.16708,36.34042]]},"properties":{"source":"emodnet_dtm_2024","level":2}},{"type":"Feature","geometry":{"type":"LineString","coordinates":[[-6.17125,36.34875],[-6.17125,36.34875]]},"properties":{"source":"emodnet_dtm_2024","level":2}},{"type":"Feature","geometry":{"type":"LineString","coordinates":[[-6.17542,36.35708],[-6.17542,36.35708]]},"properties":{"source":"emodnet_dtm_2024","level":2}},{"type":"Feature","geometry":{"type":"LineString","coordinates":[[-6.17625,36.35792],[-6.17625,36.35792]]},"properties":{"source":"emodnet_dtm_2024","level":2}},{"type":"Feature","geometry":{"type":"LineString","coordinates":[[-6.18042,36.36458],[-6.18042,36.36458]]},"properties":{"source":"emodnet_dtm_2024","level":2}},{"type":"Feature","geometry":{"type":"LineString","coordinates":[[-6.21208,36.39042],[-6.21208,36.39042]]},"properties":{"source":"emodnet_dtm_2024","level":2}},{"type":"Feature","geometry":{"type":"LineString","coordinates":[[-6.21375,36.39125],[-6.21375,36.39125]]},"properties":{"source":"emodnet_dtm_2024","level":2}},{"type":"Feature","geometry":{"type":"LineString","coordinates":[[-6.19792,36.40625],[-6.19792,36.40625]]},"properties":{"source":"emodnet_dtm_2024","level":2}},{"type":"Feature","geometry":{"type":"LineString","coordinates":[[-6.22125,36.40708],[-6.22125,36.40708]]},"properties":{"source":"emodnet_dtm_2024","level":2}},{"type":"Feature","geometry":{"type":"LineString","coordinates":[[-6.20875,36.40792],[-6.20875,36.40792]]},"properties":{"source":"emodnet_dtm_2024","level":2}},{"type":"Feature","geometry":{"type":"LineString","coordinates":[[-6.22292,36.41125],[-6.22292,36.41125]]},"properties":{"source":"emodnet_dtm_2024","level":2}},{"type":"Feature","geometry":{"type":"LineString","coordinates":[[-6.22542,36.41542],[-6.22542,36.41542]]},"properties":{"source":"emodnet_dtm_2024","level":2}},{"type":"Feature","geometry":{"type":"LineString","coordinates":[[-6.22958,36.42292],[-6.22958,36.42292]]},"properties":{"source":"emodnet_dtm_2024","level":2}},{"type":"Feature","geometry":{"type":"LineString","coordinates":[[-6.23042,36.42458],[-6.23042,36.42458]]},"properties":{"source":"emodnet_dtm_2024","level":2}},{"type":"Feature","geometry":{"type":"LineString","coordinates":[[-6.23375,36.43208],[-6.23375,36.43208]]},"properties":{"source":"emodnet_dtm_2024","level":2}},{"type":"Feature","geometry":{"type":"LineString","coordinates":[[-6.23458,36.43542],[-6.23458,36.43542]]},"properties":{"source":"emodnet_dtm_2024","level":2}},{"type":"Feature","geometry":{"type":"LineString","coordinates":[[-6.23542,36.43708],[-6.23542,36.43708]]},"properties":{"source":"emodnet_dtm_2024","level":2}},{"type":"Feature","geometry":{"type":"LineString","coordinates":[[-6.18292,36.43792],[-6.18292,36.43792]]},"properties":{"source":"emodnet_dtm_2024","level":2}},{"type":"Feature","geometry":{"type":"LineString","coordinates":[[-6.23958,36.44042],[-6.23958,36.44042]]},"properties":{"source":"emodnet_dtm_2024","level":2}},{"type":"Feature","geometry":{"type":"LineString","coordinates":[[-6.18125,36.44375],[-6.18125,36.44375]]},"properties":{"source":"emodnet_dtm_2024","level":2}},{"type":"Feature","geometry":{"type":"LineString","coordinates":[[-6.24875,36.44958],[-6.24875,36.44958]]},"properties":{"source":"emodnet_dtm_2024","level":2}},{"type":"Feature","geometry":{"type":"LineString","coordinates":[[-6.26458,36.47875],[-6.26458,36.47875]]},"properties":{"source":"emodnet_dtm_2024","level":2}},{"type":"Feature","geometry":{"type":"LineString","coordinates":[[-6.26708,36.48208],[-6.26708,36.48208]]},"properties":{"source":"emodnet_dtm_2024","level":2}},{"type":"Feature","geometry":{"type":"LineString","coordinates":[[-6.26792,36.48542],[-6.26792,36.48542]]},"properties":{"source":"emodnet_dtm_2024","level":2}},{"type":"Feature","geometry":{"type":"LineString","coordinates":[[-6.26875,36.48708],[-6.26875,36.48708]]},"properties":{"source":"emodnet_dtm_2024","level":2}},{"type":"Feature","geometry":{"type":"LineString","coordinates":[[-6.27125,36.49125],[-6.27125,36.49125]]},"properties":{"source":"emodnet_dtm_2024","level":2}},{"type":"Feature","geometry":{"type":"LineString","coordinates":[[-6.17958,36.49125],[-6.17958,36.49125]]},"properties":{"source":"emodnet_dtm_2024","level":2}},{"type":"Feature","geometry":{"type":"LineString","coordinates":[[-6.18042,36.49208],[-6.18042,36.49208]]},"properties":{"source":"emodnet_dtm_2024","level":2}},{"type":"Feature","geometry":{"type":"LineString","coordinates":[[-6.18125,36.49375],[-6.18125,36.49375]]},"properties":{"source":"emodnet_dtm_2024","level":2}},{"type":"Feature","geometry":{"type":"LineString","coordinates":[[-6.17625,36.49958],[-6.17625,36.49958]]},"properties":{"source":"emodnet_dtm_2024","level":2}},{"type":"Feature","geometry":{"type":"LineString","coordinates":[[-6.18875,36.50542],[-6.18875,36.50542]]},"properties":{"source":"emodnet_dtm_2024","level":2}},{"type":"Feature","geometry":{"type":"LineString","coordinates":[[-6.26292,36.50958],[-6.26292,36.50958]]},"properties":{"source":"emodnet_dtm_2024","level":2}},{"type":"Feature","geometry":{"type":"LineString","coordinates":[[-6.24375,36.51708],[-6.24375,36.51708]]},"properties":{"source":"emodnet_dtm_2024","level":2}},{"type":"Feature","geometry":{"type":"LineString","coordinates":[[-6.22292,36.52542],[-6.22292,36.52542]]},"properties":{"source":"emodnet_dtm_2024","level":2}},{"type":"Feature","geometry":{"type":"LineString","coordinates":[[-6.23708,36.52708],[-6.23708,36.52708]]},"properties":{"source":"emodnet_dtm_2024","level":2}},{"type":"Feature","geometry":{"type":"LineString","coordinates":[[-6.30875,36.53125],[-6.30875,36.53125]]},"properties":{"source":"emodnet_dtm_2024","level":2}},{"type":"Feature","geometry":{"type":"LineString","coordinates":[[-6.20625,36.55375],[-6.20625,36.55375]]},"properties":{"source":"emodnet_dtm_2024","level":2}},{"type":"Feature","geometry":{"type":"LineString","coordinates":[[-6.20542,36.56208],[-6.20542,36.56208]]},"properties":{"source":"emodnet_dtm_2024","level":2}},{"type":"Feature","geometry":{"type":"LineString","coordinates":[[-6.20625,36.56292],[-6.20625,36.56292]]},"properties":{"source":"emodnet_dtm_2024","level":2}},{"type":"Feature","geometry":{"type":"LineString","coordinates":[[-6.20792,36.56458],[-6.20792,36.56458]]},"properties":{"source":"emodnet_dtm_2024","level":2}},{"type":"Feature","geometry":{"type":"LineString","coordinates":[[-6.21042,36.56708],[-6.21042,36.56708]]},"properties":{"source":"emodnet_dtm_2024","level":2}},{"type":"Feature","geometry":{"type":"LineString","coordinates":[[-6.24458,36.57375],[-6.24458,36.57375]]},"properties":{"source":"emodnet_dtm_2024","level":2}},{"type":"Feature","geometry":{"type":"LineString","coordinates":[[-6.23125,36.57792],[-6.23125,36.57792]]},"properties":{"source":"emodnet_dtm_2024","level":2}},{"type":"Feature","geometry":{"type":"LineString","coordinates":[[-6.25375,36.57958],[-6.25375,36.57958]]},"properties":{"source":"emodnet_dtm_2024","level":2}},{"type":"Feature","geometry":{"type":"LineString","coordinates":[[-6.23125,36.58125],[-6.23125,36.58125]]},"properties":{"source":"emodnet_dtm_2024","level":2}},{"type":"Feature","geometry":{"type":"LineString","coordinates":[[-6.23625,36.58208],[-6.23625,36.58208]]},"properties":{"source":"emodnet_dtm_2024","level":2}},{"type":"Feature","geometry":{"type":"LineString","coordinates":[[-6.23708,36.58292],[-6.23708,36.58292]]},"properties":{"source":"emodnet_dtm_2024","level":2}},{"type":"Feature","geometry":{"type":"LineString","coordinates":[[-6.23792,36.58375],[-6.23792,36.58375]]},"properties":{"source":"emodnet_dtm_2024","level":2}},{"type":"Feature","geometry":{"type":"LineString","coordinates":[[-6.23875,36.58458],[-6.23875,36.58458]]},"properties":{"source":"emodnet_dtm_2024","level":2}},{"type":"Feature","geometry":{"type":"LineString","coordinates":[[-6.27125,36.58625],[-6.27125,36.58625]]},"properties":{"source":"emodnet_dtm_2024","level":2}},{"type":"Feature","geometry":{"type":"LineString","coordinates":[[-6.27292,36.59125],[-6.27292,36.59125]]},"properties":{"source":"emodnet_dtm_2024","level":2}},{"type":"Feature","geometry":{"type":"LineString","coordinates":[[-6.27542,36.59458],[-6.27542,36.59458]]},"properties":{"source":"emodnet_dtm_2024","level":2}},{"type":"Feature","geometry":{"type":"LineString","coordinates":[[-6.28042,36.60208],[-6.28042,36.60208]]},"properties":{"source":"emodnet_dtm_2024","level":2}},{"type":"Feature","geometry":{"type":"LineString","coordinates":[[-6.32125,36.62042],[-6.32125,36.62042]]},"properties":{"source":"emodnet_dtm_2024","level":2}},{"type":"Feature","geometry":{"type":"LineString","coordinates":[[-6.38875,36.62792],[-6.38875,36.62792]]},"properties":{"source":"emodnet_dtm_2024","level":2}},{"type":"Feature","geometry":{"type":"LineString","coordinates":[[-6.39625,36.64875],[-6.39625,36.64875]]},"properties":{"source":"emodnet_dtm_2024","level":2}},{"type":"Feature","geometry":{"type":"LineString","coordinates":[[-6.39708,36.64958],[-6.39708,36.64958]]},"properties":{"source":"emodnet_dtm_2024","level":2}},{"type":"Feature","geometry":{"type":"LineString","coordinates":[[-6.40542,36.66125],[-6.40542,36.66125]]},"properties":{"source":"emodnet_dtm_2024","level":2}},{"type":"Feature","geometry":{"type":"LineString","coordinates":[[-6.41375,36.67458],[-6.41375,36.67458]]},"properties":{"source":"emodnet_dtm_2024","level":2}},{"type":"Feature","geometry":{"type":"LineString","coordinates":[[-6.41708,36.67875],[-6.41708,36.67875]]},"properties":{"source":"emodnet_dtm_2024","level":2}},{"type":"Feature","geometry":{"type":"LineString","coordinates":[[-6.41792,36.68208],[-6.41792,36.68208]]},"properties":{"source":"emodnet_dtm_2024","level":2}},{"type":"Feature","geometry":{"type":"LineString","coordinates":[[-6.41958,36.68625],[-6.41958,36.68625]]},"properties":{"source":"emodnet_dtm_2024","level":2}},{"type":"Feature","geometry":{"type":"LineString","coordinates":[[-6.42542,36.69375],[-6.42542,36.69375]]},"properties":{"source":"emodnet_dtm_2024","level":2}},{"type":"Feature","geometry":{"type":"LineString","coordinates":[[-6.43542,36.71208],[-6.43542,36.71208]]},"properties":{"source":"emodnet_dtm_2024","level":2}},{"type":"Feature","geometry":{"type":"LineString","coordinates":[[-6.43792,36.71458],[-6.43792,36.71458]]},"properties":{"source":"emodnet_dtm_2024","level":2}},{"type":"Feature","geometry":{"type":"LineString","coordinates":[[-6.43875,36.71625],[-6.43875,36.71625]]},"properties":{"source":"emodnet_dtm_2024","level":2}},{"type":"Feature","geometry":{"type":"LineString","coordinates":[[-6.38542,36.79792],[-6.38542,36.79792]]},"properties":{"source":"emodnet_dtm_2024","level":2}},{"type":"Feature","geometry":{"type":"LineString","coordinates":[[-6.33875,36.81042],[-6.33875,36.81042]]},"properties":{"source":"emodnet_dtm_2024","level":2}},{"type":"Feature","geometry":{"type":"LineString","coordinates":[[-6.34625,36.82042],[-6.34625,36.82042]]},"properties":{"source":"emodnet_dtm_2024","level":2}},{"type":"Feature","geometry":{"type":"LineString","coordinates":[[-6.34958,36.85458],[-6.34958,36.85458]]},"properties":{"source":"emodnet_dtm_2024","level":2}},{"type":"Feature","geometry":{"type":"LineString","coordinates":[[-6.34542,36.86542],[-6.34542,36.86542]]},"properties":{"source":"emodnet_dtm_2024","level":2}},{"type":"Feature","geometry":{"type":"LineString","coordinates":[[-6.34708,36.87708],[-6.34708,36.87708]]},"properties":{"source":"emodnet_dtm_2024","level":2}},{"type":"Feature","geometry":{"type":"LineString","coordinates":[[-6.43875,36.88708],[-6.43875,36.88708]]},"properties":{"source":"emodnet_dtm_2024","level":2}},{"type":"Feature","geometry":{"type":"LineString","coordinates":[[-6.44292,36.89458],[-6.44292,36.89458]]},"properties":{"source":"emodnet_dtm_2024","level":2}},{"type":"Feature","geometry":{"type":"LineString","coordinates":[[-6.45125,36.90792],[-6.45125,36.90792]]},"properties":{"source":"emodnet_dtm_2024","level":2}},{"type":"Feature","geometry":{"type":"LineString","coordinates":[[-6.45458,36.91125],[-6.45458,36.91125]]},"properties":{"source":"emodnet_dtm_2024","level":2}},{"type":"Feature","geometry":{"type":"LineString","coordinates":[[-6.50042,36.95792],[-6.50042,36.95792]]},"properties":{"source":"emodnet_dtm_2024","level":2}},{"type":"Feature","geometry":{"type":"LineString","coordinates":[[-6.50458,36.96208],[-6.50458,36.96208]]},"properties":{"source":"emodnet_dtm_2024","level":2}},{"type":"Feature","geometry":{"type":"LineString","coordinates":[[-7.90875,36.96375],[-7.90875,36.96375]]},"properties":{"source":"emodnet_dtm_2024","level":2}},{"type":"Feature","geometry":{"type":"LineString","coordinates":[[-6.50875,36.96542],[-6.50875,36.96542]]},"properties":{"source":"emodnet_dtm_2024","level":2}},{"type":"Feature","geometry":{"type":"LineString","coordinates":[[-6.50958,36.96625],[-6.50958,36.96625]]},"properties":{"source":"emodnet_dtm_2024","level":2}},{"type":"Feature","geometry":{"type":"LineString","coordinates":[[-7.88792,36.99125],[-7.88792,36.99125]]},"properties":{"source":"emodnet_dtm_2024","level":2}},{"type":"Feature","geometry":{"type":"LineString","coordinates":[[-7.83292,36.99375],[-7.83292,36.99375]]},"properties":{"source":"emodnet_dtm_2024","level":2}},{"type":"Feature","geometry":{"type":"LineString","coordinates":[[-6.57208,37.00708],[-6.57208,37.00708]]},"properties":{"source":"emodnet_dtm_2024","level":2}},{"type":"Feature","geometry":{"type":"LineString","coordinates":[[-7.86042,37.01208],[-7.86042,37.01208]]},"properties":{"source":"emodnet_dtm_2024","level":2}},{"type":"Feature","geometry":{"type":"LineString","coordinates":[[-7.79792,37.01458],[-7.79792,37.01458]]},"properties":{"source":"emodnet_dtm_2024","level":2}},{"type":"Feature","geometry":{"type":"LineString","coordinates":[[-8.95875,37.01792],[-8.95875,37.01792]]},"properties":{"source":"emodnet_dtm_2024","level":2}},{"type":"Feature","geometry":{"type":"LineString","coordinates":[[-6.62542,37.03625],[-6.62542,37.03625]]},"properties":{"source":"emodnet_dtm_2024","level":2}},{"type":"Feature","geometry":{"type":"LineString","coordinates":[[-6.65042,37.04875],[-6.65042,37.04875]]},"properties":{"source":"emodnet_dtm_2024","level":2}},{"type":"Feature","geometry":{"type":"LineString","coordinates":[[-8.11042,37.06708],[-8.11042,37.06708]]},"properties":{"source":"emodnet_dtm_2024","level":2}},{"type":"Feature","geometry":{"type":"LineString","coordinates":[[-6.70875,37.07875],[-6.70875,37.07875]]},"properties":{"source":"emodnet_dtm_2024","level":2}},{"type":"Feature","geometry":{"type":"LineString","coordinates":[[-6.71792,37.08292],[-6.71792,37.08292]]},"properties":{"source":"emodnet_dtm_2024","level":2}},{"type":"Feature","geometry":{"type":"LineString","coordinates":[[-6.74375,37.09542],[-6.74375,37.09542]]},"properties":{"source":"emodnet_dtm_2024","level":2}},{"type":"Feature","geometry":{"type":"LineString","coordinates":[[-8.94792,37.09792],[-8.94792,37.09792]]},"properties":{"source":"emodnet_dtm_2024","level":2}},{"type":"Feature","geometry":{"type":"LineString","coordinates":[[-6.76042,37.10375],[-6.76042,37.10375]]},"properties":{"source":"emodnet_dtm_2024","level":2}},{"type":"Feature","geometry":{"type":"LineString","coordinates":[[-8.93958,37.10625],[-8.93958,37.10625]]},"properties":{"source":"emodnet_dtm_2024","level":2}},{"type":"Feature","geometry":{"type":"LineString","coordinates":[[-8.61708,37.13208],[-8.61708,37.13208]]},"properties":{"source":"emodnet_dtm_2024","level":2}},{"type":"Feature","geometry":{"type":"LineString","coordinates":[[-6.82958,37.13208],[-6.82958,37.13208]]},"properties":{"source":"emodnet_dtm_2024","level":2}},{"type":"Feature","geometry":{"type":"LineString","coordinates":[[-8.61792,37.13375],[-8.61792,37.13375]]},"properties":{"source":"emodnet_dtm_2024","level":2}},{"type":"Feature","geometry":{"type":"LineString","coordinates":[[-8.61875,37.13542],[-8.61875,37.13542]]},"properties":{"source":"emodnet_dtm_2024","level":2}},{"type":"Feature","geometry":{"type":"LineString","coordinates":[[-8.52542,37.13542],[-8.52542,37.13542]]},"properties":{"source":"emodnet_dtm_2024","level":2}},{"type":"Feature","geometry":{"type":"LineString","coordinates":[[-8.53042,37.13958],[-8.53042,37.13958]]},"properties":{"source":"emodnet_dtm_2024","level":2}},{"type":"Feature","geometry":{"type":"LineString","coordinates":[[-8.91458,37.14792],[-8.91458,37.14792]]},"properties":{"source":"emodnet_dtm_2024","level":2}},{"type":"Feature","geometry":{"type":"LineString","coordinates":[[-6.89292,37.15708],[-6.89292,37.15708]]},"properties":{"source":"emodnet_dtm_2024","level":2}},{"type":"Feature","geometry":{"type":"LineString","coordinates":[[-6.91375,37.17292],[-6.91375,37.17292]]},"properties":{"source":"emodnet_dtm_2024","level":2}},{"type":"Feature","geometry":{"type":"LineString","coordinates":[[-6.95042,37.18292],[-6.95042,37.18292]]},"properties":{"source":"emodnet_dtm_2024","level":2}},{"type":"Feature","geometry":{"type":"LineString","coordinates":[[-6.96292,37.19208],[-6.96292,37.19208]]},"properties":{"source":"emodnet_dtm_2024","level":2}},{"type":"Feature","geometry":{"type":"LineString","coordinates":[[-6.96375,37.19458],[-6.96375,37.19458]]},"properties":{"source":"emodnet_dtm_2024","level":2}},{"type":"Feature","geometry":{"type":"LineString","coordinates":[[-6.96458,37.19625],[-6.96458,37.19625]]},"properties":{"source":"emodnet_dtm_2024","level":2}},{"type":"Feature","geometry":{"type":"LineString","coordinates":[[-6.96625,37.19875],[-6.96625,37.19875]]},"properties":{"source":"emodnet_dtm_2024","level":2}},{"type":"Feature","geometry":{"type":"LineString","coordinates":[[-6.93542,37.19958],[-6.93542,37.19958]]},"properties":{"source":"emodnet_dtm_2024","level":2}},{"type":"Feature","geometry":{"type":"LineString","coordinates":[[-6.96708,37.20042],[-6.96708,37.20042]]},"properties":{"source":"emodnet_dtm_2024","level":2}},{"type":"Feature","geometry":{"type":"LineString","coordinates":[[-6.96792,37.20208],[-6.96792,37.20208]]},"properties":{"source":"emodnet_dtm_2024","level":2}},{"type":"Feature","geometry":{"type":"LineString","coordinates":[[-6.92875,37.20208],[-6.92875,37.20208]]},"properties":{"source":"emodnet_dtm_2024","level":2}},{"type":"Feature","geometry":{"type":"LineString","coordinates":[[-6.96875,37.20292],[-6.96875,37.20292]]},"properties":{"source":"emodnet_dtm_2024","level":2}},{"type":"Feature","geometry":{"type":"LineString","coordinates":[[-6.97042,37.20375],[-6.97042,37.20375]]},"properties":{"source":"emodnet_dtm_2024","level":2}},{"type":"Feature","geometry":{"type":"LineString","coordinates":[[-6.97208,37.20625],[-6.97208,37.20625]]},"properties":{"source":"emodnet_dtm_2024","level":2}},{"type":"Feature","geometry":{"type":"LineString","coordinates":[[-6.97292,37.20708],[-6.97292,37.20708]]},"properties":{"source":"emodnet_dtm_2024","level":2}},{"type":"Feature","geometry":{"type":"LineString","coordinates":[[-6.97458,37.20792],[-6.97458,37.20792]]},"properties":{"source":"emodnet_dtm_2024","level":2}},{"type":"Feature","geometry":{"type":"LineString","coordinates":[[-6.99375,37.20875],[-6.99375,37.20875]]},"properties":{"source":"emodnet_dtm_2024","level":2}},{"type":"Feature","geometry":{"type":"LineString","coordinates":[[-6.99542,37.21042],[-6.99542,37.21042]]},"properties":{"source":"emodnet_dtm_2024","level":2}},{"type":"Feature","geometry":{"type":"LineString","coordinates":[[-6.99625,37.21125],[-6.99625,37.21125]]},"properties":{"source":"emodnet_dtm_2024","level":2}},{"type":"Feature","geometry":{"type":"LineString","coordinates":[[-6.94292,37.21125],[-6.94292,37.21125]]},"properties":{"source":"emodnet_dtm_2024","level":2}},{"type":"Feature","geometry":{"type":"LineString","coordinates":[[-6.97708,37.21208],[-6.97708,37.21208]]},"properties":{"source":"emodnet_dtm_2024","level":2}},{"type":"Feature","geometry":{"type":"LineString","coordinates":[[-6.99708,37.21292],[-6.99708,37.21292]]},"properties":{"source":"emodnet_dtm_2024","level":2}},{"type":"Feature","geometry":{"type":"LineString","coordinates":[[-6.97875,37.21292],[-6.97875,37.21292]]},"properties":{"source":"emodnet_dtm_2024","level":2}},{"type":"Feature","geometry":{"type":"LineString","coordinates":[[-8.88958,37.21458],[-8.88958,37.21458]]},"properties":{"source":"emodnet_dtm_2024","level":2}},{"type":"Feature","geometry":{"type":"LineString","coordinates":[[-6.97958,37.21458],[-6.97958,37.21458]]},"properties":{"source":"emodnet_dtm_2024","level":2}},{"type":"Feature","geometry":{"type":"LineString","coordinates":[[-6.98042,37.21542],[-6.98042,37.21542]]},"properties":{"source":"emodnet_dtm_2024","level":2}},{"type":"Feature","geometry":{"type":"LineString","coordinates":[[-6.95708,37.21542],[-6.95708,37.21542]]},"properties":{"source":"emodnet_dtm_2024","level":2}},{"type":"Feature","geometry":{"type":"LineString","coordinates":[[-7.14125,37.21625],[-7.14125,37.21625]]},"properties":{"source":"emodnet_dtm_2024","level":2}},{"type":"Feature","geometry":{"type":"LineString","coordinates":[[-6.99792,37.21625],[-6.99792,37.21625]]},"properties":{"source":"emodnet_dtm_2024","level":2}},{"type":"Feature","geometry":{"type":"LineString","coordinates":[[-7.00125,37.21875],[-7.00125,37.21875]]},"properties":{"source":"emodnet_dtm_2024","level":2}},{"type":"Feature","geometry":{"type":"LineString","coordinates":[[-6.98125,37.21875],[-6.98125,37.21875]]},"properties":{"source":"emodnet_dtm_2024","level":2}},{"type":"Feature","geometry":{"type":"LineString","coordinates":[[-6.98292,37.22042],[-6.98292,37.22042]]},"properties":{"source":"emodnet_dtm_2024","level":2}},{"type":"Feature","geometry":{"type":"LineString","coordinates":[[-6.94875,37.22042],[-6.94875,37.22042]]},"properties":{"source":"emodnet_dtm_2024","level":2}},{"type":"Feature","geometry":{"type":"LineString","coordinates":[[-6.98375,37.22292],[-6.98375,37.22292]]},"properties":{"source":"emodnet_dtm_2024","level":2}},{"type":"Feature","geometry":{"type":"LineString","coordinates":[[-7.00458,37.22375],[-7.00458,37.22375]]},"properties":{"source":"emodnet_dtm_2024","level":2}},{"type":"Feature","geometry":{"type":"LineString","coordinates":[[-6.98458,37.22375],[-6.98458,37.22375]]},"properties":{"source":"emodnet_dtm_2024","level":2}},{"type":"Feature","geometry":{"type":"LineString","coordinates":[[-6.98542,37.22458],[-6.98542,37.22458]]},"properties":{"source":"emodnet_dtm_2024","level":2}},{"type":"Feature","geometry":{"type":"LineString","coordinates":[[-6.95208,37.22458],[-6.95208,37.22458]]},"properties":{"source":"emodnet_dtm_2024","level":2}},{"type":"Feature","geometry":{"type":"LineString","coordinates":[[-8.88125,37.22708],[-8.88125,37.22708]]},"properties":{"source":"emodnet_dtm_2024","level":2}},{"type":"Feature","geometry":{"type":"LineString","coordinates":[[-6.99375,37.22708],[-6.99375,37.22708]]},"properties":{"source":"emodnet_dtm_2024","level":2}},{"type":"Feature","geometry":{"type":"LineString","coordinates":[[-6.98708,37.22708],[-6.98708,37.22708]]},"properties":{"source":"emodnet_dtm_2024","level":2}},{"type":"Feature","geometry":{"type":"LineString","coordinates":[[-6.97125,37.22708],[-6.97125,37.22708]]},"properties":{"source":"emodnet_dtm_2024","level":2}},{"type":"Feature","geometry":{"type":"LineString","coordinates":[[-6.99708,37.22792],[-6.99708,37.22792]]},"properties":{"source":"emodnet_dtm_2024","level":2}},{"type":"Feature","geometry":{"type":"LineString","coordinates":[[-6.97208,37.22958],[-6.97208,37.22958]]},"properties":{"source":"emodnet_dtm_2024","level":2}},{"type":"Feature","geometry":{"type":"LineString","coordinates":[[-6.97292,37.23208],[-6.97292,37.23208]]},"properties":{"source":"emodnet_dtm_2024","level":2}},{"type":"Feature","geometry":{"type":"LineString","coordinates":[[-6.95458,37.23292],[-6.95458,37.23292]]},"properties":{"source":"emodnet_dtm_2024","level":2}},{"type":"Feature","geometry":{"type":"LineString","coordinates":[[-8.87708,37.23542],[-8.87708,37.23542]]},"properties":{"source":"emodnet_dtm_2024","level":2}},{"type":"Feature","geometry":{"type":"LineString","coordinates":[[-6.97125,37.24375],[-6.97125,37.24375]]},"properties":{"source":"emodnet_dtm_2024","level":2}},{"type":"Feature","geometry":{"type":"LineString","coordinates":[[-6.97208,37.24458],[-6.97208,37.24458]]},"properties":{"source":"emodnet_dtm_2024","level":2}},{"type":"Feature","geometry":{"type":"LineString","coordinates":[[-6.92542,37.24458],[-6.92542,37.24458]]},"properties":{"source":"emodnet_dtm_2024","level":2}},{"type":"Feature","geometry":{"type":"LineString","coordinates":[[-6.97542,37.24542],[-6.97542,37.24542]]},"properties":{"source":"emodnet_dtm_2024","level":2}},{"type":"Feature","geometry":{"type":"LineString","coordinates":[[-6.97708,37.24625],[-6.97708,37.24625]]},"properties":{"source":"emodnet_dtm_2024","level":2}},{"type":"Feature","geometry":{"type":"LineString","coordinates":[[-6.97875,37.24792],[-6.97875,37.24792]]},"properties":{"source":"emodnet_dtm_2024","level":2}},{"type":"Feature","geometry":{"type":"LineString","coordinates":[[-6.98042,37.24875],[-6.98042,37.24875]]},"properties":{"source":"emodnet_dtm_2024","level":2}},{"type":"Feature","geometry":{"type":"LineString","coordinates":[[-6.95875,37.24875],[-6.95875,37.24875]]},"properties":{"source":"emodnet_dtm_2024","level":2}},{"type":"Feature","geometry":{"type":"LineString","coordinates":[[-6.98375,37.25208],[-6.98375,37.25208]]},"properties":{"source":"emodnet_dtm_2024","level":2}},{"type":"Feature","geometry":{"type":"LineString","coordinates":[[-6.98458,37.25375],[-6.98458,37.25375]]},"properties":{"source":"emodnet_dtm_2024","level":2}},{"type":"Feature","geometry":{"type":"LineString","coordinates":[[-6.98875,37.25708],[-6.98875,37.25708]]},"properties":{"source":"emodnet_dtm_2024","level":2}},{"type":"Feature","geometry":{"type":"LineString","coordinates":[[-6.99708,37.25792],[-6.99708,37.25792]]},"properties":{"source":"emodnet_dtm_2024","level":2}},{"type":"Feature","geometry":{"type":"LineString","coordinates":[[-6.99125,37.25792],[-6.99125,37.25792]]},"properties":{"source":"emodnet_dtm_2024","level":2}},{"type":"Feature","geometry":{"type":"LineString","coordinates":[[-6.99375,37.25875],[-6.99375,37.25875]]},"properties":{"source":"emodnet_dtm_2024","level":2}},{"type":"Feature","geometry":{"type":"LineString","coordinates":[[-6.96375,37.26208],[-6.96375,37.26208]]},"properties":{"source":"emodnet_dtm_2024","level":2}},{"type":"Feature","geometry":{"type":"LineString","coordinates":[[-6.88375,37.26292],[-6.88375,37.26292]]},"properties":{"source":"emodnet_dtm_2024","level":2}},{"type":"Feature","geometry":{"type":"LineString","coordinates":[[-6.88125,37.26458],[-6.88125,37.26458]]},"properties":{"source":"emodnet_dtm_2024","level":2}},{"type":"Feature","geometry":{"type":"LineString","coordinates":[[-6.96708,37.26708],[-6.96708,37.26708]]},"properties":{"source":"emodnet_dtm_2024","level":2}},{"type":"Feature","geometry":{"type":"LineString","coordinates":[[-6.96792,37.26792],[-6.96792,37.26792]]},"properties":{"source":"emodnet_dtm_2024","level":2}},{"type":"Feature","geometry":{"type":"LineString","coordinates":[[-6.97708,37.26875],[-6.97708,37.26875]]},"properties":{"source":"emodnet_dtm_2024","level":2}},{"type":"Feature","geometry":{"type":"LineString","coordinates":[[-6.96458,37.27458],[-6.96458,37.27458]]},"properties":{"source":"emodnet_dtm_2024","level":2}},{"type":"Feature","geometry":{"type":"LineString","coordinates":[[-6.96458,37.27708],[-6.96458,37.27708]]},"properties":{"source":"emodnet_dtm_2024","level":2}},{"type":"Feature","geometry":{"type":"LineString","coordinates":[[-6.97042,37.28958],[-6.97042,37.28958]]},"properties":{"source":"emodnet_dtm_2024","level":2}},{"type":"Feature","geometry":{"type":"LineString","coordinates":[[-6.86458,37.29125],[-6.86458,37.29125]]},"properties":{"source":"emodnet_dtm_2024","level":2}},{"type":"Feature","geometry":{"type":"LineString","coordinates":[[-6.86042,37.29208],[-6.86042,37.29208]]},"properties":{"source":"emodnet_dtm_2024","level":2}},{"type":"Feature","geometry":{"type":"LineString","coordinates":[[-6.96042,37.29542],[-6.96042,37.29542]]},"properties":{"source":"emodnet_dtm_2024","level":2}},{"type":"Feature","geometry":{"type":"LineString","coordinates":[[-6.84375,37.29958],[-6.84375,37.29958]]},"properties":{"source":"emodnet_dtm_2024","level":2}},{"type":"Feature","geometry":{"type":"LineString","coordinates":[[-6.84708,37.30375],[-6.84708,37.30375]]},"properties":{"source":"emodnet_dtm_2024","level":2}},{"type":"Feature","geometry":{"type":"LineString","coordinates":[[-6.97708,37.30458],[-6.97708,37.30458]]},"properties":{"source":"emodnet_dtm_2024","level":2}},{"type":"Feature","geometry":{"type":"LineString","coordinates":[[-6.95625,37.30792],[-6.95625,37.30792]]},"properties":{"source":"emodnet_dtm_2024","level":2}},{"type":"Feature","geometry":{"type":"LineString","coordinates":[[-8.78042,38.30208],[-8.78042,38.30208]]},"properties":{"source":"emodnet_dtm_2024","level":2}},{"type":"Feature","geometry":{"type":"LineString","coordinates":[[-8.78875,38.38208],[-8.78875,38.38208]]},"properties":{"source":"emodnet_dtm_2024","level":2}},{"type":"Feature","geometry":{"type":"LineString","coordinates":[[-8.79125,38.38292],[-8.79125,38.38292]]},"properties":{"source":"emodnet_dtm_2024","level":2}},{"type":"Feature","geometry":{"type":"LineString","coordinates":[[-8.79375,38.38542],[-8.79375,38.38542]]},"properties":{"source":"emodnet_dtm_2024","level":2}},{"type":"Feature","geometry":{"type":"LineString","coordinates":[[-8.79542,38.38625],[-8.79542,38.38625]]},"properties":{"source":"emodnet_dtm_2024","level":2}},{"type":"Feature","geometry":{"type":"LineString","coordinates":[[-8.79625,38.38708],[-8.79625,38.38708]]},"properties":{"source":"emodnet_dtm_2024","level":2}},{"type":"Feature","geometry":{"type":"LineString","coordinates":[[-8.79792,38.39042],[-8.79792,38.39042]]},"properties":{"source":"emodnet_dtm_2024","level":2}},{"type":"Feature","geometry":{"type":"LineString","coordinates":[[-8.88542,38.46875],[-8.88542,38.46875]]},"properties":{"source":"emodnet_dtm_2024","level":2}},{"type":"Feature","geometry":{"type":"LineString","coordinates":[[-8.78542,38.48542],[-8.78542,38.48542]]},"properties":{"source":"emodnet_dtm_2024","level":2}},{"type":"Feature","geometry":{"type":"LineString","coordinates":[[-8.81875,38.48792],[-8.81875,38.48792]]},"properties":{"source":"emodnet_dtm_2024","level":2}},{"type":"Feature","geometry":{"type":"LineString","coordinates":[[-8.81375,38.48792],[-8.81375,38.48792]]},"properties":{"source":"emodnet_dtm_2024","level":2}},{"type":"Feature","geometry":{"type":"LineString","coordinates":[[-8.76875,38.50042],[-8.76875,38.50042]]},"properties":{"source":"emodnet_dtm_2024","level":2}},{"type":"Feature","geometry":{"type":"LineString","coordinates":[[-8.80792,38.50792],[-8.80792,38.50792]]},"properties":{"source":"emodnet_dtm_2024","level":2}},{"type":"Feature","geometry":{"type":"LineString","coordinates":[[-8.80958,38.50875],[-8.80958,38.50875]]},"properties":{"source":"emodnet_dtm_2024","level":2}},{"type":"Feature","geometry":{"type":"LineString","coordinates":[[-8.79292,38.51542],[-8.79292,38.51542]]},"properties":{"source":"emodnet_dtm_2024","level":2}},{"type":"Feature","geometry":{"type":"LineString","coordinates":[[-8.77958,38.53958],[-8.77958,38.53958]]},"properties":{"source":"emodnet_dtm_2024","level":2}},{"type":"Feature","geometry":{"type":"LineString","coordinates":[[-9.06458,38.63625],[-9.06458,38.63625]]},"properties":{"source":"emodnet_dtm_2024","level":2}},{"type":"Feature","geometry":{"type":"LineString","coordinates":[[-9.11042,38.64375],[-9.11042,38.64375]]},"properties":{"source":"emodnet_dtm_2024","level":2}},{"type":"Feature","geometry":{"type":"LineString","coordinates":[[-9.10792,38.64458],[-9.10792,38.64458]]},"properties":{"source":"emodnet_dtm_2024","level":2}},{"type":"Feature","geometry":{"type":"LineString","coordinates":[[-9.10208,38.64625],[-9.10208,38.64625]]},"properties":{"source":"emodnet_dtm_2024","level":2}},{"type":"Feature","geometry":{"type":"LineString","coordinates":[[-9.09792,38.64625],[-9.09792,38.64625]]},"properties":{"source":"emodnet_dtm_2024","level":2}},{"type":"Feature","geometry":{"type":"LineString","coordinates":[[-9.14458,38.66875],[-9.14458,38.66875]]},"properties":{"source":"emodnet_dtm_2024","level":2}},{"type":"Feature","geometry":{"type":"LineString","coordinates":[[-9.33125,38.67708],[-9.33125,38.67708]]},"properties":{"source":"emodnet_dtm_2024","level":2}},{"type":"Feature","geometry":{"type":"LineString","coordinates":[[-9.04042,38.69125],[-9.04042,38.69125]]},"properties":{"source":"emodnet_dtm_2024","level":2}},{"type":"Feature","geometry":{"type":"LineString","coordinates":[[-9.23958,38.69708],[-9.23958,38.69708]]},"properties":{"source":"emodnet_dtm_2024","level":2}},{"type":"Feature","geometry":{"type":"LineString","coordinates":[[-9.47292,38.75208],[-9.47292,38.75208]]},"properties":{"source":"emodnet_dtm_2024","level":2}},{"type":"Feature","geometry":{"type":"LineString","coordinates":[[-8.93042,38.77708],[-8.93042,38.77708]]},"properties":{"source":"emodnet_dtm_2024","level":2}},{"type":"Feature","geometry":{"type":"LineString","coordinates":[[-8.93292,38.78792],[-8.93292,38.78792]]},"properties":{"source":"emodnet_dtm_2024","level":2}},{"type":"Feature","geometry":{"type":"LineString","coordinates":[[-9.02625,38.87292],[-9.02625,38.87292]]},"properties":{"source":"emodnet_dtm_2024","level":2}},{"type":"Feature","geometry":{"type":"LineString","coordinates":[[-8.91875,38.87792],[-8.91875,38.87792]]},"properties":{"source":"emodnet_dtm_2024","level":2}},{"type":"Feature","geometry":{"type":"LineString","coordinates":[[-8.98958,38.88042],[-8.98958,38.88042]]},"properties":{"source":"emodnet_dtm_2024","level":2}},{"type":"Feature","geometry":{"type":"LineString","coordinates":[[-8.99042,38.88125],[-8.99042,38.88125]]},"properties":{"source":"emodnet_dtm_2024","level":2}},{"type":"Feature","geometry":{"type":"LineString","coordinates":[[-8.99375,38.89042],[-8.99375,38.89042]]},"properties":{"source":"emodnet_dtm_2024","level":2}},{"type":"Feature","geometry":{"type":"LineString","coordinates":[[-8.98958,38.92042],[-8.98958,38.92042]]},"properties":{"source":"emodnet_dtm_2024","level":2}},{"type":"Feature","geometry":{"type":"LineString","coordinates":[[-8.99208,38.92375],[-8.99208,38.92375]]},"properties":{"source":"emodnet_dtm_2024","level":2}},{"type":"Feature","geometry":{"type":"LineString","coordinates":[[-8.96625,38.96042],[-8.96625,38.96042]]},"properties":{"source":"emodnet_dtm_2024","level":2}},{"type":"Feature","geometry":{"type":"LineString","coordinates":[[-9.35625,39.31875],[-9.35625,39.31875]]},"properties":{"source":"emodnet_dtm_2024","level":2}},{"type":"Feature","geometry":{"type":"LineString","coordinates":[[-9.35708,39.32125],[-9.35708,39.32125]]},"properties":{"source":"emodnet_dtm_2024","level":2}},{"type":"Feature","geometry":{"type":"LineString","coordinates":[[-9.08125,39.62792],[-9.08125,39.62792]]},"properties":{"source":"emodnet_dtm_2024","level":2}},{"type":"Feature","geometry":{"type":"LineString","coordinates":[[-8.86792,40.14625],[-8.86792,40.14625]]},"properties":{"source":"emodnet_dtm_2024","level":2}},{"type":"Feature","geometry":{"type":"LineString","coordinates":[[-8.87125,40.14958],[-8.87125,40.14958]]},"properties":{"source":"emodnet_dtm_2024","level":2}},{"type":"Feature","geometry":{"type":"LineString","coordinates":[[-8.66875,40.65208],[-8.66875,40.65208]]},"properties":{"source":"emodnet_dtm_2024","level":2}},{"type":"Feature","geometry":{"type":"LineString","coordinates":[[-8.75125,40.65625],[-8.75125,40.65625]]},"properties":{"source":"emodnet_dtm_2024","level":2}},{"type":"Feature","geometry":{"type":"LineString","coordinates":[[-8.68958,40.65625],[-8.68958,40.65625]]},"properties":{"source":"emodnet_dtm_2024","level":2}},{"type":"Feature","geometry":{"type":"LineString","coordinates":[[-8.69458,40.65875],[-8.69458,40.65875]]},"properties":{"source":"emodnet_dtm_2024","level":2}},{"type":"Feature","geometry":{"type":"LineString","coordinates":[[-8.70708,40.66375],[-8.70708,40.66375]]},"properties":{"source":"emodnet_dtm_2024","level":2}},{"type":"Feature","geometry":{"type":"LineString","coordinates":[[-8.72125,40.66792],[-8.72125,40.66792]]},"properties":{"source":"emodnet_dtm_2024","level":2}},{"type":"Feature","geometry":{"type":"LineString","coordinates":[[-8.67292,40.66875],[-8.67292,40.66875]]},"properties":{"source":"emodnet_dtm_2024","level":2}},{"type":"Feature","geometry":{"type":"LineString","coordinates":[[-8.64375,40.67292],[-8.64375,40.67292]]},"properties":{"source":"emodnet_dtm_2024","level":2}},{"type":"Feature","geometry":{"type":"LineString","coordinates":[[-8.70208,40.70625],[-8.70208,40.70625]]},"properties":{"source":"emodnet_dtm_2024","level":2}},{"type":"Feature","geometry":{"type":"LineString","coordinates":[[-8.67042,40.72708],[-8.67042,40.72708]]},"properties":{"source":"emodnet_dtm_2024","level":2}},{"type":"Feature","geometry":{"type":"LineString","coordinates":[[-8.68125,40.76458],[-8.68125,40.76458]]},"properties":{"source":"emodnet_dtm_2024","level":2}},{"type":"Feature","geometry":{"type":"LineString","coordinates":[[-8.67292,40.78125],[-8.67292,40.78125]]},"properties":{"source":"emodnet_dtm_2024","level":2}},{"type":"Feature","geometry":{"type":"LineString","coordinates":[[-8.64625,40.80208],[-8.64625,40.80208]]},"properties":{"source":"emodnet_dtm_2024","level":2}},{"type":"Feature","geometry":{"type":"LineString","coordinates":[[-8.63792,40.81042],[-8.63792,40.81042]]},"properties":{"source":"emodnet_dtm_2024","level":2}},{"type":"Feature","geometry":{"type":"LineString","coordinates":[[-8.66042,40.94042],[-8.66042,40.94042]]},"properties":{"source":"emodnet_dtm_2024","level":2}},{"type":"Feature","geometry":{"type":"LineString","coordinates":[[-8.65625,40.95708],[-8.65625,40.95708]]},"properties":{"source":"emodnet_dtm_2024","level":2}},{"type":"Feature","geometry":{"type":"LineString","coordinates":[[-8.65208,40.96625],[-8.65208,40.96625]]},"properties":{"source":"emodnet_dtm_2024","level":2}},{"type":"Feature","geometry":{"type":"LineString","coordinates":[[-8.66458,41.14792],[-8.66458,41.14792]]},"properties":{"source":"emodnet_dtm_2024","level":2}},{"type":"Feature","geometry":{"type":"LineString","coordinates":[[-8.71458,41.20208],[-8.71458,41.20208]]},"properties":{"source":"emodnet_dtm_2024","level":2}},{"type":"Feature","geometry":{"type":"LineString","coordinates":[[-8.76458,41.36875],[-8.76458,41.36875]]},"properties":{"source":"emodnet_dtm_2024","level":2}},{"type":"Feature","geometry":{"type":"LineString","coordinates":[[-8.77708,41.48125],[-8.77708,41.48125]]},"properties":{"source":"emodnet_dtm_2024","level":2}},{"type":"Feature","geometry":{"type":"LineString","coordinates":[[-8.78542,41.49375],[-8.78542,41.49375]]},"properties":{"source":"emodnet_dtm_2024","level":2}},{"type":"Feature","geometry":{"type":"LineString","coordinates":[[-8.83542,41.67958],[-8.83542,41.67958]]},"properties":{"source":"emodnet_dtm_2024","level":2}},{"type":"Feature","geometry":{"type":"LineString","coordinates":[[-8.84375,41.68375],[-8.84375,41.68375]]},"properties":{"source":"emodnet_dtm_2024","level":2}},{"type":"Feature","geometry":{"type":"LineString","coordinates":[[-8.86875,41.81458],[-8.86875,41.81458]]},"properties":{"source":"emodnet_dtm_2024","level":2}},{"type":"Feature","geometry":{"type":"LineString","coordinates":[[-8.87708,41.87625],[-8.87708,41.87625]]},"properties":{"source":"emodnet_dtm_2024","level":2}},{"type":"Feature","geometry":{"type":"LineString","coordinates":[[-8.88542,41.96875],[-8.88542,41.96875]]},"properties":{"source":"emodnet_dtm_2024","level":2}},{"type":"Feature","geometry":{"type":"LineString","coordinates":[[-8.88458,42.03792],[-8.88458,42.03792]]},"properties":{"source":"emodnet_dtm_2024","level":2}},{"type":"Feature","geometry":{"type":"LineString","coordinates":[[-8.88958,42.05625],[-8.88958,42.05625]]},"properties":{"source":"emodnet_dtm_2024","level":2}},{"type":"Feature","geometry":{"type":"LineString","coordinates":[[-8.89542,42.09958],[-8.89542,42.09958]]},"properties":{"source":"emodnet_dtm_2024","level":2}},{"type":"Feature","geometry":{"type":"LineString","coordinates":[[-8.81042,42.11458],[-8.81042,42.11458]]},"properties":{"source":"emodnet_dtm_2024","level":2}},{"type":"Feature","geometry":{"type":"LineString","coordinates":[[-8.82958,42.25042],[-8.82958,42.25042]]},"properties":{"source":"emodnet_dtm_2024","level":2}},{"type":"Feature","geometry":{"type":"LineString","coordinates":[[-6.25958,36.52958],[-6.25958,36.52958]]},"properties":{"source":"emodnet_dtm_2024","level":2}},{"type":"Feature","geometry":{"type":"LineString","coordinates":[[-6.23875,36.57542],[-6.23875,36.57542]]},"properties":{"source":"emodnet_dtm_2024","level":2}},{"type":"Feature","geometry":{"type":"LineString","coordinates":[[-6.24625,36.57625],[-6.24625,36.57625]]},"properties":{"source":"emodnet_dtm_2024","level":2}},{"type":"Feature","geometry":{"type":"LineString","coordinates":[[-6.23458,36.57625],[-6.23458,36.57625]]},"properties":{"source":"emodnet_dtm_2024","level":2}},{"type":"Feature","geometry":{"type":"LineString","coordinates":[[-6.23292,36.57875],[-6.23292,36.57875]]},"properties":{"source":"emodnet_dtm_2024","level":2}},{"type":"Feature","geometry":{"type":"LineString","coordinates":[[-6.24292,36.57958],[-6.24292,36.57958]]},"properties":{"source":"emodnet_dtm_2024","level":2}},{"type":"Feature","geometry":{"type":"LineString","coordinates":[[-6.31875,36.61375],[-6.31875,36.61375]]},"properties":{"source":"emodnet_dtm_2024","level":2}},{"type":"Feature","geometry":{"type":"LineString","coordinates":[[-6.84542,37.12625],[-6.84542,37.12625]]},"properties":{"source":"emodnet_dtm_2024","level":2}},{"type":"Feature","geometry":{"type":"LineString","coordinates":[[-6.93375,37.20875],[-6.93375,37.20875]]},"properties":{"source":"emodnet_dtm_2024","level":2}},{"type":"Feature","geometry":{"type":"LineString","coordinates":[[-6.99542,37.20958],[-6.99542,37.20958]]},"properties":{"source":"emodnet_dtm_2024","level":2}},{"type":"Feature","geometry":{"type":"LineString","coordinates":[[-7.00125,37.21792],[-7.00125,37.21792]]},"properties":{"source":"emodnet_dtm_2024","level":2}},{"type":"Feature","geometry":{"type":"LineString","coordinates":[[-7.00625,37.22458],[-7.00625,37.22458]]},"properties":{"source":"emodnet_dtm_2024","level":2}},{"type":"Feature","geometry":{"type":"LineString","coordinates":[[-6.96625,37.27542],[-6.96625,37.27542]]},"properties":{"source":"emodnet_dtm_2024","level":2}},{"type":"Feature","geometry":{"type":"LineString","coordinates":[[-6.96042,37.29208],[-6.96042,37.29208]]},"properties":{"source":"emodnet_dtm_2024","level":2}},{"type":"Feature","geometry":{"type":"LineString","coordinates":[[-8.78625,38.53804],[-8.78625,38.53876],[-8.78625,38.53804]]},"properties":{"source":"emodnet_dtm_2024","level":2}},{"type":"Feature","geometry":{"type":"LineString","coordinates":[[-9.14208,38.67125],[-9.14208,38.67125]]},"properties":{"source":"emodnet_dtm_2024","level":2}},{"type":"Feature","geometry":{"type":"LineString","coordinates":[[-6.24542,36.57292],[-6.24542,36.57292]]},"properties":{"source":"emodnet_dtm_2024","level":2}},{"type":"Feature","geometry":{"type":"LineString","coordinates":[[-6.23208,36.57792],[-6.23208,36.57792]]},"properties":{"source":"emodnet_dtm_2024","level":2}},{"type":"Feature","geometry":{"type":"LineString","coordinates":[[-6.23792,36.58125],[-6.23792,36.58125]]},"properties":{"source":"emodnet_dtm_2024","level":2}},{"type":"Feature","geometry":{"type":"LineString","coordinates":[[-6.31625,36.61208],[-6.31625,36.61208]]},"properties":{"source":"emodnet_dtm_2024","level":2}},{"type":"Feature","geometry":{"type":"LineString","coordinates":[[-6.84458,37.12542],[-6.84458,37.12542]]},"properties":{"source":"emodnet_dtm_2024","level":2}},{"type":"Feature","geometry":{"type":"LineString","coordinates":[[-6.93625,37.18542],[-6.93625,37.18542]]},"properties":{"source":"emodnet_dtm_2024","level":2}},{"type":"Feature","geometry":{"type":"LineString","coordinates":[[-6.96542,37.27458],[-6.96542,37.27458]]},"properties":{"source":"emodnet_dtm_2024","level":2}},{"type":"Feature","geometry":{"type":"LineString","coordinates":[[-7.83875,36.99625],[-7.83875,36.99625]]},"properties":{"source":"emodnet_dtm_2024","level":2}},{"type":"Feature","geometry":{"type":"LineString","coordinates":[[-6.21708,36.39042],[-6.21708,36.39042]]},"properties":{"source":"emodnet_dtm_2024","level":2}},{"type":"Feature","geometry":{"type":"LineString","coordinates":[[-6.18458,36.43375],[-6.18458,36.43375]]},"properties":{"source":"emodnet_dtm_2024","level":2}},{"type":"Feature","geometry":{"type":"LineString","coordinates":[[-6.25042,36.44792],[-6.25042,36.44792]]},"properties":{"source":"emodnet_dtm_2024","level":2}},{"type":"Feature","geometry":{"type":"LineString","coordinates":[[-6.25125,36.45208],[-6.25125,36.45208]]},"properties":{"source":"emodnet_dtm_2024","level":2}},{"type":"Feature","geometry":{"type":"LineString","coordinates":[[-6.25875,36.52375],[-6.25875,36.52375]]},"properties":{"source":"emodnet_dtm_2024","level":2}},{"type":"Feature","geometry":{"type":"LineString","coordinates":[[-6.30458,36.54792],[-6.30458,36.54792]]},"properties":{"source":"emodnet_dtm_2024","level":2}},{"type":"Feature","geometry":{"type":"LineString","coordinates":[[-6.18958,36.57375],[-6.18958,36.57375]]},"properties":{"source":"emodnet_dtm_2024","level":2}},{"type":"Feature","geometry":{"type":"LineString","coordinates":[[-6.33375,36.61625],[-6.33375,36.61625]]},"properties":{"source":"emodnet_dtm_2024","level":2}},{"type":"Feature","geometry":{"type":"LineString","coordinates":[[-6.83542,37.11125],[-6.83542,37.11125]]},"properties":{"source":"emodnet_dtm_2024","level":2}},{"type":"Feature","geometry":{"type":"LineString","coordinates":[[-6.83875,37.11542],[-6.83875,37.11542]]},"properties":{"source":"emodnet_dtm_2024","level":2}},{"type":"Feature","geometry":{"type":"LineString","coordinates":[[-6.84708,37.12375],[-6.84708,37.12375]]},"properties":{"source":"emodnet_dtm_2024","level":2}},{"type":"Feature","geometry":{"type":"LineString","coordinates":[[-6.93542,37.19125],[-6.93542,37.19125]]},"properties":{"source":"emodnet_dtm_2024","level":2}},{"type":"Feature","geometry":{"type":"LineString","coordinates":[[-7.01042,37.21708],[-7.01042,37.21708]]},"properties":{"source":"emodnet_dtm_2024","level":2}},{"type":"Feature","geometry":{"type":"LineString","coordinates":[[-6.92458,37.22708],[-6.92458,37.22708]]},"properties":{"source":"emodnet_dtm_2024","level":2}},{"type":"Feature","geometry":{"type":"LineString","coordinates":[[-6.99708,37.23292],[-6.99708,37.23292]]},"properties":{"source":"emodnet_dtm_2024","level":2}},{"type":"Feature","geometry":{"type":"LineString","coordinates":[[-6.99375,37.23542],[-6.99375,37.23542]]},"properties":{"source":"emodnet_dtm_2024","level":2}},{"type":"Feature","geometry":{"type":"LineString","coordinates":[[-6.95625,37.29125],[-6.95625,37.29125]]},"properties":{"source":"emodnet_dtm_2024","level":2}},{"type":"Feature","geometry":{"type":"LineString","coordinates":[[-6.85625,37.29792],[-6.85625,37.29792]]},"properties":{"source":"emodnet_dtm_2024","level":2}},{"type":"Feature","geometry":{"type":"LineString","coordinates":[[-9.01042,38.88292],[-9.01042,38.88292]]},"properties":{"source":"emodnet_dtm_2024","level":2}},{"type":"Feature","geometry":{"type":"LineString","coordinates":[[-6.21958,36.38792],[-6.21958,36.38792]]},"properties":{"source":"emodnet_dtm_2024","level":2}},{"type":"Feature","geometry":{"type":"LineString","coordinates":[[-6.18375,36.43458],[-6.18375,36.43458]]},"properties":{"source":"emodnet_dtm_2024","level":2}},{"type":"Feature","geometry":{"type":"LineString","coordinates":[[-6.85292,37.13375],[-6.85292,37.13375]]},"properties":{"source":"emodnet_dtm_2024","level":2}},{"type":"Feature","geometry":{"type":"LineString","coordinates":[[-6.89458,37.15125],[-6.89458,37.15125]]},"properties":{"source":"emodnet_dtm_2024","level":2}},{"type":"Feature","geometry":{"type":"LineString","coordinates":[[-6.89875,37.15542],[-6.89875,37.15542]]},"properties":{"source":"emodnet_dtm_2024","level":2}},{"type":"Feature","geometry":{"type":"LineString","coordinates":[[-6.91208,37.16292],[-6.91208,37.16292]]},"properties":{"source":"emodnet_dtm_2024","level":2}},{"type":"Feature","geometry":{"type":"LineString","coordinates":[[-6.91542,37.16708],[-6.91542,37.16708]]},"properties":{"source":"emodnet_dtm_2024","level":2}},{"type":"Feature","geometry":{"type":"LineString","coordinates":[[-6.91625,37.16792],[-6.91625,37.16792]]},"properties":{"source":"emodnet_dtm_2024","level":2}},{"type":"Feature","geometry":{"type":"LineString","coordinates":[[-6.93625,37.18458],[-6.93625,37.18458]]},"properties":{"source":"emodnet_dtm_2024","level":2}},{"type":"Feature","geometry":{"type":"LineString","coordinates":[[-6.94458,37.20458],[-6.94458,37.20458]]},"properties":{"source":"emodnet_dtm_2024","level":2}},{"type":"Feature","geometry":{"type":"LineString","coordinates":[[-6.94542,37.20542],[-6.94542,37.20542]]},"properties":{"source":"emodnet_dtm_2024","level":2}},{"type":"Feature","geometry":{"type":"LineString","coordinates":[[-6.94875,37.20875],[-6.94875,37.20875]]},"properties":{"source":"emodnet_dtm_2024","level":2}},{"type":"Feature","geometry":{"type":"LineString","coordinates":[[-6.97375,37.21292],[-6.97375,37.21292]]},"properties":{"source":"emodnet_dtm_2024","level":2}},{"type":"Feature","geometry":{"type":"LineString","coordinates":[[-6.95708,37.21708],[-6.95708,37.21708]]},"properties":{"source":"emodnet_dtm_2024","level":2}},{"type":"Feature","geometry":{"type":"LineString","coordinates":[[-6.92375,37.22792],[-6.92375,37.22792]]},"properties":{"source":"emodnet_dtm_2024","level":2}}]}